1,D5481165480000001,Uncovered $200
2,D6901054468000002,Uncovered $200
3,D9867816033000003,Uncovered $200
4,D0212888791000004,Uncovered $200
5,D0333984719000005,Uncovered $200
6,D2946104425000006,Uncovered $200
7,D5867066861000007,Uncovered $200
8,D9237843936000008,Uncovered $200
9,D8697597844000009,Uncovered $200
10,D0878602162000010,Uncovered $200
11,D3712177557000011,Uncovered $200
12,D8950033751000012,Uncovered $200
13,D0218412917000013,Uncovered $200
14,D3179111762000014,Uncovered $200
15,D6556160831000015,Uncovered $200
16,D3559442371000016,Uncovered $200
17,D9335198133000017,Uncovered $200
18,D6888522353000018,Uncovered $200
19,D8584407710000019,Uncovered $200
20,D7826504109000020,Uncovered $200
21,D6595952413000021,Uncovered $200
22,D7375468993000022,Uncovered $200
23,D1486760960000023,Uncovered $200
24,D4754027915000024,Uncovered $200
25,D5958421680000025,Uncovered $200
26,D1285926980000026,Uncovered $200
27,D9032731627000027,Uncovered $200
28,D1829830873000028,Uncovered $200
29,D1690620826000029,Uncovered $200
30,D8263690991000030,Uncovered $200
31,D2716141928000031,Uncovered $200
32,D4650075507000032,Uncovered $200
33,D0023920830000033,Uncovered $200
34,D2481172868000034,Uncovered $200
35,D3733106499000035,Uncovered $200
36,D1793169904000036,Uncovered $200
37,D9647806688000037,Uncovered $200
38,D7134530571000038,Uncovered $200
39,D6981900040000039,Uncovered $200
40,D4405677730000040,Uncovered $200
41,D0353180956000041,Uncovered $200
42,D3679828721000042,Uncovered $200
43,D3981638924000043,Uncovered $200
44,D3671583003000044,Uncovered $200
45,D1981877582000045,Uncovered $200
46,D8681017257000046,Uncovered $200
47,D6943516340000047,Uncovered $200
48,D7954155521000048,Uncovered $200
49,D1957038200000049,Uncovered $200
50,D2776202710000050,Uncovered $200
51,D8760575999000051,Uncovered $200
52,D7189111387000052,Uncovered $200
53,D2080943791000053,Uncovered $200
54,D9332071274000054,Uncovered $200
55,D5507765535000055,Uncovered $200
56,D8986576781000056,Uncovered $200
57,D6431515952000057,Uncovered $200
58,D1348682944000058,Uncovered $200
59,D4146269605000059,Uncovered $200
60,D4257304819000060,Uncovered $200
61,D4163018016000061,Uncovered $200
62,D0820608081000062,Uncovered $200
63,D3858612296000063,Uncovered $200
64,D0154509539000064,Uncovered $200
65,D8993661660000065,Uncovered $200
66,D3257301748000066,Uncovered $200
67,D6024231583000067,Uncovered $200
68,D9632395981000068,Uncovered $200
69,D6828320792000069,Uncovered $200
70,D3254997436000070,Uncovered $200
71,D5048787517000071,Uncovered $200
72,D1860169684000072,Uncovered $200
73,D3252570564000073,Uncovered $200
74,D6834027638000074,Uncovered $200
75,D7230027029000075,Uncovered $200
76,D0290631973000076,Uncovered $200
77,D0894794470000077,Uncovered $200
78,D8948708958000078,Uncovered $200
79,D0219837949000079,Uncovered $200
80,D3728759059000080,Uncovered $200
81,D1215160405000081,Uncovered $200
82,D1065595395000082,Uncovered $200
83,D7158090679000083,Uncovered $200
84,D2079066162000084,Uncovered $200
85,D5682968406000085,Uncovered $200
86,D8805567051000086,Uncovered $200
87,D5174419897000087,Uncovered $200
88,D6391197652000088,Uncovered $200
89,D2172352097000089,Uncovered $200
90,D5039296231000090,Uncovered $200
91,D3820560721000091,Uncovered $200
92,D6370566209000092,Uncovered $200
93,D1578256235000093,Uncovered $200
94,D4317110907000094,Uncovered $200
95,D7544315439000095,Uncovered $200
96,D8836010733000096,Uncovered $200
97,D4125554431000097,Uncovered $200
98,D0855309589000098,Uncovered $200
99,D6328959367000099,Uncovered $200
100,D5100476224000100,Uncovered $200
101,D1455615537000101,Uncovered $200
102,D6995257841000102,Uncovered $200
103,D6505277341000103,Uncovered $200
104,D7979502271000104,Uncovered $200
105,D3229379214000105,Uncovered $200
106,D9742558960000106,Uncovered $200
107,D7521477442000107,Uncovered $200
108,D8356810947000108,Uncovered $200
109,D1229094467000109,Uncovered $200
110,D1245735515000110,Uncovered $200
111,D4150026790000111,Uncovered $200
112,D0620490967000112,Uncovered $200
113,D3795579195000113,Uncovered $200
114,D6622063496000114,Uncovered $200
115,D4204927394000115,Uncovered $200
116,D0017349418000116,Uncovered $200
117,D5708125531000117,Uncovered $200
118,D0999214196000118,Uncovered $200
119,D1134413907000119,Uncovered $200
120,D7205654891000120,Uncovered $200
121,D8122574591000121,Uncovered $200
122,D8912207868000122,Uncovered $200
123,D7232132131000123,Uncovered $200
124,D0895136168000124,Uncovered $200
125,D4614378150000125,Uncovered $200
126,D9360478775000126,Uncovered $200
127,D8047954494000127,Uncovered $200
128,D3958162977000128,Uncovered $200
129,D4601337932000129,Uncovered $200
130,D8501191416000130,Uncovered $200
131,D2893538799000131,Uncovered $200
132,D6666914079000132,Uncovered $200
133,D3262451347000133,Uncovered $200
134,D0671755930000134,Uncovered $200
135,D7589853587000135,Uncovered $200
136,D1970793980000136,Uncovered $200
137,D5192814429000137,Uncovered $200
138,D2269244050000138,Uncovered $200
139,D4571623088000139,Uncovered $200
140,D1315834631000140,Uncovered $200
141,D3930448052000141,Uncovered $200
142,D6514790906000142,Uncovered $200
143,D1344298126000143,Uncovered $200
144,D4060383389000144,Uncovered $200
145,D1759053180000145,Uncovered $200
146,D6484330766000146,Uncovered $200
147,D0331974453000147,Uncovered $200
148,D9662275315000148,Uncovered $200
149,D8552138434000149,Uncovered $200
150,D0320888806000150,Uncovered $200
151,D8075622956000151,Uncovered $200
152,D3594838470000152,Uncovered $200
153,D1713139441000153,Uncovered $200
154,D6009173773000154,Uncovered $200
155,D6923635629000155,Uncovered $200
156,D9592500369000156,Uncovered $200
157,D7472088235000157,Uncovered $200
158,D2805399824000158,Uncovered $200
159,D6233986727000159,Uncovered $200
160,D1226886783000160,Uncovered $200
161,D5841404957000161,Uncovered $200
162,D3231603472000162,Uncovered $200
163,D0938643760000163,Uncovered $200
164,D1953875741000164,Uncovered $200
165,D7900581601000165,Uncovered $200
166,D8678748605000166,Uncovered $200
167,D1134626602000167,Uncovered $200
168,D5992901200000168,Uncovered $200
169,D6168219465000169,Uncovered $200
170,D5888886811000170,Uncovered $200
171,D8091119385000171,Uncovered $200
172,D2376027627000172,Uncovered $200
173,D3385586808000173,Uncovered $200
174,D7556328434000174,Uncovered $200
175,D3226794980000175,Uncovered $200
176,D5369368603000176,Uncovered $200
177,D6085100547000177,Uncovered $200
178,D3898470698000178,Uncovered $200
179,D5079184328000179,Uncovered $200
180,D4316963241000180,Uncovered $200
181,D5447072006000181,Uncovered $200
182,D8430461548000182,Uncovered $200
183,D4748290910000183,Uncovered $200
184,D9150124670000184,Uncovered $200
185,D8210413261000185,Uncovered $200
186,D3600445215000186,Uncovered $200
187,D5833930826000187,Uncovered $200
188,D9019551425000188,Uncovered $200
189,D8554498867000189,Uncovered $200
190,D0995768898000190,Uncovered $200
191,D0738883911000191,Uncovered $200
192,D3943802447000192,Uncovered $200
193,D9258684251000193,Uncovered $200
194,D5173319080000194,Uncovered $200
195,D4380033277000195,Uncovered $200
196,D5316735851000196,Uncovered $200
197,D2998179245000197,Uncovered $200
198,D1877637704000198,Uncovered $200
199,D7549179111000199,Uncovered $200
200,D0746808336000200,Uncovered $200
201,D0937534334000201,Uncovered $200
202,D4578010361000202,Uncovered $200
203,D3472548795000203,Uncovered $200
204,D5361022567000204,Uncovered $200
205,D3734005295000205,Uncovered $200
206,D5864661706000206,Uncovered $200
207,D8391278640000207,Uncovered $200
208,D4938566563000208,Uncovered $200
209,D8186981267000209,Uncovered $200
210,D3629041183000210,Uncovered $200
211,D0387203171000211,Uncovered $200
212,D1390017077000212,Uncovered $200
213,D8641183190000213,Uncovered $200
214,D7543915244000214,Uncovered $200
215,D5468867772000215,Uncovered $200
216,D1185955195000216,Uncovered $200
217,D9594604530000217,Uncovered $200
218,D3444961540000218,Uncovered $200
219,D7847629205000219,Uncovered $200
220,D3125843008000220,Uncovered $200
221,D5737995284000221,Uncovered $200
222,D4641882778000222,Uncovered $200
223,D8693014253000223,Uncovered $200
224,D5525737549000224,Uncovered $200
225,D6720798571000225,Uncovered $200
226,D8837302431000226,Uncovered $200
227,D4114339987000227,Uncovered $200
228,D0167698406000228,Uncovered $200
229,D2974833771000229,Uncovered $200
230,D2034070470000230,Uncovered $200
231,D8444366996000231,Uncovered $200
232,D2232660832000232,Uncovered $200
233,D7365890388000233,Uncovered $200
234,D2377001168000234,Uncovered $200
235,D5188593492000235,Uncovered $200
236,D2515552588000236,Uncovered $200
237,D2791697804000237,Uncovered $200
238,D7513073657000238,Uncovered $200
239,D2415671021000239,Uncovered $200
240,D5542971012000240,Uncovered $200
241,D9789955423000241,Uncovered $200
242,D9918505350000242,Uncovered $200
243,D4025311325000243,Uncovered $200
244,D6595285003000244,Uncovered $200
245,D7374122910000245,Uncovered $200
246,D1349502463000246,Uncovered $200
247,D7033208139000247,Uncovered $200
248,D8994885901000248,Uncovered $200
249,D9504734767000249,Uncovered $200
250,D2879626775000250,Uncovered $200
251,D7875905733000251,Uncovered $200
252,D1283567756000252,Uncovered $200
253,D4261472048000253,Uncovered $200
254,D9493634302000254,Uncovered $200
255,D1605128559000255,Uncovered $200
256,D5867847713000256,Uncovered $200
257,D0707348178000257,Uncovered $200
258,D2659255495000258,Uncovered $200
259,D4665093685000259,Uncovered $200
260,D9518482325000260,Uncovered $200
261,D6639518555000261,Uncovered $200
262,D2579166131000262,Uncovered $200
263,D4340077494000263,Uncovered $200
264,D0933103402000264,Uncovered $200
265,D6455852883000265,Uncovered $200
266,D5330008695000266,Uncovered $200
267,D6000276251000267,Uncovered $200
268,D7537781755000268,Uncovered $200
269,D3395874579000269,Uncovered $200
270,D6804872310000270,Uncovered $200
271,D2657998191000271,Uncovered $200
272,D2887321668000272,Uncovered $200
273,D0726155230000273,Uncovered $200
274,D1880122721000274,Uncovered $200
275,D9339111515000275,Uncovered $200
276,D1134608826000276,Uncovered $200
277,D2512112023000277,Uncovered $200
278,D0912038202000278,Uncovered $200
279,D1665515333000279,Uncovered $200
280,D6334651703000280,Uncovered $200
281,D6206522162000281,Uncovered $200
282,D2466478773000282,Uncovered $200
283,D2474571332000283,Uncovered $200
284,D4692465897000284,Uncovered $200
285,D2936027293000285,Uncovered $200
286,D5653214622000286,Uncovered $200
287,D3834020975000287,Uncovered $200
288,D9653795981000288,Uncovered $200
289,D4747838118000289,Uncovered $200
290,D5216458338000290,Uncovered $200
291,D2035591679000291,Uncovered $200
292,D7948656646000292,Uncovered $200
293,D6787107755000293,Uncovered $200
294,D9691614009000294,Uncovered $200
295,D3297307199000295,Uncovered $200
296,D7020915902000296,Uncovered $200
297,D0448467822000297,Uncovered $200
298,D9184286989000298,Uncovered $200
299,D9436256923000299,Uncovered $200
300,D6831437042000300,Uncovered $200
301,D7067857745000301,Uncovered $200
302,D2294105101000302,Uncovered $200
303,D5626555872000303,Uncovered $200
304,D4090154994000304,Uncovered $200
305,D4430572603000305,Uncovered $200
306,D1091877983000306,Uncovered $200
307,D7612763638000307,Uncovered $200
308,D3883106293000308,Uncovered $200
309,D7982343448000309,Uncovered $200
310,D6056463004000310,Uncovered $200
311,D2440330679000311,Uncovered $200
312,D0058796327000312,Uncovered $200
313,D8134493103000313,Uncovered $200
314,D6496728270000314,Uncovered $200
315,D5600095621000315,Uncovered $200
316,D8962846047000316,Uncovered $200
317,D8651538580000317,Uncovered $200
318,D8332401698000318,Uncovered $200
319,D2104014254000319,Uncovered $200
320,D6093492808000320,Uncovered $200
321,D6514029394000321,Uncovered $200
322,D7747488252000322,Uncovered $200
323,D0785761371000323,Uncovered $200
324,D8603577873000324,Uncovered $200
325,D4337878036000325,Uncovered $200
326,D8251931931000326,Uncovered $200
327,D0145448221000327,Uncovered $200
328,D1145338417000328,Uncovered $200
329,D0521827888000329,Uncovered $200
330,D8263245000000330,Uncovered $200
331,D1324116318000331,Uncovered $200
332,D6387376991000332,Uncovered $200
333,D1209815158000333,Uncovered $200
334,D3122076062000334,Uncovered $200
335,D2376866039000335,Uncovered $200
336,D9199867242000336,Uncovered $200
337,D3518720313000337,Uncovered $200
338,D8762988164000338,Uncovered $200
339,D1197765421000339,Uncovered $200
340,D8241308327000340,Uncovered $200
341,D2266719465000341,Uncovered $200
342,D9078536409000342,Uncovered $200
343,D3003831221000343,Uncovered $200
344,D7961324003000344,Uncovered $200
345,D8872034128000345,Uncovered $200
346,D6673060071000346,Uncovered $200
347,D8212484967000347,Uncovered $200
348,D2981303791000348,Uncovered $200
349,D7886930590000349,Uncovered $200
350,D0943833838000350,Uncovered $200
351,D4409067808000351,Uncovered $200
352,D4233326980000352,Uncovered $200
353,D8820510761000353,Uncovered $200
354,D9512895274000354,Uncovered $200
355,D9128157804000355,Uncovered $200
356,D0476285892000356,Uncovered $200
357,D6067367472000357,Uncovered $200
358,D6578602144000358,Uncovered $200
359,D3453129039000359,Uncovered $200
360,D9008275363000360,Uncovered $200
361,D4502479186000361,Uncovered $200
362,D7530836087000362,Uncovered $200
363,D0177955181000363,Uncovered $200
364,D6610582793000364,Uncovered $200
365,D1493133965000365,Uncovered $200
366,D8823218989000366,Uncovered $200
367,D2168359987000367,Uncovered $200
368,D7837198092000368,Uncovered $200
369,D3776500379000369,Uncovered $200
370,D0378832960000370,Uncovered $200
371,D0606855266000371,Uncovered $200
372,D9858998384000372,Uncovered $200
373,D6044536311000373,Uncovered $200
374,D7243887231000374,Uncovered $200
375,D4850578772000375,Uncovered $200
376,D1725812883000376,Uncovered $200
377,D1515609075000377,Uncovered $200
378,D4414686316000378,Uncovered $200
379,D9772678291000379,Uncovered $200
380,D6668388296000380,Uncovered $200
381,D6625869650000381,Uncovered $200
382,D8066706134000382,Uncovered $200
383,D0942012418000383,Uncovered $200
384,D2900179196000384,Uncovered $200
385,D2578682115000385,Uncovered $200
386,D1750290665000386,Uncovered $200
387,D9627484228000387,Uncovered $200
388,D1561908314000388,Uncovered $200
389,D0119314495000389,Uncovered $200
390,D1938406562000390,Uncovered $200
391,D8061409106000391,Uncovered $200
392,D6909095584000392,Uncovered $200
393,D5267362281000393,Uncovered $200
394,D4634467649000394,Uncovered $200
395,D3840109246000395,Uncovered $200
396,D4985216142000396,Uncovered $200
397,D0261040427000397,Uncovered $200
398,D4518618072000398,Uncovered $200
399,D0065141024000399,Uncovered $200
400,D8004559988000400,Uncovered $200
401,D8261675902000401,Uncovered $200
402,D6437949532000402,Uncovered $200
403,D1746235316000403,Uncovered $200
404,D7807845824000404,Uncovered $200
405,D5219834496000405,Uncovered $200
406,D3861065495000406,Uncovered $200
407,D0919641815000407,Uncovered $200
408,D1143893258000408,Uncovered $200
409,D4512820412000409,Uncovered $200
410,D9649483938000410,Uncovered $200
411,D5079530722000411,Uncovered $200
412,D7974934307000412,Uncovered $200
413,D7306674399000413,Uncovered $200
414,D4555223592000414,Uncovered $200
415,D2651197283000415,Uncovered $200
416,D3022426678000416,Uncovered $200
417,D2804284146000417,Uncovered $200
418,D0264254048000418,Uncovered $200
419,D4263253480000419,Uncovered $200
420,D5727233622000420,Uncovered $200
421,D2311809569000421,Uncovered $200
422,D9978152381000422,Uncovered $200
423,D1215806176000423,Uncovered $200
424,D1834061207000424,Uncovered $200
425,D0524429789000425,Uncovered $200
426,D8381442421000426,Uncovered $200
427,D3393011735000427,Uncovered $200
428,D3246774831000428,Uncovered $200
429,D9261303656000429,Uncovered $200
430,D4130946731000430,Uncovered $200
431,D9496247631000431,Uncovered $200
432,D8181519380000432,Uncovered $200
433,D6637351624000433,Uncovered $200
434,D1427918462000434,Uncovered $200
435,D3251567045000435,Uncovered $200
436,D8954502337000436,Uncovered $200
437,D6486649316000437,Uncovered $200
438,D6312461623000438,Uncovered $200
439,D4590446735000439,Uncovered $200
440,D1429496060000440,Uncovered $200
441,D5451807401000441,Uncovered $200
442,D1292202755000442,Uncovered $200
443,D9344142499000443,Uncovered $200
444,D0996555261000444,Uncovered $200
445,D3372738617000445,Uncovered $200
446,D7254914669000446,Uncovered $200
447,D9311502974000447,Uncovered $200
448,D7499871346000448,Uncovered $200
449,D4810279893000449,Uncovered $200
450,D4874811980000450,Uncovered $200
451,D4663071822000451,Uncovered $200
452,D1748697280000452,Uncovered $200
453,D3416654639000453,Uncovered $200
454,D9695566971000454,Uncovered $200
455,D2869418950000455,Uncovered $200
456,D2199551148000456,Uncovered $200
457,D9991405336000457,Uncovered $200
458,D2228642080000458,Uncovered $200
459,D7705150922000459,Uncovered $200
460,D6211306359000460,Uncovered $200
461,D1589049550000461,Uncovered $200
462,D3914290431000462,Uncovered $200
463,D9468925170000463,Uncovered $200
464,D2164352388000464,Uncovered $200
465,D1199477020000465,Uncovered $200
466,D7512147745000466,Uncovered $200
467,D2741426000000467,Uncovered $200
468,D8157657058000468,Uncovered $200
469,D3875515782000469,Uncovered $200
470,D2993082695000470,Uncovered $200
471,D2152436167000471,Uncovered $200
472,D1788544519000472,Uncovered $200
473,D2978922999000473,Uncovered $200
474,D2242899194000474,Uncovered $200
475,D9240667393000475,Uncovered $200
476,D2687721217000476,Uncovered $200
477,D2058496687000477,Uncovered $200
478,D2510124976000478,Uncovered $200
479,D4319264335000479,Uncovered $200
480,D6125244731000480,Uncovered $200
481,D3095150964000481,Uncovered $200
482,D3078651114000482,Uncovered $200
483,D1241874897000483,Uncovered $200
484,D6385414598000484,Uncovered $200
485,D3147845869000485,Uncovered $200
486,D0625314387000486,Uncovered $200
487,D0243140568000487,Uncovered $200
488,D1548591520000488,Uncovered $200
489,D7435306266000489,Uncovered $200
490,D4116971733000490,Uncovered $200
491,D1705339196000491,Uncovered $200
492,D5086994789000492,Uncovered $200
493,D7673868892000493,Uncovered $200
494,D5320123790000494,Uncovered $200
495,D7380790985000495,Uncovered $200
496,D3455322237000496,Uncovered $200
497,D6942099740000497,Uncovered $200
498,D0107273515000498,Uncovered $200
499,D4792098133000499,Uncovered $200
500,D4605899092000500,Uncovered $200
501,D4317135794000501,Uncovered $200
502,D3081832442000502,Uncovered $200
503,D7423257735000503,Uncovered $200
504,D0130446629000504,Uncovered $200
505,D1833336173000505,Uncovered $200
506,D4755977617000506,Uncovered $200
507,D3560948476000507,Uncovered $200
508,D6319991483000508,Uncovered $200
509,D7979599209000509,Uncovered $200
510,D1951221254000510,Uncovered $200
511,D4036457299000511,Uncovered $200
512,D6671769009000512,Uncovered $200
513,D3149929406000513,Uncovered $200
514,D6807775450000514,Uncovered $200
515,D1833631297000515,Uncovered $200
516,D4638383644000516,Uncovered $200
517,D3553726072000517,Uncovered $200
518,D5166830606000518,Uncovered $200
519,D6200295708000519,Uncovered $200
520,D1381209932000520,Uncovered $200
521,D7432715541000521,Uncovered $200
522,D7088641322000522,Uncovered $200
523,D4397806273000523,Uncovered $200
524,D3531758892000524,Uncovered $200
525,D8862914494000525,Uncovered $200
526,D1181622639000526,Uncovered $200
527,D3258146918000527,Uncovered $200
528,D5596542833000528,Uncovered $200
529,D7593951118000529,Uncovered $200
530,D0824235774000530,Uncovered $200
531,D5201502235000531,Uncovered $200
532,D1922647913000532,Uncovered $200
533,D1385261040000533,Uncovered $200
534,D0686187475000534,Uncovered $200
535,D0283447865000535,Uncovered $200
536,D6176952908000536,Uncovered $200
537,D8978379574000537,Uncovered $200
538,D1878609813000538,Uncovered $200
539,D8689987729000539,Uncovered $200
540,D9649290278000540,Uncovered $200
541,D3778004749000541,Uncovered $200
542,D7383096766000542,Uncovered $200
543,D8786285473000543,Uncovered $200
544,D3052135185000544,Uncovered $200
545,D0056767935000545,Uncovered $200
546,D1770178699000546,Uncovered $200
547,D9523947619000547,Uncovered $200
548,D6642983954000548,Uncovered $200
549,D3722762390000549,Uncovered $200
550,D1698083120000550,Uncovered $200
551,D9962640624000551,Uncovered $200
552,D4303945913000552,Uncovered $200
553,D9425106298000553,Uncovered $200
554,D0435814755000554,Uncovered $200
555,D7494114160000555,Uncovered $200
556,D4652405091000556,Uncovered $200
557,D8448062506000557,Uncovered $200
558,D5896666862000558,Uncovered $200
559,D0814298782000559,Uncovered $200
560,D5113634475000560,Uncovered $200
561,D2316287000000561,Uncovered $200
562,D6814870400000562,Uncovered $200
563,D0173575488000563,Uncovered $200
564,D8031058468000564,Uncovered $200
565,D5400413227000565,Uncovered $200
566,D1905256154000566,Uncovered $200
567,D5946893467000567,Uncovered $200
568,D2612908491000568,Uncovered $200
569,D9131832270000569,Uncovered $200
570,D7805079527000570,Uncovered $200
571,D9507297194000571,Uncovered $200
572,D4391046354000572,Uncovered $200
573,D3746977633000573,Uncovered $200
574,D8051012799000574,Uncovered $200
575,D6908112482000575,Uncovered $200
576,D0095947076000576,Uncovered $200
577,D4831709910000577,Uncovered $200
578,D8142822157000578,Uncovered $200
579,D1146581568000579,Uncovered $200
580,D5069026591000580,Uncovered $200
581,D6738118966000581,Uncovered $200
582,D3298767585000582,Uncovered $200
583,D7249177101000583,Uncovered $200
584,D8318911457000584,Uncovered $200
585,D2267130665000585,Uncovered $200
586,D4979549830000586,Uncovered $200
587,D2067482065000587,Uncovered $200
588,D4653240756000588,Uncovered $200
589,D1755123625000589,Uncovered $200
590,D3120563467000590,Uncovered $200
591,D8351935339000591,Uncovered $200
592,D5673903790000592,Uncovered $200
593,D6078277771000593,Uncovered $200
594,D2178048573000594,Uncovered $200
595,D7016472312000595,Uncovered $200
596,D9090807920000596,Uncovered $200
597,D9710261960000597,Uncovered $200
598,D5839155117000598,Uncovered $200
599,D5653398065000599,Uncovered $200
600,D2259400963000600,Uncovered $200
601,D6517528021000601,Uncovered $200
602,D1575081480000602,Uncovered $200
603,D6955671643000603,Uncovered $200
604,D0412518922000604,Uncovered $200
605,D2733478281000605,Uncovered $200
606,D8490330609000606,Uncovered $200
607,D9441872977000607,Uncovered $200
608,D5415135466000608,Uncovered $200
609,D6974039523000609,Uncovered $200
610,D6500236124000610,Uncovered $200
611,D8394247720000611,Uncovered $200
612,D3589171213000612,Uncovered $200
613,D0971582449000613,Uncovered $200
614,D9317337932000614,Uncovered $200
615,D1298154440000615,Uncovered $200
616,D0030307347000616,Uncovered $200
617,D0743888358000617,Uncovered $200
618,D6312587570000618,Uncovered $200
619,D0540141332000619,Uncovered $200
620,D2375059621000620,Uncovered $200
621,D0362981001000621,Uncovered $200
622,D5103266413000622,Uncovered $200
623,D6395121971000623,Uncovered $200
624,D1777867215000624,Uncovered $200
625,D7316024265000625,Uncovered $200
626,D5281173463000626,Uncovered $200
627,D3811391307000627,Uncovered $200
628,D2971947237000628,Uncovered $200
629,D5009847459000629,Uncovered $200
630,D5154621940000630,Uncovered $200
631,D2085015858000631,Uncovered $200
632,D7361497747000632,Uncovered $200
633,D6915281297000633,Uncovered $200
634,D8163562692000634,Uncovered $200
635,D9974817646000635,Uncovered $200
636,D2433950563000636,Uncovered $200
637,D7569645308000637,Uncovered $200
638,D2979546114000638,Uncovered $200
639,D2813448036000639,Uncovered $200
640,D2356065470000640,Uncovered $200
641,D3396087934000641,Uncovered $200
642,D9137854874000642,Uncovered $200
643,D8495593415000643,Uncovered $200
644,D0739649828000644,Uncovered $200
645,D7186936304000645,Uncovered $200
646,D3958865889000646,Uncovered $200
647,D6895843612000647,Uncovered $200
648,D0216815334000648,Uncovered $200
649,D3968138036000649,Uncovered $200
650,D1164762642000650,Uncovered $200
651,D2360502178000651,Uncovered $200
652,D3870549799000652,Uncovered $200
653,D6178369610000653,Uncovered $200
654,D9161068700000654,Uncovered $200
655,D9634813650000655,Uncovered $200
656,D3037141524000656,Uncovered $200
657,D7461713683000657,Uncovered $200
658,D5743922326000658,Uncovered $200
659,D7386907865000659,Uncovered $200
660,D8426294515000660,Uncovered $200
661,D5525977202000661,Uncovered $200
662,D0787819753000662,Uncovered $200
663,D0002838616000663,Uncovered $200
664,D9606655330000664,Uncovered $200
665,D5190201797000665,Uncovered $200
666,D8913873133000666,Uncovered $200
667,D1036642969000667,Uncovered $200
668,D3516643137000668,Uncovered $200
669,D6835903938000669,Uncovered $200
670,D5986500946000670,Uncovered $200
671,D5806015027000671,Uncovered $200
672,D1992498946000672,Uncovered $200
673,D1562565299000673,Uncovered $200
674,D8016116617000674,Uncovered $200
675,D9019404265000675,Uncovered $200
676,D2844329572000676,Uncovered $200
677,D9347804033000677,Uncovered $200
678,D1984803025000678,Uncovered $200
679,D4270181572000679,Uncovered $200
680,D8893132393000680,Uncovered $200
681,D0313801932000681,Uncovered $200
682,D7237920252000682,Uncovered $200
683,D6520698342000683,Uncovered $200
684,D1728630405000684,Uncovered $200
685,D3945856956000685,Uncovered $200
686,D6019250437000686,Uncovered $200
687,D1054684622000687,Uncovered $200
688,D4547119410000688,Uncovered $200
689,D4310440815000689,Uncovered $200
690,D3463399315000690,Uncovered $200
691,D0962388327000691,Uncovered $200
692,D7093710384000692,Uncovered $200
693,D6887850912000693,Uncovered $200
694,D7538646303000694,Uncovered $200
695,D8698383973000695,Uncovered $200
696,D2654579845000696,Uncovered $200
697,D8774609816000697,Uncovered $200
698,D2776209458000698,Uncovered $200
699,D9324134183000699,Uncovered $200
700,D7050538666000700,Uncovered $200
701,D3776906029000701,Uncovered $200
702,D1021301708000702,Uncovered $200
703,D7858396168000703,Uncovered $200
704,D7570807274000704,Uncovered $200
705,D1902506878000705,Uncovered $200
706,D6314556224000706,Uncovered $200
707,D6921684370000707,Uncovered $200
708,D8956765834000708,Uncovered $200
709,D4283803365000709,Uncovered $200
710,D3340426069000710,Uncovered $200
711,D1243456476000711,Uncovered $200
712,D1686883883000712,Uncovered $200
713,D8691029969000713,Uncovered $200
714,D2189566711000714,Uncovered $200
715,D0424085981000715,Uncovered $200
716,D9744263573000716,Uncovered $200
717,D4892364095000717,Uncovered $200
718,D7437152461000718,Uncovered $200
719,D4893038177000719,Uncovered $200
720,D7155569950000720,Uncovered $200
721,D1347611169000721,Uncovered $200
722,D3669635289000722,Uncovered $200
723,D7164867677000723,Uncovered $200
724,D9167523263000724,Uncovered $200
725,D0167730608000725,Uncovered $200
726,D7080010400000726,Uncovered $200
727,D3042125550000727,Uncovered $200
728,D8785870432000728,Uncovered $200
729,D5172025374000729,Uncovered $200
730,D3165054247000730,Uncovered $200
731,D3670191639000731,Uncovered $200
732,D6650706167000732,Uncovered $200
733,D6106758400000733,Uncovered $200
734,D9668945733000734,Uncovered $200
735,D9799864527000735,Uncovered $200
736,D6249719450000736,Uncovered $200
737,D1862450064000737,Uncovered $200
738,D3400499101000738,Uncovered $200
739,D0725689300000739,Uncovered $200
740,D0139003346000740,Uncovered $200
741,D1201636952000741,Uncovered $200
742,D5790560256000742,Uncovered $200
743,D2958114034000743,Uncovered $200
744,D5833336102000744,Uncovered $200
745,D5241984847000745,Uncovered $200
746,D6479045240000746,Uncovered $200
747,D4216929963000747,Uncovered $200
748,D3763308533000748,Uncovered $200
749,D0178909485000749,Uncovered $200
750,D9519648492000750,Uncovered $200
751,D8089719878000751,Uncovered $200
752,D2839916788000752,Uncovered $200
753,D5323164244000753,Uncovered $200
754,D7444678819000754,Uncovered $200
755,D0867947846000755,Uncovered $200
756,D0546236913000756,Uncovered $200
757,D0316462732000757,Uncovered $200
758,D2486969146000758,Uncovered $200
759,D0379475509000759,Uncovered $200
760,D7592953592000760,Uncovered $200
761,D5620668174000761,Uncovered $200
762,D2978840218000762,Uncovered $200
763,D9311986960000763,Uncovered $200
764,D2497181093000764,Uncovered $200
765,D3236148824000765,Uncovered $200
766,D0679240098000766,Uncovered $200
767,D8512278623000767,Uncovered $200
768,D0669256244000768,Uncovered $200
769,D9664695688000769,Uncovered $200
770,D6131832486000770,Uncovered $200
771,D2558821407000771,Uncovered $200
772,D0446306647000772,Uncovered $200
773,D7088135857000773,Uncovered $200
774,D1948432848000774,Uncovered $200
775,D2496646175000775,Uncovered $200
776,D3865892601000776,Uncovered $200
777,D3497080627000777,Uncovered $200
778,D4193681283000778,Uncovered $200
779,D3509777974000779,Uncovered $200
780,D2824103162000780,Uncovered $200
781,D9605325864000781,Uncovered $200
782,D6829437860000782,Uncovered $200
783,D2600667830000783,Uncovered $200
784,D8640036963000784,Uncovered $200
785,D2106033171000785,Uncovered $200
786,D6634838592000786,Uncovered $200
787,D8731792259000787,Uncovered $200
788,D9314721922000788,Uncovered $200
789,D6466133057000789,Uncovered $200
790,D1829096699000790,Uncovered $200
791,D2495881410000791,Uncovered $200
792,D8294631233000792,Uncovered $200
793,D9685040175000793,Uncovered $200
794,D8133425554000794,Uncovered $200
795,D4298572598000795,Uncovered $200
796,D3185220674000796,Uncovered $200
797,D9074841030000797,Uncovered $200
798,D6463059517000798,Uncovered $200
799,D1339966951000799,Uncovered $200
800,D3549862076000800,Uncovered $200
801,D1834987275000801,Uncovered $200
802,D3439469991000802,Uncovered $200
803,D3490566593000803,Uncovered $200
804,D7303810324000804,Uncovered $200
805,D9374016810000805,Uncovered $200
806,D8604028459000806,Uncovered $200
807,D0302052932000807,Uncovered $200
808,D8003666289000808,Uncovered $200
809,D3646152009000809,Uncovered $200
810,D5237876218000810,Uncovered $200
811,D3726796764000811,Uncovered $200
812,D8809941156000812,Uncovered $200
813,D4667062919000813,Uncovered $200
814,D2680360215000814,Uncovered $200
815,D9980455684000815,Uncovered $200
816,D0388783525000816,Uncovered $200
817,D4996052333000817,Uncovered $200
818,D9206129266000818,Uncovered $200
819,D7834703926000819,Uncovered $200
820,D6252550353000820,Uncovered $200
821,D5385649710000821,Uncovered $200
822,D7046183496000822,Uncovered $200
823,D3659205884000823,Uncovered $200
824,D4305969422000824,Uncovered $200
825,D7159417669000825,Uncovered $200
826,D5398619263000826,Uncovered $200
827,D4121703358000827,Uncovered $200
828,D8622153322000828,Uncovered $200
829,D5261366962000829,Uncovered $200
830,D8854798025000830,Uncovered $200
831,D2882414817000831,Uncovered $200
832,D7119727129000832,Uncovered $200
833,D4351610394000833,Uncovered $200
834,D1153389873000834,Uncovered $200
835,D0738652962000835,Uncovered $200
836,D7780596108000836,Uncovered $200
837,D8145197264000837,Uncovered $200
838,D6051156537000838,Uncovered $200
839,D7356518471000839,Uncovered $200
840,D3107020517000840,Uncovered $200
841,D5387514247000841,Uncovered $200
842,D6956177475000842,Uncovered $200
843,D4514777788000843,Uncovered $200
844,D6275630806000844,Uncovered $200
845,D8279620295000845,Uncovered $200
846,D4752761434000846,Uncovered $200
847,D3524943614000847,Uncovered $200
848,D9288674803000848,Uncovered $200
849,D9277019405000849,Uncovered $200
850,D2383623717000850,Uncovered $200
851,D7018803726000851,Uncovered $200
852,D9579289848000852,Uncovered $200
853,D1086519285000853,Uncovered $200
854,D9092836390000854,Uncovered $200
855,D0569402553000855,Uncovered $200
856,D0829645725000856,Uncovered $200
857,D4941317115000857,Uncovered $200
858,D2194095816000858,Uncovered $200
859,D4505760607000859,Uncovered $200
860,D2878325265000860,Uncovered $200
861,D4139850649000861,Uncovered $200
862,D6995662195000862,Uncovered $200
863,D3514187787000863,Uncovered $200
864,D6534767410000864,Uncovered $200
865,D4549458493000865,Uncovered $200
866,D7063652161000866,Uncovered $200
867,D6620433917000867,Uncovered $200
868,D2647285885000868,Uncovered $200
869,D0458209727000869,Uncovered $200
870,D7856236223000870,Uncovered $200
871,D8449369379000871,Uncovered $200
872,D0968187220000872,Uncovered $200
873,D1817619044000873,Uncovered $200
874,D6622073674000874,Uncovered $200
875,D1482330882000875,Uncovered $200
876,D6441516706000876,Uncovered $200
877,D3565801320000877,Uncovered $200
878,D7858662020000878,Uncovered $200
879,D5497222292000879,Uncovered $200
880,D9875566542000880,Uncovered $200
881,D8367470490000881,Uncovered $200
882,D3461889481000882,Uncovered $200
883,D9887990621000883,Uncovered $200
884,D8711148284000884,Uncovered $200
885,D7366251581000885,Uncovered $200
886,D2185449554000886,Uncovered $200
887,D5637781284000887,Uncovered $200
888,D8102599015000888,Uncovered $200
889,D0537106450000889,Uncovered $200
890,D8336243796000890,Uncovered $200
891,D7020518033000891,Uncovered $200
892,D2551849565000892,Uncovered $200
893,D9822165461000893,Uncovered $200
894,D0119727304000894,Uncovered $200
895,D3089679931000895,Uncovered $200
896,D7349510303000896,Uncovered $200
897,D1303785065000897,Uncovered $200
898,D1300192356000898,Uncovered $200
899,D3824032542000899,Uncovered $200
900,D0572894827000900,Uncovered $200
901,D7908360466000901,Uncovered $200
902,D2567655917000902,Uncovered $200
903,D9583117601000903,Uncovered $200
904,D7140916039000904,Uncovered $200
905,D2742419919000905,Uncovered $200
906,D0944815881000906,Uncovered $200
907,D7542782276000907,Uncovered $200
908,D4844111358000908,Uncovered $200
909,D1128809576000909,Uncovered $200
910,D4133499811000910,Uncovered $200
911,D7536186138000911,Uncovered $200
912,D2171658796000912,Uncovered $200
913,D5250316091000913,Uncovered $200
914,D6104017860000914,Uncovered $200
915,D0261118746000915,Uncovered $200
916,D1106331419000916,Uncovered $200
917,D1793682271000917,Uncovered $200
918,D0339798567000918,Uncovered $200
919,D4658456172000919,Uncovered $200
920,D2654887574000920,Uncovered $200
921,D1807592621000921,Uncovered $200
922,D9380416954000922,Uncovered $200
923,D5302773596000923,Uncovered $200
924,D4040820959000924,Uncovered $200
925,D4427974242000925,Uncovered $200
926,D4280999671000926,Uncovered $200
927,D4476605003000927,Uncovered $200
928,D5799356350000928,Uncovered $200
929,D3742087217000929,Uncovered $200
930,D5580162585000930,Uncovered $200
931,D5270462205000931,Uncovered $200
932,D4870016989000932,Uncovered $200
933,D6437600554000933,Uncovered $200
934,D7965720167000934,Uncovered $200
935,D2215257472000935,Uncovered $200
936,D5375764594000936,Uncovered $200
937,D7349773175000937,Uncovered $200
938,D0819307443000938,Uncovered $200
939,D1811336677000939,Uncovered $200
940,D7013478417000940,Uncovered $200
941,D1474920355000941,Uncovered $200
942,D6748811654000942,Uncovered $200
943,D1578613156000943,Uncovered $200
944,D4066097110000944,Uncovered $200
945,D3479035861000945,Uncovered $200
946,D1346415708000946,Uncovered $200
947,D1404358446000947,Uncovered $200
948,D1580859364000948,Uncovered $200
949,D0371091764000949,Uncovered $200
950,D0050612961000950,Uncovered $200
951,D5630917892000951,Uncovered $200
952,D5839754203000952,Uncovered $200
953,D9021977941000953,Uncovered $200
954,D9619350186000954,Uncovered $200
955,D4365904823000955,Uncovered $200
956,D0030780962000956,Uncovered $200
957,D1691426864000957,Uncovered $200
958,D7890935675000958,Uncovered $200
959,D8658840638000959,Uncovered $200
960,D4445585406000960,Uncovered $200
961,D5109784666000961,Uncovered $200
962,D2590695785000962,Uncovered $200
963,D8103253803000963,Uncovered $200
964,D4158281301000964,Uncovered $200
965,D0152962849000965,Uncovered $200
966,D9558851949000966,Uncovered $200
967,D7406638068000967,Uncovered $200
968,D1570212443000968,Uncovered $200
969,D9528352346000969,Uncovered $200
970,D8929239942000970,Uncovered $200
971,D5022365080000971,Uncovered $200
972,D9044849857000972,Uncovered $200
973,D4620959000000973,Uncovered $200
974,D0143829179000974,Uncovered $200
975,D2198335549000975,Uncovered $200
976,D1824236799000976,Uncovered $200
977,D8008513959000977,Uncovered $200
978,D1084390339000978,Uncovered $200
979,D5053818414000979,Uncovered $200
980,D2094021314000980,Uncovered $200
981,D3328882639000981,Uncovered $200
982,D9922496661000982,Uncovered $200
983,D6414740095000983,Uncovered $200
984,D6315248827000984,Uncovered $200
985,D5072874016000985,Uncovered $200
986,D6988146285000986,Uncovered $200
987,D1277822999000987,Uncovered $200
988,D2305428516000988,Uncovered $200
989,D3538911502000989,Uncovered $200
990,D4844278475000990,Uncovered $200
991,D8846280548000991,Uncovered $200
992,D1890995320000992,Uncovered $200
993,D3462409849000993,Uncovered $200
994,D1160235899000994,Uncovered $200
995,D3438290031000995,Uncovered $200
996,D4356539830000996,Uncovered $200
997,D8633869093000997,Uncovered $200
998,D2731901022000998,Uncovered $200
999,D4029677171000999,Uncovered $200
1000,D2931380261001000,Uncovered $200
1001,D1202399985001001,Uncovered $200
1002,D4504314719001002,Uncovered $200
1003,D1992663113001003,Uncovered $200
1004,D0002572982001004,Uncovered $200
1005,D7544855339001005,Uncovered $200
1006,D0313455656001006,Uncovered $200
1007,D1540677809001007,Uncovered $200
1008,D4116281550001008,Uncovered $200
1009,D5995299280001009,Uncovered $200
1010,D5112751766001010,Uncovered $200
1011,D1879655513001011,Uncovered $200
1012,D1479887356001012,Uncovered $200
1013,D4581956421001013,Uncovered $200
1014,D6160307293001014,Uncovered $200
1015,D9858258860001015,Uncovered $200
1016,D1304665821001016,Uncovered $200
1017,D9030575158001017,Uncovered $200
1018,D3080783394001018,Uncovered $200
1019,D7770641480001019,Uncovered $200
1020,D6335798105001020,Uncovered $200
1021,D1410999562001021,Uncovered $200
1022,D0537265500001022,Uncovered $200
1023,D0741036189001023,Uncovered $200
1024,D8688017727001024,Uncovered $200
1025,D7512725428001025,Uncovered $200
1026,D0555816383001026,Uncovered $200
1027,D8058836199001027,Uncovered $200
1028,D1359719092001028,Uncovered $200
1029,D9366441742001029,Uncovered $200
1030,D5359129938001030,Uncovered $200
1031,D2217780234001031,Uncovered $200
1032,D9818243402001032,Uncovered $200
1033,D6581675819001033,Uncovered $200
1034,D9190812538001034,Uncovered $200
1035,D5118946310001035,Uncovered $200
1036,D8480084297001036,Uncovered $200
1037,D2504195323001037,Uncovered $200
1038,D6179725177001038,Uncovered $200
1039,D2643520460001039,Uncovered $200
1040,D7032638045001040,Uncovered $200
1041,D1197743036001041,Uncovered $200
1042,D3917087788001042,Uncovered $200
1043,D3797500504001043,Uncovered $200
1044,D2201674475001044,Uncovered $200
1045,D2541009506001045,Uncovered $200
1046,D5535340118001046,Uncovered $200
1047,D6301049342001047,Uncovered $200
1048,D1450316541001048,Uncovered $200
1049,D8717627226001049,Uncovered $200
1050,D5421985448001050,Uncovered $200
1051,D6094723494001051,Uncovered $200
1052,D5789483635001052,Uncovered $200
1053,D7312157508001053,Uncovered $200
1054,D3606880766001054,Uncovered $200
1055,D5299061601001055,Uncovered $200
1056,D0160937889001056,Uncovered $200
1057,D2647143919001057,Uncovered $200
1058,D2383674601001058,Uncovered $200
1059,D7063972310001059,Uncovered $200
1060,D9985381831001060,Uncovered $200
1061,D0544729233001061,Uncovered $200
1062,D3897614351001062,Uncovered $200
1063,D9465582890001063,Uncovered $200
1064,D5087793391001064,Uncovered $200
1065,D8098902426001065,Uncovered $200
1066,D5325870070001066,Uncovered $200
1067,D4443561874001067,Uncovered $200
1068,D6332422828001068,Uncovered $200
1069,D9076755289001069,Uncovered $200
1070,D6556640796001070,Uncovered $200
1071,D3356471917001071,Uncovered $200
1072,D1408742265001072,Uncovered $200
1073,D2779847291001073,Uncovered $200
1074,D5354388861001074,Uncovered $200
1075,D3871564479001075,Uncovered $200
1076,D0235268667001076,Uncovered $200
1077,D4441956047001077,Uncovered $200
1078,D9716288511001078,Uncovered $200
1079,D3431815859001079,Uncovered $200
1080,D9681337422001080,Uncovered $200
1081,D7133708036001081,Uncovered $200
1082,D8176260751001082,Uncovered $200
1083,D6286768670001083,Uncovered $200
1084,D0717275913001084,Uncovered $200
1085,D5803694027001085,Uncovered $200
1086,D1966337686001086,Uncovered $200
1087,D3547714020001087,Uncovered $200
1088,D3363077497001088,Uncovered $200
1089,D1472947469001089,Uncovered $200
1090,D3298547919001090,Uncovered $200
1091,D5444493961001091,Uncovered $200
1092,D2305464091001092,Uncovered $200
1093,D0835170409001093,Uncovered $200
1094,D5550888903001094,Uncovered $200
1095,D1728060725001095,Uncovered $200
1096,D1317482850001096,Uncovered $200
1097,D4879320844001097,Uncovered $200
1098,D3196869126001098,Uncovered $200
1099,D3893004965001099,Uncovered $200
1100,D1260290895001100,Uncovered $200
1101,D1165507217001101,Uncovered $200
1102,D8146600799001102,Uncovered $200
1103,D0417141950001103,Uncovered $200
1104,D4080922395001104,Uncovered $200
1105,D6913032488001105,Uncovered $200
1106,D6209172421001106,Uncovered $200
1107,D7634349212001107,Uncovered $200
1108,D8957287186001108,Uncovered $200
1109,D1004335266001109,Uncovered $200
1110,D1883572927001110,Uncovered $200
1111,D4072270158001111,Uncovered $200
1112,D2951484030001112,Uncovered $200
1113,D0813562740001113,Uncovered $200
1114,D1527893160001114,Uncovered $200
1115,D6399416710001115,Uncovered $200
1116,D1981886292001116,Uncovered $200
1117,D7895861023001117,Uncovered $200
1118,D6061618566001118,Uncovered $200
1119,D0305696560001119,Uncovered $200
1120,D1971603818001120,Uncovered $200
1121,D9944765258001121,Uncovered $200
1122,D2570608938001122,Uncovered $200
1123,D4134889630001123,Uncovered $200
1124,D9619134777001124,Uncovered $200
1125,D7260772019001125,Uncovered $200
1126,D0756084593001126,Uncovered $200
1127,D5611719228001127,Uncovered $200
1128,D6596801436001128,Uncovered $200
1129,D2441214445001129,Uncovered $200
1130,D8059374239001130,Uncovered $200
1131,D4676750898001131,Uncovered $200
1132,D7265874591001132,Uncovered $200
1133,D5388141886001133,Uncovered $200
1134,D8317910613001134,Uncovered $200
1135,D5788389821001135,Uncovered $200
1136,D1014612413001136,Uncovered $200
1137,D4871460354001137,Uncovered $200
1138,D0962683388001138,Uncovered $200
1139,D5562643646001139,Uncovered $200
1140,D1555003762001140,Uncovered $200
1141,D1615088557001141,Uncovered $200
1142,D7099686516001142,Uncovered $200
1143,D3578815504001143,Uncovered $200
1144,D6874344630001144,Uncovered $200
1145,D6151958463001145,Uncovered $200
1146,D5982273080001146,Uncovered $200
1147,D3111192545001147,Uncovered $200
1148,D0459199125001148,Uncovered $200
1149,D4135363033001149,Uncovered $200
1150,D5209729303001150,Uncovered $200
1151,D6860079085001151,Uncovered $200
1152,D5384717772001152,Uncovered $200
1153,D7713009576001153,Uncovered $200
1154,D9329085583001154,Uncovered $200
1155,D0352630669001155,Uncovered $200
1156,D6963345877001156,Uncovered $200
1157,D8905727473001157,Uncovered $200
1158,D2911857925001158,Uncovered $200
1159,D8969972587001159,Uncovered $200
1160,D3400098760001160,Uncovered $200
1161,D4351935470001161,Uncovered $200
1162,D8534596976001162,Uncovered $200
1163,D1027560184001163,Uncovered $200
1164,D5030503529001164,Uncovered $200
1165,D9055720624001165,Uncovered $200
1166,D7014712793001166,Uncovered $200
1167,D5092277067001167,Uncovered $200
1168,D2908093534001168,Uncovered $200
1169,D5512383990001169,Uncovered $200
1170,D8816166108001170,Uncovered $200
1171,D4563170060001171,Uncovered $200
1172,D1410014900001172,Uncovered $200
1173,D3618227008001173,Uncovered $200
1174,D0045783472001174,Uncovered $200
1175,D3207246872001175,Uncovered $200
1176,D2730676716001176,Uncovered $200
1177,D3060113499001177,Uncovered $200
1178,D6443869406001178,Uncovered $200
1179,D3592180940001179,Uncovered $200
1180,D6983005785001180,Uncovered $200
1181,D8704720283001181,Uncovered $200
1182,D1812273977001182,Uncovered $200
1183,D9821614921001183,Uncovered $200
1184,D9073855678001184,Uncovered $200
1185,D9311484310001185,Uncovered $200
1186,D4319918803001186,Uncovered $200
1187,D4522798477001187,Uncovered $200
1188,D9833578495001188,Uncovered $200
1189,D1654931522001189,Uncovered $200
1190,D7284799949001190,Uncovered $200
1191,D9107192639001191,Uncovered $200
1192,D2672134719001192,Uncovered $200
1193,D0934610784001193,Uncovered $200
1194,D0849565370001194,Uncovered $200
1195,D4376459582001195,Uncovered $200
1196,D2536081612001196,Uncovered $200
1197,D6576633249001197,Uncovered $200
1198,D2865608347001198,Uncovered $200
1199,D1418067000001199,Uncovered $200
1200,D0609044711001200,Uncovered $200
1201,D5295680537001201,Uncovered $200
1202,D3940776809001202,Uncovered $200
1203,D0046163162001203,Uncovered $200
1204,D1590943657001204,Uncovered $200
1205,D8602319638001205,Uncovered $200
1206,D3526295031001206,Uncovered $200
1207,D4640952422001207,Uncovered $200
1208,D8493053982001208,Uncovered $200
1209,D2055004269001209,Uncovered $200
1210,D3346106896001210,Uncovered $200
1211,D8861972670001211,Uncovered $200
1212,D5437802661001212,Uncovered $200
1213,D9999781809001213,Uncovered $200
1214,D3832665410001214,Uncovered $200
1215,D2950897775001215,Uncovered $200
1216,D8991947906001216,Uncovered $200
1217,D3164563845001217,Uncovered $200
1218,D1387030577001218,Uncovered $200
1219,D6721533701001219,Uncovered $200
1220,D2636803221001220,Uncovered $200
1221,D2677237206001221,Uncovered $200
1222,D3112504120001222,Uncovered $200
1223,D3656704154001223,Uncovered $200
1224,D7270188692001224,Uncovered $200
1225,D2151965964001225,Uncovered $200
1226,D6517534815001226,Uncovered $200
1227,D4727444282001227,Uncovered $200
1228,D3956989500001228,Uncovered $200
1229,D1270749967001229,Uncovered $200
1230,D2068541749001230,Uncovered $200
1231,D2904263687001231,Uncovered $200
1232,D3755958746001232,Uncovered $200
1233,D9963986621001233,Uncovered $200
1234,D4012773257001234,Uncovered $200
1235,D2153041221001235,Uncovered $200
1236,D2299972884001236,Uncovered $200
1237,D8485728300001237,Uncovered $200
1238,D5837185437001238,Uncovered $200
1239,D6379395605001239,Uncovered $200
1240,D9790841273001240,Uncovered $200
1241,D1091133875001241,Uncovered $200
1242,D6761933017001242,Uncovered $200
1243,D7853975490001243,Uncovered $200
1244,D2369757715001244,Uncovered $200
1245,D9291102580001245,Uncovered $200
1246,D5738535174001246,Uncovered $200
1247,D9164515316001247,Uncovered $200
1248,D8392414131001248,Uncovered $200
1249,D4388074454001249,Uncovered $200
1250,D0409224251001250,Uncovered $200
1251,D9595560981001251,Uncovered $200
1252,D2056584450001252,Uncovered $200
1253,D7000079172001253,Uncovered $200
1254,D6355464542001254,Uncovered $200
1255,D4679389678001255,Uncovered $200
1256,D3715345332001256,Uncovered $200
1257,D9331029430001257,Uncovered $200
1258,D9522945826001258,Uncovered $200
1259,D1223583068001259,Uncovered $200
1260,D5469752762001260,Uncovered $200
1261,D9280674501001261,Uncovered $200
1262,D6260205207001262,Uncovered $200
1263,D3931794804001263,Uncovered $200
1264,D1147601853001264,Uncovered $200
1265,D4827467733001265,Uncovered $200
1266,D1933529308001266,Uncovered $200
1267,D2539332592001267,Uncovered $200
1268,D8471551447001268,Uncovered $200
1269,D1419547888001269,Uncovered $200
1270,D6625640055001270,Uncovered $200
1271,D5689169639001271,Uncovered $200
1272,D2820365999001272,Uncovered $200
1273,D6935491951001273,Uncovered $200
1274,D1948477907001274,Uncovered $200
1275,D2684885455001275,Uncovered $200
1276,D8004733605001276,Uncovered $200
1277,D3287365999001277,Uncovered $200
1278,D6739038161001278,Uncovered $200
1279,D2601634358001279,Uncovered $200
1280,D7763921465001280,Uncovered $200
1281,D5028397609001281,Uncovered $200
1282,D4065126017001282,Uncovered $200
1283,D6021558668001283,Uncovered $200
1284,D3494842339001284,Uncovered $200
1285,D0563057108001285,Uncovered $200
1286,D2352810261001286,Uncovered $200
1287,D5061633777001287,Uncovered $200
1288,D6762060402001288,Uncovered $200
1289,D3128576624001289,Uncovered $200
1290,D7412991110001290,Uncovered $200
1291,D9479721978001291,Uncovered $200
1292,D7754914818001292,Uncovered $200
1293,D6712816703001293,Uncovered $200
1294,D1785644477001294,Uncovered $200
1295,D7487259928001295,Uncovered $200
1296,D6616542365001296,Uncovered $200
1297,D1238068765001297,Uncovered $200
1298,D9023087920001298,Uncovered $200
1299,D9089079141001299,Uncovered $200
1300,D2830736542001300,Uncovered $200
1301,D6726923332001301,Uncovered $200
1302,D9084076660001302,Uncovered $200
1303,D4935003208001303,Uncovered $200
1304,D6250069461001304,Uncovered $200
1305,D0768713947001305,Uncovered $200
1306,D3213501941001306,Uncovered $200
1307,D8585993523001307,Uncovered $200
1308,D4958132095001308,Uncovered $200
1309,D2306797769001309,Uncovered $200
1310,D1883381354001310,Uncovered $200
1311,D8849575344001311,Uncovered $200
1312,D6093907265001312,Uncovered $200
1313,D6619254803001313,Uncovered $200
1314,D7974617185001314,Uncovered $200
1315,D7464463879001315,Uncovered $200
1316,D0855271373001316,Uncovered $200
1317,D3273039528001317,Uncovered $200
1318,D2999125508001318,Uncovered $200
1319,D0802533456001319,Uncovered $200
1320,D0943320335001320,Uncovered $200
1321,D6446963656001321,Uncovered $200
1322,D0663010694001322,Uncovered $200
1323,D2584481587001323,Uncovered $200
1324,D7728936154001324,Uncovered $200
1325,D0001511626001325,Uncovered $200
1326,D0192422215001326,Uncovered $200
1327,D5692733726001327,Uncovered $200
1328,D5476869415001328,Uncovered $200
1329,D8663186125001329,Uncovered $200
1330,D1302792764001330,Uncovered $200
1331,D2782489841001331,Uncovered $200
1332,D4669895528001332,Uncovered $200
1333,D2720120935001333,Uncovered $200
1334,D1636100438001334,Uncovered $200
1335,D0558580400001335,Uncovered $200
1336,D7638074318001336,Uncovered $200
1337,D8059719299001337,Uncovered $200
1338,D9734751257001338,Uncovered $200
1339,D1233366859001339,Uncovered $200
1340,D9966671540001340,Uncovered $200
1341,D2178911118001341,Uncovered $200
1342,D3963980583001342,Uncovered $200
1343,D3928944560001343,Uncovered $200
1344,D7574422317001344,Uncovered $200
1345,D9674922341001345,Uncovered $200
1346,D3950347152001346,Uncovered $200
1347,D0605135971001347,Uncovered $200
1348,D2946745376001348,Uncovered $200
1349,D7461713020001349,Uncovered $200
1350,D7285734685001350,Uncovered $200
1351,D9622967589001351,Uncovered $200
1352,D4478061845001352,Uncovered $200
1353,D3084346497001353,Uncovered $200
1354,D9793329140001354,Uncovered $200
1355,D3127803510001355,Uncovered $200
1356,D2610891601001356,Uncovered $200
1357,D4424501150001357,Uncovered $200
1358,D9239062974001358,Uncovered $200
1359,D1041000999001359,Uncovered $200
1360,D4833124780001360,Uncovered $200
1361,D4059274390001361,Uncovered $200
1362,D1521995757001362,Uncovered $200
1363,D0002082762001363,Uncovered $200
1364,D0205155820001364,Uncovered $200
1365,D5335576947001365,Uncovered $200
1366,D3272734172001366,Uncovered $200
1367,D4346887514001367,Uncovered $200
1368,D0137847579001368,Uncovered $200
1369,D0268897543001369,Uncovered $200
1370,D9177580001001370,Uncovered $200
1371,D7374212263001371,Uncovered $200
1372,D8459746318001372,Uncovered $200
1373,D0714134493001373,Uncovered $200
1374,D6817395298001374,Uncovered $200
1375,D3012837170001375,Uncovered $200
1376,D8857871286001376,Uncovered $200
1377,D8147163924001377,Uncovered $200
1378,D6820600928001378,Uncovered $200
1379,D0873496552001379,Uncovered $200
1380,D7982317402001380,Uncovered $200
1381,D9569236998001381,Uncovered $200
1382,D6909708929001382,Uncovered $200
1383,D6532741627001383,Uncovered $200
1384,D4092707365001384,Uncovered $200
1385,D0421446552001385,Uncovered $200
1386,D0383586088001386,Uncovered $200
1387,D0509459164001387,Uncovered $200
1388,D7762991013001388,Uncovered $200
1389,D9925491848001389,Uncovered $200
1390,D3776175593001390,Uncovered $200
1391,D1384854167001391,Uncovered $200
1392,D7199976390001392,Uncovered $200
1393,D9657457606001393,Uncovered $200
1394,D4068698243001394,Uncovered $200
1395,D2279879710001395,Uncovered $200
1396,D7239886332001396,Uncovered $200
1397,D1954439813001397,Uncovered $200
1398,D3451980993001398,Uncovered $200
1399,D6104586448001399,Uncovered $200
1400,D5235260395001400,Uncovered $200
1401,D0147168012001401,Uncovered $200
1402,D0744991672001402,Uncovered $200
1403,D8027541006001403,Uncovered $200
1404,D7307965178001404,Uncovered $200
1405,D5736749389001405,Uncovered $200
1406,D1344019074001406,Uncovered $200
1407,D6459035628001407,Uncovered $200
1408,D1865343560001408,Uncovered $200
1409,D4959052834001409,Uncovered $200
1410,D4763652406001410,Uncovered $200
1411,D6865103914001411,Uncovered $200
1412,D1414557100001412,Uncovered $200
1413,D0805412641001413,Uncovered $200
1414,D4210055088001414,Uncovered $200
1415,D4583822134001415,Uncovered $200
1416,D7115971119001416,Uncovered $200
1417,D3817530280001417,Uncovered $200
1418,D1895542985001418,Uncovered $200
1419,D1035392670001419,Uncovered $200
1420,D3290289397001420,Uncovered $200
1421,D8424581848001421,Uncovered $200
1422,D3524878119001422,Uncovered $200
1423,D0424009146001423,Uncovered $200
1424,D8804881628001424,Uncovered $200
1425,D0936916987001425,Uncovered $200
1426,D1576063656001426,Uncovered $200
1427,D0649280721001427,Uncovered $200
1428,D6400173240001428,Uncovered $200
1429,D5477710010001429,Uncovered $200
1430,D5698285134001430,Uncovered $200
1431,D2439143382001431,Uncovered $200
1432,D6964502083001432,Uncovered $200
1433,D3713472156001433,Uncovered $200
1434,D2049826490001434,Uncovered $200
1435,D8544274032001435,Uncovered $200
1436,D2494578830001436,Uncovered $200
1437,D0675807463001437,Uncovered $200
1438,D2780852662001438,Uncovered $200
1439,D1669798221001439,Uncovered $200
1440,D8687449386001440,Uncovered $200
1441,D2124576119001441,Uncovered $200
1442,D7416659050001442,Uncovered $200
1443,D1171687620001443,Uncovered $200
1444,D1370118222001444,Uncovered $200
1445,D8383992048001445,Uncovered $200
1446,D9510682719001446,Uncovered $200
1447,D4154611817001447,Uncovered $200
1448,D5397296302001448,Uncovered $200
1449,D7126693232001449,Uncovered $200
1450,D6444069541001450,Uncovered $200
1451,D5584490504001451,Uncovered $200
1452,D9438449467001452,Uncovered $200
1453,D1296137678001453,Uncovered $200
1454,D8261319493001454,Uncovered $200
1455,D7621280731001455,Uncovered $200
1456,D3334944897001456,Uncovered $200
1457,D0240044999001457,Uncovered $200
1458,D7247016903001458,Uncovered $200
1459,D6644365816001459,Uncovered $200
1460,D8650450407001460,Uncovered $200
1461,D2772551545001461,Uncovered $200
1462,D8572980106001462,Uncovered $200
1463,D2605478183001463,Uncovered $200
1464,D2625067694001464,Uncovered $200
1465,D6330629118001465,Uncovered $200
1466,D0497874327001466,Uncovered $200
1467,D4146373235001467,Uncovered $200
1468,D2958250103001468,Uncovered $200
1469,D8665397747001469,Uncovered $200
1470,D7162034333001470,Uncovered $200
1471,D0640345303001471,Uncovered $200
1472,D6211484545001472,Uncovered $200
1473,D8041872352001473,Uncovered $200
1474,D1877709188001474,Uncovered $200
1475,D0817882869001475,Uncovered $200
1476,D5003246995001476,Uncovered $200
1477,D7546728778001477,Uncovered $200
1478,D2697458182001478,Uncovered $200
1479,D2893233248001479,Uncovered $200
1480,D6580562065001480,Uncovered $200
1481,D8658271299001481,Uncovered $200
1482,D6936728446001482,Uncovered $200
1483,D1602814553001483,Uncovered $200
1484,D7731698375001484,Uncovered $200
1485,D5638395748001485,Uncovered $200
1486,D8147124525001486,Uncovered $200
1487,D9563488662001487,Uncovered $200
1488,D9248657116001488,Uncovered $200
1489,D2613953474001489,Uncovered $200
1490,D0262258553001490,Uncovered $200
1491,D4438920911001491,Uncovered $200
1492,D7040906362001492,Uncovered $200
1493,D8761743426001493,Uncovered $200
1494,D4716483143001494,Uncovered $200
1495,D9354518961001495,Uncovered $200
1496,D4982748015001496,Uncovered $200
1497,D7275335768001497,Uncovered $200
1498,D7284495180001498,Uncovered $200
1499,D1021727820001499,Uncovered $200
1500,D3674732170001500,Uncovered $200
1501,D7293622717001501,Uncovered $200
1502,D0684365683001502,Uncovered $200
1503,D3427741962001503,Uncovered $200
1504,D5845528004001504,Uncovered $200
1505,D2717736404001505,Uncovered $200
1506,D0538897575001506,Uncovered $200
1507,D8024463501001507,Uncovered $200
1508,D2488207990001508,Uncovered $200
1509,D5289789414001509,Uncovered $200
1510,D4000128308001510,Uncovered $200
1511,D6568794345001511,Uncovered $200
1512,D4795019959001512,Uncovered $200
1513,D7656869387001513,Uncovered $200
1514,D9258523809001514,Uncovered $200
1515,D3062938306001515,Uncovered $200
1516,D5948132986001516,Uncovered $200
1517,D3001830029001517,Uncovered $200
1518,D1327348702001518,Uncovered $200
1519,D5505916268001519,Uncovered $200
1520,D1146813200001520,Uncovered $200
1521,D0571550991001521,Uncovered $200
1522,D6733513282001522,Uncovered $200
1523,D0022394301001523,Uncovered $200
1524,D0223976389001524,Uncovered $200
1525,D2783409131001525,Uncovered $200
1526,D3078540327001526,Uncovered $200
1527,D9167463567001527,Uncovered $200
1528,D0846038930001528,Uncovered $200
1529,D4151421763001529,Uncovered $200
1530,D9617221662001530,Uncovered $200
1531,D7166644639001531,Uncovered $200
1532,D7365995847001532,Uncovered $200
1533,D6880407708001533,Uncovered $200
1534,D6350586031001534,Uncovered $200
1535,D5923714724001535,Uncovered $200
1536,D4072137474001536,Uncovered $200
1537,D6987747467001537,Uncovered $200
1538,D5323105102001538,Uncovered $200
1539,D9823266467001539,Uncovered $200
1540,D1699890576001540,Uncovered $200
1541,D5557259821001541,Uncovered $200
1542,D3492875440001542,Uncovered $200
1543,D9585978749001543,Uncovered $200
1544,D8405620870001544,Uncovered $200
1545,D7961170174001545,Uncovered $200
1546,D7149961572001546,Uncovered $200
1547,D0223161830001547,Uncovered $200
1548,D8274565616001548,Uncovered $200
1549,D2400392078001549,Uncovered $200
1550,D6437134571001550,Uncovered $200
1551,D7130905046001551,Uncovered $200
1552,D2306074268001552,Uncovered $200
1553,D8049616419001553,Uncovered $200
1554,D4765895648001554,Uncovered $200
1555,D4052372899001555,Uncovered $200
1556,D3550456498001556,Uncovered $200
1557,D1546891053001557,Uncovered $200
1558,D9842603531001558,Uncovered $200
1559,D3078913596001559,Uncovered $200
1560,D5040294229001560,Uncovered $200
1561,D9142215105001561,Uncovered $200
1562,D1464724012001562,Uncovered $200
1563,D2059367895001563,Uncovered $200
1564,D8076846599001564,Uncovered $200
1565,D8920934144001565,Uncovered $200
1566,D6946772585001566,Uncovered $200
1567,D1471174335001567,Uncovered $200
1568,D7660785501001568,Uncovered $200
1569,D2952847151001569,Uncovered $200
1570,D5467395017001570,Uncovered $200
1571,D1478984209001571,Uncovered $200
1572,D3626565706001572,Uncovered $200
1573,D3451778731001573,Uncovered $200
1574,D2418253071001574,Uncovered $200
1575,D5348534454001575,Uncovered $200
1576,D0077187761001576,Uncovered $200
1577,D3974119784001577,Uncovered $200
1578,D2430355127001578,Uncovered $200
1579,D2688296315001579,Uncovered $200
1580,D7878837406001580,Uncovered $200
1581,D5000080480001581,Uncovered $200
1582,D5692350886001582,Uncovered $200
1583,D8781220774001583,Uncovered $200
1584,D8040430490001584,Uncovered $200
1585,D8484307178001585,Uncovered $200
1586,D4218151066001586,Uncovered $200
1587,D6925625085001587,Uncovered $200
1588,D7535472545001588,Uncovered $200
1589,D6596217245001589,Uncovered $200
1590,D5016839041001590,Uncovered $200
1591,D6006298959001591,Uncovered $200
1592,D0506833876001592,Uncovered $200
1593,D3128361491001593,Uncovered $200
1594,D5371938610001594,Uncovered $200
1595,D1100646083001595,Uncovered $200
1596,D8106523965001596,Uncovered $200
1597,D7127914527001597,Uncovered $200
1598,D7250561772001598,Uncovered $200
1599,D2812439583001599,Uncovered $200
1600,D7064473117001600,Uncovered $200
1601,D3575422406001601,Uncovered $200
1602,D4228389236001602,Uncovered $200
1603,D1561358866001603,Uncovered $200
1604,D7420345660001604,Uncovered $200
1605,D4175220704001605,Uncovered $200
1606,D7162021880001606,Uncovered $200
1607,D2220169136001607,Uncovered $200
1608,D2948709420001608,Uncovered $200
1609,D4197917464001609,Uncovered $200
1610,D7059760862001610,Uncovered $200
1611,D0084174433001611,Uncovered $200
1612,D1993590185001612,Uncovered $200
1613,D7292087172001613,Uncovered $200
1614,D0201437663001614,Uncovered $200
1615,D0821870269001615,Uncovered $200
1616,D8099921458001616,Uncovered $200
1617,D1626912360001617,Uncovered $200
1618,D4609135731001618,Uncovered $200
1619,D9315555996001619,Uncovered $200
1620,D4407399360001620,Uncovered $200
1621,D8533700060001621,Uncovered $200
1622,D4763813828001622,Uncovered $200
1623,D3417307215001623,Uncovered $200
1624,D1998623027001624,Uncovered $200
1625,D1217724781001625,Uncovered $200
1626,D6232091716001626,Uncovered $200
1627,D7677744734001627,Uncovered $200
1628,D0867727171001628,Uncovered $200
1629,D5078438138001629,Uncovered $200
1630,D7246378599001630,Uncovered $200
1631,D2282171393001631,Uncovered $200
1632,D9784220465001632,Uncovered $200
1633,D5663027087001633,Uncovered $200
1634,D5998847089001634,Uncovered $200
1635,D0167169398001635,Uncovered $200
1636,D6798816832001636,Uncovered $200
1637,D9481431564001637,Uncovered $200
1638,D8354816922001638,Uncovered $200
1639,D4511647438001639,Uncovered $200
1640,D6432288391001640,Uncovered $200
1641,D9033981374001641,Uncovered $200
1642,D7858578706001642,Uncovered $200
1643,D7872923366001643,Uncovered $200
1644,D6966812903001644,Uncovered $200
1645,D2548704488001645,Uncovered $200
1646,D6549845251001646,Uncovered $200
1647,D1649021934001647,Uncovered $200
1648,D1469364133001648,Uncovered $200
1649,D1541226474001649,Uncovered $200
1650,D7648815148001650,Uncovered $200
1651,D3527947679001651,Uncovered $200
1652,D9044507668001652,Uncovered $200
1653,D7755945524001653,Uncovered $200
1654,D6338949719001654,Uncovered $200
1655,D7636147076001655,Uncovered $200
1656,D4993204456001656,Uncovered $200
1657,D8412031433001657,Uncovered $200
1658,D3253313434001658,Uncovered $200
1659,D4376378849001659,Uncovered $200
1660,D0019190354001660,Uncovered $200
1661,D2750650101001661,Uncovered $200
1662,D4495915459001662,Uncovered $200
1663,D9613741710001663,Uncovered $200
1664,D5688400602001664,Uncovered $200
1665,D3635124840001665,Uncovered $200
1666,D6293068230001666,Uncovered $200
1667,D3932116098001667,Uncovered $200
1668,D1622491515001668,Uncovered $200
1669,D2212474750001669,Uncovered $200
1670,D0233345825001670,Uncovered $200
1671,D4801162312001671,Uncovered $200
1672,D2925543400001672,Uncovered $200
1673,D9128906775001673,Uncovered $200
1674,D2033792417001674,Uncovered $200
1675,D2606702768001675,Uncovered $200
1676,D3271119015001676,Uncovered $200
1677,D6234327994001677,Uncovered $200
1678,D6870533034001678,Uncovered $200
1679,D4436640920001679,Uncovered $200
1680,D6850641830001680,Uncovered $200
1681,D3431702328001681,Uncovered $200
1682,D8816874717001682,Uncovered $200
1683,D3432415459001683,Uncovered $200
1684,D6581390539001684,Uncovered $200
1685,D4218051645001685,Uncovered $200
1686,D8787074339001686,Uncovered $200
1687,D2496954951001687,Uncovered $200
1688,D4586594219001688,Uncovered $200
1689,D4812384150001689,Uncovered $200
1690,D3760533859001690,Uncovered $200
1691,D0061788253001691,Uncovered $200
1692,D8658139025001692,Uncovered $200
1693,D3732622447001693,Uncovered $200
1694,D8071239503001694,Uncovered $200
1695,D7406401239001695,Uncovered $200
1696,D4116105064001696,Uncovered $200
1697,D5572662899001697,Uncovered $200
1698,D3291402340001698,Uncovered $200
1699,D8630924354001699,Uncovered $200
1700,D2793532551001700,Uncovered $200
1701,D6351321139001701,Uncovered $200
1702,D1666828757001702,Uncovered $200
1703,D3237517800001703,Uncovered $200
1704,D2846101512001704,Uncovered $200
1705,D2145236895001705,Uncovered $200
1706,D3970449010001706,Uncovered $200
1707,D7920307139001707,Uncovered $200
1708,D9273136279001708,Uncovered $200
1709,D2062489059001709,Uncovered $200
1710,D1028233097001710,Uncovered $200
1711,D2384475895001711,Uncovered $200
1712,D5068619096001712,Uncovered $200
1713,D3489071106001713,Uncovered $200
1714,D1319173419001714,Uncovered $200
1715,D7362553550001715,Uncovered $200
1716,D4646966018001716,Uncovered $200
1717,D2222544458001717,Uncovered $200
1718,D6363151449001718,Uncovered $200
1719,D3618571103001719,Uncovered $200
1720,D4528073818001720,Uncovered $200
1721,D2855429591001721,Uncovered $200
1722,D2313468147001722,Uncovered $200
1723,D0974966158001723,Uncovered $200
1724,D4449305854001724,Uncovered $200
1725,D4657467806001725,Uncovered $200
1726,D2558894268001726,Uncovered $200
1727,D9569699879001727,Uncovered $200
1728,D3287244072001728,Uncovered $200
1729,D3343991347001729,Uncovered $200
1730,D0999960746001730,Uncovered $200
1731,D2669267058001731,Uncovered $200
1732,D2105574457001732,Uncovered $200
1733,D3615028170001733,Uncovered $200
1734,D0285481894001734,Uncovered $200
1735,D2383564762001735,Uncovered $200
1736,D3164039966001736,Uncovered $200
1737,D7068313405001737,Uncovered $200
1738,D3731647661001738,Uncovered $200
1739,D0549172886001739,Uncovered $200
1740,D5535497527001740,Uncovered $200
1741,D9233743262001741,Uncovered $200
1742,D2106796779001742,Uncovered $200
1743,D7367080776001743,Uncovered $200
1744,D7455305600001744,Uncovered $200
1745,D5356685251001745,Uncovered $200
1746,D3651829148001746,Uncovered $200
1747,D2195466300001747,Uncovered $200
1748,D7220247884001748,Uncovered $200
1749,D1709704320001749,Uncovered $200
1750,D2201631441001750,Uncovered $200
1751,D2901553704001751,Uncovered $200
1752,D1027938349001752,Uncovered $200
1753,D0141878192001753,Uncovered $200
1754,D1686374972001754,Uncovered $200
1755,D9686813082001755,Uncovered $200
1756,D6484108248001756,Uncovered $200
1757,D6369276894001757,Uncovered $200
1758,D8940521278001758,Uncovered $200
1759,D2690847748001759,Uncovered $200
1760,D7969138935001760,Uncovered $200
1761,D4326016450001761,Uncovered $200
1762,D7787744206001762,Uncovered $200
1763,D4643740472001763,Uncovered $200
1764,D5888043726001764,Uncovered $200
1765,D0663111220001765,Uncovered $200
1766,D8363239221001766,Uncovered $200
1767,D2681970656001767,Uncovered $200
1768,D4888478759001768,Uncovered $200
1769,D2043711957001769,Uncovered $200
1770,D2263511200001770,Uncovered $200
1771,D0637426555001771,Uncovered $200
1772,D7166763732001772,Uncovered $200
1773,D2800228176001773,Uncovered $200
1774,D0827501573001774,Uncovered $200
1775,D9809270901001775,Uncovered $200
1776,D1907011356001776,Uncovered $200
1777,D2509763718001777,Uncovered $200
1778,D2024213044001778,Uncovered $200
1779,D6835596417001779,Uncovered $200
1780,D7266752278001780,Uncovered $200
1781,D6701174883001781,Uncovered $200
1782,D0536885019001782,Uncovered $200
1783,D4123728858001783,Uncovered $200
1784,D6806171184001784,Uncovered $200
1785,D7171243570001785,Uncovered $200
1786,D2146881540001786,Uncovered $200
1787,D7274816266001787,Uncovered $200
1788,D5924022950001788,Uncovered $200
1789,D0309394765001789,Uncovered $200
1790,D6564944780001790,Uncovered $200
1791,D1619156339001791,Uncovered $200
1792,D6870709411001792,Uncovered $200
1793,D6290542683001793,Uncovered $200
1794,D2997049429001794,Uncovered $200
1795,D1716014040001795,Uncovered $200
1796,D4512325884001796,Uncovered $200
1797,D3533554684001797,Uncovered $200
1798,D3234639901001798,Uncovered $200
1799,D2419146812001799,Uncovered $200
1800,D5185551536001800,Uncovered $200
1801,D3410978477001801,Uncovered $200
1802,D6742826794001802,Uncovered $200
1803,D2538068879001803,Uncovered $200
1804,D1044925778001804,Uncovered $200
1805,D2163959278001805,Uncovered $200
1806,D4971765065001806,Uncovered $200
1807,D1407505162001807,Uncovered $200
1808,D3827026095001808,Uncovered $200
1809,D1654309985001809,Uncovered $200
1810,D8859886071001810,Uncovered $200
1811,D1267989271001811,Uncovered $200
1812,D0544283995001812,Uncovered $200
1813,D6721719868001813,Uncovered $200
1814,D6156346902001814,Uncovered $200
1815,D8897964379001815,Uncovered $200
1816,D8365927932001816,Uncovered $200
1817,D4036552325001817,Uncovered $200
1818,D2209449742001818,Uncovered $200
1819,D9282257684001819,Uncovered $200
1820,D8823344507001820,Uncovered $200
1821,D0526628735001821,Uncovered $200
1822,D2471852856001822,Uncovered $200
1823,D6070555087001823,Uncovered $200
1824,D8160457553001824,Uncovered $200
1825,D6047099381001825,Uncovered $200
1826,D6519693796001826,Uncovered $200
1827,D3696162113001827,Uncovered $200
1828,D7757203300001828,Uncovered $200
1829,D4184374386001829,Uncovered $200
1830,D4354306011001830,Uncovered $200
1831,D5100059623001831,Uncovered $200
1832,D1659250902001832,Uncovered $200
1833,D9690793130001833,Uncovered $200
1834,D0055662850001834,Uncovered $200
1835,D6666612110001835,Uncovered $200
1836,D9803200090001836,Uncovered $200
1837,D2237653665001837,Uncovered $200
1838,D3525212067001838,Uncovered $200
1839,D5110442656001839,Uncovered $200
1840,D2158000966001840,Uncovered $200
1841,D0143203750001841,Uncovered $200
1842,D8228646065001842,Uncovered $200
1843,D6743581080001843,Uncovered $200
1844,D7438111696001844,Uncovered $200
1845,D0565318999001845,Uncovered $200
1846,D2106777889001846,Uncovered $200
1847,D0184013790001847,Uncovered $200
1848,D0638888065001848,Uncovered $200
1849,D7069698680001849,Uncovered $200
1850,D8119732281001850,Uncovered $200
1851,D3949803360001851,Uncovered $200
1852,D8713880139001852,Uncovered $200
1853,D1198734356001853,Uncovered $200
1854,D3395692805001854,Uncovered $200
1855,D4700995875001855,Uncovered $200
1856,D2477528351001856,Uncovered $200
1857,D3853540390001857,Uncovered $200
1858,D4570399270001858,Uncovered $200
1859,D5908892838001859,Uncovered $200
1860,D1002399000001860,Uncovered $200
1861,D1495457061001861,Uncovered $200
1862,D0261368132001862,Uncovered $200
1863,D2297014103001863,Uncovered $200
1864,D7119536153001864,Uncovered $200
1865,D2193227024001865,Uncovered $200
1866,D8365961655001866,Uncovered $200
1867,D8728350027001867,Uncovered $200
1868,D6291281196001868,Uncovered $200
1869,D2273939391001869,Uncovered $200
1870,D7641460525001870,Uncovered $200
1871,D9156034482001871,Uncovered $200
1872,D0326355538001872,Uncovered $200
1873,D2182154890001873,Uncovered $200
1874,D1677919687001874,Uncovered $200
1875,D5521608090001875,Uncovered $200
1876,D8128359372001876,Uncovered $200
1877,D1554067817001877,Uncovered $200
1878,D5172266258001878,Uncovered $200
1879,D0140029921001879,Uncovered $200
1880,D6266277309001880,Uncovered $200
1881,D7173588247001881,Uncovered $200
1882,D1785025481001882,Uncovered $200
1883,D6790750882001883,Uncovered $200
1884,D6647003488001884,Uncovered $200
1885,D3666237720001885,Uncovered $200
1886,D7441383652001886,Uncovered $200
1887,D5024616739001887,Uncovered $200
1888,D4410326060001888,Uncovered $200
1889,D1523551402001889,Uncovered $200
1890,D5595869854001890,Uncovered $200
1891,D2264263051001891,Uncovered $200
1892,D0980982885001892,Uncovered $200
1893,D2251392448001893,Uncovered $200
1894,D4805916773001894,Uncovered $200
1895,D9093459081001895,Uncovered $200
1896,D5139983929001896,Uncovered $200
1897,D7400964627001897,Uncovered $200
1898,D6030157897001898,Uncovered $200
1899,D6385551388001899,Uncovered $200
1900,D3617203568001900,Uncovered $200
1901,D6715786936001901,Uncovered $200
1902,D1261298862001902,Uncovered $200
1903,D9923538107001903,Uncovered $200
1904,D8772818027001904,Uncovered $200
1905,D3744865805001905,Uncovered $200
1906,D5588569086001906,Uncovered $200
1907,D9379920145001907,Uncovered $200
1908,D2375764175001908,Uncovered $200
1909,D2664277458001909,Uncovered $200
1910,D2670997755001910,Uncovered $200
1911,D3215794372001911,Uncovered $200
1912,D2801194282001912,Uncovered $200
1913,D4392845554001913,Uncovered $200
1914,D2131896919001914,Uncovered $200
1915,D5761997602001915,Uncovered $200
1916,D0090760087001916,Uncovered $200
1917,D5244599213001917,Uncovered $200
1918,D4427462750001918,Uncovered $200
1919,D7619627056001919,Uncovered $200
1920,D1712884028001920,Uncovered $200
1921,D6476698354001921,Uncovered $200
1922,D7995073643001922,Uncovered $200
1923,D3694591205001923,Uncovered $200
1924,D4220324120001924,Uncovered $200
1925,D9320534743001925,Uncovered $200
1926,D4567079650001926,Uncovered $200
1927,D7107989670001927,Uncovered $200
1928,D7954997695001928,Uncovered $200
1929,D3975597121001929,Uncovered $200
1930,D8169841848001930,Uncovered $200
1931,D7951750719001931,Uncovered $200
1932,D6918362815001932,Uncovered $200
1933,D3145717353001933,Uncovered $200
1934,D0140288941001934,Uncovered $200
1935,D8788963446001935,Uncovered $200
1936,D3044434857001936,Uncovered $200
1937,D6754871734001937,Uncovered $200
1938,D1547953803001938,Uncovered $200
1939,D7138417143001939,Uncovered $200
1940,D5976803416001940,Uncovered $200
1941,D3838512364001941,Uncovered $200
1942,D4264872982001942,Uncovered $200
1943,D0037641301001943,Uncovered $200
1944,D8810166668001944,Uncovered $200
1945,D7890739229001945,Uncovered $200
1946,D0165569278001946,Uncovered $200
1947,D4642101869001947,Uncovered $200
1948,D5704694983001948,Uncovered $200
1949,D2603596304001949,Uncovered $200
1950,D1396399240001950,Uncovered $200
1951,D3984577228001951,Uncovered $200
1952,D0400321915001952,Uncovered $200
1953,D5457394630001953,Uncovered $200
1954,D9191245077001954,Uncovered $200
1955,D2538757227001955,Uncovered $200
1956,D7766131431001956,Uncovered $200
1957,D2034132545001957,Uncovered $200
1958,D8899543772001958,Uncovered $200
1959,D0276445749001959,Uncovered $200
1960,D7098438036001960,Uncovered $200
1961,D2779637990001961,Uncovered $200
1962,D1679775980001962,Uncovered $200
1963,D6767760018001963,Uncovered $200
1964,D6049981083001964,Uncovered $200
1965,D8438086602001965,Uncovered $200
1966,D7966365385001966,Uncovered $200
1967,D6791134478001967,Uncovered $200
1968,D7435147297001968,Uncovered $200
1969,D2665842984001969,Uncovered $200
1970,D7762390560001970,Uncovered $200
1971,D2207974451001971,Uncovered $200
1972,D0745728893001972,Uncovered $200
1973,D3472891215001973,Uncovered $200
1974,D0355734510001974,Uncovered $200
1975,D4715757501001975,Uncovered $200
1976,D6381799246001976,Uncovered $200
1977,D6840610108001977,Uncovered $200
1978,D2355161072001978,Uncovered $200
1979,D5451186870001979,Uncovered $200
1980,D4747320011001980,Uncovered $200
1981,D5834939209001981,Uncovered $200
1982,D1039328988001982,Uncovered $200
1983,D6105171084001983,Uncovered $200
1984,D9453170865001984,Uncovered $200
1985,D6032071249001985,Uncovered $200
1986,D5169078977001986,Uncovered $200
1987,D0611532637001987,Uncovered $200
1988,D1526676954001988,Uncovered $200
1989,D5285247475001989,Uncovered $200
1990,D1926470866001990,Uncovered $200
1991,D4584887457001991,Uncovered $200
1992,D0522268687001992,Uncovered $200
1993,D0711532437001993,Uncovered $200
1994,D9049115614001994,Uncovered $200
1995,D3133216802001995,Uncovered $200
1996,D3475433423001996,Uncovered $200
1997,D8492612945001997,Uncovered $200
1998,D8869575292001998,Uncovered $200
1999,D7209907236001999,Uncovered $200
2000,D2629381820002000,Uncovered $200
2001,D2051632440002001,Uncovered $200
2002,D3522765718002002,Uncovered $200
2003,D9829921371002003,Uncovered $200
2004,D2054322825002004,Uncovered $200
2005,D2010937997002005,Uncovered $200
2006,D1409693746002006,Uncovered $200
2007,D0670904304002007,Uncovered $200
2008,D5244588901002008,Uncovered $200
2009,D0556585136002009,Uncovered $200
2010,D1810462234002010,Uncovered $200
2011,D7415718350002011,Uncovered $200
2012,D1375579722002012,Uncovered $200
2013,D0353794071002013,Uncovered $200
2014,D9946976687002014,Uncovered $200
2015,D3135511469002015,Uncovered $200
2016,D7407100521002016,Uncovered $200
2017,D0424534635002017,Uncovered $200
2018,D2406219722002018,Uncovered $200
2019,D9649157649002019,Uncovered $200
2020,D7213783015002020,Uncovered $200
2021,D6907243833002021,Uncovered $200
2022,D5592220732002022,Uncovered $200
2023,D6845095037002023,Uncovered $200
2024,D0470459204002024,Uncovered $200
2025,D9204936287002025,Uncovered $200
2026,D9511462270002026,Uncovered $200
2027,D1713561104002027,Uncovered $200
2028,D8930725635002028,Uncovered $200
2029,D0111541921002029,Uncovered $200
2030,D6471774044002030,Uncovered $200
2031,D1663585816002031,Uncovered $200
2032,D4217646900002032,Uncovered $200
2033,D5433185175002033,Uncovered $200
2034,D9088780890002034,Uncovered $200
2035,D9563159410002035,Uncovered $200
2036,D9896336633002036,Uncovered $200
2037,D2599573119002037,Uncovered $200
2038,D2292475426002038,Uncovered $200
2039,D0407644893002039,Uncovered $200
2040,D5027245170002040,Uncovered $200
2041,D7322655367002041,Uncovered $200
2042,D1357978651002042,Uncovered $200
2043,D2093455946002043,Uncovered $200
2044,D5171687012002044,Uncovered $200
2045,D0042380193002045,Uncovered $200
2046,D3752181797002046,Uncovered $200
2047,D9585136449002047,Uncovered $200
2048,D7571182152002048,Uncovered $200
2049,D0719563421002049,Uncovered $200
2050,D1314303481002050,Uncovered $200
2051,D9096496815002051,Uncovered $200
2052,D8158413684002052,Uncovered $200
2053,D2547199693002053,Uncovered $200
2054,D6886932582002054,Uncovered $200
2055,D2512936088002055,Uncovered $200
2056,D1621916400002056,Uncovered $200
2057,D0455017636002057,Uncovered $200
2058,D5514260243002058,Uncovered $200
2059,D6705755286002059,Uncovered $200
2060,D9006978603002060,Uncovered $200
2061,D4738127903002061,Uncovered $200
2062,D4450447267002062,Uncovered $200
2063,D8967898036002063,Uncovered $200
2064,D0737641949002064,Uncovered $200
2065,D9139959705002065,Uncovered $200
2066,D3701562446002066,Uncovered $200
2067,D3741271414002067,Uncovered $200
2068,D7052346978002068,Uncovered $200
2069,D7538261325002069,Uncovered $200
2070,D6288587479002070,Uncovered $200
2071,D9818752117002071,Uncovered $200
2072,D5850829249002072,Uncovered $200
2073,D1034762843002073,Uncovered $200
2074,D9824759252002074,Uncovered $200
2075,D3230547188002075,Uncovered $200
2076,D4442728230002076,Uncovered $200
2077,D2259204826002077,Uncovered $200
2078,D7124260205002078,Uncovered $200
2079,D3153437114002079,Uncovered $200
2080,D6264858832002080,Uncovered $200
2081,D4911133139002081,Uncovered $200
2082,D8890779069002082,Uncovered $200
2083,D5477931682002083,Uncovered $200
2084,D4233873092002084,Uncovered $200
2085,D2868150207002085,Uncovered $200
2086,D3042682486002086,Uncovered $200
2087,D4771080275002087,Uncovered $200
2088,D9717979013002088,Uncovered $200
2089,D3835312624002089,Uncovered $200
2090,D1281582695002090,Uncovered $200
2091,D0973096396002091,Uncovered $200
2092,D6916831630002092,Uncovered $200
2093,D9382955307002093,Uncovered $200
2094,D8449058930002094,Uncovered $200
2095,D9648386662002095,Uncovered $200
2096,D6248027262002096,Uncovered $200
2097,D5694219980002097,Uncovered $200
2098,D6094850341002098,Uncovered $200
2099,D2223082050002099,Uncovered $200
2100,D4398206990002100,Uncovered $200
2101,D0444929674002101,Uncovered $200
2102,D8992260217002102,Uncovered $200
2103,D7752004175002103,Uncovered $200
2104,D3936221607002104,Uncovered $200
2105,D7988420915002105,Uncovered $200
2106,D2394124843002106,Uncovered $200
2107,D3202314987002107,Uncovered $200
2108,D3468422346002108,Uncovered $200
2109,D2046477427002109,Uncovered $200
2110,D9186600847002110,Uncovered $200
2111,D9452948614002111,Uncovered $200
2112,D1364220235002112,Uncovered $200
2113,D3681791551002113,Uncovered $200
2114,D0336367179002114,Uncovered $200
2115,D1805218074002115,Uncovered $200
2116,D3989849127002116,Uncovered $200
2117,D2576076716002117,Uncovered $200
2118,D4139879963002118,Uncovered $200
2119,D4314233575002119,Uncovered $200
2120,D5602703608002120,Uncovered $200
2121,D8951442384002121,Uncovered $200
2122,D6212815303002122,Uncovered $200
2123,D1306945590002123,Uncovered $200
2124,D4133809937002124,Uncovered $200
2125,D3096105455002125,Uncovered $200
2126,D4552770650002126,Uncovered $200
2127,D9181295745002127,Uncovered $200
2128,D2169987722002128,Uncovered $200
2129,D7712627732002129,Uncovered $200
2130,D3210876978002130,Uncovered $200
2131,D9669805436002131,Uncovered $200
2132,D2139848267002132,Uncovered $200
2133,D1986637947002133,Uncovered $200
2134,D4969737316002134,Uncovered $200
2135,D7605437249002135,Uncovered $200
2136,D6352987490002136,Uncovered $200
2137,D5164825290002137,Uncovered $200
2138,D1255707012002138,Uncovered $200
2139,D2944927449002139,Uncovered $200
2140,D5217912204002140,Uncovered $200
2141,D1124211059002141,Uncovered $200
2142,D7622114081002142,Uncovered $200
2143,D0963405559002143,Uncovered $200
2144,D3369943330002144,Uncovered $200
2145,D0820349241002145,Uncovered $200
2146,D6165169695002146,Uncovered $200
2147,D7359608108002147,Uncovered $200
2148,D4078750671002148,Uncovered $200
2149,D7708031310002149,Uncovered $200
2150,D5092410117002150,Uncovered $200
2151,D5912342582002151,Uncovered $200
2152,D6896547885002152,Uncovered $200
2153,D5139352549002153,Uncovered $200
2154,D0974774954002154,Uncovered $200
2155,D9792478605002155,Uncovered $200
2156,D1798100530002156,Uncovered $200
2157,D8160004054002157,Uncovered $200
2158,D7480781135002158,Uncovered $200
2159,D0154363655002159,Uncovered $200
2160,D6359481076002160,Uncovered $200
2161,D0765206861002161,Uncovered $200
2162,D0354062141002162,Uncovered $200
2163,D3742541253002163,Uncovered $200
2164,D2612404191002164,Uncovered $200
2165,D4074428778002165,Uncovered $200
2166,D9252834630002166,Uncovered $200
2167,D8253981896002167,Uncovered $200
2168,D0415294008002168,Uncovered $200
2169,D7104223252002169,Uncovered $200
2170,D8420114537002170,Uncovered $200
2171,D7640298109002171,Uncovered $200
2172,D9155212537002172,Uncovered $200
2173,D7268856213002173,Uncovered $200
2174,D7144213624002174,Uncovered $200
2175,D9649932330002175,Uncovered $200
2176,D5609511006002176,Uncovered $200
2177,D0100238554002177,Uncovered $200
2178,D7348056794002178,Uncovered $200
2179,D3802799333002179,Uncovered $200
2180,D0840270593002180,Uncovered $200
2181,D3549926680002181,Uncovered $200
2182,D5062130103002182,Uncovered $200
2183,D9449904535002183,Uncovered $200
2184,D5578764778002184,Uncovered $200
2185,D0312954874002185,Uncovered $200
2186,D4760124516002186,Uncovered $200
2187,D0910432534002187,Uncovered $200
2188,D0214972907002188,Uncovered $200
2189,D9434442607002189,Uncovered $200
2190,D9898540850002190,Uncovered $200
2191,D6251580823002191,Uncovered $200
2192,D8561205944002192,Uncovered $200
2193,D0515774046002193,Uncovered $200
2194,D4209780990002194,Uncovered $200
2195,D0294582292002195,Uncovered $200
2196,D2454524838002196,Uncovered $200
2197,D9430673275002197,Uncovered $200
2198,D6981520257002198,Uncovered $200
2199,D9914650031002199,Uncovered $200
2200,D7466413892002200,Uncovered $200
2201,D5266828384002201,Uncovered $200
2202,D4851112726002202,Uncovered $200
2203,D1051826071002203,Uncovered $200
2204,D2231123128002204,Uncovered $200
2205,D6120931103002205,Uncovered $200
2206,D0943163135002206,Uncovered $200
2207,D6294666928002207,Uncovered $200
2208,D6992898616002208,Uncovered $200
2209,D6714472858002209,Uncovered $200
2210,D8878826305002210,Uncovered $200
2211,D4187564148002211,Uncovered $200
2212,D0494890429002212,Uncovered $200
2213,D2039864453002213,Uncovered $200
2214,D0223463783002214,Uncovered $200
2215,D9995644132002215,Uncovered $200
2216,D0883116767002216,Uncovered $200
2217,D5888655942002217,Uncovered $200
2218,D0644314375002218,Uncovered $200
2219,D8587733076002219,Uncovered $200
2220,D0186231144002220,Uncovered $200
2221,D5645946896002221,Uncovered $200
2222,D9421518936002222,Uncovered $200
2223,D9024577073002223,Uncovered $200
2224,D7335779309002224,Uncovered $200
2225,D9943666608002225,Uncovered $200
2226,D3137496201002226,Uncovered $200
2227,D5195004238002227,Uncovered $200
2228,D6389668255002228,Uncovered $200
2229,D2025910408002229,Uncovered $200
2230,D6096891045002230,Uncovered $200
2231,D8075518748002231,Uncovered $200
2232,D5994827077002232,Uncovered $200
2233,D4611348111002233,Uncovered $200
2234,D0281143253002234,Uncovered $200
2235,D7417550435002235,Uncovered $200
2236,D1481752687002236,Uncovered $200
2237,D0008804120002237,Uncovered $200
2238,D9701359760002238,Uncovered $200
2239,D6250502998002239,Uncovered $200
2240,D5281573474002240,Uncovered $200
2241,D4913862217002241,Uncovered $200
2242,D2871405486002242,Uncovered $200
2243,D2439158954002243,Uncovered $200
2244,D4009316763002244,Uncovered $200
2245,D9146129627002245,Uncovered $200
2246,D3647317652002246,Uncovered $200
2247,D7135067424002247,Uncovered $200
2248,D7169486841002248,Uncovered $200
2249,D6912868332002249,Uncovered $200
2250,D0753490528002250,Uncovered $200
2251,D5176462420002251,Uncovered $200
2252,D9657383138002252,Uncovered $200
2253,D6311549390002253,Uncovered $200
2254,D0510300504002254,Uncovered $200
2255,D3440650021002255,Uncovered $200
2256,D1726171634002256,Uncovered $200
2257,D1544565888002257,Uncovered $200
2258,D7697701090002258,Uncovered $200
2259,D7134936590002259,Uncovered $200
2260,D6192847562002260,Uncovered $200
2261,D4202594466002261,Uncovered $200
2262,D5591550150002262,Uncovered $200
2263,D4745613733002263,Uncovered $200
2264,D9381074627002264,Uncovered $200
2265,D5976568882002265,Uncovered $200
2266,D8413105963002266,Uncovered $200
2267,D9310902795002267,Uncovered $200
2268,D6294182577002268,Uncovered $200
2269,D5580500190002269,Uncovered $200
2270,D4373276158002270,Uncovered $200
2271,D9387387654002271,Uncovered $200
2272,D6637152816002272,Uncovered $200
2273,D4078492549002273,Uncovered $200
2274,D9691730152002274,Uncovered $200
2275,D3570840879002275,Uncovered $200
2276,D6133183992002276,Uncovered $200
2277,D7133656304002277,Uncovered $200
2278,D2800495873002278,Uncovered $200
2279,D5231762921002279,Uncovered $200
2280,D4178788913002280,Uncovered $200
2281,D9125735036002281,Uncovered $200
2282,D5602842475002282,Uncovered $200
2283,D3394243974002283,Uncovered $200
2284,D2848640069002284,Uncovered $200
2285,D2797401964002285,Uncovered $200
2286,D8051894586002286,Uncovered $200
2287,D0503180291002287,Uncovered $200
2288,D9156959229002288,Uncovered $200
2289,D0169744079002289,Uncovered $200
2290,D7337885121002290,Uncovered $200
2291,D7406826690002291,Uncovered $200
2292,D6244552593002292,Uncovered $200
2293,D4628238396002293,Uncovered $200
2294,D9288180817002294,Uncovered $200
2295,D4138620537002295,Uncovered $200
2296,D2327162595002296,Uncovered $200
2297,D6444940207002297,Uncovered $200
2298,D8568976605002298,Uncovered $200
2299,D6334681480002299,Uncovered $200
2300,D9161113803002300,Uncovered $200
2301,D3217097765002301,Uncovered $200
2302,D4189408849002302,Uncovered $200
2303,D0332434893002303,Uncovered $200
2304,D3740929881002304,Uncovered $200
2305,D7043729926002305,Uncovered $200
2306,D3974414698002306,Uncovered $200
2307,D4779558104002307,Uncovered $200
2308,D6208624861002308,Uncovered $200
2309,D7935352713002309,Uncovered $200
2310,D6117709785002310,Uncovered $200
2311,D9987500274002311,Uncovered $200
2312,D4240382807002312,Uncovered $200
2313,D7649388843002313,Uncovered $200
2314,D6998627955002314,Uncovered $200
2315,D0967947416002315,Uncovered $200
2316,D0523929060002316,Uncovered $200
2317,D0013132010002317,Uncovered $200
2318,D7939944599002318,Uncovered $200
2319,D5984802554002319,Uncovered $200
2320,D8868541351002320,Uncovered $200
2321,D8879473775002321,Uncovered $200
2322,D5337067539002322,Uncovered $200
2323,D3175363601002323,Uncovered $200
2324,D2528824943002324,Uncovered $200
2325,D2836144343002325,Uncovered $200
2326,D9419612802002326,Uncovered $200
2327,D8160485941002327,Uncovered $200
2328,D8888376523002328,Uncovered $200
2329,D3738587533002329,Uncovered $200
2330,D4105609631002330,Uncovered $200
2331,D1770033864002331,Uncovered $200
2332,D4485011009002332,Uncovered $200
2333,D0936467117002333,Uncovered $200
2334,D7277316962002334,Uncovered $200
2335,D1417360529002335,Uncovered $200
2336,D0145202344002336,Uncovered $200
2337,D3315147679002337,Uncovered $200
2338,D7485360200002338,Uncovered $200
2339,D5296048515002339,Uncovered $200
2340,D2710252856002340,Uncovered $200
2341,D8367536023002341,Uncovered $200
2342,D8480579879002342,Uncovered $200
2343,D6296342728002343,Uncovered $200
2344,D9589902294002344,Uncovered $200
2345,D1023786125002345,Uncovered $200
2346,D4553336502002346,Uncovered $200
2347,D0402606249002347,Uncovered $200
2348,D2136761735002348,Uncovered $200
2349,D6129802119002349,Uncovered $200
2350,D6554482786002350,Uncovered $200
2351,D1051962590002351,Uncovered $200
2352,D1903092901002352,Uncovered $200
2353,D7970362489002353,Uncovered $200
2354,D0069402656002354,Uncovered $200
2355,D1766364398002355,Uncovered $200
2356,D2006781009002356,Uncovered $200
2357,D0441553047002357,Uncovered $200
2358,D9853005130002358,Uncovered $200
2359,D4896466357002359,Uncovered $200
2360,D9880805774002360,Uncovered $200
2361,D1267825550002361,Uncovered $200
2362,D2937942184002362,Uncovered $200
2363,D2898564174002363,Uncovered $200
2364,D9509439913002364,Uncovered $200
2365,D3965380998002365,Uncovered $200
2366,D3127862405002366,Uncovered $200
2367,D3566089233002367,Uncovered $200
2368,D6701880408002368,Uncovered $200
2369,D2941269986002369,Uncovered $200
2370,D9555161085002370,Uncovered $200
2371,D3114535243002371,Uncovered $200
2372,D8522464078002372,Uncovered $200
2373,D3904492160002373,Uncovered $200
2374,D4074192999002374,Uncovered $200
2375,D2682036274002375,Uncovered $200
2376,D3126441947002376,Uncovered $200
2377,D5333691303002377,Uncovered $200
2378,D3258237435002378,Uncovered $200
2379,D6003933280002379,Uncovered $200
2380,D9236456405002380,Uncovered $200
2381,D3149009976002381,Uncovered $200
2382,D6788568805002382,Uncovered $200
2383,D5113061875002383,Uncovered $200
2384,D9683105759002384,Uncovered $200
2385,D4434880714002385,Uncovered $200
2386,D7003074507002386,Uncovered $200
2387,D1745867502002387,Uncovered $200
2388,D6538178543002388,Uncovered $200
2389,D9627076688002389,Uncovered $200
2390,D0528764970002390,Uncovered $200
2391,D3055749472002391,Uncovered $200
2392,D3649493767002392,Uncovered $200
2393,D6585649609002393,Uncovered $200
2394,D3909825290002394,Uncovered $200
2395,D9867576192002395,Uncovered $200
2396,D9732557563002396,Uncovered $200
2397,D2879121591002397,Uncovered $200
2398,D2609963886002398,Uncovered $200
2399,D7427573566002399,Uncovered $200
2400,D7661728648002400,Uncovered $200
2401,D7142638572002401,Uncovered $200
2402,D1150154891002402,Uncovered $200
2403,D7312690924002403,Uncovered $200
2404,D0431164206002404,Uncovered $200
2405,D9905487436002405,Uncovered $200
2406,D7590310113002406,Uncovered $200
2407,D8826537188002407,Uncovered $200
2408,D2982627589002408,Uncovered $200
2409,D2554237664002409,Uncovered $200
2410,D1119336059002410,Uncovered $200
2411,D4944478162002411,Uncovered $200
2412,D8942990490002412,Uncovered $200
2413,D9397348083002413,Uncovered $200
2414,D9025848319002414,Uncovered $200
2415,D6917265364002415,Uncovered $200
2416,D5808992380002416,Uncovered $200
2417,D8651013837002417,Uncovered $200
2418,D3870739563002418,Uncovered $200
2419,D9126787447002419,Uncovered $200
2420,D8583677084002420,Uncovered $200
2421,D8817941261002421,Uncovered $200
2422,D8324834742002422,Uncovered $200
2423,D4706890034002423,Uncovered $200
2424,D8526805399002424,Uncovered $200
2425,D3277796053002425,Uncovered $200
2426,D1285044416002426,Uncovered $200
2427,D4546623003002427,Uncovered $200
2428,D1036504553002428,Uncovered $200
2429,D9822983357002429,Uncovered $200
2430,D5648284523002430,Uncovered $200
2431,D9268108473002431,Uncovered $200
2432,D3600117397002432,Uncovered $200
2433,D6401576289002433,Uncovered $200
2434,D6914703623002434,Uncovered $200
2435,D5050649369002435,Uncovered $200
2436,D9828073953002436,Uncovered $200
2437,D9862770572002437,Uncovered $200
2438,D3487666507002438,Uncovered $200
2439,D0408285575002439,Uncovered $200
2440,D1460959411002440,Uncovered $200
2441,D8627539537002441,Uncovered $200
2442,D8758515933002442,Uncovered $200
2443,D0941208183002443,Uncovered $200
2444,D7258341314002444,Uncovered $200
2445,D8261200927002445,Uncovered $200
2446,D8119958370002446,Uncovered $200
2447,D3481110867002447,Uncovered $200
2448,D7101422269002448,Uncovered $200
2449,D2396003568002449,Uncovered $200
2450,D3042377864002450,Uncovered $200
2451,D3542314887002451,Uncovered $200
2452,D4348504700002452,Uncovered $200
2453,D5987112163002453,Uncovered $200
2454,D1144824444002454,Uncovered $200
2455,D4571440458002455,Uncovered $200
2456,D7447008404002456,Uncovered $200
2457,D2961495061002457,Uncovered $200
2458,D6486453846002458,Uncovered $200
2459,D0723740970002459,Uncovered $200
2460,D9917421143002460,Uncovered $200
2461,D7989435590002461,Uncovered $200
2462,D3532269992002462,Uncovered $200
2463,D1421862902002463,Uncovered $200
2464,D3178451013002464,Uncovered $200
2465,D3682723527002465,Uncovered $200
2466,D4508098205002466,Uncovered $200
2467,D1313209638002467,Uncovered $200
2468,D8425728752002468,Uncovered $200
2469,D0188579077002469,Uncovered $200
2470,D8804946089002470,Uncovered $200
2471,D2257846191002471,Uncovered $200
2472,D7229158344002472,Uncovered $200
2473,D8954366685002473,Uncovered $200
2474,D9547134756002474,Uncovered $200
2475,D0957049181002475,Uncovered $200
2476,D8202126999002476,Uncovered $200
2477,D7538680882002477,Uncovered $200
2478,D0895253447002478,Uncovered $200
2479,D0623173540002479,Uncovered $200
2480,D7277519956002480,Uncovered $200
2481,D2523252838002481,Uncovered $200
2482,D7920904747002482,Uncovered $200
2483,D0904343499002483,Uncovered $200
2484,D7085699827002484,Uncovered $200
2485,D3990159498002485,Uncovered $200
2486,D3354867918002486,Uncovered $200
2487,D1414518194002487,Uncovered $200
2488,D7173772865002488,Uncovered $200
2489,D8719436784002489,Uncovered $200
2490,D5189112012002490,Uncovered $200
2491,D3661912031002491,Uncovered $200
2492,D5172558792002492,Uncovered $200
2493,D0413793717002493,Uncovered $200
2494,D7651122677002494,Uncovered $200
2495,D8562664623002495,Uncovered $200
2496,D5341526926002496,Uncovered $200
2497,D1272330734002497,Uncovered $200
2498,D6708213184002498,Uncovered $200
2499,D2336797588002499,Uncovered $200
2500,D5123558643002500,Uncovered $200
2501,D2810371568002501,Uncovered $200
2502,D3997078491002502,Uncovered $200
2503,D0283632891002503,Uncovered $200
2504,D6969883712002504,Uncovered $200
2505,D9745955395002505,Uncovered $200
2506,D3618262337002506,Uncovered $200
2507,D0652567994002507,Uncovered $200
2508,D0293131192002508,Uncovered $200
2509,D4405004452002509,Uncovered $200
2510,D6472485425002510,Uncovered $200
2511,D2910604633002511,Uncovered $200
2512,D8417834550002512,Uncovered $200
2513,D4729894142002513,Uncovered $200
2514,D9465085182002514,Uncovered $200
2515,D5363099555002515,Uncovered $200
2516,D6249020348002516,Uncovered $200
2517,D5469444323002517,Uncovered $200
2518,D1378375977002518,Uncovered $200
2519,D4678462831002519,Uncovered $200
2520,D4729100702002520,Uncovered $200
2521,D7076756398002521,Uncovered $200
2522,D1280891800002522,Uncovered $200
2523,D0275174158002523,Uncovered $200
2524,D6970755344002524,Uncovered $200
2525,D4865428416002525,Uncovered $200
2526,D0741050854002526,Uncovered $200
2527,D5631529589002527,Uncovered $200
2528,D3702799989002528,Uncovered $200
2529,D3373548418002529,Uncovered $200
2530,D9191669196002530,Uncovered $200
2531,D7612313322002531,Uncovered $200
2532,D4430623869002532,Uncovered $200
2533,D5499735345002533,Uncovered $200
2534,D3295139828002534,Uncovered $200
2535,D5767168936002535,Uncovered $200
2536,D9283369405002536,Uncovered $200
2537,D3007975600002537,Uncovered $200
2538,D9959721638002538,Uncovered $200
2539,D3098216645002539,Uncovered $200
2540,D0800323652002540,Uncovered $200
2541,D0434620386002541,Uncovered $200
2542,D9784431367002542,Uncovered $200
2543,D7685182077002543,Uncovered $200
2544,D0949526620002544,Uncovered $200
2545,D2875187265002545,Uncovered $200
2546,D9768114829002546,Uncovered $200
2547,D2166213661002547,Uncovered $200
2548,D7174815101002548,Uncovered $200
2549,D0418933821002549,Uncovered $200
2550,D9930508558002550,Uncovered $200
2551,D0668858673002551,Uncovered $200
2552,D3836085835002552,Uncovered $200
2553,D9712547527002553,Uncovered $200
2554,D2728990076002554,Uncovered $200
2555,D3765032580002555,Uncovered $200
2556,D0293038113002556,Uncovered $200
2557,D5765417794002557,Uncovered $200
2558,D9308099564002558,Uncovered $200
2559,D0327851690002559,Uncovered $200
2560,D1501723842002560,Uncovered $200
2561,D4448008546002561,Uncovered $200
2562,D2640276591002562,Uncovered $200
2563,D7341323551002563,Uncovered $200
2564,D6283226848002564,Uncovered $200
2565,D5283521341002565,Uncovered $200
2566,D5601951793002566,Uncovered $200
2567,D1439606395002567,Uncovered $200
2568,D1149856978002568,Uncovered $200
2569,D5759302533002569,Uncovered $200
2570,D0241654716002570,Uncovered $200
2571,D6893544821002571,Uncovered $200
2572,D7865028932002572,Uncovered $200
2573,D7681431889002573,Uncovered $200
2574,D6073090699002574,Uncovered $200
2575,D0325526273002575,Uncovered $200
2576,D7651500480002576,Uncovered $200
2577,D3631645551002577,Uncovered $200
2578,D3380118967002578,Uncovered $200
2579,D7669921733002579,Uncovered $200
2580,D5795132293002580,Uncovered $200
2581,D8866660460002581,Uncovered $200
2582,D4465786118002582,Uncovered $200
2583,D6239733821002583,Uncovered $200
2584,D6455315517002584,Uncovered $200
2585,D3397977605002585,Uncovered $200
2586,D6781195198002586,Uncovered $200
2587,D5329887155002587,Uncovered $200
2588,D4745645570002588,Uncovered $200
2589,D6566997110002589,Uncovered $200
2590,D2626777851002590,Uncovered $200
2591,D1108198792002591,Uncovered $200
2592,D3966105184002592,Uncovered $200
2593,D5999741060002593,Uncovered $200
2594,D0338770602002594,Uncovered $200
2595,D4228398246002595,Uncovered $200
2596,D7121792819002596,Uncovered $200
2597,D3009726586002597,Uncovered $200
2598,D2350235949002598,Uncovered $200
2599,D4960705311002599,Uncovered $200
2600,D8429014599002600,Uncovered $200
2601,D5812743317002601,Uncovered $200
2602,D1076786746002602,Uncovered $200
2603,D0941667845002603,Uncovered $200
2604,D0688842557002604,Uncovered $200
2605,D3121412197002605,Uncovered $200
2606,D8050068320002606,Uncovered $200
2607,D1431890879002607,Uncovered $200
2608,D4478693872002608,Uncovered $200
2609,D4322484478002609,Uncovered $200
2610,D5936082947002610,Uncovered $200
2611,D0046615900002611,Uncovered $200
2612,D7886579767002612,Uncovered $200
2613,D2455786035002613,Uncovered $200
2614,D6596609763002614,Uncovered $200
2615,D6776687020002615,Uncovered $200
2616,D0155131178002616,Uncovered $200
2617,D4361044584002617,Uncovered $200
2618,D0133920429002618,Uncovered $200
2619,D5237020215002619,Uncovered $200
2620,D3866354825002620,Uncovered $200
2621,D5509597727002621,Uncovered $200
2622,D9271764391002622,Uncovered $200
2623,D8158777275002623,Uncovered $200
2624,D3743867890002624,Uncovered $200
2625,D7580768461002625,Uncovered $200
2626,D4621180902002626,Uncovered $200
2627,D4106087709002627,Uncovered $200
2628,D0999748457002628,Uncovered $200
2629,D9174673882002629,Uncovered $200
2630,D8440390316002630,Uncovered $200
2631,D0200073005002631,Uncovered $200
2632,D1970854011002632,Uncovered $200
2633,D8694315184002633,Uncovered $200
2634,D3899290547002634,Uncovered $200
2635,D0600957113002635,Uncovered $200
2636,D5684493106002636,Uncovered $200
2637,D8464381286002637,Uncovered $200
2638,D3905083558002638,Uncovered $200
2639,D5987148288002639,Uncovered $200
2640,D8545352851002640,Uncovered $200
2641,D6047806401002641,Uncovered $200
2642,D3762792455002642,Uncovered $200
2643,D8297434319002643,Uncovered $200
2644,D7116944930002644,Uncovered $200
2645,D3561702521002645,Uncovered $200
2646,D6927916081002646,Uncovered $200
2647,D4373280707002647,Uncovered $200
2648,D1784364986002648,Uncovered $200
2649,D3769339745002649,Uncovered $200
2650,D8772241890002650,Uncovered $200
2651,D1367662952002651,Uncovered $200
2652,D8345642610002652,Uncovered $200
2653,D4614089980002653,Uncovered $200
2654,D0446342194002654,Uncovered $200
2655,D6112391354002655,Uncovered $200
2656,D9583992620002656,Uncovered $200
2657,D6337861231002657,Uncovered $200
2658,D2810020092002658,Uncovered $200
2659,D3199552169002659,Uncovered $200
2660,D2000549914002660,Uncovered $200
2661,D7484954695002661,Uncovered $200
2662,D7774997526002662,Uncovered $200
2663,D4700843199002663,Uncovered $200
2664,D3326294692002664,Uncovered $200
2665,D1522223368002665,Uncovered $200
2666,D4546904973002666,Uncovered $200
2667,D4265096799002667,Uncovered $200
2668,D4331323647002668,Uncovered $200
2669,D3444846665002669,Uncovered $200
2670,D1124348527002670,Uncovered $200
2671,D1221095916002671,Uncovered $200
2672,D5644512897002672,Uncovered $200
2673,D4268927572002673,Uncovered $200
2674,D7936726484002674,Uncovered $200
2675,D1205718780002675,Uncovered $200
2676,D3103668793002676,Uncovered $200
2677,D7015946511002677,Uncovered $200
2678,D7600873494002678,Uncovered $200
2679,D6558973627002679,Uncovered $200
2680,D4277191927002680,Uncovered $200
2681,D5487854045002681,Uncovered $200
2682,D5028730413002682,Uncovered $200
2683,D0102360014002683,Uncovered $200
2684,D9133179449002684,Uncovered $200
2685,D1887143350002685,Uncovered $200
2686,D3248198676002686,Uncovered $200
2687,D9159618548002687,Uncovered $200
2688,D8930276809002688,Uncovered $200
2689,D5242652078002689,Uncovered $200
2690,D2960510590002690,Uncovered $200
2691,D9680310199002691,Uncovered $200
2692,D4525993792002692,Uncovered $200
2693,D3138824551002693,Uncovered $200
2694,D8626624395002694,Uncovered $200
2695,D5343444687002695,Uncovered $200
2696,D1368181985002696,Uncovered $200
2697,D2561987700002697,Uncovered $200
2698,D8428649001002698,Uncovered $200
2699,D4060926221002699,Uncovered $200
2700,D5939973302002700,Uncovered $200
2701,D9402811651002701,Uncovered $200
2702,D8066387546002702,Uncovered $200
2703,D1822601448002703,Uncovered $200
2704,D1387298016002704,Uncovered $200
2705,D3203011883002705,Uncovered $200
2706,D7747586517002706,Uncovered $200
2707,D8666846116002707,Uncovered $200
2708,D5704630329002708,Uncovered $200
2709,D0709901085002709,Uncovered $200
2710,D2220051975002710,Uncovered $200
2711,D9294284808002711,Uncovered $200
2712,D5040378831002712,Uncovered $200
2713,D9427455933002713,Uncovered $200
2714,D5219537151002714,Uncovered $200
2715,D9401653082002715,Uncovered $200
2716,D8170471220002716,Uncovered $200
2717,D1830968667002717,Uncovered $200
2718,D9186471519002718,Uncovered $200
2719,D3274324098002719,Uncovered $200
2720,D8454946904002720,Uncovered $200
2721,D7696532678002721,Uncovered $200
2722,D3420368151002722,Uncovered $200
2723,D5001054935002723,Uncovered $200
2724,D7001837123002724,Uncovered $200
2725,D5438786256002725,Uncovered $200
2726,D5430966992002726,Uncovered $200
2727,D1865142389002727,Uncovered $200
2728,D3672476758002728,Uncovered $200
2729,D5477785135002729,Uncovered $200
2730,D4005030768002730,Uncovered $200
2731,D1025895386002731,Uncovered $200
2732,D3880074671002732,Uncovered $200
2733,D1987459157002733,Uncovered $200
2734,D5025060863002734,Uncovered $200
2735,D4020828519002735,Uncovered $200
2736,D9410532839002736,Uncovered $200
2737,D7110126656002737,Uncovered $200
2738,D1383068332002738,Uncovered $200
2739,D8462986767002739,Uncovered $200
2740,D8390604215002740,Uncovered $200
2741,D2927911216002741,Uncovered $200
2742,D3504015781002742,Uncovered $200
2743,D3513648075002743,Uncovered $200
2744,D5599644773002744,Uncovered $200
2745,D5019576654002745,Uncovered $200
2746,D4840328904002746,Uncovered $200
2747,D1445115406002747,Uncovered $200
2748,D8112550815002748,Uncovered $200
2749,D9626828622002749,Uncovered $200
2750,D7186257263002750,Uncovered $200
2751,D9606577761002751,Uncovered $200
2752,D7935354188002752,Uncovered $200
2753,D0633853162002753,Uncovered $200
2754,D7887718357002754,Uncovered $200
2755,D9011202592002755,Uncovered $200
2756,D8547629846002756,Uncovered $200
2757,D5407550823002757,Uncovered $200
2758,D4562565860002758,Uncovered $200
2759,D8411954358002759,Uncovered $200
2760,D1995124200002760,Uncovered $200
2761,D2847695967002761,Uncovered $200
2762,D6305241080002762,Uncovered $200
2763,D4343502616002763,Uncovered $200
2764,D8395868926002764,Uncovered $200
2765,D5436401926002765,Uncovered $200
2766,D8051755838002766,Uncovered $200
2767,D3161653996002767,Uncovered $200
2768,D6724159846002768,Uncovered $200
2769,D6920512608002769,Uncovered $200
2770,D3104679687002770,Uncovered $200
2771,D2406187658002771,Uncovered $200
2772,D0062089074002772,Uncovered $200
2773,D5330929851002773,Uncovered $200
2774,D6948329976002774,Uncovered $200
2775,D2538061085002775,Uncovered $200
2776,D4934864289002776,Uncovered $200
2777,D7875178144002777,Uncovered $200
2778,D3870409726002778,Uncovered $200
2779,D7860584061002779,Uncovered $200
2780,D0049063676002780,Uncovered $200
2781,D4854413403002781,Uncovered $200
2782,D4930799993002782,Uncovered $200
2783,D5556960359002783,Uncovered $200
2784,D8608511494002784,Uncovered $200
2785,D9522265635002785,Uncovered $200
2786,D2592236863002786,Uncovered $200
2787,D2467771848002787,Uncovered $200
2788,D7969962887002788,Uncovered $200
2789,D3936461580002789,Uncovered $200
2790,D1691091421002790,Uncovered $200
2791,D6164161649002791,Uncovered $200
2792,D8512239573002792,Uncovered $200
2793,D5061742430002793,Uncovered $200
2794,D7081278415002794,Uncovered $200
2795,D5712626205002795,Uncovered $200
2796,D6907595491002796,Uncovered $200
2797,D6412100355002797,Uncovered $200
2798,D6026719903002798,Uncovered $200
2799,D5001533177002799,Uncovered $200
2800,D8327930254002800,Uncovered $200
2801,D9153970255002801,Uncovered $200
2802,D1861900205002802,Uncovered $200
2803,D5274029694002803,Uncovered $200
2804,D2123900577002804,Uncovered $200
2805,D7955407417002805,Uncovered $200
2806,D5938221196002806,Uncovered $200
2807,D1700284893002807,Uncovered $200
2808,D2371455957002808,Uncovered $200
2809,D2412743852002809,Uncovered $200
2810,D1919799466002810,Uncovered $200
2811,D2181360807002811,Uncovered $200
2812,D5145753379002812,Uncovered $200
2813,D7139649247002813,Uncovered $200
2814,D1741393952002814,Uncovered $200
2815,D4696228761002815,Uncovered $200
2816,D3914557069002816,Uncovered $200
2817,D0899712804002817,Uncovered $200
2818,D2678121812002818,Uncovered $200
2819,D2700937084002819,Uncovered $200
2820,D1461801498002820,Uncovered $200
2821,D4851272212002821,Uncovered $200
2822,D0573914491002822,Uncovered $200
2823,D1871052852002823,Uncovered $200
2824,D3010254432002824,Uncovered $200
2825,D1462459181002825,Uncovered $200
2826,D9857275292002826,Uncovered $200
2827,D9611081910002827,Uncovered $200
2828,D1258715529002828,Uncovered $200
2829,D1614775519002829,Uncovered $200
2830,D2019918634002830,Uncovered $200
2831,D6680292533002831,Uncovered $200
2832,D7560084828002832,Uncovered $200
2833,D1393606797002833,Uncovered $200
2834,D2577668205002834,Uncovered $200
2835,D5225129966002835,Uncovered $200
2836,D1874020626002836,Uncovered $200
2837,D7047196664002837,Uncovered $200
2838,D7889525226002838,Uncovered $200
2839,D6291110277002839,Uncovered $200
2840,D0860269147002840,Uncovered $200
2841,D0419052334002841,Uncovered $200
2842,D4499238752002842,Uncovered $200
2843,D0356110186002843,Uncovered $200
2844,D1403732515002844,Uncovered $200
2845,D6419104467002845,Uncovered $200
2846,D9574424572002846,Uncovered $200
2847,D0745198991002847,Uncovered $200
2848,D9848897720002848,Uncovered $200
2849,D0998668142002849,Uncovered $200
2850,D8120686892002850,Uncovered $200
2851,D2721786975002851,Uncovered $200
2852,D2419466409002852,Uncovered $200
2853,D6230380990002853,Uncovered $200
2854,D4582041402002854,Uncovered $200
2855,D0918907194002855,Uncovered $200
2856,D6936309563002856,Uncovered $200
2857,D5926051059002857,Uncovered $200
2858,D0053352511002858,Uncovered $200
2859,D6271733280002859,Uncovered $200
2860,D6331716656002860,Uncovered $200
2861,D5235465273002861,Uncovered $200
2862,D7712695185002862,Uncovered $200
2863,D6125766109002863,Uncovered $200
2864,D6825858959002864,Uncovered $200
2865,D2931436850002865,Uncovered $200
2866,D5642500477002866,Uncovered $200
2867,D4258323084002867,Uncovered $200
2868,D7842162081002868,Uncovered $200
2869,D0480849315002869,Uncovered $200
2870,D4579810257002870,Uncovered $200
2871,D3352302218002871,Uncovered $200
2872,D6115902852002872,Uncovered $200
2873,D8823733754002873,Uncovered $200
2874,D4511103107002874,Uncovered $200
2875,D7412123170002875,Uncovered $200
2876,D3845737920002876,Uncovered $200
2877,D7580502879002877,Uncovered $200
2878,D9580968175002878,Uncovered $200
2879,D1608859315002879,Uncovered $200
2880,D6408415392002880,Uncovered $200
2881,D7034840382002881,Uncovered $200
2882,D4512499643002882,Uncovered $200
2883,D8650570185002883,Uncovered $200
2884,D2421996142002884,Uncovered $200
2885,D4154432865002885,Uncovered $200
2886,D0479915361002886,Uncovered $200
2887,D8049739834002887,Uncovered $200
2888,D8703779123002888,Uncovered $200
2889,D2845455355002889,Uncovered $200
2890,D4652008327002890,Uncovered $200
2891,D5062711783002891,Uncovered $200
2892,D0073333888002892,Uncovered $200
2893,D7112083783002893,Uncovered $200
2894,D7670038795002894,Uncovered $200
2895,D7207381347002895,Uncovered $200
2896,D9219390276002896,Uncovered $200
2897,D4989179717002897,Uncovered $200
2898,D4613957997002898,Uncovered $200
2899,D8305214298002899,Uncovered $200
2900,D6258072862002900,Uncovered $200
2901,D9880117973002901,Uncovered $200
2902,D6320945434002902,Uncovered $200
2903,D1282015007002903,Uncovered $200
2904,D6265313013002904,Uncovered $200
2905,D3470609263002905,Uncovered $200
2906,D4948694119002906,Uncovered $200
2907,D4713052490002907,Uncovered $200
2908,D2304827972002908,Uncovered $200
2909,D5776900010002909,Uncovered $200
2910,D7107949075002910,Uncovered $200
2911,D9475933782002911,Uncovered $200
2912,D5743254030002912,Uncovered $200
2913,D5875791223002913,Uncovered $200
2914,D7330398503002914,Uncovered $200
2915,D9266194157002915,Uncovered $200
2916,D8348888555002916,Uncovered $200
2917,D7368287387002917,Uncovered $200
2918,D7055150972002918,Uncovered $200
2919,D1324214551002919,Uncovered $200
2920,D2556165651002920,Uncovered $200
2921,D8316654871002921,Uncovered $200
2922,D0136059258002922,Uncovered $200
2923,D1019425073002923,Uncovered $200
2924,D9358679238002924,Uncovered $200
2925,D3236615114002925,Uncovered $200
2926,D9616064189002926,Uncovered $200
2927,D0157249860002927,Uncovered $200
2928,D1451059345002928,Uncovered $200
2929,D8369536015002929,Uncovered $200
2930,D0997223071002930,Uncovered $200
2931,D2886054185002931,Uncovered $200
2932,D4405178321002932,Uncovered $200
2933,D7244704202002933,Uncovered $200
2934,D6855305048002934,Uncovered $200
2935,D4321673256002935,Uncovered $200
2936,D3413653155002936,Uncovered $200
2937,D2231775998002937,Uncovered $200
2938,D0688362630002938,Uncovered $200
2939,D0271933652002939,Uncovered $200
2940,D1573985858002940,Uncovered $200
2941,D9207442706002941,Uncovered $200
2942,D0541629086002942,Uncovered $200
2943,D5526122179002943,Uncovered $200
2944,D3093174426002944,Uncovered $200
2945,D3478326092002945,Uncovered $200
2946,D9065154190002946,Uncovered $200
2947,D0632594293002947,Uncovered $200
2948,D5776353459002948,Uncovered $200
2949,D2879696326002949,Uncovered $200
2950,D2046258821002950,Uncovered $200
2951,D7516129466002951,Uncovered $200
2952,D4387673446002952,Uncovered $200
2953,D4003019361002953,Uncovered $200
2954,D0840635386002954,Uncovered $200
2955,D2135118180002955,Uncovered $200
2956,D5969675410002956,Uncovered $200
2957,D1946109520002957,Uncovered $200
2958,D7523101324002958,Uncovered $200
2959,D8870624950002959,Uncovered $200
2960,D9635933742002960,Uncovered $200
2961,D0525445500002961,Uncovered $200
2962,D0315798153002962,Uncovered $200
2963,D2439172798002963,Uncovered $200
2964,D9807527041002964,Uncovered $200
2965,D2929407278002965,Uncovered $200
2966,D9137922824002966,Uncovered $200
2967,D0028417259002967,Uncovered $200
2968,D4679610285002968,Uncovered $200
2969,D6543923870002969,Uncovered $200
2970,D2237735337002970,Uncovered $200
2971,D0256868480002971,Uncovered $200
2972,D6631001942002972,Uncovered $200
2973,D9986277596002973,Uncovered $200
2974,D1341129517002974,Uncovered $200
2975,D9859641799002975,Uncovered $200
2976,D8841454978002976,Uncovered $200
2977,D7117526172002977,Uncovered $200
2978,D6022038722002978,Uncovered $200
2979,D2052635586002979,Uncovered $200
2980,D9913119978002980,Uncovered $200
2981,D2285919846002981,Uncovered $200
2982,D4280808603002982,Uncovered $200
2983,D3797815134002983,Uncovered $200
2984,D4995961517002984,Uncovered $200
2985,D3210438637002985,Uncovered $200
2986,D4003557148002986,Uncovered $200
2987,D9242298183002987,Uncovered $200
2988,D8914935480002988,Uncovered $200
2989,D6863041643002989,Uncovered $200
2990,D8625351727002990,Uncovered $200
2991,D4482396124002991,Uncovered $200
2992,D7376156901002992,Uncovered $200
2993,D2555283800002993,Uncovered $200
2994,D2586042444002994,Uncovered $200
2995,D7862276445002995,Uncovered $200
2996,D9830088816002996,Uncovered $200
2997,D6469822996002997,Uncovered $200
2998,D9261743194002998,Uncovered $200
2999,D5008425758002999,Uncovered $200
3000,D6972674178003000,Uncovered $200
3001,D8804397724003001,Uncovered $200
3002,D0409813299003002,Uncovered $200
3003,D2035031294003003,Uncovered $200
3004,D7122897141003004,Uncovered $200
3005,D8891124620003005,Uncovered $200
3006,D9266376051003006,Uncovered $200
3007,D5246946056003007,Uncovered $200
3008,D8844920884003008,Uncovered $200
3009,D9178662604003009,Uncovered $200
3010,D4752642976003010,Uncovered $200
3011,D4300485963003011,Uncovered $200
3012,D0707554206003012,Uncovered $200
3013,D8935106288003013,Uncovered $200
3014,D5589487025003014,Uncovered $200
3015,D4961448641003015,Uncovered $200
3016,D1857703499003016,Uncovered $200
3017,D4713502097003017,Uncovered $200
3018,D0035779103003018,Uncovered $200
3019,D2070401841003019,Uncovered $200
3020,D8585189624003020,Uncovered $200
3021,D2358399442003021,Uncovered $200
3022,D0385533587003022,Uncovered $200
3023,D3005192640003023,Uncovered $200
3024,D0921843069003024,Uncovered $200
3025,D6483196127003025,Uncovered $200
3026,D6465062087003026,Uncovered $200
3027,D8809846026003027,Uncovered $200
3028,D7529929413003028,Uncovered $200
3029,D5581498356003029,Uncovered $200
3030,D0576758073003030,Uncovered $200
3031,D2567950250003031,Uncovered $200
3032,D2562566762003032,Uncovered $200
3033,D7238097141003033,Uncovered $200
3034,D8047819429003034,Uncovered $200
3035,D3382202942003035,Uncovered $200
3036,D9477415668003036,Uncovered $200
3037,D1947056405003037,Uncovered $200
3038,D4905084489003038,Uncovered $200
3039,D7917253743003039,Uncovered $200
3040,D5284288647003040,Uncovered $200
3041,D6773093528003041,Uncovered $200
3042,D7052267708003042,Uncovered $200
3043,D6609331856003043,Uncovered $200
3044,D9833012885003044,Uncovered $200
3045,D6815840784003045,Uncovered $200
3046,D9312434327003046,Uncovered $200
3047,D8722430218003047,Uncovered $200
3048,D5158718972003048,Uncovered $200
3049,D2694020857003049,Uncovered $200
3050,D0828611483003050,Uncovered $200
3051,D8193938258003051,Uncovered $200
3052,D8623066836003052,Uncovered $200
3053,D7298492542003053,Uncovered $200
3054,D8576527657003054,Uncovered $200
3055,D5836064499003055,Uncovered $200
3056,D4690506434003056,Uncovered $200
3057,D5204975475003057,Uncovered $200
3058,D1199813325003058,Uncovered $200
3059,D9460618396003059,Uncovered $200
3060,D4986817427003060,Uncovered $200
3061,D8538145485003061,Uncovered $200
3062,D1027815629003062,Uncovered $200
3063,D5128412848003063,Uncovered $200
3064,D6874639554003064,Uncovered $200
3065,D5417724235003065,Uncovered $200
3066,D7083844777003066,Uncovered $200
3067,D3217170340003067,Uncovered $200
3068,D8969546870003068,Uncovered $200
3069,D9437408909003069,Uncovered $200
3070,D0462145487003070,Uncovered $200
3071,D1766221671003071,Uncovered $200
3072,D1991261029003072,Uncovered $200
3073,D7679930274003073,Uncovered $200
3074,D7272389643003074,Uncovered $200
3075,D1612036908003075,Uncovered $200
3076,D4664490973003076,Uncovered $200
3077,D6729706659003077,Uncovered $200
3078,D9214757641003078,Uncovered $200
3079,D1919662485003079,Uncovered $200
3080,D1253237804003080,Uncovered $200
3081,D8580614362003081,Uncovered $200
3082,D9091703328003082,Uncovered $200
3083,D6213426798003083,Uncovered $200
3084,D5249925436003084,Uncovered $200
3085,D8516160399003085,Uncovered $200
3086,D2377695873003086,Uncovered $200
3087,D2138094936003087,Uncovered $200
3088,D2286068953003088,Uncovered $200
3089,D8272668535003089,Uncovered $200
3090,D1747283671003090,Uncovered $200
3091,D6213121775003091,Uncovered $200
3092,D8351187966003092,Uncovered $200
3093,D4288801102003093,Uncovered $200
3094,D5415773626003094,Uncovered $200
3095,D0217322889003095,Uncovered $200
3096,D4147262115003096,Uncovered $200
3097,D0494456810003097,Uncovered $200
3098,D0563158910003098,Uncovered $200
3099,D0754800563003099,Uncovered $200
3100,D3898625342003100,Uncovered $200
3101,D8401194084003101,Uncovered $200
3102,D7768193196003102,Uncovered $200
3103,D2192032068003103,Uncovered $200
3104,D1748078064003104,Uncovered $200
3105,D8119414100003105,Uncovered $200
3106,D7730122815003106,Uncovered $200
3107,D4057963533003107,Uncovered $200
3108,D0357593031003108,Uncovered $200
3109,D5506466901003109,Uncovered $200
3110,D6564551852003110,Uncovered $200
3111,D7894206974003111,Uncovered $200
3112,D3997690001003112,Uncovered $200
3113,D1055758747003113,Uncovered $200
3114,D8350588810003114,Uncovered $200
3115,D7995408895003115,Uncovered $200
3116,D2962383663003116,Uncovered $200
3117,D4319539669003117,Uncovered $200
3118,D7938150741003118,Uncovered $200
3119,D3517186050003119,Uncovered $200
3120,D5549195304003120,Uncovered $200
3121,D0690308321003121,Uncovered $200
3122,D2550746202003122,Uncovered $200
3123,D3115959486003123,Uncovered $200
3124,D2078352646003124,Uncovered $200
3125,D4062648891003125,Uncovered $200
3126,D9630984755003126,Uncovered $200
3127,D9088081592003127,Uncovered $200
3128,D0663775092003128,Uncovered $200
3129,D3693341840003129,Uncovered $200
3130,D8808210306003130,Uncovered $200
3131,D5506939230003131,Uncovered $200
3132,D1644956379003132,Uncovered $200
3133,D7941470996003133,Uncovered $200
3134,D5956063237003134,Uncovered $200
3135,D7707141580003135,Uncovered $200
3136,D6732134821003136,Uncovered $200
3137,D9813363142003137,Uncovered $200
3138,D3568689283003138,Uncovered $200
3139,D5168770842003139,Uncovered $200
3140,D3817255525003140,Uncovered $200
3141,D5208641539003141,Uncovered $200
3142,D7376751775003142,Uncovered $200
3143,D9383356026003143,Uncovered $200
3144,D8033906056003144,Uncovered $200
3145,D4078183182003145,Uncovered $200
3146,D7973738646003146,Uncovered $200
3147,D7133947748003147,Uncovered $200
3148,D1476903788003148,Uncovered $200
3149,D4973874031003149,Uncovered $200
3150,D1193019494003150,Uncovered $200
3151,D2492322870003151,Uncovered $200
3152,D4277349865003152,Uncovered $200
3153,D2989948707003153,Uncovered $200
3154,D5833828190003154,Uncovered $200
3155,D3234825335003155,Uncovered $200
3156,D3465909767003156,Uncovered $200
3157,D4315257142003157,Uncovered $200
3158,D0036890943003158,Uncovered $200
3159,D4214553532003159,Uncovered $200
3160,D5528928097003160,Uncovered $200
3161,D6536354344003161,Uncovered $200
3162,D3658035515003162,Uncovered $200
3163,D5100293265003163,Uncovered $200
3164,D2107814178003164,Uncovered $200
3165,D7211610864003165,Uncovered $200
3166,D7917659047003166,Uncovered $200
3167,D7087889791003167,Uncovered $200
3168,D4949583967003168,Uncovered $200
3169,D3141090562003169,Uncovered $200
3170,D9979274591003170,Uncovered $200
3171,D6466960446003171,Uncovered $200
3172,D2705428847003172,Uncovered $200
3173,D0876495294003173,Uncovered $200
3174,D3872465748003174,Uncovered $200
3175,D6084283267003175,Uncovered $200
3176,D8195098530003176,Uncovered $200
3177,D8902099606003177,Uncovered $200
3178,D3053110705003178,Uncovered $200
3179,D8612341757003179,Uncovered $200
3180,D5920380791003180,Uncovered $200
3181,D5652979443003181,Uncovered $200
3182,D4470674202003182,Uncovered $200
3183,D5530963458003183,Uncovered $200
3184,D1590433527003184,Uncovered $200
3185,D1389154870003185,Uncovered $200
3186,D2687772046003186,Uncovered $200
3187,D2307997688003187,Uncovered $200
3188,D8159346669003188,Uncovered $200
3189,D5351235841003189,Uncovered $200
3190,D1390855007003190,Uncovered $200
3191,D7580754362003191,Uncovered $200
3192,D7946302055003192,Uncovered $200
3193,D1487605436003193,Uncovered $200
3194,D1608429964003194,Uncovered $200
3195,D8954163725003195,Uncovered $200
3196,D3446550562003196,Uncovered $200
3197,D7989924691003197,Uncovered $200
3198,D7718673836003198,Uncovered $200
3199,D4413028903003199,Uncovered $200
3200,D9914341515003200,Uncovered $200
3201,D5473935488003201,Uncovered $200
3202,D6309724047003202,Uncovered $200
3203,D3242154172003203,Uncovered $200
3204,D9589425274003204,Uncovered $200
3205,D6366890897003205,Uncovered $200
3206,D4093905153003206,Uncovered $200
3207,D8656183344003207,Uncovered $200
3208,D2903180622003208,Uncovered $200
3209,D9293911174003209,Uncovered $200
3210,D3955258757003210,Uncovered $200
3211,D6724780916003211,Uncovered $200
3212,D2576244502003212,Uncovered $200
3213,D1967868622003213,Uncovered $200
3214,D2538719683003214,Uncovered $200
3215,D4764628328003215,Uncovered $200
3216,D1056916162003216,Uncovered $200
3217,D5139481375003217,Uncovered $200
3218,D9871840758003218,Uncovered $200
3219,D9508097769003219,Uncovered $200
3220,D7460068159003220,Uncovered $200
3221,D5169630413003221,Uncovered $200
3222,D6704007403003222,Uncovered $200
3223,D3228179324003223,Uncovered $200
3224,D4036136217003224,Uncovered $200
3225,D2459861054003225,Uncovered $200
3226,D6807251596003226,Uncovered $200
3227,D6264728710003227,Uncovered $200
3228,D6808254587003228,Uncovered $200
3229,D8101370157003229,Uncovered $200
3230,D5285658906003230,Uncovered $200
3231,D0833328693003231,Uncovered $200
3232,D4307600343003232,Uncovered $200
3233,D1558891586003233,Uncovered $200
3234,D6800571116003234,Uncovered $200
3235,D6293735410003235,Uncovered $200
3236,D9623462161003236,Uncovered $200
3237,D9732116014003237,Uncovered $200
3238,D3628734163003238,Uncovered $200
3239,D8737145876003239,Uncovered $200
3240,D9876610733003240,Uncovered $200
3241,D8994623166003241,Uncovered $200
3242,D4650048052003242,Uncovered $200
3243,D8554895443003243,Uncovered $200
3244,D1304879177003244,Uncovered $200
3245,D9854162083003245,Uncovered $200
3246,D7510610270003246,Uncovered $200
3247,D8682084752003247,Uncovered $200
3248,D9663045489003248,Uncovered $200
3249,D4336258222003249,Uncovered $200
3250,D0939380526003250,Uncovered $200
3251,D1533017280003251,Uncovered $200
3252,D7646353235003252,Uncovered $200
3253,D7527378611003253,Uncovered $200
3254,D8227037122003254,Uncovered $200
3255,D2372889648003255,Uncovered $200
3256,D7435528781003256,Uncovered $200
3257,D4766845823003257,Uncovered $200
3258,D4471167492003258,Uncovered $200
3259,D9922144232003259,Uncovered $200
3260,D1474700284003260,Uncovered $200
3261,D2488924442003261,Uncovered $200
3262,D0404360869003262,Uncovered $200
3263,D5927762316003263,Uncovered $200
3264,D9881559979003264,Uncovered $200
3265,D0276952036003265,Uncovered $200
3266,D8429037639003266,Uncovered $200
3267,D1594670785003267,Uncovered $200
3268,D3906187902003268,Uncovered $200
3269,D3718033567003269,Uncovered $200
3270,D6048339377003270,Uncovered $200
3271,D4539280499003271,Uncovered $200
3272,D1892879724003272,Uncovered $200
3273,D4739531559003273,Uncovered $200
3274,D1988161376003274,Uncovered $200
3275,D5924061488003275,Uncovered $200
3276,D6301397328003276,Uncovered $200
3277,D5508401033003277,Uncovered $200
3278,D6239311214003278,Uncovered $200
3279,D0196630048003279,Uncovered $200
3280,D2380255596003280,Uncovered $200
3281,D2986750386003281,Uncovered $200
3282,D2227430290003282,Uncovered $200
3283,D9254371265003283,Uncovered $200
3284,D9274315047003284,Uncovered $200
3285,D3220144457003285,Uncovered $200
3286,D0698819729003286,Uncovered $200
3287,D5413835677003287,Uncovered $200
3288,D4818948982003288,Uncovered $200
3289,D0118803063003289,Uncovered $200
3290,D4203154205003290,Uncovered $200
3291,D1049279549003291,Uncovered $200
3292,D0120796430003292,Uncovered $200
3293,D6862018515003293,Uncovered $200
3294,D1380508429003294,Uncovered $200
3295,D9261465050003295,Uncovered $200
3296,D4641946892003296,Uncovered $200
3297,D7169035534003297,Uncovered $200
3298,D6975893293003298,Uncovered $200
3299,D1277632376003299,Uncovered $200
3300,D2505948501003300,Uncovered $200
3301,D4616473048003301,Uncovered $200
3302,D7086861662003302,Uncovered $200
3303,D8309612734003303,Uncovered $200
3304,D6192599528003304,Uncovered $200
3305,D3883391910003305,Uncovered $200
3306,D2663622447003306,Uncovered $200
3307,D1592082731003307,Uncovered $200
3308,D4952018888003308,Uncovered $200
3309,D0453401525003309,Uncovered $200
3310,D9648035575003310,Uncovered $200
3311,D6530598492003311,Uncovered $200
3312,D4797036909003312,Uncovered $200
3313,D3286595078003313,Uncovered $200
3314,D4436847591003314,Uncovered $200
3315,D8237147456003315,Uncovered $200
3316,D1615820475003316,Uncovered $200
3317,D2125764662003317,Uncovered $200
3318,D7401339926003318,Uncovered $200
3319,D7248223657003319,Uncovered $200
3320,D9518618621003320,Uncovered $200
3321,D9942613358003321,Uncovered $200
3322,D5358173337003322,Uncovered $200
3323,D5929601435003323,Uncovered $200
3324,D4591793169003324,Uncovered $200
3325,D4551550746003325,Uncovered $200
3326,D2432786726003326,Uncovered $200
3327,D1264688004003327,Uncovered $200
3328,D4574813644003328,Uncovered $200
3329,D9884119208003329,Uncovered $200
3330,D3997893009003330,Uncovered $200
3331,D9120279624003331,Uncovered $200
3332,D5886717254003332,Uncovered $200
3333,D9296020336003333,Uncovered $200
3334,D3511338644003334,Uncovered $200
3335,D3214950630003335,Uncovered $200
3336,D4529960145003336,Uncovered $200
3337,D2925979886003337,Uncovered $200
3338,D8689530143003338,Uncovered $200
3339,D7723476142003339,Uncovered $200
3340,D9420878443003340,Uncovered $200
3341,D3380764969003341,Uncovered $200
3342,D8927818678003342,Uncovered $200
3343,D2720913698003343,Uncovered $200
3344,D9796496304003344,Uncovered $200
3345,D3850366519003345,Uncovered $200
3346,D1779496949003346,Uncovered $200
3347,D9336694105003347,Uncovered $200
3348,D4119711647003348,Uncovered $200
3349,D8915594488003349,Uncovered $200
3350,D6321329110003350,Uncovered $200
3351,D1904067108003351,Uncovered $200
3352,D4216837821003352,Uncovered $200
3353,D6737521421003353,Uncovered $200
3354,D0622252565003354,Uncovered $200
3355,D7435531409003355,Uncovered $200
3356,D3870508585003356,Uncovered $200
3357,D9837724115003357,Uncovered $200
3358,D4975487733003358,Uncovered $200
3359,D9030193116003359,Uncovered $200
3360,D1869923887003360,Uncovered $200
3361,D2935347899003361,Uncovered $200
3362,D6919721016003362,Uncovered $200
3363,D5068663162003363,Uncovered $200
3364,D6017499320003364,Uncovered $200
3365,D1244281651003365,Uncovered $200
3366,D0403795741003366,Uncovered $200
3367,D7733826763003367,Uncovered $200
3368,D8584589952003368,Uncovered $200
3369,D9054881406003369,Uncovered $200
3370,D7197927530003370,Uncovered $200
3371,D2583764198003371,Uncovered $200
3372,D7539133534003372,Uncovered $200
3373,D0411573514003373,Uncovered $200
3374,D5749696720003374,Uncovered $200
3375,D7211153071003375,Uncovered $200
3376,D4453454423003376,Uncovered $200
3377,D3431706047003377,Uncovered $200
3378,D2353341209003378,Uncovered $200
3379,D8938572983003379,Uncovered $200
3380,D6931697749003380,Uncovered $200
3381,D9831678870003381,Uncovered $200
3382,D1753831855003382,Uncovered $200
3383,D7547847414003383,Uncovered $200
3384,D0709685904003384,Uncovered $200
3385,D1441693296003385,Uncovered $200
3386,D2327563297003386,Uncovered $200
3387,D2595082633003387,Uncovered $200
3388,D8328842042003388,Uncovered $200
3389,D0533440156003389,Uncovered $200
3390,D3769403269003390,Uncovered $200
3391,D7733941037003391,Uncovered $200
3392,D3634032901003392,Uncovered $200
3393,D7713526184003393,Uncovered $200
3394,D8236032336003394,Uncovered $200
3395,D7829881200003395,Uncovered $200
3396,D7383914632003396,Uncovered $200
3397,D9975281451003397,Uncovered $200
3398,D2405161956003398,Uncovered $200
3399,D9501325077003399,Uncovered $200
3400,D2743431702003400,Uncovered $200
3401,D9597784427003401,Uncovered $200
3402,D9962051823003402,Uncovered $200
3403,D7139976125003403,Uncovered $200
3404,D6105676742003404,Uncovered $200
3405,D9326674652003405,Uncovered $200
3406,D3687940504003406,Uncovered $200
3407,D8892852852003407,Uncovered $200
3408,D3128439716003408,Uncovered $200
3409,D4938570418003409,Uncovered $200
3410,D3395282364003410,Uncovered $200
3411,D9094754940003411,Uncovered $200
3412,D4629120972003412,Uncovered $200
3413,D6176760557003413,Uncovered $200
3414,D6685867503003414,Uncovered $200
3415,D1760080094003415,Uncovered $200
3416,D7878983781003416,Uncovered $200
3417,D1432022776003417,Uncovered $200
3418,D4426074890003418,Uncovered $200
3419,D1110356095003419,Uncovered $200
3420,D6213019033003420,Uncovered $200
3421,D9159577421003421,Uncovered $200
3422,D7676072436003422,Uncovered $200
3423,D8908240661003423,Uncovered $200
3424,D3854676189003424,Uncovered $200
3425,D0905217711003425,Uncovered $200
3426,D1543280543003426,Uncovered $200
3427,D1087155965003427,Uncovered $200
3428,D3846658448003428,Uncovered $200
3429,D8937501163003429,Uncovered $200
3430,D4923574666003430,Uncovered $200
3431,D9994944029003431,Uncovered $200
3432,D5722014735003432,Uncovered $200
3433,D9082740991003433,Uncovered $200
3434,D5602741848003434,Uncovered $200
3435,D3554661363003435,Uncovered $200
3436,D8721993036003436,Uncovered $200
3437,D1549785393003437,Uncovered $200
3438,D3765996123003438,Uncovered $200
3439,D7693358137003439,Uncovered $200
3440,D2130948871003440,Uncovered $200
3441,D2791284406003441,Uncovered $200
3442,D6865835905003442,Uncovered $200
3443,D9370393475003443,Uncovered $200
3444,D2994995475003444,Uncovered $200
3445,D7723522475003445,Uncovered $200
3446,D0875255404003446,Uncovered $200
3447,D7979125686003447,Uncovered $200
3448,D4812453810003448,Uncovered $200
3449,D1439028319003449,Uncovered $200
3450,D8301512074003450,Uncovered $200
3451,D9737099818003451,Uncovered $200
3452,D2218811717003452,Uncovered $200
3453,D8389748678003453,Uncovered $200
3454,D7840266654003454,Uncovered $200
3455,D5740126455003455,Uncovered $200
3456,D5843833944003456,Uncovered $200
3457,D9191118559003457,Uncovered $200
3458,D2250557997003458,Uncovered $200
3459,D0325661826003459,Uncovered $200
3460,D0880436733003460,Uncovered $200
3461,D5044203711003461,Uncovered $200
3462,D4897331398003462,Uncovered $200
3463,D9789222008003463,Uncovered $200
3464,D0421047401003464,Uncovered $200
3465,D1666435450003465,Uncovered $200
3466,D8295521197003466,Uncovered $200
3467,D2286347311003467,Uncovered $200
3468,D0090290431003468,Uncovered $200
3469,D0264219506003469,Uncovered $200
3470,D3980618504003470,Uncovered $200
3471,D8907813507003471,Uncovered $200
3472,D6667054010003472,Uncovered $200
3473,D9925694410003473,Uncovered $200
3474,D1945132955003474,Uncovered $200
3475,D4007982750003475,Uncovered $200
3476,D9764890759003476,Uncovered $200
3477,D4171468799003477,Uncovered $200
3478,D4675736125003478,Uncovered $200
3479,D3021855515003479,Uncovered $200
3480,D1179465757003480,Uncovered $200
3481,D2762104588003481,Uncovered $200
3482,D9609120483003482,Uncovered $200
3483,D7822769569003483,Uncovered $200
3484,D1835056019003484,Uncovered $200
3485,D7450823263003485,Uncovered $200
3486,D3732414377003486,Uncovered $200
3487,D0902899790003487,Uncovered $200
3488,D5171190692003488,Uncovered $200
3489,D9414486030003489,Uncovered $200
3490,D2981193956003490,Uncovered $200
3491,D1800355874003491,Uncovered $200
3492,D9316243694003492,Uncovered $200
3493,D2055961996003493,Uncovered $200
3494,D8336064968003494,Uncovered $200
3495,D3093630110003495,Uncovered $200
3496,D8421628065003496,Uncovered $200
3497,D1254168627003497,Uncovered $200
3498,D2593746982003498,Uncovered $200
3499,D8329195364003499,Uncovered $200
3500,D3475774854003500,Uncovered $200
3501,D0972564059003501,Uncovered $200
3502,D1250353711003502,Uncovered $200
3503,D8431825857003503,Uncovered $200
3504,D3951296861003504,Uncovered $200
3505,D2153853112003505,Uncovered $200
3506,D3485207799003506,Uncovered $200
3507,D5654293779003507,Uncovered $200
3508,D0309471285003508,Uncovered $200
3509,D7717589294003509,Uncovered $200
3510,D3414579333003510,Uncovered $200
3511,D5739867889003511,Uncovered $200
3512,D3922876656003512,Uncovered $200
3513,D2231947569003513,Uncovered $200
3514,D0711251065003514,Uncovered $200
3515,D3414284580003515,Uncovered $200
3516,D0189368538003516,Uncovered $200
3517,D9137921177003517,Uncovered $200
3518,D4676260683003518,Uncovered $200
3519,D9851570038003519,Uncovered $200
3520,D3817362661003520,Uncovered $200
3521,D9457247889003521,Uncovered $200
3522,D2298143536003522,Uncovered $200
3523,D1370003651003523,Uncovered $200
3524,D3588753882003524,Uncovered $200
3525,D7999478789003525,Uncovered $200
3526,D6835658685003526,Uncovered $200
3527,D7071022977003527,Uncovered $200
3528,D5705196188003528,Uncovered $200
3529,D0320496866003529,Uncovered $200
3530,D3491093931003530,Uncovered $200
3531,D6982240680003531,Uncovered $200
3532,D5107335116003532,Uncovered $200
3533,D5308888238003533,Uncovered $200
3534,D0341429078003534,Uncovered $200
3535,D4927715791003535,Uncovered $200
3536,D2417253555003536,Uncovered $200
3537,D5431310291003537,Uncovered $200
3538,D8022989985003538,Uncovered $200
3539,D7500059507003539,Uncovered $200
3540,D1759866539003540,Uncovered $200
3541,D3270837252003541,Uncovered $200
3542,D8153894475003542,Uncovered $200
3543,D6740025740003543,Uncovered $200
3544,D7883677174003544,Uncovered $200
3545,D3927820981003545,Uncovered $200
3546,D3712690091003546,Uncovered $200
3547,D7129547365003547,Uncovered $200
3548,D3565133491003548,Uncovered $200
3549,D8632549768003549,Uncovered $200
3550,D2492804370003550,Uncovered $200
3551,D6074463448003551,Uncovered $200
3552,D7695345283003552,Uncovered $200
3553,D2767285516003553,Uncovered $200
3554,D0820893989003554,Uncovered $200
3555,D4676608359003555,Uncovered $200
3556,D1959209455003556,Uncovered $200
3557,D7403190090003557,Uncovered $200
3558,D7914458734003558,Uncovered $200
3559,D3141741312003559,Uncovered $200
3560,D3055259248003560,Uncovered $200
3561,D1351373535003561,Uncovered $200
3562,D7857225447003562,Uncovered $200
3563,D3140694035003563,Uncovered $200
3564,D9641268672003564,Uncovered $200
3565,D2010302825003565,Uncovered $200
3566,D7533962722003566,Uncovered $200
3567,D6607295058003567,Uncovered $200
3568,D7542033232003568,Uncovered $200
3569,D2437382223003569,Uncovered $200
3570,D3492932020003570,Uncovered $200
3571,D1947032931003571,Uncovered $200
3572,D5472200660003572,Uncovered $200
3573,D6053813179003573,Uncovered $200
3574,D1867054461003574,Uncovered $200
3575,D3068601983003575,Uncovered $200
3576,D1205631814003576,Uncovered $200
3577,D2155345835003577,Uncovered $200
3578,D1301634532003578,Uncovered $200
3579,D7178923439003579,Uncovered $200
3580,D1453287719003580,Uncovered $200
3581,D0470777879003581,Uncovered $200
3582,D1986531478003582,Uncovered $200
3583,D5305920295003583,Uncovered $200
3584,D6450796380003584,Uncovered $200
3585,D2526399691003585,Uncovered $200
3586,D3694951224003586,Uncovered $200
3587,D3731847629003587,Uncovered $200
3588,D6154258386003588,Uncovered $200
3589,D2516596987003589,Uncovered $200
3590,D6928224375003590,Uncovered $200
3591,D8120071067003591,Uncovered $200
3592,D0716435744003592,Uncovered $200
3593,D7233476013003593,Uncovered $200
3594,D8853207426003594,Uncovered $200
3595,D5613569122003595,Uncovered $200
3596,D3378133933003596,Uncovered $200
3597,D6164890032003597,Uncovered $200
3598,D4758773073003598,Uncovered $200
3599,D7616710453003599,Uncovered $200
3600,D3157969910003600,Uncovered $200
3601,D3192413098003601,Uncovered $200
3602,D7446659523003602,Uncovered $200
3603,D1701063925003603,Uncovered $200
3604,D9158565404003604,Uncovered $200
3605,D2091930015003605,Uncovered $200
3606,D9187982729003606,Uncovered $200
3607,D3934239299003607,Uncovered $200
3608,D6781139849003608,Uncovered $200
3609,D1464583024003609,Uncovered $200
3610,D8812057340003610,Uncovered $200
3611,D0171406327003611,Uncovered $200
3612,D1515557267003612,Uncovered $200
3613,D8127953791003613,Uncovered $200
3614,D7365048974003614,Uncovered $200
3615,D1814514320003615,Uncovered $200
3616,D9504149482003616,Uncovered $200
3617,D5182058877003617,Uncovered $200
3618,D4876670130003618,Uncovered $200
3619,D6752851383003619,Uncovered $200
3620,D2438130167003620,Uncovered $200
3621,D6866364131003621,Uncovered $200
3622,D0636320185003622,Uncovered $200
3623,D6088047262003623,Uncovered $200
3624,D2379899157003624,Uncovered $200
3625,D3043898874003625,Uncovered $200
3626,D5750987681003626,Uncovered $200
3627,D4038254995003627,Uncovered $200
3628,D0925038811003628,Uncovered $200
3629,D5598627460003629,Uncovered $200
3630,D7277570664003630,Uncovered $200
3631,D6559755432003631,Uncovered $200
3632,D7246122496003632,Uncovered $200
3633,D8309847797003633,Uncovered $200
3634,D7951196976003634,Uncovered $200
3635,D1567813173003635,Uncovered $200
3636,D8079268826003636,Uncovered $200
3637,D6298439421003637,Uncovered $200
3638,D4191694790003638,Uncovered $200
3639,D4804710428003639,Uncovered $200
3640,D3735534599003640,Uncovered $200
3641,D2991809119003641,Uncovered $200
3642,D5575290426003642,Uncovered $200
3643,D2048804819003643,Uncovered $200
3644,D3076004773003644,Uncovered $200
3645,D5872947110003645,Uncovered $200
3646,D4826145475003646,Uncovered $200
3647,D4039148321003647,Uncovered $200
3648,D3680600992003648,Uncovered $200
3649,D9287985564003649,Uncovered $200
3650,D1504120942003650,Uncovered $200
3651,D7495170069003651,Uncovered $200
3652,D0303004106003652,Uncovered $200
3653,D0413289151003653,Uncovered $200
3654,D9986954267003654,Uncovered $200
3655,D9073995463003655,Uncovered $200
3656,D1320594149003656,Uncovered $200
3657,D5730462857003657,Uncovered $200
3658,D8108161280003658,Uncovered $200
3659,D8343562411003659,Uncovered $200
3660,D8506038736003660,Uncovered $200
3661,D9702127516003661,Uncovered $200
3662,D5279008899003662,Uncovered $200
3663,D7995304324003663,Uncovered $200
3664,D1468290948003664,Uncovered $200
3665,D8302129286003665,Uncovered $200
3666,D7369857303003666,Uncovered $200
3667,D1583083165003667,Uncovered $200
3668,D7314291442003668,Uncovered $200
3669,D2088440307003669,Uncovered $200
3670,D8263447397003670,Uncovered $200
3671,D9750781147003671,Uncovered $200
3672,D6480954067003672,Uncovered $200
3673,D6598343734003673,Uncovered $200
3674,D4202230323003674,Uncovered $200
3675,D3818664266003675,Uncovered $200
3676,D8173867065003676,Uncovered $200
3677,D4951225870003677,Uncovered $200
3678,D4484601108003678,Uncovered $200
3679,D3423614324003679,Uncovered $200
3680,D2507383003003680,Uncovered $200
3681,D5498326255003681,Uncovered $200
3682,D4928911490003682,Uncovered $200
3683,D4924933362003683,Uncovered $200
3684,D2675106078003684,Uncovered $200
3685,D7290060831003685,Uncovered $200
3686,D0650961484003686,Uncovered $200
3687,D1471874639003687,Uncovered $200
3688,D2519943750003688,Uncovered $200
3689,D3158181177003689,Uncovered $200
3690,D1255483989003690,Uncovered $200
3691,D4172316061003691,Uncovered $200
3692,D6072455048003692,Uncovered $200
3693,D1335692280003693,Uncovered $200
3694,D4779513569003694,Uncovered $200
3695,D4226579665003695,Uncovered $200
3696,D1475956579003696,Uncovered $200
3697,D4732020068003697,Uncovered $200
3698,D1230202846003698,Uncovered $200
3699,D1774236453003699,Uncovered $200
3700,D2841034405003700,Uncovered $200
3701,D1054861725003701,Uncovered $200
3702,D5206816957003702,Uncovered $200
3703,D6572476458003703,Uncovered $200
3704,D9600609337003704,Uncovered $200
3705,D6868864228003705,Uncovered $200
3706,D1792228214003706,Uncovered $200
3707,D3053619322003707,Uncovered $200
3708,D3409249823003708,Uncovered $200
3709,D6951633830003709,Uncovered $200
3710,D3245437613003710,Uncovered $200
3711,D5890976675003711,Uncovered $200
3712,D3263775059003712,Uncovered $200
3713,D1229045917003713,Uncovered $200
3714,D3717262793003714,Uncovered $200
3715,D2934760306003715,Uncovered $200
3716,D4683669446003716,Uncovered $200
3717,D5909885140003717,Uncovered $200
3718,D8370356094003718,Uncovered $200
3719,D3093266976003719,Uncovered $200
3720,D2656983510003720,Uncovered $200
3721,D5723519777003721,Uncovered $200
3722,D6951136945003722,Uncovered $200
3723,D4197523952003723,Uncovered $200
3724,D8518619466003724,Uncovered $200
3725,D8812614826003725,Uncovered $200
3726,D5848769658003726,Uncovered $200
3727,D9892006764003727,Uncovered $200
3728,D5791488584003728,Uncovered $200
3729,D9285061431003729,Uncovered $200
3730,D5633147741003730,Uncovered $200
3731,D6347315289003731,Uncovered $200
3732,D8468360520003732,Uncovered $200
3733,D8642890985003733,Uncovered $200
3734,D6702056759003734,Uncovered $200
3735,D6381340730003735,Uncovered $200
3736,D0911975495003736,Uncovered $200
3737,D8275229763003737,Uncovered $200
3738,D8423125753003738,Uncovered $200
3739,D4163947072003739,Uncovered $200
3740,D7255392686003740,Uncovered $200
3741,D9502789488003741,Uncovered $200
3742,D0355352621003742,Uncovered $200
3743,D7588539631003743,Uncovered $200
3744,D6787405074003744,Uncovered $200
3745,D1921732410003745,Uncovered $200
3746,D0311008393003746,Uncovered $200
3747,D6398784879003747,Uncovered $200
3748,D4432966184003748,Uncovered $200
3749,D9013655889003749,Uncovered $200
3750,D1549709409003750,Uncovered $200
3751,D0959537078003751,Uncovered $200
3752,D3311145187003752,Uncovered $200
3753,D6140313026003753,Uncovered $200
3754,D2015334548003754,Uncovered $200
3755,D5327661120003755,Uncovered $200
3756,D1378911780003756,Uncovered $200
3757,D2504918062003757,Uncovered $200
3758,D8766240918003758,Uncovered $200
3759,D5100362053003759,Uncovered $200
3760,D8928272557003760,Uncovered $200
3761,D3327118349003761,Uncovered $200
3762,D2062713526003762,Uncovered $200
3763,D2389817458003763,Uncovered $200
3764,D9230092532003764,Uncovered $200
3765,D8159310315003765,Uncovered $200
3766,D7524817332003766,Uncovered $200
3767,D8068548980003767,Uncovered $200
3768,D2704157327003768,Uncovered $200
3769,D5170241195003769,Uncovered $200
3770,D1090219700003770,Uncovered $200
3771,D2047976755003771,Uncovered $200
3772,D7884120933003772,Uncovered $200
3773,D8011568474003773,Uncovered $200
3774,D2256329159003774,Uncovered $200
3775,D3646663008003775,Uncovered $200
3776,D1056003725003776,Uncovered $200
3777,D8276731974003777,Uncovered $200
3778,D1745495018003778,Uncovered $200
3779,D7954369441003779,Uncovered $200
3780,D7554890378003780,Uncovered $200
3781,D3633920062003781,Uncovered $200
3782,D1821609784003782,Uncovered $200
3783,D3064744543003783,Uncovered $200
3784,D1128184338003784,Uncovered $200
3785,D1584020420003785,Uncovered $200
3786,D3158816934003786,Uncovered $200
3787,D9797269259003787,Uncovered $200
3788,D5631043675003788,Uncovered $200
3789,D3065358483003789,Uncovered $200
3790,D8106490010003790,Uncovered $200
3791,D7029509662003791,Uncovered $200
3792,D1070614136003792,Uncovered $200
3793,D3931654561003793,Uncovered $200
3794,D7572250820003794,Uncovered $200
3795,D8498076732003795,Uncovered $200
3796,D3887134197003796,Uncovered $200
3797,D4143378619003797,Uncovered $200
3798,D1349793700003798,Uncovered $200
3799,D2723966082003799,Uncovered $200
3800,D4482758672003800,Uncovered $200
3801,D2420805994003801,Uncovered $200
3802,D8893398432003802,Uncovered $200
3803,D3928053388003803,Uncovered $200
3804,D7460936485003804,Uncovered $200
3805,D1226643509003805,Uncovered $200
3806,D8682064494003806,Uncovered $200
3807,D0871316619003807,Uncovered $200
3808,D7088952922003808,Uncovered $200
3809,D5074362685003809,Uncovered $200
3810,D9524303451003810,Uncovered $200
3811,D5449678880003811,Uncovered $200
3812,D1415675525003812,Uncovered $200
3813,D7177285771003813,Uncovered $200
3814,D1284401079003814,Uncovered $200
3815,D9499507953003815,Uncovered $200
3816,D6197248229003816,Uncovered $200
3817,D3234807678003817,Uncovered $200
3818,D4377394734003818,Uncovered $200
3819,D2580732735003819,Uncovered $200
3820,D4707585216003820,Uncovered $200
3821,D5252323196003821,Uncovered $200
3822,D6320094047003822,Uncovered $200
3823,D7895751436003823,Uncovered $200
3824,D0681720140003824,Uncovered $200
3825,D6429675709003825,Uncovered $200
3826,D0869331150003826,Uncovered $200
3827,D9984937914003827,Uncovered $200
3828,D2652379894003828,Uncovered $200
3829,D9891158280003829,Uncovered $200
3830,D8827441648003830,Uncovered $200
3831,D7715857072003831,Uncovered $200
3832,D0860028546003832,Uncovered $200
3833,D1793457621003833,Uncovered $200
3834,D2874025927003834,Uncovered $200
3835,D9004351667003835,Uncovered $200
3836,D5290282044003836,Uncovered $200
3837,D3143263463003837,Uncovered $200
3838,D4966865130003838,Uncovered $200
3839,D6007836672003839,Uncovered $200
3840,D8664955386003840,Uncovered $200
3841,D9566571269003841,Uncovered $200
3842,D2210136980003842,Uncovered $200
3843,D3078602696003843,Uncovered $200
3844,D9231282047003844,Uncovered $200
3845,D0762975304003845,Uncovered $200
3846,D0510461502003846,Uncovered $200
3847,D5999618258003847,Uncovered $200
3848,D2200655283003848,Uncovered $200
3849,D4290247827003849,Uncovered $200
3850,D0874375325003850,Uncovered $200
3851,D6378507515003851,Uncovered $200
3852,D1327632753003852,Uncovered $200
3853,D1772478410003853,Uncovered $200
3854,D1295218227003854,Uncovered $200
3855,D8126653615003855,Uncovered $200
3856,D4587708977003856,Uncovered $200
3857,D0587155616003857,Uncovered $200
3858,D0886614763003858,Uncovered $200
3859,D3063856646003859,Uncovered $200
3860,D6057062755003860,Uncovered $200
3861,D1167781638003861,Uncovered $200
3862,D2155694638003862,Uncovered $200
3863,D2710997662003863,Uncovered $200
3864,D8595850251003864,Uncovered $200
3865,D6994932785003865,Uncovered $200
3866,D1187201310003866,Uncovered $200
3867,D0782002506003867,Uncovered $200
3868,D8972152089003868,Uncovered $200
3869,D3934379748003869,Uncovered $200
3870,D2158822350003870,Uncovered $200
3871,D6606296347003871,Uncovered $200
3872,D4053508227003872,Uncovered $200
3873,D9926237171003873,Uncovered $200
3874,D2311430881003874,Uncovered $200
3875,D2062437449003875,Uncovered $200
3876,D1710388437003876,Uncovered $200
3877,D0823245022003877,Uncovered $200
3878,D1481392389003878,Uncovered $200
3879,D4481258132003879,Uncovered $200
3880,D8601203869003880,Uncovered $200
3881,D0128381918003881,Uncovered $200
3882,D7534858597003882,Uncovered $200
3883,D8866524085003883,Uncovered $200
3884,D8026978298003884,Uncovered $200
3885,D1699789892003885,Uncovered $200
3886,D5179870364003886,Uncovered $200
3887,D8976402454003887,Uncovered $200
3888,D2825356475003888,Uncovered $200
3889,D2334089921003889,Uncovered $200
3890,D4905141252003890,Uncovered $200
3891,D8295084308003891,Uncovered $200
3892,D1776319011003892,Uncovered $200
3893,D3284263611003893,Uncovered $200
3894,D4340638084003894,Uncovered $200
3895,D9491241947003895,Uncovered $200
3896,D3264124497003896,Uncovered $200
3897,D5125681635003897,Uncovered $200
3898,D1870473718003898,Uncovered $200
3899,D1095384865003899,Uncovered $200
3900,D0870290316003900,Uncovered $200
3901,D3113208373003901,Uncovered $200
3902,D0828228789003902,Uncovered $200
3903,D1410952693003903,Uncovered $200
3904,D2323180643003904,Uncovered $200
3905,D1183981699003905,Uncovered $200
3906,D9397190181003906,Uncovered $200
3907,D3407549546003907,Uncovered $200
3908,D4283444499003908,Uncovered $200
3909,D7436436743003909,Uncovered $200
3910,D5003537738003910,Uncovered $200
3911,D2737219371003911,Uncovered $200
3912,D1535798433003912,Uncovered $200
3913,D9911282769003913,Uncovered $200
3914,D7330303128003914,Uncovered $200
3915,D4074697731003915,Uncovered $200
3916,D1538632293003916,Uncovered $200
3917,D6494892973003917,Uncovered $200
3918,D0519863416003918,Uncovered $200
3919,D1537447976003919,Uncovered $200
3920,D4001066817003920,Uncovered $200
3921,D5814937405003921,Uncovered $200
3922,D3782868624003922,Uncovered $200
3923,D4174074346003923,Uncovered $200
3924,D4859363952003924,Uncovered $200
3925,D9114265744003925,Uncovered $200
3926,D7247565749003926,Uncovered $200
3927,D7938986730003927,Uncovered $200
3928,D7944034066003928,Uncovered $200
3929,D9116712581003929,Uncovered $200
3930,D2320872530003930,Uncovered $200
3931,D5433694357003931,Uncovered $200
3932,D8168203631003932,Uncovered $200
3933,D9027493520003933,Uncovered $200
3934,D3129688567003934,Uncovered $200
3935,D1989446538003935,Uncovered $200
3936,D8200380497003936,Uncovered $200
3937,D4756867949003937,Uncovered $200
3938,D1066711728003938,Uncovered $200
3939,D4803708778003939,Uncovered $200
3940,D2561157873003940,Uncovered $200
3941,D4633732450003941,Uncovered $200
3942,D6095692459003942,Uncovered $200
3943,D1706545908003943,Uncovered $200
3944,D3354799995003944,Uncovered $200
3945,D9623123259003945,Uncovered $200
3946,D4185890612003946,Uncovered $200
3947,D7371101094003947,Uncovered $200
3948,D6116940809003948,Uncovered $200
3949,D8354888584003949,Uncovered $200
3950,D3508199561003950,Uncovered $200
3951,D5315334281003951,Uncovered $200
3952,D7489670665003952,Uncovered $200
3953,D7021774576003953,Uncovered $200
3954,D1715242584003954,Uncovered $200
3955,D8394490203003955,Uncovered $200
3956,D9555070928003956,Uncovered $200
3957,D9685092970003957,Uncovered $200
3958,D9540963839003958,Uncovered $200
3959,D6335532396003959,Uncovered $200
3960,D8258380205003960,Uncovered $200
3961,D4096553816003961,Uncovered $200
3962,D8299088804003962,Uncovered $200
3963,D1675753953003963,Uncovered $200
3964,D0201372046003964,Uncovered $200
3965,D1135468656003965,Uncovered $200
3966,D9052885992003966,Uncovered $200
3967,D7518701651003967,Uncovered $200
3968,D9497255796003968,Uncovered $200
3969,D3337966225003969,Uncovered $200
3970,D9037658545003970,Uncovered $200
3971,D9553283520003971,Uncovered $200
3972,D8129304653003972,Uncovered $200
3973,D5542427911003973,Uncovered $200
3974,D5032052684003974,Uncovered $200
3975,D7073356259003975,Uncovered $200
3976,D8007799708003976,Uncovered $200
3977,D2801575476003977,Uncovered $200
3978,D7685054997003978,Uncovered $200
3979,D9476945152003979,Uncovered $200
3980,D1175209376003980,Uncovered $200
3981,D1058707995003981,Uncovered $200
3982,D5983901368003982,Uncovered $200
3983,D4998681862003983,Uncovered $200
3984,D1700293724003984,Uncovered $200
3985,D5842195119003985,Uncovered $200
3986,D6064912663003986,Uncovered $200
3987,D9884566911003987,Uncovered $200
3988,D0929357774003988,Uncovered $200
3989,D6728733938003989,Uncovered $200
3990,D6010110324003990,Uncovered $200
3991,D0397062066003991,Uncovered $200
3992,D1339488302003992,Uncovered $200
3993,D7074956903003993,Uncovered $200
3994,D5457334996003994,Uncovered $200
3995,D7015312188003995,Uncovered $200
3996,D2893720127003996,Uncovered $200
3997,D6850033953003997,Uncovered $200
3998,D7384702175003998,Uncovered $200
3999,D8728716751003999,Uncovered $200
4000,D1452612709004000,Uncovered $200
4001,D5856880378004001,Uncovered $200
4002,D2243104638004002,Uncovered $200
4003,D1515593507004003,Uncovered $200
4004,D8223323829004004,Uncovered $200
4005,D2191119677004005,Uncovered $200
4006,D1541877040004006,Uncovered $200
4007,D8562264598004007,Uncovered $200
4008,D1281010217004008,Uncovered $200
4009,D2995127876004009,Uncovered $200
4010,D2240415801004010,Uncovered $200
4011,D8437158360004011,Uncovered $200
4012,D3203798041004012,Uncovered $200
4013,D7123269434004013,Uncovered $200
4014,D7669368140004014,Uncovered $200
4015,D3221151918004015,Uncovered $200
4016,D9624424201004016,Uncovered $200
4017,D6109429027004017,Uncovered $200
4018,D0742070013004018,Uncovered $200
4019,D4052274945004019,Uncovered $200
4020,D3263887122004020,Uncovered $200
4021,D8912977111004021,Uncovered $200
4022,D8239765307004022,Uncovered $200
4023,D8360233993004023,Uncovered $200
4024,D5803437589004024,Uncovered $200
4025,D3629129492004025,Uncovered $200
4026,D2539488750004026,Uncovered $200
4027,D5503097529004027,Uncovered $200
4028,D3686331627004028,Uncovered $200
4029,D2535232133004029,Uncovered $200
4030,D5904406925004030,Uncovered $200
4031,D8446731638004031,Uncovered $200
4032,D8269637408004032,Uncovered $200
4033,D1315817755004033,Uncovered $200
4034,D3438992381004034,Uncovered $200
4035,D2166433533004035,Uncovered $200
4036,D7436697589004036,Uncovered $200
4037,D6875524997004037,Uncovered $200
4038,D2210267601004038,Uncovered $200
4039,D9065810837004039,Uncovered $200
4040,D5557834022004040,Uncovered $200
4041,D6764381094004041,Uncovered $200
4042,D4958245246004042,Uncovered $200
4043,D2831477593004043,Uncovered $200
4044,D5403196444004044,Uncovered $200
4045,D1411528175004045,Uncovered $200
4046,D1702312245004046,Uncovered $200
4047,D8949490098004047,Uncovered $200
4048,D5158718523004048,Uncovered $200
4049,D9645102573004049,Uncovered $200
4050,D5624975951004050,Uncovered $200
4051,D9109411087004051,Uncovered $200
4052,D4726390606004052,Uncovered $200
4053,D8925330719004053,Uncovered $200
4054,D4958086696004054,Uncovered $200
4055,D8163991469004055,Uncovered $200
4056,D2854854596004056,Uncovered $200
4057,D5497326549004057,Uncovered $200
4058,D1042972796004058,Uncovered $200
4059,D2021064911004059,Uncovered $200
4060,D2108018965004060,Uncovered $200
4061,D1063932909004061,Uncovered $200
4062,D7511185921004062,Uncovered $200
4063,D2149589057004063,Uncovered $200
4064,D3277792601004064,Uncovered $200
4065,D4216278006004065,Uncovered $200
4066,D4822980060004066,Uncovered $200
4067,D2169829888004067,Uncovered $200
4068,D4489137212004068,Uncovered $200
4069,D8006161179004069,Uncovered $200
4070,D7419946220004070,Uncovered $200
4071,D0880414263004071,Uncovered $200
4072,D5598046558004072,Uncovered $200
4073,D9100022401004073,Uncovered $200
4074,D0492760673004074,Uncovered $200
4075,D3770899585004075,Uncovered $200
4076,D3459219033004076,Uncovered $200
4077,D4736012141004077,Uncovered $200
4078,D3406833552004078,Uncovered $200
4079,D9444779042004079,Uncovered $200
4080,D6289084195004080,Uncovered $200
4081,D3228271232004081,Uncovered $200
4082,D3713645495004082,Uncovered $200
4083,D5195110243004083,Uncovered $200
4084,D6446583911004084,Uncovered $200
4085,D7559611430004085,Uncovered $200
4086,D1243519806004086,Uncovered $200
4087,D5076193909004087,Uncovered $200
4088,D4468119051004088,Uncovered $200
4089,D4236264320004089,Uncovered $200
4090,D0134341253004090,Uncovered $200
4091,D0108253779004091,Uncovered $200
4092,D1513468774004092,Uncovered $200
4093,D7480822593004093,Uncovered $200
4094,D7454112734004094,Uncovered $200
4095,D8495799481004095,Uncovered $200
4096,D7369342800004096,Uncovered $200
4097,D4198992844004097,Uncovered $200
4098,D8395395718004098,Uncovered $200
4099,D2075562681004099,Uncovered $200
4100,D6261049004004100,Uncovered $200
4101,D0022470839004101,Uncovered $200
4102,D2126935337004102,Uncovered $200
4103,D4911980418004103,Uncovered $200
4104,D5252614574004104,Uncovered $200
4105,D7730772163004105,Uncovered $200
4106,D5545710646004106,Uncovered $200
4107,D0844839002004107,Uncovered $200
4108,D2506123312004108,Uncovered $200
4109,D7588028446004109,Uncovered $200
4110,D7677983244004110,Uncovered $200
4111,D4643609264004111,Uncovered $200
4112,D8163515075004112,Uncovered $200
4113,D0257607258004113,Uncovered $200
4114,D2932893351004114,Uncovered $200
4115,D0327065970004115,Uncovered $200
4116,D5278126302004116,Uncovered $200
4117,D2370685176004117,Uncovered $200
4118,D7425427190004118,Uncovered $200
4119,D0320287592004119,Uncovered $200
4120,D7847914584004120,Uncovered $200
4121,D7884185092004121,Uncovered $200
4122,D6758257967004122,Uncovered $200
4123,D6459931714004123,Uncovered $200
4124,D4644252924004124,Uncovered $200
4125,D8571193291004125,Uncovered $200
4126,D6308952986004126,Uncovered $200
4127,D9224231790004127,Uncovered $200
4128,D0534487720004128,Uncovered $200
4129,D4428500805004129,Uncovered $200
4130,D3577096462004130,Uncovered $200
4131,D6046838829004131,Uncovered $200
4132,D1738652726004132,Uncovered $200
4133,D4687192544004133,Uncovered $200
4134,D8004644484004134,Uncovered $200
4135,D4157423546004135,Uncovered $200
4136,D8273000435004136,Uncovered $200
4137,D3665955065004137,Uncovered $200
4138,D6550113930004138,Uncovered $200
4139,D4625154253004139,Uncovered $200
4140,D1177613869004140,Uncovered $200
4141,D2559601984004141,Uncovered $200
4142,D1567166208004142,Uncovered $200
4143,D5364014457004143,Uncovered $200
4144,D1188877076004144,Uncovered $200
4145,D1103806875004145,Uncovered $200
4146,D7590896849004146,Uncovered $200
4147,D0424436921004147,Uncovered $200
4148,D1850632555004148,Uncovered $200
4149,D6566790890004149,Uncovered $200
4150,D4942257208004150,Uncovered $200
4151,D4862648080004151,Uncovered $200
4152,D1582252902004152,Uncovered $200
4153,D9356716540004153,Uncovered $200
4154,D9027996105004154,Uncovered $200
4155,D9083360882004155,Uncovered $200
4156,D1170433649004156,Uncovered $200
4157,D6183465349004157,Uncovered $200
4158,D4984484611004158,Uncovered $200
4159,D1529108895004159,Uncovered $200
4160,D2780090745004160,Uncovered $200
4161,D2085993025004161,Uncovered $200
4162,D7127660754004162,Uncovered $200
4163,D9571248623004163,Uncovered $200
4164,D3303079967004164,Uncovered $200
4165,D9498969599004165,Uncovered $200
4166,D7582064447004166,Uncovered $200
4167,D2203884988004167,Uncovered $200
4168,D7360935430004168,Uncovered $200
4169,D4078130441004169,Uncovered $200
4170,D9049530932004170,Uncovered $200
4171,D1281787311004171,Uncovered $200
4172,D8027491051004172,Uncovered $200
4173,D8002627307004173,Uncovered $200
4174,D9930599652004174,Uncovered $200
4175,D2589467720004175,Uncovered $200
4176,D9063717340004176,Uncovered $200
4177,D6280805026004177,Uncovered $200
4178,D4397456879004178,Uncovered $200
4179,D3265641407004179,Uncovered $200
4180,D9380477045004180,Uncovered $200
4181,D2417604920004181,Uncovered $200
4182,D7109572467004182,Uncovered $200
4183,D1968128032004183,Uncovered $200
4184,D0970065923004184,Uncovered $200
4185,D2573796905004185,Uncovered $200
4186,D3350504747004186,Uncovered $200
4187,D4740842861004187,Uncovered $200
4188,D0775033920004188,Uncovered $200
4189,D5685306715004189,Uncovered $200
4190,D0252013626004190,Uncovered $200
4191,D3805206453004191,Uncovered $200
4192,D0739328059004192,Uncovered $200
4193,D7730270750004193,Uncovered $200
4194,D0429986419004194,Uncovered $200
4195,D8177817943004195,Uncovered $200
4196,D1327719907004196,Uncovered $200
4197,D4861296764004197,Uncovered $200
4198,D5752528408004198,Uncovered $200
4199,D1366348564004199,Uncovered $200
4200,D4604456060004200,Uncovered $200
4201,D0447157616004201,Uncovered $200
4202,D4674608383004202,Uncovered $200
4203,D9894321473004203,Uncovered $200
4204,D5941534773004204,Uncovered $200
4205,D3205300111004205,Uncovered $200
4206,D8346501357004206,Uncovered $200
4207,D6331062236004207,Uncovered $200
4208,D1867242788004208,Uncovered $200
4209,D7852608765004209,Uncovered $200
4210,D1302643437004210,Uncovered $200
4211,D9848798746004211,Uncovered $200
4212,D9473597150004212,Uncovered $200
4213,D6220742608004213,Uncovered $200
4214,D9191212012004214,Uncovered $200
4215,D1069445179004215,Uncovered $200
4216,D2462307941004216,Uncovered $200
4217,D6963805009004217,Uncovered $200
4218,D9943851182004218,Uncovered $200
4219,D5372317739004219,Uncovered $200
4220,D6050831490004220,Uncovered $200
4221,D2050961315004221,Uncovered $200
4222,D5471742010004222,Uncovered $200
4223,D8039976640004223,Uncovered $200
4224,D0031188423004224,Uncovered $200
4225,D4188373522004225,Uncovered $200
4226,D7159513940004226,Uncovered $200
4227,D9187931949004227,Uncovered $200
4228,D9018433855004228,Uncovered $200
4229,D7477765788004229,Uncovered $200
4230,D7329695086004230,Uncovered $200
4231,D7680160539004231,Uncovered $200
4232,D6644460918004232,Uncovered $200
4233,D9394403029004233,Uncovered $200
4234,D3794040333004234,Uncovered $200
4235,D0011404573004235,Uncovered $200
4236,D8917231671004236,Uncovered $200
4237,D5297797664004237,Uncovered $200
4238,D0999672926004238,Uncovered $200
4239,D0010396090004239,Uncovered $200
4240,D5618808561004240,Uncovered $200
4241,D6124607542004241,Uncovered $200
4242,D5828113377004242,Uncovered $200
4243,D6251020955004243,Uncovered $200
4244,D5290709517004244,Uncovered $200
4245,D8375555427004245,Uncovered $200
4246,D2549323771004246,Uncovered $200
4247,D0740828443004247,Uncovered $200
4248,D6229201517004248,Uncovered $200
4249,D0715095291004249,Uncovered $200
4250,D2092210802004250,Uncovered $200
4251,D5059617758004251,Uncovered $200
4252,D2197788762004252,Uncovered $200
4253,D9200475904004253,Uncovered $200
4254,D8726110779004254,Uncovered $200
4255,D5866048676004255,Uncovered $200
4256,D8916973328004256,Uncovered $200
4257,D0475781643004257,Uncovered $200
4258,D1584247146004258,Uncovered $200
4259,D4668284058004259,Uncovered $200
4260,D8188820150004260,Uncovered $200
4261,D0543736283004261,Uncovered $200
4262,D8810248076004262,Uncovered $200
4263,D2781402867004263,Uncovered $200
4264,D9604834719004264,Uncovered $200
4265,D8257573074004265,Uncovered $200
4266,D1153515798004266,Uncovered $200
4267,D2462540902004267,Uncovered $200
4268,D5871489158004268,Uncovered $200
4269,D8923061088004269,Uncovered $200
4270,D7818112096004270,Uncovered $200
4271,D1311813013004271,Uncovered $200
4272,D8640751049004272,Uncovered $200
4273,D6710908577004273,Uncovered $200
4274,D8165527049004274,Uncovered $200
4275,D1072176299004275,Uncovered $200
4276,D2285505046004276,Uncovered $200
4277,D0855174386004277,Uncovered $200
4278,D2925382243004278,Uncovered $200
4279,D0531541456004279,Uncovered $200
4280,D1558128984004280,Uncovered $200
4281,D3180804194004281,Uncovered $200
4282,D9064939319004282,Uncovered $200
4283,D5079062778004283,Uncovered $200
4284,D3307101752004284,Uncovered $200
4285,D5731985654004285,Uncovered $200
4286,D0247317893004286,Uncovered $200
4287,D2295574484004287,Uncovered $200
4288,D3497333578004288,Uncovered $200
4289,D5908413341004289,Uncovered $200
4290,D0192326366004290,Uncovered $200
4291,D3444421232004291,Uncovered $200
4292,D1088011723004292,Uncovered $200
4293,D0490678857004293,Uncovered $200
4294,D8846873897004294,Uncovered $200
4295,D7629037848004295,Uncovered $200
4296,D1354851447004296,Uncovered $200
4297,D0669685718004297,Uncovered $200
4298,D7191475079004298,Uncovered $200
4299,D5016460775004299,Uncovered $200
4300,D7152276276004300,Uncovered $200
4301,D6859032960004301,Uncovered $200
4302,D3545055471004302,Uncovered $200
4303,D9008638305004303,Uncovered $200
4304,D3494756883004304,Uncovered $200
4305,D2545253456004305,Uncovered $200
4306,D8907168795004306,Uncovered $200
4307,D8830748464004307,Uncovered $200
4308,D3290205794004308,Uncovered $200
4309,D8386082347004309,Uncovered $200
4310,D4494482839004310,Uncovered $200
4311,D3118026076004311,Uncovered $200
4312,D6556705790004312,Uncovered $200
4313,D4730629087004313,Uncovered $200
4314,D2982488434004314,Uncovered $200
4315,D6221195295004315,Uncovered $200
4316,D8208189178004316,Uncovered $200
4317,D0994196024004317,Uncovered $200
4318,D1713900556004318,Uncovered $200
4319,D3925022469004319,Uncovered $200
4320,D3055752923004320,Uncovered $200
4321,D1288521478004321,Uncovered $200
4322,D1245891777004322,Uncovered $200
4323,D2069868165004323,Uncovered $200
4324,D9136782065004324,Uncovered $200
4325,D2122719999004325,Uncovered $200
4326,D3228172523004326,Uncovered $200
4327,D3849775363004327,Uncovered $200
4328,D1932355681004328,Uncovered $200
4329,D9208724414004329,Uncovered $200
4330,D9147813251004330,Uncovered $200
4331,D1017943638004331,Uncovered $200
4332,D0934468310004332,Uncovered $200
4333,D3363191936004333,Uncovered $200
4334,D6502016327004334,Uncovered $200
4335,D5385318712004335,Uncovered $200
4336,D7640501877004336,Uncovered $200
4337,D4984688592004337,Uncovered $200
4338,D2286738245004338,Uncovered $200
4339,D4795356064004339,Uncovered $200
4340,D8763160328004340,Uncovered $200
4341,D5118895901004341,Uncovered $200
4342,D4095791519004342,Uncovered $200
4343,D9976742897004343,Uncovered $200
4344,D1524859056004344,Uncovered $200
4345,D6847778081004345,Uncovered $200
4346,D5436520664004346,Uncovered $200
4347,D3129585997004347,Uncovered $200
4348,D8445733298004348,Uncovered $200
4349,D6635600135004349,Uncovered $200
4350,D9662783635004350,Uncovered $200
4351,D6669656118004351,Uncovered $200
4352,D7255399512004352,Uncovered $200
4353,D7363532800004353,Uncovered $200
4354,D6674630653004354,Uncovered $200
4355,D3365515980004355,Uncovered $200
4356,D8821832901004356,Uncovered $200
4357,D0679010918004357,Uncovered $200
4358,D6408137536004358,Uncovered $200
4359,D3740759870004359,Uncovered $200
4360,D3589279324004360,Uncovered $200
4361,D3148184476004361,Uncovered $200
4362,D8312567847004362,Uncovered $200
4363,D5847208494004363,Uncovered $200
4364,D0988329654004364,Uncovered $200
4365,D8019075069004365,Uncovered $200
4366,D3327570632004366,Uncovered $200
4367,D8063190866004367,Uncovered $200
4368,D8414143757004368,Uncovered $200
4369,D6404652829004369,Uncovered $200
4370,D3145082348004370,Uncovered $200
4371,D9788320502004371,Uncovered $200
4372,D6429188736004372,Uncovered $200
4373,D4685492138004373,Uncovered $200
4374,D5321022093004374,Uncovered $200
4375,D2648613307004375,Uncovered $200
4376,D7796446475004376,Uncovered $200
4377,D1338197866004377,Uncovered $200
4378,D5682492447004378,Uncovered $200
4379,D8004062865004379,Uncovered $200
4380,D1279323738004380,Uncovered $200
4381,D9734785605004381,Uncovered $200
4382,D5977590388004382,Uncovered $200
4383,D3177407648004383,Uncovered $200
4384,D4011700114004384,Uncovered $200
4385,D9820970899004385,Uncovered $200
4386,D1067688437004386,Uncovered $200
4387,D7476527037004387,Uncovered $200
4388,D2615348109004388,Uncovered $200
4389,D6519350134004389,Uncovered $200
4390,D2346589587004390,Uncovered $200
4391,D4067370977004391,Uncovered $200
4392,D1631160779004392,Uncovered $200
4393,D5781963093004393,Uncovered $200
4394,D2035399553004394,Uncovered $200
4395,D3840059351004395,Uncovered $200
4396,D3651277259004396,Uncovered $200
4397,D5379843549004397,Uncovered $200
4398,D6577832730004398,Uncovered $200
4399,D0547520602004399,Uncovered $200
4400,D8960348058004400,Uncovered $200
4401,D2118966619004401,Uncovered $200
4402,D4313238163004402,Uncovered $200
4403,D4716220591004403,Uncovered $200
4404,D0947548247004404,Uncovered $200
4405,D5115707424004405,Uncovered $200
4406,D2031411716004406,Uncovered $200
4407,D2755244751004407,Uncovered $200
4408,D1726815048004408,Uncovered $200
4409,D6867824103004409,Uncovered $200
4410,D1149655063004410,Uncovered $200
4411,D7821560059004411,Uncovered $200
4412,D6747678209004412,Uncovered $200
4413,D3780155797004413,Uncovered $200
4414,D2493309305004414,Uncovered $200
4415,D2385083726004415,Uncovered $200
4416,D7758786686004416,Uncovered $200
4417,D9480216529004417,Uncovered $200
4418,D1035066013004418,Uncovered $200
4419,D3850332693004419,Uncovered $200
4420,D0458063566004420,Uncovered $200
4421,D5551106775004421,Uncovered $200
4422,D4791084828004422,Uncovered $200
4423,D1236540398004423,Uncovered $200
4424,D5397143845004424,Uncovered $200
4425,D6967460387004425,Uncovered $200
4426,D1455916275004426,Uncovered $200
4427,D2046748231004427,Uncovered $200
4428,D7981669849004428,Uncovered $200
4429,D3018760099004429,Uncovered $200
4430,D7617781304004430,Uncovered $200
4431,D2752405360004431,Uncovered $200
4432,D8236691598004432,Uncovered $200
4433,D7889314304004433,Uncovered $200
4434,D4739903061004434,Uncovered $200
4435,D4549205224004435,Uncovered $200
4436,D7117251357004436,Uncovered $200
4437,D5881532937004437,Uncovered $200
4438,D7034932926004438,Uncovered $200
4439,D2945335313004439,Uncovered $200
4440,D1878540066004440,Uncovered $200
4441,D3101753799004441,Uncovered $200
4442,D7669053537004442,Uncovered $200
4443,D2611985988004443,Uncovered $200
4444,D3868727839004444,Uncovered $200
4445,D9155568609004445,Uncovered $200
4446,D5440351241004446,Uncovered $200
4447,D2337197700004447,Uncovered $200
4448,D6842090478004448,Uncovered $200
4449,D0755992016004449,Uncovered $200
4450,D9401066227004450,Uncovered $200
4451,D4619286454004451,Uncovered $200
4452,D5637768162004452,Uncovered $200
4453,D0229027609004453,Uncovered $200
4454,D4952718681004454,Uncovered $200
4455,D4210129486004455,Uncovered $200
4456,D0083183311004456,Uncovered $200
4457,D0965240472004457,Uncovered $200
4458,D9697433924004458,Uncovered $200
4459,D2190692768004459,Uncovered $200
4460,D3772184880004460,Uncovered $200
4461,D6143804223004461,Uncovered $200
4462,D7735854827004462,Uncovered $200
4463,D8754796693004463,Uncovered $200
4464,D9212616931004464,Uncovered $200
4465,D1778872998004465,Uncovered $200
4466,D4932491376004466,Uncovered $200
4467,D4268172063004467,Uncovered $200
4468,D8811125738004468,Uncovered $200
4469,D3238066499004469,Uncovered $200
4470,D5740179078004470,Uncovered $200
4471,D5820230399004471,Uncovered $200
4472,D4931572958004472,Uncovered $200
4473,D9899945744004473,Uncovered $200
4474,D2426499696004474,Uncovered $200
4475,D3004365891004475,Uncovered $200
4476,D6610919926004476,Uncovered $200
4477,D4198029217004477,Uncovered $200
4478,D3149643942004478,Uncovered $200
4479,D5475367359004479,Uncovered $200
4480,D3766462154004480,Uncovered $200
4481,D4366150839004481,Uncovered $200
4482,D6737991519004482,Uncovered $200
4483,D0181043869004483,Uncovered $200
4484,D0339937135004484,Uncovered $200
4485,D5015097945004485,Uncovered $200
4486,D7873662460004486,Uncovered $200
4487,D4210152312004487,Uncovered $200
4488,D8164994002004488,Uncovered $200
4489,D2879664075004489,Uncovered $200
4490,D3117233113004490,Uncovered $200
4491,D2412235072004491,Uncovered $200
4492,D7886878797004492,Uncovered $200
4493,D5945266842004493,Uncovered $200
4494,D8757445344004494,Uncovered $200
4495,D5001142351004495,Uncovered $200
4496,D6388479735004496,Uncovered $200
4497,D1741955558004497,Uncovered $200
4498,D1643293589004498,Uncovered $200
4499,D8544004973004499,Uncovered $200
4500,D2846330724004500,Uncovered $200
4501,D6727528573004501,Uncovered $200
4502,D2425071143004502,Uncovered $200
4503,D1116055458004503,Uncovered $200
4504,D5379837121004504,Uncovered $200
4505,D9123279145004505,Uncovered $200
4506,D7553620273004506,Uncovered $200
4507,D7389533381004507,Uncovered $200
4508,D1551263474004508,Uncovered $200
4509,D2253978668004509,Uncovered $200
4510,D9398652946004510,Uncovered $200
4511,D3247985104004511,Uncovered $200
4512,D8747309410004512,Uncovered $200
4513,D5594038159004513,Uncovered $200
4514,D0337633904004514,Uncovered $200
4515,D4986897277004515,Uncovered $200
4516,D9190166809004516,Uncovered $200
4517,D5076601390004517,Uncovered $200
4518,D3243597025004518,Uncovered $200
4519,D3494039485004519,Uncovered $200
4520,D8865861788004520,Uncovered $200
4521,D4747407116004521,Uncovered $200
4522,D4497776182004522,Uncovered $200
4523,D1499131790004523,Uncovered $200
4524,D1027586801004524,Uncovered $200
4525,D2933636813004525,Uncovered $200
4526,D3333369402004526,Uncovered $200
4527,D1283909475004527,Uncovered $200
4528,D4884104240004528,Uncovered $200
4529,D5795374131004529,Uncovered $200
4530,D8618026493004530,Uncovered $200
4531,D6724852295004531,Uncovered $200
4532,D0181154806004532,Uncovered $200
4533,D6118036603004533,Uncovered $200
4534,D4878616710004534,Uncovered $200
4535,D8038964266004535,Uncovered $200
4536,D7341811376004536,Uncovered $200
4537,D5157313361004537,Uncovered $200
4538,D4482683190004538,Uncovered $200
4539,D9589500541004539,Uncovered $200
4540,D0133782861004540,Uncovered $200
4541,D7897638229004541,Uncovered $200
4542,D2380894802004542,Uncovered $200
4543,D1094727156004543,Uncovered $200
4544,D2854236329004544,Uncovered $200
4545,D1333802577004545,Uncovered $200
4546,D2377140096004546,Uncovered $200
4547,D6347704482004547,Uncovered $200
4548,D3913190676004548,Uncovered $200
4549,D1034590043004549,Uncovered $200
4550,D9552800483004550,Uncovered $200
4551,D4061726281004551,Uncovered $200
4552,D2382298354004552,Uncovered $200
4553,D0127297362004553,Uncovered $200
4554,D4655211527004554,Uncovered $200
4555,D2576832540004555,Uncovered $200
4556,D5069217742004556,Uncovered $200
4557,D5855066939004557,Uncovered $200
4558,D6539833938004558,Uncovered $200
4559,D1644176150004559,Uncovered $200
4560,D1651116761004560,Uncovered $200
4561,D8221703926004561,Uncovered $200
4562,D0127041011004562,Uncovered $200
4563,D7661573225004563,Uncovered $200
4564,D9964988247004564,Uncovered $200
4565,D0718367570004565,Uncovered $200
4566,D1924870022004566,Uncovered $200
4567,D8139684797004567,Uncovered $200
4568,D8950163798004568,Uncovered $200
4569,D9795490218004569,Uncovered $200
4570,D7286845816004570,Uncovered $200
4571,D8977034283004571,Uncovered $200
4572,D4871317235004572,Uncovered $200
4573,D9659459126004573,Uncovered $200
4574,D3436161347004574,Uncovered $200
4575,D4796272522004575,Uncovered $200
4576,D2367609398004576,Uncovered $200
4577,D2890592360004577,Uncovered $200
4578,D8045329783004578,Uncovered $200
4579,D4504690545004579,Uncovered $200
4580,D7177362851004580,Uncovered $200
4581,D3476843228004581,Uncovered $200
4582,D6164842444004582,Uncovered $200
4583,D1348618011004583,Uncovered $200
4584,D1540986316004584,Uncovered $200
4585,D2766581092004585,Uncovered $200
4586,D2590521635004586,Uncovered $200
4587,D4281804180004587,Uncovered $200
4588,D4447686121004588,Uncovered $200
4589,D9423312738004589,Uncovered $200
4590,D4878957253004590,Uncovered $200
4591,D8850235790004591,Uncovered $200
4592,D6590366347004592,Uncovered $200
4593,D9128186512004593,Uncovered $200
4594,D5170937494004594,Uncovered $200
4595,D1139408848004595,Uncovered $200
4596,D9743399905004596,Uncovered $200
4597,D6990539927004597,Uncovered $200
4598,D9167536524004598,Uncovered $200
4599,D0569961235004599,Uncovered $200
4600,D7600888482004600,Uncovered $200
4601,D6564504878004601,Uncovered $200
4602,D2956737254004602,Uncovered $200
4603,D0265797927004603,Uncovered $200
4604,D4363679054004604,Uncovered $200
4605,D1130551978004605,Uncovered $200
4606,D7687406090004606,Uncovered $200
4607,D2320361287004607,Uncovered $200
4608,D6389209825004608,Uncovered $200
4609,D8740097386004609,Uncovered $200
4610,D2006570613004610,Uncovered $200
4611,D0741645323004611,Uncovered $200
4612,D7675758551004612,Uncovered $200
4613,D4451334198004613,Uncovered $200
4614,D8299609863004614,Uncovered $200
4615,D5561451828004615,Uncovered $200
4616,D4689844963004616,Uncovered $200
4617,D7145618873004617,Uncovered $200
4618,D3665403547004618,Uncovered $200
4619,D1964450636004619,Uncovered $200
4620,D8114422931004620,Uncovered $200
4621,D9721244564004621,Uncovered $200
4622,D1607337147004622,Uncovered $200
4623,D3850469357004623,Uncovered $200
4624,D3007170244004624,Uncovered $200
4625,D3000783278004625,Uncovered $200
4626,D9351741957004626,Uncovered $200
4627,D3987072457004627,Uncovered $200
4628,D5012573282004628,Uncovered $200
4629,D3305034586004629,Uncovered $200
4630,D7246920634004630,Uncovered $200
4631,D1561405166004631,Uncovered $200
4632,D3785238910004632,Uncovered $200
4633,D6193299902004633,Uncovered $200
4634,D0446906370004634,Uncovered $200
4635,D5885252280004635,Uncovered $200
4636,D5670224696004636,Uncovered $200
4637,D9521849469004637,Uncovered $200
4638,D5907600743004638,Uncovered $200
4639,D9989485009004639,Uncovered $200
4640,D8169555986004640,Uncovered $200
4641,D3127442428004641,Uncovered $200
4642,D9643558976004642,Uncovered $200
4643,D1084179967004643,Uncovered $200
4644,D8427267299004644,Uncovered $200
4645,D7245954981004645,Uncovered $200
4646,D7941915367004646,Uncovered $200
4647,D9885442951004647,Uncovered $200
4648,D6764777913004648,Uncovered $200
4649,D9722929739004649,Uncovered $200
4650,D4554127873004650,Uncovered $200
4651,D9424568425004651,Uncovered $200
4652,D2020864115004652,Uncovered $200
4653,D4092537185004653,Uncovered $200
4654,D5888961891004654,Uncovered $200
4655,D7053052699004655,Uncovered $200
4656,D7661362837004656,Uncovered $200
4657,D5847411190004657,Uncovered $200
4658,D8000624092004658,Uncovered $200
4659,D4842701808004659,Uncovered $200
4660,D7496869912004660,Uncovered $200
4661,D3410793231004661,Uncovered $200
4662,D9663901351004662,Uncovered $200
4663,D5115026937004663,Uncovered $200
4664,D1619087107004664,Uncovered $200
4665,D5664644825004665,Uncovered $200
4666,D5747641098004666,Uncovered $200
4667,D0060004851004667,Uncovered $200
4668,D3688271399004668,Uncovered $200
4669,D4215244143004669,Uncovered $200
4670,D9656808434004670,Uncovered $200
4671,D6701660755004671,Uncovered $200
4672,D5964712473004672,Uncovered $200
4673,D3109406974004673,Uncovered $200
4674,D2868960706004674,Uncovered $200
4675,D6723276672004675,Uncovered $200
4676,D9499713550004676,Uncovered $200
4677,D9921274338004677,Uncovered $200
4678,D0039643619004678,Uncovered $200
4679,D9746413114004679,Uncovered $200
4680,D7499276041004680,Uncovered $200
4681,D0818700957004681,Uncovered $200
4682,D8794915888004682,Uncovered $200
4683,D9138789917004683,Uncovered $200
4684,D4639059866004684,Uncovered $200
4685,D7832091152004685,Uncovered $200
4686,D9211646672004686,Uncovered $200
4687,D9606210587004687,Uncovered $200
4688,D4739609664004688,Uncovered $200
4689,D1945108753004689,Uncovered $200
4690,D6458127438004690,Uncovered $200
4691,D3973487297004691,Uncovered $200
4692,D4553417366004692,Uncovered $200
4693,D9587467926004693,Uncovered $200
4694,D0759288574004694,Uncovered $200
4695,D2512874190004695,Uncovered $200
4696,D3394112959004696,Uncovered $200
4697,D3546405945004697,Uncovered $200
4698,D7015258826004698,Uncovered $200
4699,D7414379563004699,Uncovered $200
4700,D7653838616004700,Uncovered $200
4701,D1232122265004701,Uncovered $200
4702,D8092051151004702,Uncovered $200
4703,D7434233130004703,Uncovered $200
4704,D4284981040004704,Uncovered $200
4705,D9148996604004705,Uncovered $200
4706,D7794391067004706,Uncovered $200
4707,D2443488829004707,Uncovered $200
4708,D1189849230004708,Uncovered $200
4709,D9157784288004709,Uncovered $200
4710,D1795652552004710,Uncovered $200
4711,D4221919126004711,Uncovered $200
4712,D0874337598004712,Uncovered $200
4713,D3085540340004713,Uncovered $200
4714,D6524888856004714,Uncovered $200
4715,D5076254784004715,Uncovered $200
4716,D4682093898004716,Uncovered $200
4717,D0531747659004717,Uncovered $200
4718,D0317986602004718,Uncovered $200
4719,D0754380298004719,Uncovered $200
4720,D2780633305004720,Uncovered $200
4721,D2175469702004721,Uncovered $200
4722,D3433349725004722,Uncovered $200
4723,D1537087052004723,Uncovered $200
4724,D9954129387004724,Uncovered $200
4725,D0020427861004725,Uncovered $200
4726,D9884921916004726,Uncovered $200
4727,D9906953808004727,Uncovered $200
4728,D4976183071004728,Uncovered $200
4729,D9817882441004729,Uncovered $200
4730,D6635962709004730,Uncovered $200
4731,D6504191216004731,Uncovered $200
4732,D7929160342004732,Uncovered $200
4733,D5257607885004733,Uncovered $200
4734,D9221933516004734,Uncovered $200
4735,D7367036434004735,Uncovered $200
4736,D4190130460004736,Uncovered $200
4737,D4030555917004737,Uncovered $200
4738,D7974749036004738,Uncovered $200
4739,D4083829382004739,Uncovered $200
4740,D5077974486004740,Uncovered $200
4741,D9368258422004741,Uncovered $200
4742,D6214066286004742,Uncovered $200
4743,D6795748106004743,Uncovered $200
4744,D1649069882004744,Uncovered $200
4745,D3067289198004745,Uncovered $200
4746,D8259441820004746,Uncovered $200
4747,D9314484897004747,Uncovered $200
4748,D1065053201004748,Uncovered $200
4749,D2426099244004749,Uncovered $200
4750,D4400694769004750,Uncovered $200
4751,D0601219587004751,Uncovered $200
4752,D6381261216004752,Uncovered $200
4753,D4519839592004753,Uncovered $200
4754,D9995725110004754,Uncovered $200
4755,D6976635551004755,Uncovered $200
4756,D2788528846004756,Uncovered $200
4757,D5587122564004757,Uncovered $200
4758,D7445263523004758,Uncovered $200
4759,D9697810593004759,Uncovered $200
4760,D7821003770004760,Uncovered $200
4761,D7334653185004761,Uncovered $200
4762,D9236247821004762,Uncovered $200
4763,D3002623234004763,Uncovered $200
4764,D4385467681004764,Uncovered $200
4765,D2292113909004765,Uncovered $200
4766,D9681889002004766,Uncovered $200
4767,D9875686326004767,Uncovered $200
4768,D8929250426004768,Uncovered $200
4769,D2780561811004769,Uncovered $200
4770,D0648243345004770,Uncovered $200
4771,D2007649266004771,Uncovered $200
4772,D8092745860004772,Uncovered $200
4773,D4830178206004773,Uncovered $200
4774,D9498159873004774,Uncovered $200
4775,D2405430307004775,Uncovered $200
4776,D9668686431004776,Uncovered $200
4777,D0592534823004777,Uncovered $200
4778,D4700317052004778,Uncovered $200
4779,D8224661249004779,Uncovered $200
4780,D4165424910004780,Uncovered $200
4781,D2528820960004781,Uncovered $200
4782,D8870311327004782,Uncovered $200
4783,D9578736216004783,Uncovered $200
4784,D6037243256004784,Uncovered $200
4785,D1429347942004785,Uncovered $200
4786,D2817032428004786,Uncovered $200
4787,D3029644553004787,Uncovered $200
4788,D8552406260004788,Uncovered $200
4789,D0447194657004789,Uncovered $200
4790,D5062753022004790,Uncovered $200
4791,D5178595106004791,Uncovered $200
4792,D0811955686004792,Uncovered $200
4793,D7002629075004793,Uncovered $200
4794,D1594749794004794,Uncovered $200
4795,D9163933886004795,Uncovered $200
4796,D3034742663004796,Uncovered $200
4797,D3680332455004797,Uncovered $200
4798,D9288395840004798,Uncovered $200
4799,D4610166597004799,Uncovered $200
4800,D5337736241004800,Uncovered $200
4801,D9346842404004801,Uncovered $200
4802,D8845265896004802,Uncovered $200
4803,D4392193974004803,Uncovered $200
4804,D5754425994004804,Uncovered $200
4805,D3741929527004805,Uncovered $200
4806,D5477593743004806,Uncovered $200
4807,D5546680527004807,Uncovered $200
4808,D7423777339004808,Uncovered $200
4809,D9710418833004809,Uncovered $200
4810,D6648003968004810,Uncovered $200
4811,D4666936563004811,Uncovered $200
4812,D7497874325004812,Uncovered $200
4813,D3018799177004813,Uncovered $200
4814,D8680045235004814,Uncovered $200
4815,D4432881531004815,Uncovered $200
4816,D1131741010004816,Uncovered $200
4817,D2920232428004817,Uncovered $200
4818,D8202049888004818,Uncovered $200
4819,D5373091194004819,Uncovered $200
4820,D5216714662004820,Uncovered $200
4821,D1763483360004821,Uncovered $200
4822,D9522939286004822,Uncovered $200
4823,D4293854334004823,Uncovered $200
4824,D0217361248004824,Uncovered $200
4825,D5827130281004825,Uncovered $200
4826,D2989640171004826,Uncovered $200
4827,D7336229422004827,Uncovered $200
4828,D4999904923004828,Uncovered $200
4829,D4752906176004829,Uncovered $200
4830,D2782667826004830,Uncovered $200
4831,D0947844458004831,Uncovered $200
4832,D0893413285004832,Uncovered $200
4833,D2095457589004833,Uncovered $200
4834,D8556515776004834,Uncovered $200
4835,D0452679702004835,Uncovered $200
4836,D8098573424004836,Uncovered $200
4837,D8177058212004837,Uncovered $200
4838,D3477556574004838,Uncovered $200
4839,D7783081233004839,Uncovered $200
4840,D8104996248004840,Uncovered $200
4841,D1533845645004841,Uncovered $200
4842,D2108933651004842,Uncovered $200
4843,D0275817517004843,Uncovered $200
4844,D1010680897004844,Uncovered $200
4845,D4959015990004845,Uncovered $200
4846,D4738524835004846,Uncovered $200
4847,D1115051677004847,Uncovered $200
4848,D6428591381004848,Uncovered $200
4849,D3778211453004849,Uncovered $200
4850,D7120191618004850,Uncovered $200
4851,D5854715541004851,Uncovered $200
4852,D1885122293004852,Uncovered $200
4853,D0128181685004853,Uncovered $200
4854,D3484281906004854,Uncovered $200
4855,D8234859943004855,Uncovered $200
4856,D9099792637004856,Uncovered $200
4857,D0211417026004857,Uncovered $200
4858,D7849129467004858,Uncovered $200
4859,D9515843475004859,Uncovered $200
4860,D7351349018004860,Uncovered $200
4861,D2888028204004861,Uncovered $200
4862,D7066180875004862,Uncovered $200
4863,D2879444512004863,Uncovered $200
4864,D3832778951004864,Uncovered $200
4865,D7874205801004865,Uncovered $200
4866,D5354766714004866,Uncovered $200
4867,D3255548237004867,Uncovered $200
4868,D7923873977004868,Uncovered $200
4869,D9374810605004869,Uncovered $200
4870,D5475169883004870,Uncovered $200
4871,D4985051208004871,Uncovered $200
4872,D3442707570004872,Uncovered $200
4873,D8965110060004873,Uncovered $200
4874,D8463526493004874,Uncovered $200
4875,D3506567940004875,Uncovered $200
4876,D5785173424004876,Uncovered $200
4877,D9160871616004877,Uncovered $200
4878,D2184408596004878,Uncovered $200
4879,D5908306701004879,Uncovered $200
4880,D4792500336004880,Uncovered $200
4881,D6748160721004881,Uncovered $200
4882,D3246258293004882,Uncovered $200
4883,D4751283190004883,Uncovered $200
4884,D3549011838004884,Uncovered $200
4885,D3050466614004885,Uncovered $200
4886,D0863330981004886,Uncovered $200
4887,D4830930379004887,Uncovered $200
4888,D9922951370004888,Uncovered $200
4889,D0796467574004889,Uncovered $200
4890,D6720620428004890,Uncovered $200
4891,D8027876504004891,Uncovered $200
4892,D4890915250004892,Uncovered $200
4893,D1225618024004893,Uncovered $200
4894,D7828305695004894,Uncovered $200
4895,D6340859154004895,Uncovered $200
4896,D4185176888004896,Uncovered $200
4897,D9212014163004897,Uncovered $200
4898,D2285773186004898,Uncovered $200
4899,D1035561297004899,Uncovered $200
4900,D8383078811004900,Uncovered $200
4901,D1980824021004901,Uncovered $200
4902,D0132140386004902,Uncovered $200
4903,D2896299976004903,Uncovered $200
4904,D3451509287004904,Uncovered $200
4905,D2472503177004905,Uncovered $200
4906,D5528433219004906,Uncovered $200
4907,D4570805548004907,Uncovered $200
4908,D1580248934004908,Uncovered $200
4909,D5937317802004909,Uncovered $200
4910,D7981608438004910,Uncovered $200
4911,D1635501303004911,Uncovered $200
4912,D3600561591004912,Uncovered $200
4913,D8711394092004913,Uncovered $200
4914,D1552595169004914,Uncovered $200
4915,D6752250594004915,Uncovered $200
4916,D0311028882004916,Uncovered $200
4917,D5118036837004917,Uncovered $200
4918,D7884371664004918,Uncovered $200
4919,D1517739316004919,Uncovered $200
4920,D3542010158004920,Uncovered $200
4921,D0674682171004921,Uncovered $200
4922,D5832011044004922,Uncovered $200
4923,D7976157603004923,Uncovered $200
4924,D2522248447004924,Uncovered $200
4925,D5427886035004925,Uncovered $200
4926,D2720717818004926,Uncovered $200
4927,D8968960451004927,Uncovered $200
4928,D0317854671004928,Uncovered $200
4929,D6512666997004929,Uncovered $200
4930,D9573673405004930,Uncovered $200
4931,D2122305677004931,Uncovered $200
4932,D8993509073004932,Uncovered $200
4933,D1602696551004933,Uncovered $200
4934,D7342835512004934,Uncovered $200
4935,D9583625474004935,Uncovered $200
4936,D2974298499004936,Uncovered $200
4937,D0596499863004937,Uncovered $200
4938,D7023955508004938,Uncovered $200
4939,D9224232647004939,Uncovered $200
4940,D9288690592004940,Uncovered $200
4941,D0679226532004941,Uncovered $200
4942,D2230488682004942,Uncovered $200
4943,D8956618410004943,Uncovered $200
4944,D4418268577004944,Uncovered $200
4945,D3941128891004945,Uncovered $200
4946,D5364913430004946,Uncovered $200
4947,D7228797350004947,Uncovered $200
4948,D1351469157004948,Uncovered $200
4949,D4934903813004949,Uncovered $200
4950,D2378525952004950,Uncovered $200
4951,D6938383911004951,Uncovered $200
4952,D9673114923004952,Uncovered $200
4953,D1934845563004953,Uncovered $200
4954,D4589303717004954,Uncovered $200
4955,D4457738077004955,Uncovered $200
4956,D1032004610004956,Uncovered $200
4957,D3268369458004957,Uncovered $200
4958,D2379387125004958,Uncovered $200
4959,D3790056740004959,Uncovered $200
4960,D5847142240004960,Uncovered $200
4961,D0078834703004961,Uncovered $200
4962,D6788716135004962,Uncovered $200
4963,D6399992504004963,Uncovered $200
4964,D5573454399004964,Uncovered $200
4965,D5222951038004965,Uncovered $200
4966,D4654589662004966,Uncovered $200
4967,D8231030184004967,Uncovered $200
4968,D8344589535004968,Uncovered $200
4969,D3797456972004969,Uncovered $200
4970,D9586387523004970,Uncovered $200
4971,D5171294855004971,Uncovered $200
4972,D1400077851004972,Uncovered $200
4973,D9192985213004973,Uncovered $200
4974,D2900950932004974,Uncovered $200
4975,D7646999231004975,Uncovered $200
4976,D0442932412004976,Uncovered $200
4977,D8050024825004977,Uncovered $200
4978,D3502050276004978,Uncovered $200
4979,D6368614997004979,Uncovered $200
4980,D1648469412004980,Uncovered $200
4981,D0384274463004981,Uncovered $200
4982,D4609510028004982,Uncovered $200
4983,D6051931295004983,Uncovered $200
4984,D5451832102004984,Uncovered $200
4985,D6908223350004985,Uncovered $200
4986,D4736965783004986,Uncovered $200
4987,D6349544461004987,Uncovered $200
4988,D6351241352004988,Uncovered $200
4989,D7399800207004989,Uncovered $200
4990,D3235922379004990,Uncovered $200
4991,D6115245630004991,Uncovered $200
4992,D9824531895004992,Uncovered $200
4993,D5040745787004993,Uncovered $200
4994,D1839618177004994,Uncovered $200
4995,D3078730688004995,Uncovered $200
4996,D4576591040004996,Uncovered $200
4997,D3102136715004997,Uncovered $200
4998,D0671092632004998,Uncovered $200
4999,D3009515416004999,Uncovered $200
5000,D1096260057005000,Uncovered $200
5001,D4635118467005001,Uncovered $200
5002,D1843088361005002,Uncovered $200
5003,D9250894133005003,Uncovered $200
5004,D4977418624005004,Uncovered $200
5005,D7546213738005005,Uncovered $200
5006,D1149948242005006,Uncovered $200
5007,D2198120116005007,Uncovered $200
5008,D6174378812005008,Uncovered $200
5009,D2643557021005009,Uncovered $200
5010,D4645842670005010,Uncovered $200
5011,D0226980420005011,Uncovered $200
5012,D0051134141005012,Uncovered $200
5013,D1938692253005013,Uncovered $200
5014,D7687961648005014,Uncovered $200
5015,D8014317240005015,Uncovered $200
5016,D6828582794005016,Uncovered $200
5017,D8969736293005017,Uncovered $200
5018,D8255381755005018,Uncovered $200
5019,D4561153645005019,Uncovered $200
5020,D1932024191005020,Uncovered $200
5021,D8434467033005021,Uncovered $200
5022,D1821976255005022,Uncovered $200
5023,D5660109398005023,Uncovered $200
5024,D4877595166005024,Uncovered $200
5025,D4109256987005025,Uncovered $200
5026,D4814656853005026,Uncovered $200
5027,D7408460608005027,Uncovered $200
5028,D7444484786005028,Uncovered $200
5029,D0658135295005029,Uncovered $200
5030,D4895659824005030,Uncovered $200
5031,D2221821555005031,Uncovered $200
5032,D8566018954005032,Uncovered $200
5033,D1204085313005033,Uncovered $200
5034,D2114804641005034,Uncovered $200
5035,D8163932508005035,Uncovered $200
5036,D5634880965005036,Uncovered $200
5037,D3905758846005037,Uncovered $200
5038,D4092781660005038,Uncovered $200
5039,D5066175602005039,Uncovered $200
5040,D1187213214005040,Uncovered $200
5041,D0446424499005041,Uncovered $200
5042,D7676141559005042,Uncovered $200
5043,D5375444264005043,Uncovered $200
5044,D5253531668005044,Uncovered $200
5045,D8768837673005045,Uncovered $200
5046,D8895618076005046,Uncovered $200
5047,D1300895623005047,Uncovered $200
5048,D1036703209005048,Uncovered $200
5049,D3482393993005049,Uncovered $200
5050,D4448734141005050,Uncovered $200
5051,D9441698095005051,Uncovered $200
5052,D8980436332005052,Uncovered $200
5053,D6765719343005053,Uncovered $200
5054,D7749074598005054,Uncovered $200
5055,D0609832985005055,Uncovered $200
5056,D6046494807005056,Uncovered $200
5057,D5087290822005057,Uncovered $200
5058,D5246870698005058,Uncovered $200
5059,D8756391925005059,Uncovered $200
5060,D3790245152005060,Uncovered $200
5061,D1487874013005061,Uncovered $200
5062,D6585939146005062,Uncovered $200
5063,D6329081299005063,Uncovered $200
5064,D8673829409005064,Uncovered $200
5065,D5930333103005065,Uncovered $200
5066,D5715531799005066,Uncovered $200
5067,D9049535757005067,Uncovered $200
5068,D3264966105005068,Uncovered $200
5069,D0304169440005069,Uncovered $200
5070,D2686622037005070,Uncovered $200
5071,D3901063423005071,Uncovered $200
5072,D3538749138005072,Uncovered $200
5073,D5784385798005073,Uncovered $200
5074,D8285928422005074,Uncovered $200
5075,D6936469057005075,Uncovered $200
5076,D7001273157005076,Uncovered $200
5077,D6823964634005077,Uncovered $200
5078,D6755259653005078,Uncovered $200
5079,D0799961488005079,Uncovered $200
5080,D3672053226005080,Uncovered $200
5081,D4466451744005081,Uncovered $200
5082,D6233026445005082,Uncovered $200
5083,D1063064869005083,Uncovered $200
5084,D5001514828005084,Uncovered $200
5085,D8353873240005085,Uncovered $200
5086,D4237441251005086,Uncovered $200
5087,D6519189710005087,Uncovered $200
5088,D1408991131005088,Uncovered $200
5089,D6918984785005089,Uncovered $200
5090,D9010536525005090,Uncovered $200
5091,D6898664891005091,Uncovered $200
5092,D8540647392005092,Uncovered $200
5093,D2689347538005093,Uncovered $200
5094,D2383698414005094,Uncovered $200
5095,D2046406407005095,Uncovered $200
5096,D2360861099005096,Uncovered $200
5097,D2808135157005097,Uncovered $200
5098,D1729989434005098,Uncovered $200
5099,D7586237495005099,Uncovered $200
5100,D4057400660005100,Uncovered $200
5101,D8090272313005101,Uncovered $200
5102,D9792340807005102,Uncovered $200
5103,D3266075935005103,Uncovered $200
5104,D3287396691005104,Uncovered $200
5105,D5883287476005105,Uncovered $200
5106,D2998430660005106,Uncovered $200
5107,D8587168448005107,Uncovered $200
5108,D8182712756005108,Uncovered $200
5109,D4715846946005109,Uncovered $200
5110,D3644162298005110,Uncovered $200
5111,D8009422546005111,Uncovered $200
5112,D6447990340005112,Uncovered $200
5113,D9482612466005113,Uncovered $200
5114,D6864506571005114,Uncovered $200
5115,D4582604790005115,Uncovered $200
5116,D9199206280005116,Uncovered $200
5117,D6871505707005117,Uncovered $200
5118,D6717909039005118,Uncovered $200
5119,D0920212443005119,Uncovered $200
5120,D8220542504005120,Uncovered $200
5121,D8578509635005121,Uncovered $200
5122,D7936988544005122,Uncovered $200
5123,D5010196057005123,Uncovered $200
5124,D9059094301005124,Uncovered $200
5125,D7443807023005125,Uncovered $200
5126,D0561315029005126,Uncovered $200
5127,D1362405400005127,Uncovered $200
5128,D3939395200005128,Uncovered $200
5129,D1062567340005129,Uncovered $200
5130,D1767413241005130,Uncovered $200
5131,D6041811150005131,Uncovered $200
5132,D4361298642005132,Uncovered $200
5133,D7266504030005133,Uncovered $200
5134,D8489162451005134,Uncovered $200
5135,D5531481382005135,Uncovered $200
5136,D1639075183005136,Uncovered $200
5137,D1421018609005137,Uncovered $200
5138,D4993696434005138,Uncovered $200
5139,D1323878542005139,Uncovered $200
5140,D6114230916005140,Uncovered $200
5141,D2589370529005141,Uncovered $200
5142,D6906286413005142,Uncovered $200
5143,D4181705993005143,Uncovered $200
5144,D0276051081005144,Uncovered $200
5145,D6238224093005145,Uncovered $200
5146,D4062813870005146,Uncovered $200
5147,D3378340662005147,Uncovered $200
5148,D1333111108005148,Uncovered $200
5149,D1834043786005149,Uncovered $200
5150,D9064640593005150,Uncovered $200
5151,D3729285233005151,Uncovered $200
5152,D4545001409005152,Uncovered $200
5153,D6089636107005153,Uncovered $200
5154,D3391301391005154,Uncovered $200
5155,D7323332112005155,Uncovered $200
5156,D1136810209005156,Uncovered $200
5157,D5134964695005157,Uncovered $200
5158,D8446703208005158,Uncovered $200
5159,D8611815798005159,Uncovered $200
5160,D4025436389005160,Uncovered $200
5161,D3621350356005161,Uncovered $200
5162,D6758258974005162,Uncovered $200
5163,D9762056345005163,Uncovered $200
5164,D6701577588005164,Uncovered $200
5165,D9002726164005165,Uncovered $200
5166,D3307416008005166,Uncovered $200
5167,D7933953142005167,Uncovered $200
5168,D6775903797005168,Uncovered $200
5169,D9037580807005169,Uncovered $200
5170,D8633482169005170,Uncovered $200
5171,D5466217292005171,Uncovered $200
5172,D3889213727005172,Uncovered $200
5173,D8769085023005173,Uncovered $200
5174,D4600805147005174,Uncovered $200
5175,D3382927909005175,Uncovered $200
5176,D0514111396005176,Uncovered $200
5177,D2606579071005177,Uncovered $200
5178,D7505762885005178,Uncovered $200
5179,D5415383861005179,Uncovered $200
5180,D7764478122005180,Uncovered $200
5181,D0920497120005181,Uncovered $200
5182,D4753616324005182,Uncovered $200
5183,D5145793746005183,Uncovered $200
5184,D4447886235005184,Uncovered $200
5185,D0304256556005185,Uncovered $200
5186,D6793107806005186,Uncovered $200
5187,D2832064462005187,Uncovered $200
5188,D7082244702005188,Uncovered $200
5189,D9693857692005189,Uncovered $200
5190,D8203687711005190,Uncovered $200
5191,D2058827716005191,Uncovered $200
5192,D0844653636005192,Uncovered $200
5193,D8117322856005193,Uncovered $200
5194,D6399287541005194,Uncovered $200
5195,D5523014753005195,Uncovered $200
5196,D7526932679005196,Uncovered $200
5197,D3976996666005197,Uncovered $200
5198,D3003799064005198,Uncovered $200
5199,D6942436603005199,Uncovered $200
5200,D2273821139005200,Uncovered $200
5201,D8915586904005201,Uncovered $200
5202,D9013619458005202,Uncovered $200
5203,D4431597846005203,Uncovered $200
5204,D5695421969005204,Uncovered $200
5205,D5538295039005205,Uncovered $200
5206,D8324674891005206,Uncovered $200
5207,D7394292525005207,Uncovered $200
5208,D6760702089005208,Uncovered $200
5209,D1897813676005209,Uncovered $200
5210,D3866672156005210,Uncovered $200
5211,D2101389016005211,Uncovered $200
5212,D7644207781005212,Uncovered $200
5213,D9356477898005213,Uncovered $200
5214,D5713473303005214,Uncovered $200
5215,D8915212250005215,Uncovered $200
5216,D1222108442005216,Uncovered $200
5217,D5847208920005217,Uncovered $200
5218,D0186666899005218,Uncovered $200
5219,D2075894555005219,Uncovered $200
5220,D4001947083005220,Uncovered $200
5221,D7781598245005221,Uncovered $200
5222,D7095173913005222,Uncovered $200
5223,D9918766796005223,Uncovered $200
5224,D1637994951005224,Uncovered $200
5225,D5403247120005225,Uncovered $200
5226,D9972590396005226,Uncovered $200
5227,D0550290934005227,Uncovered $200
5228,D9038878254005228,Uncovered $200
5229,D4706523416005229,Uncovered $200
5230,D4282720771005230,Uncovered $200
5231,D3030960295005231,Uncovered $200
5232,D6218283379005232,Uncovered $200
5233,D5442932077005233,Uncovered $200
5234,D7524356341005234,Uncovered $200
5235,D4044816396005235,Uncovered $200
5236,D1394943485005236,Uncovered $200
5237,D6708837893005237,Uncovered $200
5238,D7188434787005238,Uncovered $200
5239,D5162612999005239,Uncovered $200
5240,D3608355459005240,Uncovered $200
5241,D7357588057005241,Uncovered $200
5242,D7283649662005242,Uncovered $200
5243,D8631411346005243,Uncovered $200
5244,D6154857540005244,Uncovered $200
5245,D6202171945005245,Uncovered $200
5246,D1902813510005246,Uncovered $200
5247,D6174479130005247,Uncovered $200
5248,D1897372719005248,Uncovered $200
5249,D5188117057005249,Uncovered $200
5250,D8198129088005250,Uncovered $200
5251,D4093685197005251,Uncovered $200
5252,D3641309759005252,Uncovered $200
5253,D1462049294005253,Uncovered $200
5254,D6317139046005254,Uncovered $200
5255,D4914316937005255,Uncovered $200
5256,D2159724053005256,Uncovered $200
5257,D1031442125005257,Uncovered $200
5258,D2687016126005258,Uncovered $200
5259,D6003350933005259,Uncovered $200
5260,D0584473662005260,Uncovered $200
5261,D6067197377005261,Uncovered $200
5262,D9010449423005262,Uncovered $200
5263,D9300460838005263,Uncovered $200
5264,D1793060001005264,Uncovered $200
5265,D4214086835005265,Uncovered $200
5266,D8088141577005266,Uncovered $200
5267,D9974239758005267,Uncovered $200
5268,D8811622299005268,Uncovered $200
5269,D6293344388005269,Uncovered $200
5270,D4114604917005270,Uncovered $200
5271,D3156566204005271,Uncovered $200
5272,D7391145583005272,Uncovered $200
5273,D1890157863005273,Uncovered $200
5274,D6537416962005274,Uncovered $200
5275,D7496285991005275,Uncovered $200
5276,D9872367586005276,Uncovered $200
5277,D6481132932005277,Uncovered $200
5278,D4979467803005278,Uncovered $200
5279,D9291081691005279,Uncovered $200
5280,D3720083881005280,Uncovered $200
5281,D4548839716005281,Uncovered $200
5282,D8081671306005282,Uncovered $200
5283,D8022692699005283,Uncovered $200
5284,D9142274923005284,Uncovered $200
5285,D3303330467005285,Uncovered $200
5286,D4100537584005286,Uncovered $200
5287,D5486671497005287,Uncovered $200
5288,D6534271167005288,Uncovered $200
5289,D5248098218005289,Uncovered $200
5290,D5364233175005290,Uncovered $200
5291,D0851687019005291,Uncovered $200
5292,D3722882208005292,Uncovered $200
5293,D0833182884005293,Uncovered $200
5294,D2782039324005294,Uncovered $200
5295,D4668236547005295,Uncovered $200
5296,D1134797935005296,Uncovered $200
5297,D2500962717005297,Uncovered $200
5298,D1040548885005298,Uncovered $200
5299,D2921767190005299,Uncovered $200
5300,D3750342199005300,Uncovered $200
5301,D9312906630005301,Uncovered $200
5302,D1197022625005302,Uncovered $200
5303,D1541525911005303,Uncovered $200
5304,D8996159060005304,Uncovered $200
5305,D5722827572005305,Uncovered $200
5306,D6295382978005306,Uncovered $200
5307,D7811238609005307,Uncovered $200
5308,D8689416486005308,Uncovered $200
5309,D2426714769005309,Uncovered $200
5310,D3301637054005310,Uncovered $200
5311,D0385029140005311,Uncovered $200
5312,D4860546858005312,Uncovered $200
5313,D2145763613005313,Uncovered $200
5314,D7007768705005314,Uncovered $200
5315,D9265025923005315,Uncovered $200
5316,D8252483749005316,Uncovered $200
5317,D5067277516005317,Uncovered $200
5318,D0999204975005318,Uncovered $200
5319,D2818039213005319,Uncovered $200
5320,D9108750015005320,Uncovered $200
5321,D9120475230005321,Uncovered $200
5322,D3751052973005322,Uncovered $200
5323,D7655435042005323,Uncovered $200
5324,D3552203393005324,Uncovered $200
5325,D4576986735005325,Uncovered $200
5326,D3501665746005326,Uncovered $200
5327,D7978975168005327,Uncovered $200
5328,D6539295979005328,Uncovered $200
5329,D0158789233005329,Uncovered $200
5330,D8004502228005330,Uncovered $200
5331,D6011229892005331,Uncovered $200
5332,D0092601455005332,Uncovered $200
5333,D6020973462005333,Uncovered $200
5334,D2180961777005334,Uncovered $200
5335,D4054800462005335,Uncovered $200
5336,D5027991610005336,Uncovered $200
5337,D0309177925005337,Uncovered $200
5338,D9896394421005338,Uncovered $200
5339,D7739214263005339,Uncovered $200
5340,D1369770670005340,Uncovered $200
5341,D0546667572005341,Uncovered $200
5342,D1150603636005342,Uncovered $200
5343,D0537763880005343,Uncovered $200
5344,D4712858200005344,Uncovered $200
5345,D3320291868005345,Uncovered $200
5346,D4519029455005346,Uncovered $200
5347,D9961408320005347,Uncovered $200
5348,D1031936936005348,Uncovered $200
5349,D8129761411005349,Uncovered $200
5350,D2462621798005350,Uncovered $200
5351,D6388523128005351,Uncovered $200
5352,D0778214792005352,Uncovered $200
5353,D9231691170005353,Uncovered $200
5354,D6825796750005354,Uncovered $200
5355,D5163058635005355,Uncovered $200
5356,D8849095088005356,Uncovered $200
5357,D4673004562005357,Uncovered $200
5358,D8309610129005358,Uncovered $200
5359,D0845488599005359,Uncovered $200
5360,D9373802451005360,Uncovered $200
5361,D5550255625005361,Uncovered $200
5362,D1963582855005362,Uncovered $200
5363,D4809158370005363,Uncovered $200
5364,D8954732759005364,Uncovered $200
5365,D9958951360005365,Uncovered $200
5366,D0816872827005366,Uncovered $200
5367,D3659252113005367,Uncovered $200
5368,D6838688000005368,Uncovered $200
5369,D0263071888005369,Uncovered $200
5370,D4197803485005370,Uncovered $200
5371,D2825795845005371,Uncovered $200
5372,D2689487157005372,Uncovered $200
5373,D4029176326005373,Uncovered $200
5374,D4581962746005374,Uncovered $200
5375,D1000508247005375,Uncovered $200
5376,D8932146747005376,Uncovered $200
5377,D9669538055005377,Uncovered $200
5378,D1809941465005378,Uncovered $200
5379,D9641436834005379,Uncovered $200
5380,D6486496445005380,Uncovered $200
5381,D9695216048005381,Uncovered $200
5382,D2608708510005382,Uncovered $200
5383,D5652968506005383,Uncovered $200
5384,D0816859550005384,Uncovered $200
5385,D0196108398005385,Uncovered $200
5386,D7894200731005386,Uncovered $200
5387,D5182902925005387,Uncovered $200
5388,D8383096026005388,Uncovered $200
5389,D0956633991005389,Uncovered $200
5390,D6422091655005390,Uncovered $200
5391,D2944615357005391,Uncovered $200
5392,D7600622811005392,Uncovered $200
5393,D2689750359005393,Uncovered $200
5394,D3103220691005394,Uncovered $200
5395,D1009641580005395,Uncovered $200
5396,D1973813634005396,Uncovered $200
5397,D8488434726005397,Uncovered $200
5398,D3142976163005398,Uncovered $200
5399,D4649883004005399,Uncovered $200
5400,D2297814765005400,Uncovered $200
5401,D3739225350005401,Uncovered $200
5402,D8601299012005402,Uncovered $200
5403,D4994965919005403,Uncovered $200
5404,D2325227443005404,Uncovered $200
5405,D7055411357005405,Uncovered $200
5406,D7184874640005406,Uncovered $200
5407,D4939575377005407,Uncovered $200
5408,D6495201730005408,Uncovered $200
5409,D6086662270005409,Uncovered $200
5410,D9890302383005410,Uncovered $200
5411,D9737357889005411,Uncovered $200
5412,D2233049829005412,Uncovered $200
5413,D3561020672005413,Uncovered $200
5414,D2203785604005414,Uncovered $200
5415,D0622568509005415,Uncovered $200
5416,D0507443794005416,Uncovered $200
5417,D3453111984005417,Uncovered $200
5418,D3171172411005418,Uncovered $200
5419,D7331734400005419,Uncovered $200
5420,D9933396997005420,Uncovered $200
5421,D1560969017005421,Uncovered $200
5422,D6584882291005422,Uncovered $200
5423,D8202917186005423,Uncovered $200
5424,D7018838024005424,Uncovered $200
5425,D9995702460005425,Uncovered $200
5426,D5837338982005426,Uncovered $200
5427,D7018614116005427,Uncovered $200
5428,D8353971763005428,Uncovered $200
5429,D7488975945005429,Uncovered $200
5430,D8536155900005430,Uncovered $200
5431,D5078851302005431,Uncovered $200
5432,D7974585627005432,Uncovered $200
5433,D5034996194005433,Uncovered $200
5434,D5532989319005434,Uncovered $200
5435,D3997745009005435,Uncovered $200
5436,D6984376144005436,Uncovered $200
5437,D9720033409005437,Uncovered $200
5438,D9950772568005438,Uncovered $200
5439,D9065684706005439,Uncovered $200
5440,D0163024515005440,Uncovered $200
5441,D1926037162005441,Uncovered $200
5442,D9314109352005442,Uncovered $200
5443,D8611115581005443,Uncovered $200
5444,D5618179110005444,Uncovered $200
5445,D7088193806005445,Uncovered $200
5446,D4980755660005446,Uncovered $200
5447,D5760497920005447,Uncovered $200
5448,D2256925372005448,Uncovered $200
5449,D1241518918005449,Uncovered $200
5450,D1589261084005450,Uncovered $200
5451,D9996627513005451,Uncovered $200
5452,D4341463382005452,Uncovered $200
5453,D7970571969005453,Uncovered $200
5454,D7736174010005454,Uncovered $200
5455,D2969083056005455,Uncovered $200
5456,D4974296518005456,Uncovered $200
5457,D2305639322005457,Uncovered $200
5458,D6506980123005458,Uncovered $200
5459,D3958037510005459,Uncovered $200
5460,D3326690382005460,Uncovered $200
5461,D0489510293005461,Uncovered $200
5462,D8644603459005462,Uncovered $200
5463,D0968796105005463,Uncovered $200
5464,D6491032462005464,Uncovered $200
5465,D8718326803005465,Uncovered $200
5466,D1068148223005466,Uncovered $200
5467,D1048787659005467,Uncovered $200
5468,D8512934388005468,Uncovered $200
5469,D3470008306005469,Uncovered $200
5470,D7447333626005470,Uncovered $200
5471,D6372858852005471,Uncovered $200
5472,D6109230321005472,Uncovered $200
5473,D7954135517005473,Uncovered $200
5474,D3639041412005474,Uncovered $200
5475,D4253095894005475,Uncovered $200
5476,D7610266162005476,Uncovered $200
5477,D9380983094005477,Uncovered $200
5478,D2187592694005478,Uncovered $200
5479,D7596219435005479,Uncovered $200
5480,D8643440938005480,Uncovered $200
5481,D1426787688005481,Uncovered $200
5482,D0876148396005482,Uncovered $200
5483,D7472487826005483,Uncovered $200
5484,D1061630808005484,Uncovered $200
5485,D9639485007005485,Uncovered $200
5486,D1560882400005486,Uncovered $200
5487,D7905218815005487,Uncovered $200
5488,D8884896525005488,Uncovered $200
5489,D5595776574005489,Uncovered $200
5490,D8622231347005490,Uncovered $200
5491,D9470258549005491,Uncovered $200
5492,D6513852578005492,Uncovered $200
5493,D1016719084005493,Uncovered $200
5494,D0697783404005494,Uncovered $200
5495,D7329060610005495,Uncovered $200
5496,D9057450508005496,Uncovered $200
5497,D6556567390005497,Uncovered $200
5498,D4706617186005498,Uncovered $200
5499,D2566002676005499,Uncovered $200
5500,D8945396116005500,Uncovered $200
5501,D7026747982005501,Uncovered $200
5502,D4921684571005502,Uncovered $200
5503,D8739772372005503,Uncovered $200
5504,D3658388486005504,Uncovered $200
5505,D2305126971005505,Uncovered $200
5506,D4796478000005506,Uncovered $200
5507,D9874333850005507,Uncovered $200
5508,D7839445918005508,Uncovered $200
5509,D5515713359005509,Uncovered $200
5510,D4908099514005510,Uncovered $200
5511,D4859061687005511,Uncovered $200
5512,D4566880946005512,Uncovered $200
5513,D1232365758005513,Uncovered $200
5514,D1057378988005514,Uncovered $200
5515,D8846768603005515,Uncovered $200
5516,D6268703833005516,Uncovered $200
5517,D7322349822005517,Uncovered $200
5518,D4035547821005518,Uncovered $200
5519,D3877293106005519,Uncovered $200
5520,D9073164938005520,Uncovered $200
5521,D6670990086005521,Uncovered $200
5522,D8892756357005522,Uncovered $200
5523,D9917820590005523,Uncovered $200
5524,D1651143097005524,Uncovered $200
5525,D2983585287005525,Uncovered $200
5526,D1696267716005526,Uncovered $200
5527,D1231825050005527,Uncovered $200
5528,D0059871835005528,Uncovered $200
5529,D1232605040005529,Uncovered $200
5530,D6984303349005530,Uncovered $200
5531,D1572263454005531,Uncovered $200
5532,D1002290406005532,Uncovered $200
5533,D0485636235005533,Uncovered $200
5534,D1263637275005534,Uncovered $200
5535,D7405996215005535,Uncovered $200
5536,D1388342710005536,Uncovered $200
5537,D4150338600005537,Uncovered $200
5538,D1576747585005538,Uncovered $200
5539,D7322171725005539,Uncovered $200
5540,D7418790670005540,Uncovered $200
5541,D4813109472005541,Uncovered $200
5542,D3007508536005542,Uncovered $200
5543,D2439574112005543,Uncovered $200
5544,D0325452180005544,Uncovered $200
5545,D8550559423005545,Uncovered $200
5546,D0185757832005546,Uncovered $200
5547,D2151409817005547,Uncovered $200
5548,D4384310654005548,Uncovered $200
5549,D9851929736005549,Uncovered $200
5550,D9239467855005550,Uncovered $200
5551,D1618489028005551,Uncovered $200
5552,D5052671258005552,Uncovered $200
5553,D9015896381005553,Uncovered $200
5554,D2189920255005554,Uncovered $200
5555,D1435819720005555,Uncovered $200
5556,D4235166205005556,Uncovered $200
5557,D4744455627005557,Uncovered $200
5558,D8746544223005558,Uncovered $200
5559,D4924214197005559,Uncovered $200
5560,D5543517283005560,Uncovered $200
5561,D9238169963005561,Uncovered $200
5562,D9029852879005562,Uncovered $200
5563,D5548723885005563,Uncovered $200
5564,D9058212087005564,Uncovered $200
5565,D8628817283005565,Uncovered $200
5566,D9944145187005566,Uncovered $200
5567,D1634723597005567,Uncovered $200
5568,D5910631430005568,Uncovered $200
5569,D9995055086005569,Uncovered $200
5570,D4752280636005570,Uncovered $200
5571,D4856396874005571,Uncovered $200
5572,D6316635677005572,Uncovered $200
5573,D6641283711005573,Uncovered $200
5574,D0077572521005574,Uncovered $200
5575,D7547551883005575,Uncovered $200
5576,D9176474851005576,Uncovered $200
5577,D2221889981005577,Uncovered $200
5578,D6078170041005578,Uncovered $200
5579,D3701492176005579,Uncovered $200
5580,D8953450597005580,Uncovered $200
5581,D9156020245005581,Uncovered $200
5582,D5623215605005582,Uncovered $200
5583,D2630552197005583,Uncovered $200
5584,D0046372169005584,Uncovered $200
5585,D3728699781005585,Uncovered $200
5586,D6921043624005586,Uncovered $200
5587,D3821108310005587,Uncovered $200
5588,D1689033231005588,Uncovered $200
5589,D5111875800005589,Uncovered $200
5590,D0033815837005590,Uncovered $200
5591,D2823681119005591,Uncovered $200
5592,D5534939320005592,Uncovered $200
5593,D1569788780005593,Uncovered $200
5594,D2936814298005594,Uncovered $200
5595,D9762875044005595,Uncovered $200
5596,D7905734569005596,Uncovered $200
5597,D3312154399005597,Uncovered $200
5598,D2184287134005598,Uncovered $200
5599,D1269229323005599,Uncovered $200
5600,D1178724172005600,Uncovered $200
5601,D5199645390005601,Uncovered $200
5602,D1152087401005602,Uncovered $200
5603,D1333693064005603,Uncovered $200
5604,D2422197085005604,Uncovered $200
5605,D2801016825005605,Uncovered $200
5606,D6726870688005606,Uncovered $200
5607,D8686280702005607,Uncovered $200
5608,D8603769056005608,Uncovered $200
5609,D6768636475005609,Uncovered $200
5610,D5708416579005610,Uncovered $200
5611,D2167456995005611,Uncovered $200
5612,D0343107407005612,Uncovered $200
5613,D8539386408005613,Uncovered $200
5614,D7610933640005614,Uncovered $200
5615,D9205187214005615,Uncovered $200
5616,D7907353625005616,Uncovered $200
5617,D5486271638005617,Uncovered $200
5618,D1335235399005618,Uncovered $200
5619,D3108091269005619,Uncovered $200
5620,D6579071599005620,Uncovered $200
5621,D0518519378005621,Uncovered $200
5622,D5009231160005622,Uncovered $200
5623,D3372128437005623,Uncovered $200
5624,D7259338503005624,Uncovered $200
5625,D7912244558005625,Uncovered $200
5626,D4878959839005626,Uncovered $200
5627,D1849718459005627,Uncovered $200
5628,D7436878965005628,Uncovered $200
5629,D3860250867005629,Uncovered $200
5630,D0692191190005630,Uncovered $200
5631,D4955914790005631,Uncovered $200
5632,D8537687099005632,Uncovered $200
5633,D9785241698005633,Uncovered $200
5634,D2862149682005634,Uncovered $200
5635,D7941489846005635,Uncovered $200
5636,D3361548607005636,Uncovered $200
5637,D0728463691005637,Uncovered $200
5638,D6318684812005638,Uncovered $200
5639,D5456593410005639,Uncovered $200
5640,D2884951727005640,Uncovered $200
5641,D8094364561005641,Uncovered $200
5642,D0616913719005642,Uncovered $200
5643,D1959062006005643,Uncovered $200
5644,D4831606226005644,Uncovered $200
5645,D9783286088005645,Uncovered $200
5646,D2839518471005646,Uncovered $200
5647,D6987486042005647,Uncovered $200
5648,D3516761335005648,Uncovered $200
5649,D8192171102005649,Uncovered $200
5650,D3255467534005650,Uncovered $200
5651,D0289654840005651,Uncovered $200
5652,D4259485456005652,Uncovered $200
5653,D2860788316005653,Uncovered $200
5654,D1989444355005654,Uncovered $200
5655,D5251767043005655,Uncovered $200
5656,D1658256172005656,Uncovered $200
5657,D7471612675005657,Uncovered $200
5658,D9605923851005658,Uncovered $200
5659,D5489553694005659,Uncovered $200
5660,D4098299574005660,Uncovered $200
5661,D6738793701005661,Uncovered $200
5662,D2232316470005662,Uncovered $200
5663,D2168485314005663,Uncovered $200
5664,D5417665804005664,Uncovered $200
5665,D5299528783005665,Uncovered $200
5666,D1259733902005666,Uncovered $200
5667,D0898245572005667,Uncovered $200
5668,D2393397265005668,Uncovered $200
5669,D6605766333005669,Uncovered $200
5670,D0607478894005670,Uncovered $200
5671,D8227920501005671,Uncovered $200
5672,D7949537077005672,Uncovered $200
5673,D9639901019005673,Uncovered $200
5674,D8550957742005674,Uncovered $200
5675,D8194552855005675,Uncovered $200
5676,D2695911438005676,Uncovered $200
5677,D3314906533005677,Uncovered $200
5678,D8456907621005678,Uncovered $200
5679,D1457770691005679,Uncovered $200
5680,D8261902727005680,Uncovered $200
5681,D2983628194005681,Uncovered $200
5682,D3576060187005682,Uncovered $200
5683,D4063625778005683,Uncovered $200
5684,D5414240874005684,Uncovered $200
5685,D0363072396005685,Uncovered $200
5686,D9525062759005686,Uncovered $200
5687,D6469343605005687,Uncovered $200
5688,D5750476748005688,Uncovered $200
5689,D0962955088005689,Uncovered $200
5690,D5146350150005690,Uncovered $200
5691,D1101900801005691,Uncovered $200
5692,D8440617144005692,Uncovered $200
5693,D4491459903005693,Uncovered $200
5694,D4478166817005694,Uncovered $200
5695,D8639547664005695,Uncovered $200
5696,D9134018607005696,Uncovered $200
5697,D6895366192005697,Uncovered $200
5698,D6670798223005698,Uncovered $200
5699,D7279948941005699,Uncovered $200
5700,D9818444408005700,Uncovered $200
5701,D0902116134005701,Uncovered $200
5702,D3023842987005702,Uncovered $200
5703,D4724093950005703,Uncovered $200
5704,D4462181391005704,Uncovered $200
5705,D7708418126005705,Uncovered $200
5706,D6706017744005706,Uncovered $200
5707,D4437089607005707,Uncovered $200
5708,D9613031009005708,Uncovered $200
5709,D0483107237005709,Uncovered $200
5710,D5759352153005710,Uncovered $200
5711,D2995003757005711,Uncovered $200
5712,D9229731802005712,Uncovered $200
5713,D6257488668005713,Uncovered $200
5714,D3305267363005714,Uncovered $200
5715,D1792554420005715,Uncovered $200
5716,D7027781080005716,Uncovered $200
5717,D0395081874005717,Uncovered $200
5718,D6921528243005718,Uncovered $200
5719,D5407287175005719,Uncovered $200
5720,D6232184986005720,Uncovered $200
5721,D1558796316005721,Uncovered $200
5722,D5655356684005722,Uncovered $200
5723,D2836149368005723,Uncovered $200
5724,D2936102856005724,Uncovered $200
5725,D0384864450005725,Uncovered $200
5726,D8606898775005726,Uncovered $200
5727,D6092924618005727,Uncovered $200
5728,D2709634132005728,Uncovered $200
5729,D3287131399005729,Uncovered $200
5730,D1675078676005730,Uncovered $200
5731,D8516992672005731,Uncovered $200
5732,D9757123386005732,Uncovered $200
5733,D4982454841005733,Uncovered $200
5734,D6130318985005734,Uncovered $200
5735,D1673514406005735,Uncovered $200
5736,D7213931041005736,Uncovered $200
5737,D3098165576005737,Uncovered $200
5738,D9857632073005738,Uncovered $200
5739,D6451485289005739,Uncovered $200
5740,D1123047867005740,Uncovered $200
5741,D0718731011005741,Uncovered $200
5742,D0467424105005742,Uncovered $200
5743,D9718902240005743,Uncovered $200
5744,D1818232187005744,Uncovered $200
5745,D1002937436005745,Uncovered $200
5746,D2062513499005746,Uncovered $200
5747,D1318101904005747,Uncovered $200
5748,D9672917905005748,Uncovered $200
5749,D8386001205005749,Uncovered $200
5750,D4080128081005750,Uncovered $200
5751,D3979050904005751,Uncovered $200
5752,D2465924347005752,Uncovered $200
5753,D4659008372005753,Uncovered $200
5754,D9889599879005754,Uncovered $200
5755,D8034118497005755,Uncovered $200
5756,D8763791680005756,Uncovered $200
5757,D0275055481005757,Uncovered $200
5758,D9554498023005758,Uncovered $200
5759,D9118891588005759,Uncovered $200
5760,D5747501628005760,Uncovered $200
5761,D7884762005005761,Uncovered $200
5762,D4206676834005762,Uncovered $200
5763,D9950069686005763,Uncovered $200
5764,D5607809852005764,Uncovered $200
5765,D5378415973005765,Uncovered $200
5766,D1329109704005766,Uncovered $200
5767,D3066681425005767,Uncovered $200
5768,D9451280739005768,Uncovered $200
5769,D5793544151005769,Uncovered $200
5770,D1924971829005770,Uncovered $200
5771,D4157858868005771,Uncovered $200
5772,D1111660885005772,Uncovered $200
5773,D3874339388005773,Uncovered $200
5774,D8035398257005774,Uncovered $200
5775,D4573838858005775,Uncovered $200
5776,D5702339908005776,Uncovered $200
5777,D0674925130005777,Uncovered $200
5778,D3287276095005778,Uncovered $200
5779,D3726135906005779,Uncovered $200
5780,D2279772745005780,Uncovered $200
5781,D7946884446005781,Uncovered $200
5782,D7448991161005782,Uncovered $200
5783,D4210638762005783,Uncovered $200
5784,D9935909148005784,Uncovered $200
5785,D5287653626005785,Uncovered $200
5786,D8831164267005786,Uncovered $200
5787,D4572877351005787,Uncovered $200
5788,D8542313569005788,Uncovered $200
5789,D0837544470005789,Uncovered $200
5790,D9439373023005790,Uncovered $200
5791,D8117960550005791,Uncovered $200
5792,D0372930310005792,Uncovered $200
5793,D1658772468005793,Uncovered $200
5794,D8160058468005794,Uncovered $200
5795,D3037068755005795,Uncovered $200
5796,D4697934519005796,Uncovered $200
5797,D4927662427005797,Uncovered $200
5798,D0080501553005798,Uncovered $200
5799,D8764530855005799,Uncovered $200
5800,D2132623540005800,Uncovered $200
5801,D3136029815005801,Uncovered $200
5802,D2347581167005802,Uncovered $200
5803,D7321654983005803,Uncovered $200
5804,D8978490877005804,Uncovered $200
5805,D7618306260005805,Uncovered $200
5806,D0995967557005806,Uncovered $200
5807,D0492192057005807,Uncovered $200
5808,D5557707901005808,Uncovered $200
5809,D4216744487005809,Uncovered $200
5810,D4630515298005810,Uncovered $200
5811,D3500189315005811,Uncovered $200
5812,D7396132396005812,Uncovered $200
5813,D4130303922005813,Uncovered $200
5814,D1004819395005814,Uncovered $200
5815,D6034271267005815,Uncovered $200
5816,D6840528169005816,Uncovered $200
5817,D1939526379005817,Uncovered $200
5818,D1099730929005818,Uncovered $200
5819,D4153480275005819,Uncovered $200
5820,D7262749220005820,Uncovered $200
5821,D8213093742005821,Uncovered $200
5822,D6941104273005822,Uncovered $200
5823,D1518396798005823,Uncovered $200
5824,D4387850844005824,Uncovered $200
5825,D9274764517005825,Uncovered $200
5826,D8043960710005826,Uncovered $200
5827,D9600909656005827,Uncovered $200
5828,D6423283888005828,Uncovered $200
5829,D2926062757005829,Uncovered $200
5830,D9767378593005830,Uncovered $200
5831,D6038419622005831,Uncovered $200
5832,D0133863027005832,Uncovered $200
5833,D9901337982005833,Uncovered $200
5834,D5131938624005834,Uncovered $200
5835,D3472361364005835,Uncovered $200
5836,D8501958333005836,Uncovered $200
5837,D9802709021005837,Uncovered $200
5838,D6257307588005838,Uncovered $200
5839,D7301679480005839,Uncovered $200
5840,D3968690335005840,Uncovered $200
5841,D1481760533005841,Uncovered $200
5842,D2630231279005842,Uncovered $200
5843,D5372387291005843,Uncovered $200
5844,D2141995612005844,Uncovered $200
5845,D0315470811005845,Uncovered $200
5846,D0684418427005846,Uncovered $200
5847,D7101326186005847,Uncovered $200
5848,D9735787557005848,Uncovered $200
5849,D0094268602005849,Uncovered $200
5850,D8715278043005850,Uncovered $200
5851,D2793541849005851,Uncovered $200
5852,D8328208374005852,Uncovered $200
5853,D7184948706005853,Uncovered $200
5854,D3085212848005854,Uncovered $200
5855,D6216116683005855,Uncovered $200
5856,D9215773655005856,Uncovered $200
5857,D1569503679005857,Uncovered $200
5858,D0597882736005858,Uncovered $200
5859,D4148396305005859,Uncovered $200
5860,D1889588576005860,Uncovered $200
5861,D7410261061005861,Uncovered $200
5862,D1617553293005862,Uncovered $200
5863,D7223909858005863,Uncovered $200
5864,D7838378263005864,Uncovered $200
5865,D5686233132005865,Uncovered $200
5866,D1980471014005866,Uncovered $200
5867,D8356513105005867,Uncovered $200
5868,D1331579607005868,Uncovered $200
5869,D0696407403005869,Uncovered $200
5870,D7913143800005870,Uncovered $200
5871,D2732998843005871,Uncovered $200
5872,D1991594387005872,Uncovered $200
5873,D4462247845005873,Uncovered $200
5874,D4757223964005874,Uncovered $200
5875,D1157828166005875,Uncovered $200
5876,D0532810061005876,Uncovered $200
5877,D2554802323005877,Uncovered $200
5878,D1429474454005878,Uncovered $200
5879,D2174907556005879,Uncovered $200
5880,D9821189346005880,Uncovered $200
5881,D7840256940005881,Uncovered $200
5882,D2962661855005882,Uncovered $200
5883,D8733917144005883,Uncovered $200
5884,D3275103383005884,Uncovered $200
5885,D2939139189005885,Uncovered $200
5886,D4069581715005886,Uncovered $200
5887,D3127114431005887,Uncovered $200
5888,D1712696505005888,Uncovered $200
5889,D0717507258005889,Uncovered $200
5890,D2462902241005890,Uncovered $200
5891,D1221894259005891,Uncovered $200
5892,D2135458022005892,Uncovered $200
5893,D7456493913005893,Uncovered $200
5894,D1089434980005894,Uncovered $200
5895,D9646850941005895,Uncovered $200
5896,D9616279909005896,Uncovered $200
5897,D0871382073005897,Uncovered $200
5898,D0077466528005898,Uncovered $200
5899,D4011968102005899,Uncovered $200
5900,D7649186474005900,Uncovered $200
5901,D4169985421005901,Uncovered $200
5902,D2654324640005902,Uncovered $200
5903,D9739261243005903,Uncovered $200
5904,D4465868277005904,Uncovered $200
5905,D8744704245005905,Uncovered $200
5906,D7601959648005906,Uncovered $200
5907,D1904019077005907,Uncovered $200
5908,D4338164490005908,Uncovered $200
5909,D9060121984005909,Uncovered $200
5910,D9375506673005910,Uncovered $200
5911,D2190860884005911,Uncovered $200
5912,D0620711150005912,Uncovered $200
5913,D2538070273005913,Uncovered $200
5914,D8071741085005914,Uncovered $200
5915,D8549996628005915,Uncovered $200
5916,D9984635971005916,Uncovered $200
5917,D8515281729005917,Uncovered $200
5918,D5507896984005918,Uncovered $200
5919,D9064968253005919,Uncovered $200
5920,D0322519416005920,Uncovered $200
5921,D2490309784005921,Uncovered $200
5922,D3016175610005922,Uncovered $200
5923,D8018878577005923,Uncovered $200
5924,D0005856752005924,Uncovered $200
5925,D2258401493005925,Uncovered $200
5926,D7167354712005926,Uncovered $200
5927,D6748981801005927,Uncovered $200
5928,D7985912338005928,Uncovered $200
5929,D8264031219005929,Uncovered $200
5930,D1132421719005930,Uncovered $200
5931,D0101177929005931,Uncovered $200
5932,D3930104813005932,Uncovered $200
5933,D8299898424005933,Uncovered $200
5934,D4615362940005934,Uncovered $200
5935,D6809668083005935,Uncovered $200
5936,D5712797608005936,Uncovered $200
5937,D4239209992005937,Uncovered $200
5938,D5749638214005938,Uncovered $200
5939,D8260741367005939,Uncovered $200
5940,D9051253676005940,Uncovered $200
5941,D4392422742005941,Uncovered $200
5942,D6964931284005942,Uncovered $200
5943,D1113501066005943,Uncovered $200
5944,D3951687740005944,Uncovered $200
5945,D9027190599005945,Uncovered $200
5946,D5335298465005946,Uncovered $200
5947,D7234897965005947,Uncovered $200
5948,D8541738682005948,Uncovered $200
5949,D4236233165005949,Uncovered $200
5950,D7518317835005950,Uncovered $200
5951,D9871365286005951,Uncovered $200
5952,D6248786317005952,Uncovered $200
5953,D3453007988005953,Uncovered $200
5954,D8061594803005954,Uncovered $200
5955,D0220900375005955,Uncovered $200
5956,D0763367781005956,Uncovered $200
5957,D3386239547005957,Uncovered $200
5958,D2630900639005958,Uncovered $200
5959,D6961108892005959,Uncovered $200
5960,D1553296789005960,Uncovered $200
5961,D5484763465005961,Uncovered $200
5962,D7306809553005962,Uncovered $200
5963,D1699171953005963,Uncovered $200
5964,D1224560860005964,Uncovered $200
5965,D5093753264005965,Uncovered $200
5966,D3646444505005966,Uncovered $200
5967,D5567464210005967,Uncovered $200
5968,D4320145857005968,Uncovered $200
5969,D7219201592005969,Uncovered $200
5970,D0024320485005970,Uncovered $200
5971,D2287655692005971,Uncovered $200
5972,D7254254863005972,Uncovered $200
5973,D9637707979005973,Uncovered $200
5974,D0571222418005974,Uncovered $200
5975,D9002424161005975,Uncovered $200
5976,D8810722081005976,Uncovered $200
5977,D2982360159005977,Uncovered $200
5978,D0528472005005978,Uncovered $200
5979,D3545330351005979,Uncovered $200
5980,D1442541739005980,Uncovered $200
5981,D6429569777005981,Uncovered $200
5982,D4680711275005982,Uncovered $200
5983,D0021124035005983,Uncovered $200
5984,D0844480080005984,Uncovered $200
5985,D8021037053005985,Uncovered $200
5986,D1070503769005986,Uncovered $200
5987,D2729009278005987,Uncovered $200
5988,D7579911235005988,Uncovered $200
5989,D4956224477005989,Uncovered $200
5990,D3024018797005990,Uncovered $200
5991,D9148086370005991,Uncovered $200
5992,D7083745467005992,Uncovered $200
5993,D9228870221005993,Uncovered $200
5994,D0814771227005994,Uncovered $200
5995,D3341931997005995,Uncovered $200
5996,D9811059993005996,Uncovered $200
5997,D6084877662005997,Uncovered $200
5998,D2775356422005998,Uncovered $200
5999,D3515045154005999,Uncovered $200
6000,D9063885414006000,Uncovered $200
10001,D1796891875010001,Covered $200
10002,D7344563089010002,Covered $200
10003,D1343445632010003,Covered $200
10004,D0229389178010004,Covered $200
10005,D5518900275010005,Covered $200
10006,D9979862063010006,Covered $200
10007,D1925163242010007,Covered $200
10008,D5679292557010008,Covered $200
10009,D4061970368010009,Covered $200
10010,D3949872022010010,Covered $200
10011,D6796891395010011,Covered $200
10012,D3077994030010012,Covered $200
10013,D4869162198010013,Covered $200
10014,D5410241419010014,Covered $200
10015,D7583389352010015,Covered $200
10016,D8126444170010016,Covered $200
10017,D8163321565010017,Covered $200
10018,D4260405016010018,Covered $200
10019,D4891214310010019,Covered $200
10020,D5944765262010020,Covered $200
10021,D5087506817010021,Covered $200
10022,D7689715566010022,Covered $200
10023,D1170552402010023,Covered $200
10024,D3307333268010024,Covered $200
10025,D3722690991010025,Covered $200
10026,D2804449158010026,Covered $200
10027,D3219300926010027,Covered $200
10028,D9634348651010028,Covered $200
10029,D6577229689010029,Covered $200
10030,D8819470529010030,Covered $200
10031,D9253032694010031,Covered $200
10032,D0059542060010032,Covered $200
10033,D0279041448010033,Covered $200
10034,D7628642617010034,Covered $200
10035,D3611395605010035,Covered $200
10036,D6702784428010036,Covered $200
10037,D8853974403010037,Covered $200
10038,D1733631490010038,Covered $200
10039,D2714327252010039,Covered $200
10040,D5731375979010040,Covered $200
10041,D0432619803010041,Covered $200
10042,D2169680678010042,Covered $200
10043,D1272460861010043,Covered $200
10044,D6172139784010044,Covered $200
10045,D8919764906010045,Covered $200
10046,D4533424470010046,Covered $200
10047,D9201109766010047,Covered $200
10048,D5724413679010048,Covered $200
10049,D5219102866010049,Covered $200
10050,D8905528581010050,Covered $200
10051,D5525668853010051,Covered $200
10052,D9195122784010052,Covered $200
10053,D5637927197010053,Covered $200
10054,D8863714348010054,Covered $200
10055,D0138346290010055,Covered $200
10056,D6473653940010056,Covered $200
10057,D7308845789010057,Covered $200
10058,D5251361588010058,Covered $200
10059,D6808842957010059,Covered $200
10060,D8501224583010060,Covered $200
10061,D1008387323010061,Covered $200
10062,D2064382031010062,Covered $200
10063,D1801096615010063,Covered $200
10064,D6904178827010064,Covered $200
10065,D7746727113010065,Covered $200
10066,D4396813497010066,Covered $200
10067,D8462319237010067,Covered $200
10068,D4762160319010068,Covered $200
10069,D4882380444010069,Covered $200
10070,D3709144595010070,Covered $200
10071,D1465229711010071,Covered $200
10072,D8400997310010072,Covered $200
10073,D5022392554010073,Covered $200
10074,D7034892625010074,Covered $200
10075,D5261718225010075,Covered $200
10076,D7588427824010076,Covered $200
10077,D6474111850010077,Covered $200
10078,D0399431341010078,Covered $200
10079,D6787736245010079,Covered $200
10080,D6928609827010080,Covered $200
10081,D2399039749010081,Covered $200
10082,D5767875034010082,Covered $200
10083,D9925546001010083,Covered $200
10084,D5815899833010084,Covered $200
10085,D8207070563010085,Covered $200
10086,D6640664182010086,Covered $200
10087,D6691437049010087,Covered $200
10088,D1298532223010088,Covered $200
10089,D5474697833010089,Covered $200
10090,D4825282255010090,Covered $200
10091,D9345123618010091,Covered $200
10092,D1031530467010092,Covered $200
10093,D8256197648010093,Covered $200
10094,D9589118469010094,Covered $200
10095,D1782230252010095,Covered $200
10096,D7479074330010096,Covered $200
10097,D7715410028010097,Covered $200
10098,D4003924365010098,Covered $200
10099,D3216649051010099,Covered $200
10100,D8508981114010100,Covered $200
10101,D9140926772010101,Covered $200
10102,D4164507269010102,Covered $200
10103,D9798298938010103,Covered $200
10104,D7181359234010104,Covered $200
10105,D4301691307010105,Covered $200
10106,D9777183206010106,Covered $200
10107,D4198370709010107,Covered $200
10108,D5177693086010108,Covered $200
10109,D6797780952010109,Covered $200
10110,D4813476983010110,Covered $200
10111,D7703640625010111,Covered $200
10112,D0417150280010112,Covered $200
10113,D2499869042010113,Covered $200
10114,D2030764022010114,Covered $200
10115,D0227869790010115,Covered $200
10116,D6130021671010116,Covered $200
10117,D4394031873010117,Covered $200
10118,D0756266154010118,Covered $200
10119,D8868548682010119,Covered $200
10120,D2673174145010120,Covered $200
10121,D9975654772010121,Covered $200
10122,D6550820579010122,Covered $200
10123,D0756929968010123,Covered $200
10124,D9220065293010124,Covered $200
10125,D1211801954010125,Covered $200
10126,D5434066484010126,Covered $200
10127,D9884435211010127,Covered $200
10128,D9884136870010128,Covered $200
10129,D0134153705010129,Covered $200
10130,D6508250901010130,Covered $200
10131,D8154428652010131,Covered $200
10132,D0680686258010132,Covered $200
10133,D0005971908010133,Covered $200
10134,D6870068348010134,Covered $200
10135,D5196439987010135,Covered $200
10136,D7927668948010136,Covered $200
10137,D8383307939010137,Covered $200
10138,D9808935003010138,Covered $200
10139,D0983440539010139,Covered $200
10140,D0887314096010140,Covered $200
10141,D6281206371010141,Covered $200
10142,D8097282476010142,Covered $200
10143,D9143184530010143,Covered $200
10144,D2714496456010144,Covered $200
10145,D2683178975010145,Covered $200
10146,D7091687597010146,Covered $200
10147,D1821252033010147,Covered $200
10148,D6166184315010148,Covered $200
10149,D2592404823010149,Covered $200
10150,D3992685657010150,Covered $200
10151,D3725575329010151,Covered $200
10152,D1021430442010152,Covered $200
10153,D9176417522010153,Covered $200
10154,D0279017992010154,Covered $200
10155,D2303294498010155,Covered $200
10156,D7779758439010156,Covered $200
10157,D8800014841010157,Covered $200
10158,D6872610299010158,Covered $200
10159,D4840495111010159,Covered $200
10160,D3160185532010160,Covered $200
10161,D8657833562010161,Covered $200
10162,D3603221273010162,Covered $200
10163,D6836302194010163,Covered $200
10164,D4721916900010164,Covered $200
10165,D2318317288010165,Covered $200
10166,D1916429773010166,Covered $200
10167,D5770399772010167,Covered $200
10168,D7461094803010168,Covered $200
10169,D8061647476010169,Covered $200
10170,D3720905507010170,Covered $200
10171,D2876233989010171,Covered $200
10172,D4028449951010172,Covered $200
10173,D0723526998010173,Covered $200
10174,D4358759452010174,Covered $200
10175,D0410879999010175,Covered $200
10176,D5552756966010176,Covered $200
10177,D9048767775010177,Covered $200
10178,D3788831701010178,Covered $200
10179,D7633228624010179,Covered $200
10180,D3693288233010180,Covered $200
10181,D5383296780010181,Covered $200
10182,D5709515005010182,Covered $200
10183,D6435168011010183,Covered $200
10184,D0972290815010184,Covered $200
10185,D2009613318010185,Covered $200
10186,D0735849313010186,Covered $200
10187,D5221460836010187,Covered $200
10188,D5188393338010188,Covered $200
10189,D5930686396010189,Covered $200
10190,D4227474480010190,Covered $200
10191,D1238042864010191,Covered $200
10192,D0752326602010192,Covered $200
10193,D9468393611010193,Covered $200
10194,D3515134263010194,Covered $200
10195,D9799014113010195,Covered $200
10196,D4746675637010196,Covered $200
10197,D3908885523010197,Covered $200
10198,D7361801918010198,Covered $200
10199,D7119291844010199,Covered $200
10200,D3397699119010200,Covered $200
10201,D4928869518010201,Covered $200
10202,D9900788635010202,Covered $200
10203,D3029647594010203,Covered $200
10204,D2805014856010204,Covered $200
10205,D5320244366010205,Covered $200
10206,D8330650773010206,Covered $200
10207,D9696292154010207,Covered $200
10208,D6353711407010208,Covered $200
10209,D9614374584010209,Covered $200
10210,D9981516389010210,Covered $200
10211,D2305953740010211,Covered $200
10212,D5981117188010212,Covered $200
10213,D6418251938010213,Covered $200
10214,D0252632716010214,Covered $200
10215,D4746069320010215,Covered $200
10216,D1829731363010216,Covered $200
10217,D5356482037010217,Covered $200
10218,D5475236084010218,Covered $200
10219,D7727832170010219,Covered $200
10220,D9575941777010220,Covered $200
10221,D3200600268010221,Covered $200
10222,D0429990935010222,Covered $200
10223,D0731956245010223,Covered $200
10224,D5646947255010224,Covered $200
10225,D1326195733010225,Covered $200
10226,D9237187679010226,Covered $200
10227,D0802904307010227,Covered $200
10228,D6449336421010228,Covered $200
10229,D7268297520010229,Covered $200
10230,D8217197700010230,Covered $200
10231,D5529955867010231,Covered $200
10232,D6157607748010232,Covered $200
10233,D3804505211010233,Covered $200
10234,D7120886901010234,Covered $200
10235,D6531407287010235,Covered $200
10236,D9476713114010236,Covered $200
10237,D1773421448010237,Covered $200
10238,D0768582532010238,Covered $200
10239,D2607665750010239,Covered $200
10240,D7885296264010240,Covered $200
10241,D7999694186010241,Covered $200
10242,D2126612285010242,Covered $200
10243,D2757381036010243,Covered $200
10244,D4951092808010244,Covered $200
10245,D8195583262010245,Covered $200
10246,D1678724427010246,Covered $200
10247,D2975360602010247,Covered $200
10248,D8423580561010248,Covered $200
10249,D5148912613010249,Covered $200
10250,D4951142561010250,Covered $200
10251,D6202309508010251,Covered $200
10252,D9799508327010252,Covered $200
10253,D5718581981010253,Covered $200
10254,D1503514938010254,Covered $200
10255,D9652886569010255,Covered $200
10256,D7046966129010256,Covered $200
10257,D9944951692010257,Covered $200
10258,D7463977891010258,Covered $200
10259,D8409519025010259,Covered $200
10260,D9006762257010260,Covered $200
10261,D4418020219010261,Covered $200
10262,D6664635392010262,Covered $200
10263,D1892931999010263,Covered $200
10264,D9829426676010264,Covered $200
10265,D0682038222010265,Covered $200
10266,D6241383595010266,Covered $200
10267,D3306690557010267,Covered $200
10268,D5306334200010268,Covered $200
10269,D4540850226010269,Covered $200
10270,D6960181031010270,Covered $200
10271,D8004321758010271,Covered $200
10272,D2381309867010272,Covered $200
10273,D0165563985010273,Covered $200
10274,D7608685934010274,Covered $200
10275,D8485848927010275,Covered $200
10276,D7689334799010276,Covered $200
10277,D7356662854010277,Covered $200
10278,D0392736684010278,Covered $200
10279,D1673591685010279,Covered $200
10280,D5216716450010280,Covered $200
10281,D2291253351010281,Covered $200
10282,D4367860871010282,Covered $200
10283,D5108643221010283,Covered $200
10284,D8878125289010284,Covered $200
10285,D1305381622010285,Covered $200
10286,D4185004494010286,Covered $200
10287,D0983791893010287,Covered $200
10288,D4383093874010288,Covered $200
10289,D3186920042010289,Covered $200
10290,D2536146989010290,Covered $200
10291,D8633994866010291,Covered $200
10292,D3865873060010292,Covered $200
10293,D7772169865010293,Covered $200
10294,D7019856863010294,Covered $200
10295,D4308897511010295,Covered $200
10296,D8359593827010296,Covered $200
10297,D4411210259010297,Covered $200
10298,D9880957011010298,Covered $200
10299,D3677614611010299,Covered $200
10300,D7878968351010300,Covered $200
10301,D4306994160010301,Covered $200
10302,D6966507638010302,Covered $200
10303,D2511974356010303,Covered $200
10304,D7118198436010304,Covered $200
10305,D5359418465010305,Covered $200
10306,D6949680005010306,Covered $200
10307,D4169152728010307,Covered $200
10308,D1137508424010308,Covered $200
10309,D0199480724010309,Covered $200
10310,D1336459095010310,Covered $200
10311,D3328348020010311,Covered $200
10312,D7877833760010312,Covered $200
10313,D5733722373010313,Covered $200
10314,D8240637604010314,Covered $200
10315,D1856125933010315,Covered $200
10316,D4425469433010316,Covered $200
10317,D9647224854010317,Covered $200
10318,D8955547494010318,Covered $200
10319,D9560816560010319,Covered $200
10320,D3703336490010320,Covered $200
10321,D6029640153010321,Covered $200
10322,D1190946115010322,Covered $200
10323,D2931180091010323,Covered $200
10324,D6712310670010324,Covered $200
10325,D3410505807010325,Covered $200
10326,D6175461205010326,Covered $200
10327,D9052370711010327,Covered $200
10328,D0919546377010328,Covered $200
10329,D3127587297010329,Covered $200
10330,D7777421960010330,Covered $200
10331,D3065404381010331,Covered $200
10332,D7537618752010332,Covered $200
10333,D8075043633010333,Covered $200
10334,D8113705717010334,Covered $200
10335,D6205077641010335,Covered $200
10336,D1595601755010336,Covered $200
10337,D3954054850010337,Covered $200
10338,D3736621110010338,Covered $200
10339,D1609240786010339,Covered $200
10340,D2193059253010340,Covered $200
10341,D3531231755010341,Covered $200
10342,D9759245821010342,Covered $200
10343,D8243153626010343,Covered $200
10344,D0698166848010344,Covered $200
10345,D0883290866010345,Covered $200
10346,D2851044339010346,Covered $200
10347,D2328842722010347,Covered $200
10348,D7329104155010348,Covered $200
10349,D7994341885010349,Covered $200
10350,D9534164625010350,Covered $200
10351,D6821033848010351,Covered $200
10352,D2326062487010352,Covered $200
10353,D2107042707010353,Covered $200
10354,D5879721701010354,Covered $200
10355,D5390810798010355,Covered $200
10356,D8394227226010356,Covered $200
10357,D2555947860010357,Covered $200
10358,D1357701637010358,Covered $200
10359,D5914900535010359,Covered $200
10360,D9208474340010360,Covered $200
10361,D5536343929010361,Covered $200
10362,D2994388678010362,Covered $200
10363,D2104362516010363,Covered $200
10364,D2103064878010364,Covered $200
10365,D9043304213010365,Covered $200
10366,D3270061043010366,Covered $200
10367,D4899893648010367,Covered $200
10368,D4919693450010368,Covered $200
10369,D2409250702010369,Covered $200
10370,D4992013565010370,Covered $200
10371,D1908338045010371,Covered $200
10372,D1525974319010372,Covered $200
10373,D3936154164010373,Covered $200
10374,D8171240220010374,Covered $200
10375,D0556915089010375,Covered $200
10376,D5693968793010376,Covered $200
10377,D8559837426010377,Covered $200
10378,D7052610101010378,Covered $200
10379,D9546409734010379,Covered $200
10380,D4534454032010380,Covered $200
10381,D0807673948010381,Covered $200
10382,D1746801258010382,Covered $200
10383,D4157914406010383,Covered $200
10384,D8098815743010384,Covered $200
10385,D6384570522010385,Covered $200
10386,D9242226049010386,Covered $200
10387,D5605457403010387,Covered $200
10388,D4494332422010388,Covered $200
10389,D1658973248010389,Covered $200
10390,D9656922589010390,Covered $200
10391,D4613807212010391,Covered $200
10392,D0284471586010392,Covered $200
10393,D6104872821010393,Covered $200
10394,D3282087944010394,Covered $200
10395,D6238621827010395,Covered $200
10396,D8128880413010396,Covered $200
10397,D5167260074010397,Covered $200
10398,D4428396095010398,Covered $200
10399,D5954271951010399,Covered $200
10400,D0937907312010400,Covered $200
10401,D2595458261010401,Covered $200
10402,D9264428180010402,Covered $200
10403,D9832610866010403,Covered $200
10404,D5556013638010404,Covered $200
10405,D4535974185010405,Covered $200
10406,D4816195404010406,Covered $200
10407,D4610955761010407,Covered $200
10408,D2047237433010408,Covered $200
10409,D7203053664010409,Covered $200
10410,D5538053118010410,Covered $200
10411,D4856311998010411,Covered $200
10412,D0361220854010412,Covered $200
10413,D1063720200010413,Covered $200
10414,D1514597901010414,Covered $200
10415,D5477074527010415,Covered $200
10416,D0925115322010416,Covered $200
10417,D8498394476010417,Covered $200
10418,D6388018300010418,Covered $200
10419,D3401400805010419,Covered $200
10420,D1383207663010420,Covered $200
10421,D1958805328010421,Covered $200
10422,D7450919855010422,Covered $200
10423,D3359881141010423,Covered $200
10424,D1965034795010424,Covered $200
10425,D1156248335010425,Covered $200
10426,D2126423129010426,Covered $200
10427,D6139193170010427,Covered $200
10428,D9152868845010428,Covered $200
10429,D4724216287010429,Covered $200
10430,D5383253157010430,Covered $200
10431,D5525645020010431,Covered $200
10432,D9557304885010432,Covered $200
10433,D7232271200010433,Covered $200
10434,D2732227125010434,Covered $200
10435,D8412717111010435,Covered $200
10436,D7296379056010436,Covered $200
10437,D7107284219010437,Covered $200
10438,D2572322158010438,Covered $200
10439,D2559979075010439,Covered $200
10440,D8985858762010440,Covered $200
10441,D6381150983010441,Covered $200
10442,D8753439446010442,Covered $200
10443,D7493270348010443,Covered $200
10444,D0629397313010444,Covered $200
10445,D5053168287010445,Covered $200
10446,D2219575554010446,Covered $200
10447,D0570985301010447,Covered $200
10448,D8717914445010448,Covered $200
10449,D1466528395010449,Covered $200
10450,D2672234007010450,Covered $200
10451,D8042894687010451,Covered $200
10452,D1716328727010452,Covered $200
10453,D0330654195010453,Covered $200
10454,D5473038380010454,Covered $200
10455,D1835551425010455,Covered $200
10456,D3310773585010456,Covered $200
10457,D5296257726010457,Covered $200
10458,D4319940569010458,Covered $200
10459,D7248149730010459,Covered $200
10460,D8585658064010460,Covered $200
10461,D8298749468010461,Covered $200
10462,D5458030304010462,Covered $200
10463,D4701730382010463,Covered $200
10464,D6446857292010464,Covered $200
10465,D4651508358010465,Covered $200
10466,D3997518467010466,Covered $200
10467,D7327567676010467,Covered $200
10468,D9050246001010468,Covered $200
10469,D5506310840010469,Covered $200
10470,D0845314445010470,Covered $200
10471,D8051408698010471,Covered $200
10472,D8443735878010472,Covered $200
10473,D1549937240010473,Covered $200
10474,D6751237760010474,Covered $200
10475,D8794575057010475,Covered $200
10476,D8698555679010476,Covered $200
10477,D6659580777010477,Covered $200
10478,D7612639366010478,Covered $200
10479,D2531206800010479,Covered $200
10480,D2378985486010480,Covered $200
10481,D1629051347010481,Covered $200
10482,D4369115409010482,Covered $200
10483,D4719982693010483,Covered $200
10484,D8972226287010484,Covered $200
10485,D4973234106010485,Covered $200
10486,D6656137674010486,Covered $200
10487,D7625075407010487,Covered $200
10488,D2541389496010488,Covered $200
10489,D5446563298010489,Covered $200
10490,D1945972167010490,Covered $200
10491,D8332809785010491,Covered $200
10492,D3438362218010492,Covered $200
10493,D3884059509010493,Covered $200
10494,D7743069198010494,Covered $200
10495,D7480663901010495,Covered $200
10496,D7390172802010496,Covered $200
10497,D0101510279010497,Covered $200
10498,D9077875522010498,Covered $200
10499,D7219549097010499,Covered $200
10500,D5236928150010500,Covered $200
10501,D8031552078010501,Covered $200
10502,D1411553717010502,Covered $200
10503,D9138289876010503,Covered $200
10504,D7940200453010504,Covered $200
10505,D1033319249010505,Covered $200
10506,D8295986982010506,Covered $200
10507,D9130650616010507,Covered $200
10508,D2766406269010508,Covered $200
10509,D4368830748010509,Covered $200
10510,D4873845641010510,Covered $200
10511,D9404844188010511,Covered $200
10512,D5352377249010512,Covered $200
10513,D1959081934010513,Covered $200
10514,D9912936355010514,Covered $200
10515,D3343613388010515,Covered $200
10516,D3379682524010516,Covered $200
10517,D2736514176010517,Covered $200
10518,D9415423273010518,Covered $200
10519,D1897772637010519,Covered $200
10520,D2898745636010520,Covered $200
10521,D3184725173010521,Covered $200
10522,D3179893006010522,Covered $200
10523,D0889883199010523,Covered $200
10524,D6363151586010524,Covered $200
10525,D5027458923010525,Covered $200
10526,D3180254115010526,Covered $200
10527,D7809574131010527,Covered $200
10528,D7547437171010528,Covered $200
10529,D9640184820010529,Covered $200
10530,D4956003378010530,Covered $200
10531,D6053880687010531,Covered $200
10532,D0111154728010532,Covered $200
10533,D6697698833010533,Covered $200
10534,D5965622667010534,Covered $200
10535,D6727123321010535,Covered $200
10536,D7950485000010536,Covered $200
10537,D8530605189010537,Covered $200
10538,D5547519564010538,Covered $200
10539,D5884058711010539,Covered $200
10540,D3474065166010540,Covered $200
10541,D0705252412010541,Covered $200
10542,D4754392053010542,Covered $200
10543,D7972449815010543,Covered $200
10544,D5224970111010544,Covered $200
10545,D0550818639010545,Covered $200
10546,D7961971118010546,Covered $200
10547,D1401722520010547,Covered $200
10548,D0154334278010548,Covered $200
10549,D5683532545010549,Covered $200
10550,D1302633376010550,Covered $200
10551,D9783673923010551,Covered $200
10552,D4405969742010552,Covered $200
10553,D5295812899010553,Covered $200
10554,D9896530688010554,Covered $200
10555,D0844948272010555,Covered $200
10556,D3088321386010556,Covered $200
10557,D4204332892010557,Covered $200
10558,D1476616123010558,Covered $200
10559,D3996083636010559,Covered $200
10560,D6792647049010560,Covered $200
10561,D2626869534010561,Covered $200
10562,D0860675684010562,Covered $200
10563,D1795083484010563,Covered $200
10564,D8520127100010564,Covered $200
10565,D2080513452010565,Covered $200
10566,D9157256955010566,Covered $200
10567,D2046050633010567,Covered $200
10568,D8128186358010568,Covered $200
10569,D5241055870010569,Covered $200
10570,D8925572455010570,Covered $200
10571,D4733895456010571,Covered $200
10572,D3516611193010572,Covered $200
10573,D4849115194010573,Covered $200
10574,D3976783370010574,Covered $200
10575,D5838248745010575,Covered $200
10576,D6699359566010576,Covered $200
10577,D8163790867010577,Covered $200
10578,D2010975621010578,Covered $200
10579,D3689508012010579,Covered $200
10580,D6020801865010580,Covered $200
10581,D8775238935010581,Covered $200
10582,D3125868780010582,Covered $200
10583,D0110371965010583,Covered $200
10584,D8050002718010584,Covered $200
10585,D8684091290010585,Covered $200
10586,D6485656749010586,Covered $200
10587,D7371038482010587,Covered $200
10588,D8188074386010588,Covered $200
10589,D2933227793010589,Covered $200
10590,D1863587956010590,Covered $200
10591,D2565907481010591,Covered $200
10592,D7445640136010592,Covered $200
10593,D6499731629010593,Covered $200
10594,D8412989731010594,Covered $200
10595,D7866275311010595,Covered $200
10596,D7596498384010596,Covered $200
10597,D2498513908010597,Covered $200
10598,D5186211723010598,Covered $200
10599,D2860179764010599,Covered $200
10600,D5450440455010600,Covered $200
10601,D9239554097010601,Covered $200
10602,D6361783104010602,Covered $200
10603,D9610410838010603,Covered $200
10604,D1762305514010604,Covered $200
10605,D8252613619010605,Covered $200
10606,D4170794864010606,Covered $200
10607,D4116390654010607,Covered $200
10608,D0263987702010608,Covered $200
10609,D6940139901010609,Covered $200
10610,D0828388545010610,Covered $200
10611,D7623873646010611,Covered $200
10612,D1817348387010612,Covered $200
10613,D6965774588010613,Covered $200
10614,D7979661062010614,Covered $200
10615,D9470051988010615,Covered $200
10616,D8875035630010616,Covered $200
10617,D6087381543010617,Covered $200
10618,D2909276095010618,Covered $200
10619,D7284297709010619,Covered $200
10620,D4534892412010620,Covered $200
10621,D4027919995010621,Covered $200
10622,D8611638871010622,Covered $200
10623,D3937749259010623,Covered $200
10624,D3863329191010624,Covered $200
10625,D8098291066010625,Covered $200
10626,D5882297645010626,Covered $200
10627,D6204928899010627,Covered $200
10628,D6704856514010628,Covered $200
10629,D4718200553010629,Covered $200
10630,D4489794760010630,Covered $200
10631,D3332243153010631,Covered $200
10632,D5610561384010632,Covered $200
10633,D9871778295010633,Covered $200
10634,D5353522327010634,Covered $200
10635,D5698317586010635,Covered $200
10636,D0100471579010636,Covered $200
10637,D7262768694010637,Covered $200
10638,D5963484746010638,Covered $200
10639,D3521962843010639,Covered $200
10640,D7222607950010640,Covered $200
10641,D8529884648010641,Covered $200
10642,D3296426540010642,Covered $200
10643,D7601357919010643,Covered $200
10644,D6128467857010644,Covered $200
10645,D6202762256010645,Covered $200
10646,D2449215188010646,Covered $200
10647,D6105609470010647,Covered $200
10648,D2903416409010648,Covered $200
10649,D9605637097010649,Covered $200
10650,D4207379077010650,Covered $200
10651,D7523785857010651,Covered $200
10652,D7401036279010652,Covered $200
10653,D5396773568010653,Covered $200
10654,D9035542000010654,Covered $200
10655,D5404117671010655,Covered $200
10656,D4510936752010656,Covered $200
10657,D5152288175010657,Covered $200
10658,D4020653783010658,Covered $200
10659,D9753330042010659,Covered $200
10660,D0233404394010660,Covered $200
10661,D6205684174010661,Covered $200
10662,D9212220585010662,Covered $200
10663,D6752257764010663,Covered $200
10664,D4013407926010664,Covered $200
10665,D1224485788010665,Covered $200
10666,D9061019632010666,Covered $200
10667,D8117939149010667,Covered $200
10668,D5040414250010668,Covered $200
10669,D6217882817010669,Covered $200
10670,D8718952594010670,Covered $200
10671,D7055671579010671,Covered $200
10672,D4920963463010672,Covered $200
10673,D8827960752010673,Covered $200
10674,D3959094170010674,Covered $200
10675,D4096147610010675,Covered $200
10676,D3851128683010676,Covered $200
10677,D2883845511010677,Covered $200
10678,D6191959784010678,Covered $200
10679,D7540386643010679,Covered $200
10680,D2288124458010680,Covered $200
10681,D9854778900010681,Covered $200
10682,D5580903889010682,Covered $200
10683,D1604272852010683,Covered $200
10684,D6201192027010684,Covered $200
10685,D4807986531010685,Covered $200
10686,D3748858371010686,Covered $200
10687,D4752340029010687,Covered $200
10688,D1216259101010688,Covered $200
10689,D1615650880010689,Covered $200
10690,D2558475013010690,Covered $200
10691,D6047868823010691,Covered $200
10692,D7645416191010692,Covered $200
10693,D5559796241010693,Covered $200
10694,D8405000578010694,Covered $200
10695,D1622238172010695,Covered $200
10696,D0611252390010696,Covered $200
10697,D3448619931010697,Covered $200
10698,D5358866008010698,Covered $200
10699,D3372685818010699,Covered $200
10700,D7144849242010700,Covered $200
10701,D4519267469010701,Covered $200
10702,D9480920142010702,Covered $200
10703,D5134951797010703,Covered $200
10704,D0595655500010704,Covered $200
10705,D0695490391010705,Covered $200
10706,D3092946351010706,Covered $200
10707,D3913819876010707,Covered $200
10708,D7006238047010708,Covered $200
10709,D2876994881010709,Covered $200
10710,D5326449102010710,Covered $200
10711,D3283286218010711,Covered $200
10712,D9162952947010712,Covered $200
10713,D7616526530010713,Covered $200
10714,D5630088501010714,Covered $200
10715,D2349210760010715,Covered $200
10716,D2438473318010716,Covered $200
10717,D8016029862010717,Covered $200
10718,D5725349102010718,Covered $200
10719,D6942995901010719,Covered $200
10720,D9894978728010720,Covered $200
10721,D8784451020010721,Covered $200
10722,D0759787974010722,Covered $200
10723,D6698291128010723,Covered $200
10724,D8067067340010724,Covered $200
10725,D4710137529010725,Covered $200
10726,D3121230204010726,Covered $200
10727,D8368113118010727,Covered $200
10728,D6305320171010728,Covered $200
10729,D8805526656010729,Covered $200
10730,D4453265023010730,Covered $200
10731,D9520019906010731,Covered $200
10732,D5929624052010732,Covered $200
10733,D3090024573010733,Covered $200
10734,D5955276557010734,Covered $200
10735,D9912159774010735,Covered $200
10736,D1720114330010736,Covered $200
10737,D4921170597010737,Covered $200
10738,D9417181680010738,Covered $200
10739,D3642024101010739,Covered $200
10740,D4713696119010740,Covered $200
10741,D8821628284010741,Covered $200
10742,D6003614972010742,Covered $200
10743,D6852017146010743,Covered $200
10744,D1912624338010744,Covered $200
10745,D3638698693010745,Covered $200
10746,D8821506133010746,Covered $200
10747,D5134884286010747,Covered $200
10748,D7949133614010748,Covered $200
10749,D5898886539010749,Covered $200
10750,D7937221897010750,Covered $200
10751,D5829506477010751,Covered $200
10752,D1226558631010752,Covered $200
10753,D2265466789010753,Covered $200
10754,D3620562007010754,Covered $200
10755,D2333717409010755,Covered $200
10756,D1434042305010756,Covered $200
10757,D1479805693010757,Covered $200
10758,D4391310936010758,Covered $200
10759,D8255250992010759,Covered $200
10760,D9464233525010760,Covered $200
10761,D2683917554010761,Covered $200
10762,D1509358641010762,Covered $200
10763,D5937078824010763,Covered $200
10764,D2042473935010764,Covered $200
10765,D1461842406010765,Covered $200
10766,D2255663984010766,Covered $200
10767,D2177650494010767,Covered $200
10768,D9862696075010768,Covered $200
10769,D8318373074010769,Covered $200
10770,D7048192968010770,Covered $200
10771,D9354431071010771,Covered $200
10772,D9847661287010772,Covered $200
10773,D0438799454010773,Covered $200
10774,D7996435202010774,Covered $200
10775,D8317563944010775,Covered $200
10776,D0465069607010776,Covered $200
10777,D2214176086010777,Covered $200
10778,D2193742555010778,Covered $200
10779,D0704321063010779,Covered $200
10780,D3752501479010780,Covered $200
10781,D9665637126010781,Covered $200
10782,D3077712615010782,Covered $200
10783,D0232920946010783,Covered $200
10784,D7645973849010784,Covered $200
10785,D4704443830010785,Covered $200
10786,D3567429963010786,Covered $200
10787,D8638838412010787,Covered $200
10788,D5578301529010788,Covered $200
10789,D5092792624010789,Covered $200
10790,D6678055817010790,Covered $200
10791,D0026223655010791,Covered $200
10792,D5571748345010792,Covered $200
10793,D7864744884010793,Covered $200
10794,D4653868976010794,Covered $200
10795,D2756537722010795,Covered $200
10796,D5458850390010796,Covered $200
10797,D4278740658010797,Covered $200
10798,D2981711083010798,Covered $200
10799,D2486467580010799,Covered $200
10800,D9085982929010800,Covered $200
10801,D2240383365010801,Covered $200
10802,D5747734268010802,Covered $200
10803,D0039066975010803,Covered $200
10804,D3244332329010804,Covered $200
10805,D5865510705010805,Covered $200
10806,D4694664193010806,Covered $200
10807,D6049360075010807,Covered $200
10808,D3177880567010808,Covered $200
10809,D3073960323010809,Covered $200
10810,D3435482734010810,Covered $200
10811,D8123446225010811,Covered $200
10812,D3921262397010812,Covered $200
10813,D9323172249010813,Covered $200
10814,D4545343466010814,Covered $200
10815,D6914732895010815,Covered $200
10816,D4909516481010816,Covered $200
10817,D9240372400010817,Covered $200
10818,D8433857129010818,Covered $200
10819,D0319470694010819,Covered $200
10820,D3936816529010820,Covered $200
10821,D5999711168010821,Covered $200
10822,D8406329288010822,Covered $200
10823,D7677771813010823,Covered $200
10824,D7145733619010824,Covered $200
10825,D2044635560010825,Covered $200
10826,D4883570880010826,Covered $200
10827,D0599896048010827,Covered $200
10828,D9046309370010828,Covered $200
10829,D7037090289010829,Covered $200
10830,D0073488025010830,Covered $200
10831,D8119178578010831,Covered $200
10832,D7597241075010832,Covered $200
10833,D3561042484010833,Covered $200
10834,D2506388413010834,Covered $200
10835,D3749328847010835,Covered $200
10836,D6412053456010836,Covered $200
10837,D6447666124010837,Covered $200
10838,D0141734379010838,Covered $200
10839,D1696123372010839,Covered $200
10840,D6832865872010840,Covered $200
10841,D5372920881010841,Covered $200
10842,D4010160338010842,Covered $200
10843,D8663543618010843,Covered $200
10844,D9236724000010844,Covered $200
10845,D8781002442010845,Covered $200
10846,D3911935808010846,Covered $200
10847,D2720883723010847,Covered $200
10848,D3780861843010848,Covered $200
10849,D5071409526010849,Covered $200
10850,D5208108893010850,Covered $200
10851,D3184389489010851,Covered $200
10852,D8899185082010852,Covered $200
10853,D5202685197010853,Covered $200
10854,D2180933309010854,Covered $200
10855,D4745136133010855,Covered $200
10856,D3969351384010856,Covered $200
10857,D1926471628010857,Covered $200
10858,D7172240358010858,Covered $200
10859,D2710534829010859,Covered $200
10860,D0295923188010860,Covered $200
10861,D3250422663010861,Covered $200
10862,D6332952080010862,Covered $200
10863,D6498313331010863,Covered $200
10864,D0264479076010864,Covered $200
10865,D2455691548010865,Covered $200
10866,D2032402114010866,Covered $200
10867,D2302088240010867,Covered $200
10868,D6209396491010868,Covered $200
10869,D8435219349010869,Covered $200
10870,D7154755313010870,Covered $200
10871,D2109115267010871,Covered $200
10872,D1300342934010872,Covered $200
10873,D5404739544010873,Covered $200
10874,D2121764764010874,Covered $200
10875,D8377832277010875,Covered $200
10876,D0232783797010876,Covered $200
10877,D9386756637010877,Covered $200
10878,D7770180100010878,Covered $200
10879,D5409471857010879,Covered $200
10880,D8998322551010880,Covered $200
10881,D2345524483010881,Covered $200
10882,D4634533553010882,Covered $200
10883,D8831711470010883,Covered $200
10884,D2706166888010884,Covered $200
10885,D2749347500010885,Covered $200
10886,D4325990411010886,Covered $200
10887,D8880593510010887,Covered $200
10888,D7328195971010888,Covered $200
10889,D6462911254010889,Covered $200
10890,D3050672877010890,Covered $200
10891,D5476603752010891,Covered $200
10892,D3771298888010892,Covered $200
10893,D1274497421010893,Covered $200
10894,D8183438258010894,Covered $200
10895,D3163423481010895,Covered $200
10896,D2785307302010896,Covered $200
10897,D9344347368010897,Covered $200
10898,D2490854585010898,Covered $200
10899,D2604303072010899,Covered $200
10900,D8562767668010900,Covered $200
10901,D9625246368010901,Covered $200
10902,D9503639696010902,Covered $200
10903,D0156274967010903,Covered $200
10904,D2809410879010904,Covered $200
10905,D2057618714010905,Covered $200
10906,D4603229067010906,Covered $200
10907,D6292134025010907,Covered $200
10908,D1685615248010908,Covered $200
10909,D1442083370010909,Covered $200
10910,D6160338104010910,Covered $200
10911,D0671643591010911,Covered $200
10912,D1033791642010912,Covered $200
10913,D9180920891010913,Covered $200
10914,D7295005930010914,Covered $200
10915,D6018945057010915,Covered $200
10916,D9918854993010916,Covered $200
10917,D2540869254010917,Covered $200
10918,D2754554963010918,Covered $200
10919,D4025995589010919,Covered $200
10920,D5519598180010920,Covered $200
10921,D3225051815010921,Covered $200
10922,D6950325517010922,Covered $200
10923,D1789755595010923,Covered $200
10924,D8677940258010924,Covered $200
10925,D8625392101010925,Covered $200
10926,D3163924049010926,Covered $200
10927,D6477105834010927,Covered $200
10928,D3184605914010928,Covered $200
10929,D7791073388010929,Covered $200
10930,D8342636248010930,Covered $200
10931,D1525510930010931,Covered $200
10932,D2446269680010932,Covered $200
10933,D1333216703010933,Covered $200
10934,D5047574181010934,Covered $200
10935,D2020794704010935,Covered $200
10936,D4259944750010936,Covered $200
10937,D9935005049010937,Covered $200
10938,D3820985431010938,Covered $200
10939,D9670972699010939,Covered $200
10940,D5082170884010940,Covered $200
10941,D9701026743010941,Covered $200
10942,D2439293283010942,Covered $200
10943,D0798430142010943,Covered $200
10944,D9047186151010944,Covered $200
10945,D8288533620010945,Covered $200
10946,D6635369417010946,Covered $200
10947,D2255044266010947,Covered $200
10948,D6564792829010948,Covered $200
10949,D2287173741010949,Covered $200
10950,D8754583399010950,Covered $200
10951,D0779294663010951,Covered $200
10952,D1178153822010952,Covered $200
10953,D0445147799010953,Covered $200
10954,D7808996881010954,Covered $200
10955,D3608251938010955,Covered $200
10956,D5095520689010956,Covered $200
10957,D8228115758010957,Covered $200
10958,D9986535683010958,Covered $200
10959,D0702222889010959,Covered $200
10960,D3761007255010960,Covered $200
10961,D5750363694010961,Covered $200
10962,D5989457432010962,Covered $200
10963,D9647510445010963,Covered $200
10964,D3893175893010964,Covered $200
10965,D6719197607010965,Covered $200
10966,D8553471030010966,Covered $200
10967,D1506777262010967,Covered $200
10968,D3610328851010968,Covered $200
10969,D6126393645010969,Covered $200
10970,D3697979412010970,Covered $200
10971,D3717817597010971,Covered $200
10972,D5656695749010972,Covered $200
10973,D0670438697010973,Covered $200
10974,D9324548435010974,Covered $200
10975,D0637701096010975,Covered $200
10976,D5989913849010976,Covered $200
10977,D3360427976010977,Covered $200
10978,D1245588311010978,Covered $200
10979,D3471325176010979,Covered $200
10980,D1192105307010980,Covered $200
10981,D2296075913010981,Covered $200
10982,D1960629950010982,Covered $200
10983,D8414612218010983,Covered $200
10984,D1446852852010984,Covered $200
10985,D3280152385010985,Covered $200
10986,D9851408918010986,Covered $200
10987,D8949318259010987,Covered $200
10988,D6995793137010988,Covered $200
10989,D2318040120010989,Covered $200
10990,D6459819173010990,Covered $200
10991,D3283636149010991,Covered $200
10992,D9254970171010992,Covered $200
10993,D9327821601010993,Covered $200
10994,D7474260246010994,Covered $200
10995,D7478706220010995,Covered $200
10996,D8107809477010996,Covered $200
10997,D6759820809010997,Covered $200
10998,D3667601277010998,Covered $200
10999,D6767937208010999,Covered $200
11000,D7258426776011000,Covered $200
11001,D4127105375011001,Covered $200
11002,D2346760268011002,Covered $200
11003,D0406316359011003,Covered $200
11004,D3499610789011004,Covered $200
11005,D9792479339011005,Covered $200
11006,D4995103004011006,Covered $200
11007,D4474027636011007,Covered $200
11008,D7417208958011008,Covered $200
11009,D5232395669011009,Covered $200
11010,D8915031003011010,Covered $200
11011,D8209510953011011,Covered $200
11012,D8224652833011012,Covered $200
11013,D7872042430011013,Covered $200
11014,D7113239072011014,Covered $200
11015,D5111801301011015,Covered $200
11016,D9670529319011016,Covered $200
11017,D1255391457011017,Covered $200
11018,D1562299721011018,Covered $200
11019,D8668904061011019,Covered $200
11020,D1231757287011020,Covered $200
11021,D0076868067011021,Covered $200
11022,D0035506964011022,Covered $200
11023,D1099526715011023,Covered $200
11024,D0435400892011024,Covered $200
11025,D0005357637011025,Covered $200
11026,D2617177853011026,Covered $200
11027,D3738194486011027,Covered $200
11028,D9298356077011028,Covered $200
11029,D5086246767011029,Covered $200
11030,D1672855721011030,Covered $200
11031,D9241914673011031,Covered $200
11032,D1682795871011032,Covered $200
11033,D6845461422011033,Covered $200
11034,D3540454715011034,Covered $200
11035,D1839119534011035,Covered $200
11036,D9337362570011036,Covered $200
11037,D0319477019011037,Covered $200
11038,D9113533823011038,Covered $200
11039,D1881399361011039,Covered $200
11040,D4416321324011040,Covered $200
11041,D6191590962011041,Covered $200
11042,D9742657432011042,Covered $200
11043,D1488671267011043,Covered $200
11044,D7301297345011044,Covered $200
11045,D1003958890011045,Covered $200
11046,D2137222556011046,Covered $200
11047,D5857547178011047,Covered $200
11048,D7475064940011048,Covered $200
11049,D5737043275011049,Covered $200
11050,D6593705773011050,Covered $200
11051,D4668639208011051,Covered $200
11052,D5013417487011052,Covered $200
11053,D1891550760011053,Covered $200
11054,D0255246283011054,Covered $200
11055,D1642172806011055,Covered $200
11056,D2681701198011056,Covered $200
11057,D6205761789011057,Covered $200
11058,D3684300038011058,Covered $200
11059,D9364378009011059,Covered $200
11060,D2308950861011060,Covered $200
11061,D9027795521011061,Covered $200
11062,D7130738233011062,Covered $200
11063,D1006609492011063,Covered $200
11064,D8499761612011064,Covered $200
11065,D6622136819011065,Covered $200
11066,D2215131326011066,Covered $200
11067,D2389835845011067,Covered $200
11068,D7780000644011068,Covered $200
11069,D5984332057011069,Covered $200
11070,D1204760465011070,Covered $200
11071,D0737779754011071,Covered $200
11072,D6943587954011072,Covered $200
11073,D5744646954011073,Covered $200
11074,D3167706604011074,Covered $200
11075,D0462908015011075,Covered $200
11076,D8638347619011076,Covered $200
11077,D8120225280011077,Covered $200
11078,D8070628194011078,Covered $200
11079,D5455792766011079,Covered $200
11080,D3163276449011080,Covered $200
11081,D0956143727011081,Covered $200
11082,D1887574270011082,Covered $200
11083,D3805902003011083,Covered $200
11084,D2535732702011084,Covered $200
11085,D3432680100011085,Covered $200
11086,D7525900424011086,Covered $200
11087,D0390900388011087,Covered $200
11088,D7203037209011088,Covered $200
11089,D2242316771011089,Covered $200
11090,D0549755249011090,Covered $200
11091,D7507696663011091,Covered $200
11092,D3206635250011092,Covered $200
11093,D2546435660011093,Covered $200
11094,D7852035173011094,Covered $200
11095,D0268067834011095,Covered $200
11096,D3923970509011096,Covered $200
11097,D5211448214011097,Covered $200
11098,D0053145831011098,Covered $200
11099,D5079246804011099,Covered $200
11100,D3341848659011100,Covered $200
11101,D9592317740011101,Covered $200
11102,D3775767736011102,Covered $200
11103,D2961786196011103,Covered $200
11104,D9701891308011104,Covered $200
11105,D3477574072011105,Covered $200
11106,D7673643629011106,Covered $200
11107,D6649390490011107,Covered $200
11108,D5640118743011108,Covered $200
11109,D5032211070011109,Covered $200
11110,D3213060418011110,Covered $200
11111,D0963353337011111,Covered $200
11112,D4054700347011112,Covered $200
11113,D3823045397011113,Covered $200
11114,D9514786493011114,Covered $200
11115,D3485560824011115,Covered $200
11116,D5315170731011116,Covered $200
11117,D6977822019011117,Covered $200
11118,D0728734785011118,Covered $200
11119,D8322598970011119,Covered $200
11120,D8344820930011120,Covered $200
11121,D4508619463011121,Covered $200
11122,D1940822726011122,Covered $200
11123,D3689237802011123,Covered $200
11124,D6761288987011124,Covered $200
11125,D0530501504011125,Covered $200
11126,D4835918063011126,Covered $200
11127,D7665614160011127,Covered $200
11128,D7842020297011128,Covered $200
11129,D0275016216011129,Covered $200
11130,D3942494016011130,Covered $200
11131,D3974957708011131,Covered $200
11132,D9834814089011132,Covered $200
11133,D2700588013011133,Covered $200
11134,D2072097380011134,Covered $200
11135,D9089958247011135,Covered $200
11136,D9093333703011136,Covered $200
11137,D3767950019011137,Covered $200
11138,D5619151734011138,Covered $200
11139,D8650233931011139,Covered $200
11140,D6455243555011140,Covered $200
11141,D4770359836011141,Covered $200
11142,D5980567263011142,Covered $200
11143,D6214731500011143,Covered $200
11144,D0379084474011144,Covered $200
11145,D0144344717011145,Covered $200
11146,D0118289630011146,Covered $200
11147,D4919163812011147,Covered $200
11148,D5995228864011148,Covered $200
11149,D5413016978011149,Covered $200
11150,D6144855137011150,Covered $200
11151,D6788813671011151,Covered $200
11152,D6927906477011152,Covered $200
11153,D7157456968011153,Covered $200
11154,D6425626647011154,Covered $200
11155,D9943004713011155,Covered $200
11156,D3871417908011156,Covered $200
11157,D5556702311011157,Covered $200
11158,D6156945579011158,Covered $200
11159,D5104979452011159,Covered $200
11160,D8018487096011160,Covered $200
11161,D2342778791011161,Covered $200
11162,D6313292441011162,Covered $200
11163,D1120427901011163,Covered $200
11164,D3278596320011164,Covered $200
11165,D5124671592011165,Covered $200
11166,D7928930211011166,Covered $200
11167,D0415127296011167,Covered $200
11168,D4694263635011168,Covered $200
11169,D0145299516011169,Covered $200
11170,D0981441176011170,Covered $200
11171,D8434534309011171,Covered $200
11172,D7070352290011172,Covered $200
11173,D9359841472011173,Covered $200
11174,D6251479187011174,Covered $200
11175,D3826041997011175,Covered $200
11176,D3581920686011176,Covered $200
11177,D5248503259011177,Covered $200
11178,D7594767029011178,Covered $200
11179,D1258314336011179,Covered $200
11180,D6463781289011180,Covered $200
11181,D6190396592011181,Covered $200
11182,D5335101633011182,Covered $200
11183,D1540447817011183,Covered $200
11184,D2749985216011184,Covered $200
11185,D6268163104011185,Covered $200
11186,D8108839496011186,Covered $200
11187,D7522901589011187,Covered $200
11188,D8665247738011188,Covered $200
11189,D4505673190011189,Covered $200
11190,D1511912508011190,Covered $200
11191,D4631343347011191,Covered $200
11192,D4190335293011192,Covered $200
11193,D9511355948011193,Covered $200
11194,D5266638427011194,Covered $200
11195,D4890184519011195,Covered $200
11196,D6371846462011196,Covered $200
11197,D4863126431011197,Covered $200
11198,D6131425205011198,Covered $200
11199,D1934105161011199,Covered $200
11200,D0345250123011200,Covered $200
11201,D5239006443011201,Covered $200
11202,D7433207840011202,Covered $200
11203,D0045059948011203,Covered $200
11204,D2361132225011204,Covered $200
11205,D3970333987011205,Covered $200
11206,D2192618958011206,Covered $200
11207,D4202094926011207,Covered $200
11208,D1963949753011208,Covered $200
11209,D3700176687011209,Covered $200
11210,D5192289205011210,Covered $200
11211,D1420000318011211,Covered $200
11212,D1698703229011212,Covered $200
11213,D9431950734011213,Covered $200
11214,D7149288651011214,Covered $200
11215,D6497664889011215,Covered $200
11216,D1197429914011216,Covered $200
11217,D1383320120011217,Covered $200
11218,D6033857780011218,Covered $200
11219,D8882043303011219,Covered $200
11220,D1334434734011220,Covered $200
11221,D7620828313011221,Covered $200
11222,D8210782392011222,Covered $200
11223,D9584832839011223,Covered $200
11224,D5387303663011224,Covered $200
11225,D5111305744011225,Covered $200
11226,D9307051062011226,Covered $200
11227,D7740036515011227,Covered $200
11228,D2855527834011228,Covered $200
11229,D0988442218011229,Covered $200
11230,D6351789427011230,Covered $200
11231,D3388172130011231,Covered $200
11232,D5360578257011232,Covered $200
11233,D6790538056011233,Covered $200
11234,D4666389546011234,Covered $200
11235,D1135501482011235,Covered $200
11236,D6822540905011236,Covered $200
11237,D9977809604011237,Covered $200
11238,D7564481367011238,Covered $200
11239,D5665722319011239,Covered $200
11240,D4922099087011240,Covered $200
11241,D5861270832011241,Covered $200
11242,D6222644125011242,Covered $200
11243,D7891995070011243,Covered $200
11244,D6954140142011244,Covered $200
11245,D0956910429011245,Covered $200
11246,D0639313801011246,Covered $200
11247,D9736983830011247,Covered $200
11248,D2345909903011248,Covered $200
11249,D7489964041011249,Covered $200
11250,D5318191320011250,Covered $200
11251,D3086305109011251,Covered $200
11252,D2203798482011252,Covered $200
11253,D3989427008011253,Covered $200
11254,D7604011526011254,Covered $200
11255,D9480299619011255,Covered $200
11256,D9586747494011256,Covered $200
11257,D1139026214011257,Covered $200
11258,D8962067071011258,Covered $200
11259,D7466657023011259,Covered $200
11260,D8467719418011260,Covered $200
11261,D0026735398011261,Covered $200
11262,D0687601207011262,Covered $200
11263,D8990321023011263,Covered $200
11264,D9975190160011264,Covered $200
11265,D9092353606011265,Covered $200
11266,D7314169555011266,Covered $200
11267,D9786452464011267,Covered $200
11268,D6232920202011268,Covered $200
11269,D5787687678011269,Covered $200
11270,D5218864785011270,Covered $200
11271,D6616891852011271,Covered $200
11272,D4905278411011272,Covered $200
11273,D3761781320011273,Covered $200
11274,D3731337147011274,Covered $200
11275,D1972971386011275,Covered $200
11276,D6964077302011276,Covered $200
11277,D7498033063011277,Covered $200
11278,D0905786584011278,Covered $200
11279,D8760780305011279,Covered $200
11280,D3418653919011280,Covered $200
11281,D5677918438011281,Covered $200
11282,D0586648705011282,Covered $200
11283,D4588167070011283,Covered $200
11284,D1558441527011284,Covered $200
11285,D1210491434011285,Covered $200
11286,D4434698876011286,Covered $200
11287,D2304628712011287,Covered $200
11288,D0047677814011288,Covered $200
11289,D8600428268011289,Covered $200
11290,D7845804244011290,Covered $200
11291,D7115155271011291,Covered $200
11292,D1118864776011292,Covered $200
11293,D6061014274011293,Covered $200
11294,D6158536800011294,Covered $200
11295,D4985607056011295,Covered $200
11296,D5050016577011296,Covered $200
11297,D2710587351011297,Covered $200
11298,D9486201304011298,Covered $200
11299,D7038397958011299,Covered $200
11300,D3590977193011300,Covered $200
11301,D4509089378011301,Covered $200
11302,D8016387765011302,Covered $200
11303,D2782885827011303,Covered $200
11304,D0941402514011304,Covered $200
11305,D4272192788011305,Covered $200
11306,D8426933078011306,Covered $200
11307,D8789873012011307,Covered $200
11308,D7182673643011308,Covered $200
11309,D5356421122011309,Covered $200
11310,D2996710469011310,Covered $200
11311,D8752218555011311,Covered $200
11312,D6926129393011312,Covered $200
11313,D4632871358011313,Covered $200
11314,D1241303459011314,Covered $200
11315,D9171794175011315,Covered $200
11316,D3016325934011316,Covered $200
11317,D2609748111011317,Covered $200
11318,D3383657289011318,Covered $200
11319,D8289437904011319,Covered $200
11320,D8428365334011320,Covered $200
11321,D5859857686011321,Covered $200
11322,D7186358207011322,Covered $200
11323,D0121207519011323,Covered $200
11324,D8803271871011324,Covered $200
11325,D0183692343011325,Covered $200
11326,D9867592216011326,Covered $200
11327,D5989910268011327,Covered $200
11328,D4138164126011328,Covered $200
11329,D3198382002011329,Covered $200
11330,D4687354959011330,Covered $200
11331,D3685825557011331,Covered $200
11332,D7992597813011332,Covered $200
11333,D4357346005011333,Covered $200
11334,D5249532680011334,Covered $200
11335,D4598422188011335,Covered $200
11336,D7534195236011336,Covered $200
11337,D1058737128011337,Covered $200
11338,D8415934153011338,Covered $200
11339,D7621953682011339,Covered $200
11340,D8823103872011340,Covered $200
11341,D1318646948011341,Covered $200
11342,D0317033289011342,Covered $200
11343,D1940471389011343,Covered $200
11344,D3544121551011344,Covered $200
11345,D6411995540011345,Covered $200
11346,D0138246450011346,Covered $200
11347,D5620664048011347,Covered $200
11348,D6905458342011348,Covered $200
11349,D2619803280011349,Covered $200
11350,D0055060187011350,Covered $200
11351,D4082643427011351,Covered $200
11352,D1003872476011352,Covered $200
11353,D4240867335011353,Covered $200
11354,D8749436769011354,Covered $200
11355,D5230479418011355,Covered $200
11356,D5193081024011356,Covered $200
11357,D9580985212011357,Covered $200
11358,D9494138532011358,Covered $200
11359,D9362453636011359,Covered $200
11360,D2340789622011360,Covered $200
11361,D6477726630011361,Covered $200
11362,D4867344663011362,Covered $200
11363,D2963899760011363,Covered $200
11364,D6354483245011364,Covered $200
11365,D8185495701011365,Covered $200
11366,D2403977149011366,Covered $200
11367,D9752440624011367,Covered $200
11368,D3208219166011368,Covered $200
11369,D6587330915011369,Covered $200
11370,D2340075797011370,Covered $200
11371,D7531450930011371,Covered $200
11372,D7056149923011372,Covered $200
11373,D0098562392011373,Covered $200
11374,D9334406556011374,Covered $200
11375,D5143288007011375,Covered $200
11376,D2630519942011376,Covered $200
11377,D1309578400011377,Covered $200
11378,D3181869968011378,Covered $200
11379,D9770070274011379,Covered $200
11380,D3649133080011380,Covered $200
11381,D0492284151011381,Covered $200
11382,D1578748227011382,Covered $200
11383,D8608618767011383,Covered $200
11384,D6621017736011384,Covered $200
11385,D3434402993011385,Covered $200
11386,D2973792329011386,Covered $200
11387,D5760973963011387,Covered $200
11388,D3129830075011388,Covered $200
11389,D5162570940011389,Covered $200
11390,D8134336281011390,Covered $200
11391,D9560634892011391,Covered $200
11392,D4802332067011392,Covered $200
11393,D5743526521011393,Covered $200
11394,D2770705612011394,Covered $200
11395,D6915278216011395,Covered $200
11396,D1585208256011396,Covered $200
11397,D7625946284011397,Covered $200
11398,D1232981047011398,Covered $200
11399,D3787969653011399,Covered $200
11400,D9501241424011400,Covered $200
11401,D5784278040011401,Covered $200
11402,D3620302777011402,Covered $200
11403,D2286472409011403,Covered $200
11404,D1733097283011404,Covered $200
11405,D0512472218011405,Covered $200
11406,D6323052529011406,Covered $200
11407,D0554623153011407,Covered $200
11408,D1758908389011408,Covered $200
11409,D7139204438011409,Covered $200
11410,D0435796985011410,Covered $200
11411,D4607244061011411,Covered $200
11412,D6587366577011412,Covered $200
11413,D8401122801011413,Covered $200
11414,D0212005292011414,Covered $200
11415,D2454517304011415,Covered $200
11416,D4416457796011416,Covered $200
11417,D3405509446011417,Covered $200
11418,D8678724575011418,Covered $200
11419,D7905526402011419,Covered $200
11420,D0316767436011420,Covered $200
11421,D7494195763011421,Covered $200
11422,D9307253177011422,Covered $200
11423,D0309797196011423,Covered $200
11424,D1312625432011424,Covered $200
11425,D4957464565011425,Covered $200
11426,D0823681831011426,Covered $200
11427,D8079876946011427,Covered $200
11428,D5612389714011428,Covered $200
11429,D9052478209011429,Covered $200
11430,D4961102583011430,Covered $200
11431,D3692744859011431,Covered $200
11432,D4145292392011432,Covered $200
11433,D7515637718011433,Covered $200
11434,D9076439173011434,Covered $200
11435,D6052678309011435,Covered $200
11436,D8482455114011436,Covered $200
11437,D3866728745011437,Covered $200
11438,D4173822090011438,Covered $200
11439,D9428678348011439,Covered $200
11440,D4535282975011440,Covered $200
11441,D8574512294011441,Covered $200
11442,D3134650761011442,Covered $200
11443,D2647769494011443,Covered $200
11444,D5175008215011444,Covered $200
11445,D8156918747011445,Covered $200
11446,D1829368977011446,Covered $200
11447,D2597020683011447,Covered $200
11448,D1205054591011448,Covered $200
11449,D3532766712011449,Covered $200
11450,D5161763214011450,Covered $200
11451,D7890559696011451,Covered $200
11452,D7096251490011452,Covered $200
11453,D0541290762011453,Covered $200
11454,D2520985310011454,Covered $200
11455,D1222212592011455,Covered $200
11456,D3434490715011456,Covered $200
11457,D3338365141011457,Covered $200
11458,D9300639390011458,Covered $200
11459,D0614061175011459,Covered $200
11460,D5266268071011460,Covered $200
11461,D4371498932011461,Covered $200
11462,D6403723276011462,Covered $200
11463,D2559760245011463,Covered $200
11464,D0038670672011464,Covered $200
11465,D2384920404011465,Covered $200
11466,D9427766728011466,Covered $200
11467,D6202254679011467,Covered $200
11468,D5216440789011468,Covered $200
11469,D9156778772011469,Covered $200
11470,D3393447642011470,Covered $200
11471,D0221528902011471,Covered $200
11472,D8272832908011472,Covered $200
11473,D1468289301011473,Covered $200
11474,D5489232143011474,Covered $200
11475,D3284195540011475,Covered $200
11476,D5161099509011476,Covered $200
11477,D8024578754011477,Covered $200
11478,D3867086306011478,Covered $200
11479,D3915339423011479,Covered $200
11480,D9635822997011480,Covered $200
11481,D8480811151011481,Covered $200
11482,D1182273374011482,Covered $200
11483,D3010655956011483,Covered $200
11484,D7733701093011484,Covered $200
11485,D3354801957011485,Covered $200
11486,D0114884107011486,Covered $200
11487,D0335440138011487,Covered $200
11488,D0815193975011488,Covered $200
11489,D7623599387011489,Covered $200
11490,D2793989186011490,Covered $200
11491,D7383522040011491,Covered $200
11492,D7756726496011492,Covered $200
11493,D4408338511011493,Covered $200
11494,D5414308429011494,Covered $200
11495,D2672388751011495,Covered $200
11496,D1318662615011496,Covered $200
11497,D9271403684011497,Covered $200
11498,D7574549427011498,Covered $200
11499,D5224339919011499,Covered $200
11500,D6330009699011500,Covered $200
11501,D6911856653011501,Covered $200
11502,D6818914581011502,Covered $200
11503,D7376551845011503,Covered $200
11504,D8047833670011504,Covered $200
11505,D2618044972011505,Covered $200
11506,D4652817816011506,Covered $200
11507,D5464044794011507,Covered $200
11508,D0677035427011508,Covered $200
11509,D1386837711011509,Covered $200
11510,D4093047690011510,Covered $200
11511,D5866942779011511,Covered $200
11512,D3485843488011512,Covered $200
11513,D0635935463011513,Covered $200
11514,D9067975339011514,Covered $200
11515,D7785587541011515,Covered $200
11516,D8010676292011516,Covered $200
11517,D5711346547011517,Covered $200
11518,D7912026813011518,Covered $200
11519,D2228158822011519,Covered $200
11520,D1014922312011520,Covered $200
11521,D1285172880011521,Covered $200
11522,D9857337010011522,Covered $200
11523,D0813843618011523,Covered $200
11524,D4245616528011524,Covered $200
11525,D1036229173011525,Covered $200
11526,D5130660091011526,Covered $200
11527,D7089531085011527,Covered $200
11528,D3114345944011528,Covered $200
11529,D0345735472011529,Covered $200
11530,D6891365071011530,Covered $200
11531,D8884024713011531,Covered $200
11532,D5163172989011532,Covered $200
11533,D4537201889011533,Covered $200
11534,D8119128053011534,Covered $200
11535,D2577124135011535,Covered $200
11536,D2434740090011536,Covered $200
11537,D6661352831011537,Covered $200
11538,D5713605431011538,Covered $200
11539,D8458826868011539,Covered $200
11540,D1353674790011540,Covered $200
11541,D5723251095011541,Covered $200
11542,D7633925604011542,Covered $200
11543,D4432492781011543,Covered $200
11544,D8649253813011544,Covered $200
11545,D5361227538011545,Covered $200
11546,D0151834358011546,Covered $200
11547,D9622707132011547,Covered $200
11548,D2733540803011548,Covered $200
11549,D9356600260011549,Covered $200
11550,D8798016987011550,Covered $200
11551,D6475606202011551,Covered $200
11552,D0146228865011552,Covered $200
11553,D4226451492011553,Covered $200
11554,D1243551247011554,Covered $200
11555,D2353512100011555,Covered $200
11556,D7996028742011556,Covered $200
11557,D9472115171011557,Covered $200
11558,D3550119684011558,Covered $200
11559,D1220995304011559,Covered $200
11560,D6889610733011560,Covered $200
11561,D7628615995011561,Covered $200
11562,D1501324736011562,Covered $200
11563,D6045066061011563,Covered $200
11564,D8292757757011564,Covered $200
11565,D5090202764011565,Covered $200
11566,D0357523530011566,Covered $200
11567,D1939579373011567,Covered $200
11568,D0982577368011568,Covered $200
11569,D6274737938011569,Covered $200
11570,D2690115618011570,Covered $200
11571,D6627371120011571,Covered $200
11572,D0171173940011572,Covered $200
11573,D8029201249011573,Covered $200
11574,D1275406147011574,Covered $200
11575,D9308982835011575,Covered $200
11576,D3014346726011576,Covered $200
11577,D1243685866011577,Covered $200
11578,D3528235986011578,Covered $200
11579,D7304787072011579,Covered $200
11580,D0446145005011580,Covered $200
11581,D9398851341011581,Covered $200
11582,D0488180766011582,Covered $200
11583,D6474377069011583,Covered $200
11584,D2072684253011584,Covered $200
11585,D0703039816011585,Covered $200
11586,D5715259510011586,Covered $200
11587,D0506376137011587,Covered $200
11588,D4099607094011588,Covered $200
11589,D4697042759011589,Covered $200
11590,D6032785611011590,Covered $200
11591,D6687241501011591,Covered $200
11592,D8424392104011592,Covered $200
11593,D1466352047011593,Covered $200
11594,D2501443107011594,Covered $200
11595,D9427824843011595,Covered $200
11596,D6908352279011596,Covered $200
11597,D7047863255011597,Covered $200
11598,D6712462818011598,Covered $200
11599,D9585629801011599,Covered $200
11600,D4758176002011600,Covered $200
11601,D3689479865011601,Covered $200
11602,D6806331764011602,Covered $200
11603,D6750505440011603,Covered $200
11604,D1242608054011604,Covered $200
11605,D2716345871011605,Covered $200
11606,D1167421536011606,Covered $200
11607,D8987263888011607,Covered $200
11608,D0305002511011608,Covered $200
11609,D3512061421011609,Covered $200
11610,D4623355933011610,Covered $200
11611,D8461011343011611,Covered $200
11612,D7272275240011612,Covered $200
11613,D8855397964011613,Covered $200
11614,D7221102270011614,Covered $200
11615,D5126288499011615,Covered $200
11616,D8957684373011616,Covered $200
11617,D0461169124011617,Covered $200
11618,D9276222851011618,Covered $200
11619,D1847182296011619,Covered $200
11620,D8901850592011620,Covered $200
11621,D7943203312011621,Covered $200
11622,D1137108718011622,Covered $200
11623,D9946634275011623,Covered $200
11624,D8308245636011624,Covered $200
11625,D4747255253011625,Covered $200
11626,D4369165163011626,Covered $200
11627,D1638318363011627,Covered $200
11628,D9896666422011628,Covered $200
11629,D8824203400011629,Covered $200
11630,D1538672557011630,Covered $200
11631,D3222398435011631,Covered $200
11632,D5084267054011632,Covered $200
11633,D9879261888011633,Covered $200
11634,D7702761631011634,Covered $200
11635,D1835830542011635,Covered $200
11636,D8296941176011636,Covered $200
11637,D1734880509011637,Covered $200
11638,D1013326160011638,Covered $200
11639,D0748213472011639,Covered $200
11640,D8277229121011640,Covered $200
11641,D3585584739011641,Covered $200
11642,D5741729388011642,Covered $200
11643,D3290040913011643,Covered $200
11644,D4601158513011644,Covered $200
11645,D4811051466011645,Covered $200
11646,D3274356439011646,Covered $200
11647,D3194434935011647,Covered $200
11648,D8423748492011648,Covered $200
11649,D8473126050011649,Covered $200
11650,D0742363585011650,Covered $200
11651,D6724971318011651,Covered $200
11652,D5750188706011652,Covered $200
11653,D5171932879011653,Covered $200
11654,D7062425573011654,Covered $200
11655,D8442955331011655,Covered $200
11656,D4323586266011656,Covered $200
11657,D3256795544011657,Covered $200
11658,D2190845192011658,Covered $200
11659,D9968467938011659,Covered $200
11660,D6362418468011660,Covered $200
11661,D6355521136011661,Covered $200
11662,D8569448496011662,Covered $200
11663,D4628712374011663,Covered $200
11664,D5158391668011664,Covered $200
11665,D6940586330011665,Covered $200
11666,D2154312712011666,Covered $200
11667,D0612822337011667,Covered $200
11668,D9080228306011668,Covered $200
11669,D5959069716011669,Covered $200
11670,D8890821691011670,Covered $200
11671,D2984095371011671,Covered $200
11672,D5324259398011672,Covered $200
11673,D8505880670011673,Covered $200
11674,D8868296294011674,Covered $200
11675,D9571863577011675,Covered $200
11676,D9151548646011676,Covered $200
11677,D0992789503011677,Covered $200
11678,D5924861976011678,Covered $200
11679,D8487490926011679,Covered $200
11680,D4366284648011680,Covered $200
11681,D2075432665011681,Covered $200
11682,D4500893167011682,Covered $200
11683,D4358966501011683,Covered $200
11684,D9028245831011684,Covered $200
11685,D5513409731011685,Covered $200
11686,D1889520228011686,Covered $200
11687,D5846592488011687,Covered $200
11688,D4965538091011688,Covered $200
11689,D2042578517011689,Covered $200
11690,D4735002379011690,Covered $200
11691,D9614407788011691,Covered $200
11692,D3181024286011692,Covered $200
11693,D1510349985011693,Covered $200
11694,D4975968146011694,Covered $200
11695,D6030050365011695,Covered $200
11696,D2869148915011696,Covered $200
11697,D7247457063011697,Covered $200
11698,D0921471351011698,Covered $200
11699,D0204461090011699,Covered $200
11700,D5691916391011700,Covered $200
11701,D7759032798011701,Covered $200
11702,D7020286302011702,Covered $200
11703,D7412539918011703,Covered $200
11704,D4935444782011704,Covered $200
11705,D8030369589011705,Covered $200
11706,D7011916198011706,Covered $200
11707,D5467990533011707,Covered $200
11708,D6961698197011708,Covered $200
11709,D2617012580011709,Covered $200
11710,D9313979777011710,Covered $200
11711,D4602363334011711,Covered $200
11712,D5857921905011712,Covered $200
11713,D9312564166011713,Covered $200
11714,D1354691788011714,Covered $200
11715,D3818536570011715,Covered $200
11716,D6988648582011716,Covered $200
11717,D5499448922011717,Covered $200
11718,D5037598657011718,Covered $200
11719,D9956299456011719,Covered $200
11720,D2317067907011720,Covered $200
11721,D5753354320011721,Covered $200
11722,D8629930079011722,Covered $200
11723,D7395424753011723,Covered $200
11724,D2272655699011724,Covered $200
11725,D6563802655011725,Covered $200
11726,D3649851374011726,Covered $200
11727,D1041644079011727,Covered $200
11728,D1571570039011728,Covered $200
11729,D5858386365011729,Covered $200
11730,D1691956846011730,Covered $200
11731,D3666419076011731,Covered $200
11732,D1052207197011732,Covered $200
11733,D0062706766011733,Covered $200
11734,D9492557941011734,Covered $200
11735,D7649297765011735,Covered $200
11736,D7277850694011736,Covered $200
11737,D8047774225011737,Covered $200
11738,D2008032278011738,Covered $200
11739,D7747595666011739,Covered $200
11740,D3063954470011740,Covered $200
11741,D3769293139011741,Covered $200
11742,D6650621313011742,Covered $200
11743,D9671874639011743,Covered $200
11744,D4649639524011744,Covered $200
11745,D1379385467011745,Covered $200
11746,D1708379543011746,Covered $200
11747,D5792328470011747,Covered $200
11748,D7690554603011748,Covered $200
11749,D3656384139011749,Covered $200
11750,D3900294112011750,Covered $200
11751,D8912630067011751,Covered $200
11752,D0435580917011752,Covered $200
11753,D8847743857011753,Covered $200
11754,D9232398955011754,Covered $200
11755,D3991929870011755,Covered $200
11756,D6205804013011756,Covered $200
11757,D7857084189011757,Covered $200
11758,D7110376851011758,Covered $200
11759,D8615466366011759,Covered $200
11760,D0396080806011760,Covered $200
11761,D9829923220011761,Covered $200
11762,D6131865224011762,Covered $200
11763,D9029185720011763,Covered $200
11764,D7227184326011764,Covered $200
11765,D9896795208011765,Covered $200
11766,D7344730287011766,Covered $200
11767,D9198013761011767,Covered $200
11768,D2936797918011768,Covered $200
11769,D5855691207011769,Covered $200
11770,D9564498281011770,Covered $200
11771,D4600512189011771,Covered $200
11772,D5794976906011772,Covered $200
11773,D1276894695011773,Covered $200
11774,D1169324692011774,Covered $200
11775,D4422655799011775,Covered $200
11776,D6894061566011776,Covered $200
11777,D5055611613011777,Covered $200
11778,D5325823243011778,Covered $200
11779,D8985433448011779,Covered $200
11780,D4304636600011780,Covered $200
11781,D3420668947011781,Covered $200
11782,D2986439318011782,Covered $200
11783,D0129458833011783,Covered $200
11784,D7104366921011784,Covered $200
11785,D9907107137011785,Covered $200
11786,D9792190519011786,Covered $200
11787,D4237047633011787,Covered $200
11788,D6682946877011788,Covered $200
11789,D2217709510011789,Covered $200
11790,D1656818744011790,Covered $200
11791,D3420694490011791,Covered $200
11792,D8476507156011792,Covered $200
11793,D5026926121011793,Covered $200
11794,D9225336988011794,Covered $200
11795,D4449315176011795,Covered $200
11796,D8134670816011796,Covered $200
11797,D8117307902011797,Covered $200
11798,D9818707017011798,Covered $200
11799,D8835704683011799,Covered $200
11800,D3010838858011800,Covered $200
11801,D3664665304011801,Covered $200
11802,D8939321818011802,Covered $200
11803,D0507763281011803,Covered $200
11804,D6346216769011804,Covered $200
11805,D2960321878011805,Covered $200
11806,D1427905061011806,Covered $200
11807,D2118822638011807,Covered $200
11808,D6234339397011808,Covered $200
11809,D1620331759011809,Covered $200
11810,D9143148250011810,Covered $200
11811,D7094444518011811,Covered $200
11812,D0150624346011812,Covered $200
11813,D0602995107011813,Covered $200
11814,D1496408893011814,Covered $200
11815,D7767868335011815,Covered $200
11816,D8727819437011816,Covered $200
11817,D8780497229011817,Covered $200
11818,D5236291647011818,Covered $200
11819,D1501741834011819,Covered $200
11820,D5859087033011820,Covered $200
11821,D0319004971011821,Covered $200
11822,D9043078547011822,Covered $200
11823,D9189565935011823,Covered $200
11824,D3309247440011824,Covered $200
11825,D4151617489011825,Covered $200
11826,D1281309632011826,Covered $200
11827,D8911066132011827,Covered $200
11828,D6895651582011828,Covered $200
11829,D3442203392011829,Covered $200
11830,D6350722313011830,Covered $200
11831,D3315420008011831,Covered $200
11832,D8110397543011832,Covered $200
11833,D5611499461011833,Covered $200
11834,D2144468975011834,Covered $200
11835,D9895310275011835,Covered $200
11836,D5997916228011836,Covered $200
11837,D6578132446011837,Covered $200
11838,D1624305688011838,Covered $200
11839,D9248281691011839,Covered $200
11840,D6526284449011840,Covered $200
11841,D4020116660011841,Covered $200
11842,D8497870409011842,Covered $200
11843,D8296401633011843,Covered $200
11844,D7941939395011844,Covered $200
11845,D3254004308011845,Covered $200
11846,D0986914603011846,Covered $200
11847,D1485071259011847,Covered $200
11848,D8521567201011848,Covered $200
11849,D3962672189011849,Covered $200
11850,D7149844653011850,Covered $200
11851,D1014430867011851,Covered $200
11852,D1506748011011852,Covered $200
11853,D4967732055011853,Covered $200
11854,D7271559814011854,Covered $200
11855,D6576508753011855,Covered $200
11856,D6560482072011856,Covered $200
11857,D4279501600011857,Covered $200
11858,D6137192172011858,Covered $200
11859,D9998157977011859,Covered $200
11860,D2549178860011860,Covered $200
11861,D9130333425011861,Covered $200
11862,D4572206266011862,Covered $200
11863,D3996774202011863,Covered $200
11864,D5734321729011864,Covered $200
11865,D8142348191011865,Covered $200
11866,D8940913162011866,Covered $200
11867,D6744796502011867,Covered $200
11868,D3718704507011868,Covered $200
11869,D8328872479011869,Covered $200
11870,D2043109164011870,Covered $200
11871,D6855452347011871,Covered $200
11872,D0389878443011872,Covered $200
11873,D4369418734011873,Covered $200
11874,D2801986282011874,Covered $200
11875,D3891774186011875,Covered $200
11876,D6466479777011876,Covered $200
11877,D1281447511011877,Covered $200
11878,D1453606328011878,Covered $200
11879,D4230153118011879,Covered $200
11880,D8551661591011880,Covered $200
11881,D0634934729011881,Covered $200
11882,D0644723955011882,Covered $200
11883,D2649535083011883,Covered $200
11884,D7856494948011884,Covered $200
11885,D5093028030011885,Covered $200
11886,D8705854388011886,Covered $200
11887,D7621300361011887,Covered $200
11888,D2288060908011888,Covered $200
11889,D5239182458011889,Covered $200
11890,D7476445402011890,Covered $200
11891,D1838346064011891,Covered $200
11892,D8230950674011892,Covered $200
11893,D7709754399011893,Covered $200
11894,D0889210119011894,Covered $200
11895,D7609372187011895,Covered $200
11896,D6019843612011896,Covered $200
11897,D6176551298011897,Covered $200
11898,D3422300414011898,Covered $200
11899,D4270070550011899,Covered $200
11900,D8896709373011900,Covered $200
11901,D4210961165011901,Covered $200
11902,D9691981408011902,Covered $200
11903,D1675152621011903,Covered $200
11904,D2050307240011904,Covered $200
11905,D1017190022011905,Covered $200
11906,D0090181573011906,Covered $200
11907,D8700960974011907,Covered $200
11908,D3794365300011908,Covered $200
11909,D3745417986011909,Covered $200
11910,D5168440182011910,Covered $200
11911,D3883974457011911,Covered $200
11912,D5507436755011912,Covered $200
11913,D2756420730011913,Covered $200
11914,D9689118295011914,Covered $200
11915,D7788814885011915,Covered $200
11916,D2424799120011916,Covered $200
11917,D2913915471011917,Covered $200
11918,D0049343400011918,Covered $200
11919,D9768796749011919,Covered $200
11920,D0859981303011920,Covered $200
11921,D7514097773011921,Covered $200
11922,D4498104169011922,Covered $200
11923,D2430905545011923,Covered $200
11924,D2039363250011924,Covered $200
11925,D0620247562011925,Covered $200
11926,D2755485179011926,Covered $200
11927,D3459297962011927,Covered $200
11928,D6784066682011928,Covered $200
11929,D8533726859011929,Covered $200
11930,D4472845088011930,Covered $200
11931,D4332128867011931,Covered $200
11932,D4963615324011932,Covered $200
11933,D4467713092011933,Covered $200
11934,D1689879347011934,Covered $200
11935,D5625325838011935,Covered $200
11936,D5206473797011936,Covered $200
11937,D4381906377011937,Covered $200
11938,D2165088106011938,Covered $200
11939,D8754171977011939,Covered $200
11940,D1809580899011940,Covered $200
11941,D5669871880011941,Covered $200
11942,D6880387785011942,Covered $200
11943,D2842991607011943,Covered $200
11944,D2507271118011944,Covered $200
11945,D4901959444011945,Covered $200
11946,D7031741287011946,Covered $200
11947,D9480749643011947,Covered $200
11948,D7172147749011948,Covered $200
11949,D9032323713011949,Covered $200
11950,D1049260616011950,Covered $200
11951,D3271699943011951,Covered $200
11952,D5123929342011952,Covered $200
11953,D8912260333011953,Covered $200
11954,D0044814071011954,Covered $200
11955,D7811972196011955,Covered $200
11956,D3322784778011956,Covered $200
11957,D9695685972011957,Covered $200
11958,D1075053370011958,Covered $200
11959,D4143367517011959,Covered $200
11960,D2236781191011960,Covered $200
11961,D4300572096011961,Covered $200
11962,D9947773114011962,Covered $200
11963,D2900998057011963,Covered $200
11964,D4033686407011964,Covered $200
11965,D4047831767011965,Covered $200
11966,D7940959647011966,Covered $200
11967,D7797514979011967,Covered $200
11968,D8722283889011968,Covered $200
11969,D1029413399011969,Covered $200
11970,D7502473335011970,Covered $200
11971,D1819307260011971,Covered $200
11972,D9067710482011972,Covered $200
11973,D7897445176011973,Covered $200
11974,D0171349049011974,Covered $200
11975,D9963849198011975,Covered $200
11976,D7808742503011976,Covered $200
11977,D8180467405011977,Covered $200
11978,D7173769005011978,Covered $200
11979,D9236805664011979,Covered $200
11980,D8982226969011980,Covered $200
11981,D5760013228011981,Covered $200
11982,D3461719976011982,Covered $200
11983,D3048614599011983,Covered $200
11984,D2547058600011984,Covered $200
11985,D1119667165011985,Covered $200
11986,D9860396362011986,Covered $200
11987,D3104971335011987,Covered $200
11988,D8513053042011988,Covered $200
11989,D4090721409011989,Covered $200
11990,D2033737562011990,Covered $200
11991,D3182782676011991,Covered $200
11992,D8701342358011992,Covered $200
11993,D8441794846011993,Covered $200
11994,D3603420549011994,Covered $200
11995,D8070237354011995,Covered $200
11996,D5774882339011996,Covered $200
11997,D3447766281011997,Covered $200
11998,D7576956360011998,Covered $200
11999,D4365731377011999,Covered $200
12000,D8810832590012000,Covered $200
20001,D7533412077020001,Uncovered Comp
20002,D3690725768020002,Uncovered Comp
20003,D3528849955020003,Uncovered Comp
20004,D8506813405020004,Uncovered Comp
20005,D4713816116020005,Uncovered Comp
20006,D2051666493020006,Uncovered Comp
20007,D8478836952020007,Uncovered Comp
20008,D8885958155020008,Uncovered Comp
20009,D7803059972020009,Uncovered Comp
20010,D2903736695020010,Uncovered Comp
20011,D0204445800020011,Uncovered Comp
20012,D6730234888020012,Uncovered Comp
20013,D9068853613020013,Uncovered Comp
20014,D9454550715020014,Uncovered Comp
20015,D1922670525020015,Uncovered Comp
20016,D4907207250020016,Uncovered Comp
20017,D4099343266020017,Uncovered Comp
20018,D8504930244020018,Uncovered Comp
20019,D2031060694020019,Uncovered Comp
20020,D7553224528020020,Uncovered Comp
20021,D4958939154020021,Uncovered Comp
20022,D6367739366020022,Uncovered Comp
20023,D6778377531020023,Uncovered Comp
20024,D2582297867020024,Uncovered Comp
20025,D2278318857020025,Uncovered Comp
20026,D6185581245020026,Uncovered Comp
20027,D8424847038020027,Uncovered Comp
20028,D3650721128020028,Uncovered Comp
20029,D1244769173020029,Uncovered Comp
20030,D6465578751020030,Uncovered Comp
20031,D7132327762020031,Uncovered Comp
20032,D8093211769020032,Uncovered Comp
20033,D6877681868020033,Uncovered Comp
20034,D6043793683020034,Uncovered Comp
20035,D2298837330020035,Uncovered Comp
20036,D6664023037020036,Uncovered Comp
20037,D3519303491020037,Uncovered Comp
20038,D3768182573020038,Uncovered Comp
20039,D6350566770020039,Uncovered Comp
20040,D4319551268020040,Uncovered Comp
20041,D0575068121020041,Uncovered Comp
20042,D6108869563020042,Uncovered Comp
20043,D2055595787020043,Uncovered Comp
20044,D6692204203020044,Uncovered Comp
20045,D8023934505020045,Uncovered Comp
20046,D2949878438020046,Uncovered Comp
20047,D0861497699020047,Uncovered Comp
20048,D2980115973020048,Uncovered Comp
20049,D9672046217020049,Uncovered Comp
20050,D5313996075020050,Uncovered Comp
20051,D5779881300020051,Uncovered Comp
20052,D1869006573020052,Uncovered Comp
20053,D6534554260020053,Uncovered Comp
20054,D9672465340020054,Uncovered Comp
20055,D8459464119020055,Uncovered Comp
20056,D6657768148020056,Uncovered Comp
20057,D9579457032020057,Uncovered Comp
20058,D9702171131020058,Uncovered Comp
20059,D2332756044020059,Uncovered Comp
20060,D4394873149020060,Uncovered Comp
20061,D1390979247020061,Uncovered Comp
20062,D5250220406020062,Uncovered Comp
20063,D3301084313020063,Uncovered Comp
20064,D4071494018020064,Uncovered Comp
20065,D7238044756020065,Uncovered Comp
20066,D5888695795020066,Uncovered Comp
20067,D4521092358020067,Uncovered Comp
20068,D3119543193020068,Uncovered Comp
20069,D8331868133020069,Uncovered Comp
20070,D5391156836020070,Uncovered Comp
20071,D2672643229020071,Uncovered Comp
20072,D2437320422020072,Uncovered Comp
20073,D1356909842020073,Uncovered Comp
20074,D3295458162020074,Uncovered Comp
20075,D6491935840020075,Uncovered Comp
20076,D9062934296020076,Uncovered Comp
20077,D2167517468020077,Uncovered Comp
20078,D3285162943020078,Uncovered Comp
20079,D6298261154020079,Uncovered Comp
20080,D8695662535020080,Uncovered Comp
20081,D4921631088020081,Uncovered Comp
20082,D1598402618020082,Uncovered Comp
20083,D6571071672020083,Uncovered Comp
20084,D3874444366020084,Uncovered Comp
20085,D7309365994020085,Uncovered Comp
20086,D2727041835020086,Uncovered Comp
20087,D5929339838020087,Uncovered Comp
20088,D0247053539020088,Uncovered Comp
20089,D6023520593020089,Uncovered Comp
20090,D1225917350020090,Uncovered Comp
20091,D8243825657020091,Uncovered Comp
20092,D2343394842020092,Uncovered Comp
20093,D2913073357020093,Uncovered Comp
20094,D4096608876020094,Uncovered Comp
20095,D2444483810020095,Uncovered Comp
20096,D7358872549020096,Uncovered Comp
20097,D7616200509020097,Uncovered Comp
20098,D0309378864020098,Uncovered Comp
20099,D9920968505020099,Uncovered Comp
20100,D4212897130020100,Uncovered Comp
20101,D5845597529020101,Uncovered Comp
20102,D3925282240020102,Uncovered Comp
20103,D9999331730020103,Uncovered Comp
20104,D7915152842020104,Uncovered Comp
20105,D8819693265020105,Uncovered Comp
20106,D5151664620020106,Uncovered Comp
20107,D3396672330020107,Uncovered Comp
20108,D8535387477020108,Uncovered Comp
20109,D2533299203020109,Uncovered Comp
20110,D1713272617020110,Uncovered Comp
20111,D6393981205020111,Uncovered Comp
20112,D0778047527020112,Uncovered Comp
20113,D7073326046020113,Uncovered Comp
20114,D1231904440020114,Uncovered Comp
20115,D6406015507020115,Uncovered Comp
20116,D1605092804020116,Uncovered Comp
20117,D8963515424020117,Uncovered Comp
20118,D7680010964020118,Uncovered Comp
20119,D5797492619020119,Uncovered Comp
20120,D3180755694020120,Uncovered Comp
20121,D0138807892020121,Uncovered Comp
20122,D4283827361020122,Uncovered Comp
20123,D7735413807020123,Uncovered Comp
20124,D0531931373020124,Uncovered Comp
20125,D0947320034020125,Uncovered Comp
20126,D1985796856020126,Uncovered Comp
20127,D1635584925020127,Uncovered Comp
20128,D2923035636020128,Uncovered Comp
20129,D7577859267020129,Uncovered Comp
20130,D0928290414020130,Uncovered Comp
20131,D2000879108020131,Uncovered Comp
20132,D8023615450020132,Uncovered Comp
20133,D7964567660020133,Uncovered Comp
20134,D9855270858020134,Uncovered Comp
20135,D8558040507020135,Uncovered Comp
20136,D4921772630020136,Uncovered Comp
20137,D3530329290020137,Uncovered Comp
20138,D8132191794020138,Uncovered Comp
20139,D5387438225020139,Uncovered Comp
20140,D4716901702020140,Uncovered Comp
20141,D8077745532020141,Uncovered Comp
20142,D1393015422020142,Uncovered Comp
20143,D3955955480020143,Uncovered Comp
20144,D5371029165020144,Uncovered Comp
20145,D6350621566020145,Uncovered Comp
20146,D7287210538020146,Uncovered Comp
20147,D5865370207020147,Uncovered Comp
20148,D8968829706020148,Uncovered Comp
20149,D7987787556020149,Uncovered Comp
20150,D4116612094020150,Uncovered Comp
20151,D2289099975020151,Uncovered Comp
20152,D6566832835020152,Uncovered Comp
20153,D4586357977020153,Uncovered Comp
20154,D6342665498020154,Uncovered Comp
20155,D0034999050020155,Uncovered Comp
20156,D2858951840020156,Uncovered Comp
20157,D3423458609020157,Uncovered Comp
20158,D7286278984020158,Uncovered Comp
20159,D0179576342020159,Uncovered Comp
20160,D6345806828020160,Uncovered Comp
20161,D3959112637020161,Uncovered Comp
20162,D5015177656020162,Uncovered Comp
20163,D0226971317020163,Uncovered Comp
20164,D9027785733020164,Uncovered Comp
20165,D1296975584020165,Uncovered Comp
20166,D4498694192020166,Uncovered Comp
20167,D2357955230020167,Uncovered Comp
20168,D2862054827020168,Uncovered Comp
20169,D8191683019020169,Uncovered Comp
20170,D9594343076020170,Uncovered Comp
20171,D9377575642020171,Uncovered Comp
20172,D4509721512020172,Uncovered Comp
20173,D9778730651020173,Uncovered Comp
20174,D2946941453020174,Uncovered Comp
20175,D3462441935020175,Uncovered Comp
20176,D4581071077020176,Uncovered Comp
20177,D0861739681020177,Uncovered Comp
20178,D1310076929020178,Uncovered Comp
20179,D9129317404020179,Uncovered Comp
20180,D3075233466020180,Uncovered Comp
20181,D6437740127020181,Uncovered Comp
20182,D7367422719020182,Uncovered Comp
20183,D3187518124020183,Uncovered Comp
20184,D5469237903020184,Uncovered Comp
20185,D2995553357020185,Uncovered Comp
20186,D2942345513020186,Uncovered Comp
20187,D5136642298020187,Uncovered Comp
20188,D3783919244020188,Uncovered Comp
20189,D8332569023020189,Uncovered Comp
20190,D2665640220020190,Uncovered Comp
20191,D9685651313020191,Uncovered Comp
20192,D0814474565020192,Uncovered Comp
20193,D4347804886020193,Uncovered Comp
20194,D7841391921020194,Uncovered Comp
20195,D0749008366020195,Uncovered Comp
20196,D6734003634020196,Uncovered Comp
20197,D3170708253020197,Uncovered Comp
20198,D6235820235020198,Uncovered Comp
20199,D9609530279020199,Uncovered Comp
20200,D8474511636020200,Uncovered Comp
20201,D1714073140020201,Uncovered Comp
20202,D8488463699020202,Uncovered Comp
20203,D2225290937020203,Uncovered Comp
20204,D2868229072020204,Uncovered Comp
20205,D1531020275020205,Uncovered Comp
20206,D1153477186020206,Uncovered Comp
20207,D0505125970020207,Uncovered Comp
20208,D3781896711020208,Uncovered Comp
20209,D3418810251020209,Uncovered Comp
20210,D4404074238020210,Uncovered Comp
20211,D2264690460020211,Uncovered Comp
20212,D1887970336020212,Uncovered Comp
20213,D4860712625020213,Uncovered Comp
20214,D7168998730020214,Uncovered Comp
20215,D8147282071020215,Uncovered Comp
20216,D1657747139020216,Uncovered Comp
20217,D3459468741020217,Uncovered Comp
20218,D9016103982020218,Uncovered Comp
20219,D9746318166020219,Uncovered Comp
20220,D8085640314020220,Uncovered Comp
20221,D9278886551020221,Uncovered Comp
20222,D9108175441020222,Uncovered Comp
20223,D6648537962020223,Uncovered Comp
20224,D2079334970020224,Uncovered Comp
20225,D8853477506020225,Uncovered Comp
20226,D7529588162020226,Uncovered Comp
20227,D3232161228020227,Uncovered Comp
20228,D8513215020020228,Uncovered Comp
20229,D3479287983020229,Uncovered Comp
20230,D9956430391020230,Uncovered Comp
20231,D8157001878020231,Uncovered Comp
20232,D1110283095020232,Uncovered Comp
20233,D1983203251020233,Uncovered Comp
20234,D5137327509020234,Uncovered Comp
20235,D2188676572020235,Uncovered Comp
20236,D3153233564020236,Uncovered Comp
20237,D1895660870020237,Uncovered Comp
20238,D9284664728020238,Uncovered Comp
20239,D5504840514020239,Uncovered Comp
20240,D5828311881020240,Uncovered Comp
20241,D1307867486020241,Uncovered Comp
20242,D8919391135020242,Uncovered Comp
20243,D5323188882020243,Uncovered Comp
20244,D5647253674020244,Uncovered Comp
20245,D0712451608020245,Uncovered Comp
20246,D8832717340020246,Uncovered Comp
20247,D7632927189020247,Uncovered Comp
20248,D8116464326020248,Uncovered Comp
20249,D0784353828020249,Uncovered Comp
20250,D3272094300020250,Uncovered Comp
20251,D2708738623020251,Uncovered Comp
20252,D9983345447020252,Uncovered Comp
20253,D6436754436020253,Uncovered Comp
20254,D5278706916020254,Uncovered Comp
20255,D3511404306020255,Uncovered Comp
20256,D1656107983020256,Uncovered Comp
20257,D1844044421020257,Uncovered Comp
20258,D7793651611020258,Uncovered Comp
20259,D2503017526020259,Uncovered Comp
20260,D4385420856020260,Uncovered Comp
20261,D8366405861020261,Uncovered Comp
20262,D8481943149020262,Uncovered Comp
20263,D9283865511020263,Uncovered Comp
20264,D7868664728020264,Uncovered Comp
20265,D2786256732020265,Uncovered Comp
20266,D0127364815020266,Uncovered Comp
20267,D1803952859020267,Uncovered Comp
20268,D6043595595020268,Uncovered Comp
20269,D7442734763020269,Uncovered Comp
20270,D7268364247020270,Uncovered Comp
20271,D0897267174020271,Uncovered Comp
20272,D3532626410020272,Uncovered Comp
20273,D0533961107020273,Uncovered Comp
20274,D1580707286020274,Uncovered Comp
20275,D0041185601020275,Uncovered Comp
20276,D9631885411020276,Uncovered Comp
20277,D4664152668020277,Uncovered Comp
20278,D7089596161020278,Uncovered Comp
20279,D6198042310020279,Uncovered Comp
20280,D3764270497020280,Uncovered Comp
20281,D5023592335020281,Uncovered Comp
20282,D1117745511020282,Uncovered Comp
20283,D7466298083020283,Uncovered Comp
20284,D8901570995020284,Uncovered Comp
20285,D4994333572020285,Uncovered Comp
20286,D3224511862020286,Uncovered Comp
20287,D0604069231020287,Uncovered Comp
20288,D6352414716020288,Uncovered Comp
20289,D6868144419020289,Uncovered Comp
20290,D4212948344020290,Uncovered Comp
20291,D8040362500020291,Uncovered Comp
20292,D2295440590020292,Uncovered Comp
20293,D3350818808020293,Uncovered Comp
20294,D3389888628020294,Uncovered Comp
20295,D2640334636020295,Uncovered Comp
20296,D7017873938020296,Uncovered Comp
20297,D0516233895020297,Uncovered Comp
20298,D8881152465020298,Uncovered Comp
20299,D9494569215020299,Uncovered Comp
20300,D4004101891020300,Uncovered Comp
20301,D0105094705020301,Uncovered Comp
20302,D3020426033020302,Uncovered Comp
20303,D6050989020020303,Uncovered Comp
20304,D9485915102020304,Uncovered Comp
20305,D1303401055020305,Uncovered Comp
20306,D3275297176020306,Uncovered Comp
20307,D3953177160020307,Uncovered Comp
20308,D5480097070020308,Uncovered Comp
20309,D3975338406020309,Uncovered Comp
20310,D6689730444020310,Uncovered Comp
20311,D8225213570020311,Uncovered Comp
20312,D8672972855020312,Uncovered Comp
20313,D4061189189020313,Uncovered Comp
20314,D6192403155020314,Uncovered Comp
20315,D9934457537020315,Uncovered Comp
20316,D7346963450020316,Uncovered Comp
20317,D7750536645020317,Uncovered Comp
20318,D0748870082020318,Uncovered Comp
20319,D9499118697020319,Uncovered Comp
20320,D3886574283020320,Uncovered Comp
20321,D5816491632020321,Uncovered Comp
20322,D9461904318020322,Uncovered Comp
20323,D7256567999020323,Uncovered Comp
20324,D8513437498020324,Uncovered Comp
20325,D2395593961020325,Uncovered Comp
20326,D7789868191020326,Uncovered Comp
20327,D0449663887020327,Uncovered Comp
20328,D4024967185020328,Uncovered Comp
20329,D1873373960020329,Uncovered Comp
20330,D9215771116020330,Uncovered Comp
20331,D4146006828020331,Uncovered Comp
20332,D0534559337020332,Uncovered Comp
20333,D4177997904020333,Uncovered Comp
20334,D9236888575020334,Uncovered Comp
20335,D2683711532020335,Uncovered Comp
20336,D7115345939020336,Uncovered Comp
20337,D7520126223020337,Uncovered Comp
20338,D4840048487020338,Uncovered Comp
20339,D1272997006020339,Uncovered Comp
20340,D1768741582020340,Uncovered Comp
20341,D0707776708020341,Uncovered Comp
20342,D1812804314020342,Uncovered Comp
20343,D8944224497020343,Uncovered Comp
20344,D2362815995020344,Uncovered Comp
20345,D6263645217020345,Uncovered Comp
20346,D9131265127020346,Uncovered Comp
20347,D7349977484020347,Uncovered Comp
20348,D4475205181020348,Uncovered Comp
20349,D5078535604020349,Uncovered Comp
20350,D3897969964020350,Uncovered Comp
20351,D4867868801020351,Uncovered Comp
20352,D8790427301020352,Uncovered Comp
20353,D0542668325020353,Uncovered Comp
20354,D0820283808020354,Uncovered Comp
20355,D4907101715020355,Uncovered Comp
20356,D5425088972020356,Uncovered Comp
20357,D7477393627020357,Uncovered Comp
20358,D2571596168020358,Uncovered Comp
20359,D7085846494020359,Uncovered Comp
20360,D5239332225020360,Uncovered Comp
20361,D4693656442020361,Uncovered Comp
20362,D2284056766020362,Uncovered Comp
20363,D9519012395020363,Uncovered Comp
20364,D5889426223020364,Uncovered Comp
20365,D6113373922020365,Uncovered Comp
20366,D8143180102020366,Uncovered Comp
20367,D7514025868020367,Uncovered Comp
20368,D3235827625020368,Uncovered Comp
20369,D2265266769020369,Uncovered Comp
20370,D7667015855020370,Uncovered Comp
20371,D8866660418020371,Uncovered Comp
20372,D5551216082020372,Uncovered Comp
20373,D5916052151020373,Uncovered Comp
20374,D4017746786020374,Uncovered Comp
20375,D0265327716020375,Uncovered Comp
20376,D9327443644020376,Uncovered Comp
20377,D0246321409020377,Uncovered Comp
20378,D6925517616020378,Uncovered Comp
20379,D5066416759020379,Uncovered Comp
20380,D4959541981020380,Uncovered Comp
20381,D8087323335020381,Uncovered Comp
20382,D1252797242020382,Uncovered Comp
20383,D7504666073020383,Uncovered Comp
20384,D2251930805020384,Uncovered Comp
20385,D5474534080020385,Uncovered Comp
20386,D5482396931020386,Uncovered Comp
20387,D7161466824020387,Uncovered Comp
20388,D2906014935020388,Uncovered Comp
20389,D8633935696020389,Uncovered Comp
20390,D4816002397020390,Uncovered Comp
20391,D3837805167020391,Uncovered Comp
20392,D4029367414020392,Uncovered Comp
20393,D0753833760020393,Uncovered Comp
20394,D7691737012020394,Uncovered Comp
20395,D8536744871020395,Uncovered Comp
20396,D3398055451020396,Uncovered Comp
20397,D9533569213020397,Uncovered Comp
20398,D2373410615020398,Uncovered Comp
20399,D0846219839020399,Uncovered Comp
20400,D4796017743020400,Uncovered Comp
20401,D2762517150020401,Uncovered Comp
20402,D2276532536020402,Uncovered Comp
20403,D0391708009020403,Uncovered Comp
20404,D2175126474020404,Uncovered Comp
20405,D7047988334020405,Uncovered Comp
20406,D3242195783020406,Uncovered Comp
20407,D1768082831020407,Uncovered Comp
20408,D1431598458020408,Uncovered Comp
20409,D9986711799020409,Uncovered Comp
20410,D6849063559020410,Uncovered Comp
20411,D3371591619020411,Uncovered Comp
20412,D5792096153020412,Uncovered Comp
20413,D2501842915020413,Uncovered Comp
20414,D1973415687020414,Uncovered Comp
20415,D0197777928020415,Uncovered Comp
20416,D7063589488020416,Uncovered Comp
20417,D3134416850020417,Uncovered Comp
20418,D7383252298020418,Uncovered Comp
20419,D5634626148020419,Uncovered Comp
20420,D2647896195020420,Uncovered Comp
20421,D7345494197020421,Uncovered Comp
20422,D0270512832020422,Uncovered Comp
20423,D5181890023020423,Uncovered Comp
20424,D0342988067020424,Uncovered Comp
20425,D3142743676020425,Uncovered Comp
20426,D7799639643020426,Uncovered Comp
20427,D3711477124020427,Uncovered Comp
20428,D7581692392020428,Uncovered Comp
20429,D0441715745020429,Uncovered Comp
20430,D5204350112020430,Uncovered Comp
20431,D1708012457020431,Uncovered Comp
20432,D3265628017020432,Uncovered Comp
20433,D4291555702020433,Uncovered Comp
20434,D8517685485020434,Uncovered Comp
20435,D7285672607020435,Uncovered Comp
20436,D1867698259020436,Uncovered Comp
20437,D1002584696020437,Uncovered Comp
20438,D6816763281020438,Uncovered Comp
20439,D2663317926020439,Uncovered Comp
20440,D7714874129020440,Uncovered Comp
20441,D5323471135020441,Uncovered Comp
20442,D9027676283020442,Uncovered Comp
20443,D2255299217020443,Uncovered Comp
20444,D0380979359020444,Uncovered Comp
20445,D9922107819020445,Uncovered Comp
20446,D9372853090020446,Uncovered Comp
20447,D9286535455020447,Uncovered Comp
20448,D5614009630020448,Uncovered Comp
20449,D4306656191020449,Uncovered Comp
20450,D1695315091020450,Uncovered Comp
20451,D7874668157020451,Uncovered Comp
20452,D0693316739020452,Uncovered Comp
20453,D6241734519020453,Uncovered Comp
20454,D6124180151020454,Uncovered Comp
20455,D9861228342020455,Uncovered Comp
20456,D3485006878020456,Uncovered Comp
20457,D9637610784020457,Uncovered Comp
20458,D0925805514020458,Uncovered Comp
20459,D6542925505020459,Uncovered Comp
20460,D3350468947020460,Uncovered Comp
20461,D9030508056020461,Uncovered Comp
20462,D5802815977020462,Uncovered Comp
20463,D0732378229020463,Uncovered Comp
20464,D5841882433020464,Uncovered Comp
20465,D9634909853020465,Uncovered Comp
20466,D3324074769020466,Uncovered Comp
20467,D1427544939020467,Uncovered Comp
20468,D0476103723020468,Uncovered Comp
20469,D5047429242020469,Uncovered Comp
20470,D7633668361020470,Uncovered Comp
20471,D0114186068020471,Uncovered Comp
20472,D4627843374020472,Uncovered Comp
20473,D3545976951020473,Uncovered Comp
20474,D6553675069020474,Uncovered Comp
20475,D6473917467020475,Uncovered Comp
20476,D1663562926020476,Uncovered Comp
20477,D5702315639020477,Uncovered Comp
20478,D6094334233020478,Uncovered Comp
20479,D4649148692020479,Uncovered Comp
20480,D3738260128020480,Uncovered Comp
20481,D6341021506020481,Uncovered Comp
20482,D0109299999020482,Uncovered Comp
20483,D3941931126020483,Uncovered Comp
20484,D9018154233020484,Uncovered Comp
20485,D2587588657020485,Uncovered Comp
20486,D3580474495020486,Uncovered Comp
20487,D6932341822020487,Uncovered Comp
20488,D7537654354020488,Uncovered Comp
20489,D1296550658020489,Uncovered Comp
20490,D6832393200020490,Uncovered Comp
20491,D6589020910020491,Uncovered Comp
20492,D5483946102020492,Uncovered Comp
20493,D2047530328020493,Uncovered Comp
20494,D9698650560020494,Uncovered Comp
20495,D5431331053020495,Uncovered Comp
20496,D4808461333020496,Uncovered Comp
20497,D7735169092020497,Uncovered Comp
20498,D8620899423020498,Uncovered Comp
20499,D1505829976020499,Uncovered Comp
20500,D1791270102020500,Uncovered Comp
20501,D6092592240020501,Uncovered Comp
20502,D6995549606020502,Uncovered Comp
20503,D7181202334020503,Uncovered Comp
20504,D6021130440020504,Uncovered Comp
20505,D0316022716020505,Uncovered Comp
20506,D2796369160020506,Uncovered Comp
20507,D9221546434020507,Uncovered Comp
20508,D5466664941020508,Uncovered Comp
20509,D7622382488020509,Uncovered Comp
20510,D1766463308020510,Uncovered Comp
20511,D9967156622020511,Uncovered Comp
20512,D1343735215020512,Uncovered Comp
20513,D9873037687020513,Uncovered Comp
20514,D0163444747020514,Uncovered Comp
20515,D9536973246020515,Uncovered Comp
20516,D4627046615020516,Uncovered Comp
20517,D9180513840020517,Uncovered Comp
20518,D0889407162020518,Uncovered Comp
20519,D5818256647020519,Uncovered Comp
20520,D1268795372020520,Uncovered Comp
20521,D2957428942020521,Uncovered Comp
20522,D5433605819020522,Uncovered Comp
20523,D8542762642020523,Uncovered Comp
20524,D0476370190020524,Uncovered Comp
20525,D0932431328020525,Uncovered Comp
20526,D4221464313020526,Uncovered Comp
20527,D5522126931020527,Uncovered Comp
20528,D4034676908020528,Uncovered Comp
20529,D2779833924020529,Uncovered Comp
20530,D4116036821020530,Uncovered Comp
20531,D4824065830020531,Uncovered Comp
20532,D5376927077020532,Uncovered Comp
20533,D0532101185020533,Uncovered Comp
20534,D5808966937020534,Uncovered Comp
20535,D6601910476020535,Uncovered Comp
20536,D2139045561020536,Uncovered Comp
20537,D1996443893020537,Uncovered Comp
20538,D1539178620020538,Uncovered Comp
20539,D4145192234020539,Uncovered Comp
20540,D3247877141020540,Uncovered Comp
20541,D3292184496020541,Uncovered Comp
20542,D0324592185020542,Uncovered Comp
20543,D3958787632020543,Uncovered Comp
20544,D6633623610020544,Uncovered Comp
20545,D2370012389020545,Uncovered Comp
20546,D9409927530020546,Uncovered Comp
20547,D9749068104020547,Uncovered Comp
20548,D7372136161020548,Uncovered Comp
20549,D4361161022020549,Uncovered Comp
20550,D9035408502020550,Uncovered Comp
20551,D2209750243020551,Uncovered Comp
20552,D0814435190020552,Uncovered Comp
20553,D8476828906020553,Uncovered Comp
20554,D8868851838020554,Uncovered Comp
20555,D0689491149020555,Uncovered Comp
20556,D2760270418020556,Uncovered Comp
20557,D9118244067020557,Uncovered Comp
20558,D0724320732020558,Uncovered Comp
20559,D7258467924020559,Uncovered Comp
20560,D5871879200020560,Uncovered Comp
20561,D2350854345020561,Uncovered Comp
20562,D5556482205020562,Uncovered Comp
20563,D6258331963020563,Uncovered Comp
20564,D8235350529020564,Uncovered Comp
20565,D3903800367020565,Uncovered Comp
20566,D0667733627020566,Uncovered Comp
20567,D0678216901020567,Uncovered Comp
20568,D7264722438020568,Uncovered Comp
20569,D3216411171020569,Uncovered Comp
20570,D3025235389020570,Uncovered Comp
20571,D3213958307020571,Uncovered Comp
20572,D0397585617020572,Uncovered Comp
20573,D6816036755020573,Uncovered Comp
20574,D2177391343020574,Uncovered Comp
20575,D0464828345020575,Uncovered Comp
20576,D1132556697020576,Uncovered Comp
20577,D8400276677020577,Uncovered Comp
20578,D4815926157020578,Uncovered Comp
20579,D2840146747020579,Uncovered Comp
20580,D5358097423020580,Uncovered Comp
20581,D6185735126020581,Uncovered Comp
20582,D8010062823020582,Uncovered Comp
20583,D0907517396020583,Uncovered Comp
20584,D2994140720020584,Uncovered Comp
20585,D4060061844020585,Uncovered Comp
20586,D7934434995020586,Uncovered Comp
20587,D8025157251020587,Uncovered Comp
20588,D0496315654020588,Uncovered Comp
20589,D2433609410020589,Uncovered Comp
20590,D4688845245020590,Uncovered Comp
20591,D5441666487020591,Uncovered Comp
20592,D6727233645020592,Uncovered Comp
20593,D2777627736020593,Uncovered Comp
20594,D6601205970020594,Uncovered Comp
20595,D9062576317020595,Uncovered Comp
20596,D7901298521020596,Uncovered Comp
20597,D2571020875020597,Uncovered Comp
20598,D5787003892020598,Uncovered Comp
20599,D4325287767020599,Uncovered Comp
20600,D0127693818020600,Uncovered Comp
20601,D5062251216020601,Uncovered Comp
20602,D1774645676020602,Uncovered Comp
20603,D9626089921020603,Uncovered Comp
20604,D9288028999020604,Uncovered Comp
20605,D9964930231020605,Uncovered Comp
20606,D6111509989020606,Uncovered Comp
20607,D9742682507020607,Uncovered Comp
20608,D8983502261020608,Uncovered Comp
20609,D0327548932020609,Uncovered Comp
20610,D4218246705020610,Uncovered Comp
20611,D8056793510020611,Uncovered Comp
20612,D3161930246020612,Uncovered Comp
20613,D3178685310020613,Uncovered Comp
20614,D6812889368020614,Uncovered Comp
20615,D4400112291020615,Uncovered Comp
20616,D5748092423020616,Uncovered Comp
20617,D2449372767020617,Uncovered Comp
20618,D9388117508020618,Uncovered Comp
20619,D9279470845020619,Uncovered Comp
20620,D9108546055020620,Uncovered Comp
20621,D6632342057020621,Uncovered Comp
20622,D1730878495020622,Uncovered Comp
20623,D4299749057020623,Uncovered Comp
20624,D5796884008020624,Uncovered Comp
20625,D5952637081020625,Uncovered Comp
20626,D1769097386020626,Uncovered Comp
20627,D3359862572020627,Uncovered Comp
20628,D5812314161020628,Uncovered Comp
20629,D9650343181020629,Uncovered Comp
20630,D4566044068020630,Uncovered Comp
20631,D4294195205020631,Uncovered Comp
20632,D0262602071020632,Uncovered Comp
20633,D5224361214020633,Uncovered Comp
20634,D7983834065020634,Uncovered Comp
20635,D1802442904020635,Uncovered Comp
20636,D3594937826020636,Uncovered Comp
20637,D9927107677020637,Uncovered Comp
20638,D2431507561020638,Uncovered Comp
20639,D3350097600020639,Uncovered Comp
20640,D9279843928020640,Uncovered Comp
20641,D5280653911020641,Uncovered Comp
20642,D3640725534020642,Uncovered Comp
20643,D4136895301020643,Uncovered Comp
20644,D9757452533020644,Uncovered Comp
20645,D8507140851020645,Uncovered Comp
20646,D7582713909020646,Uncovered Comp
20647,D6987147710020647,Uncovered Comp
20648,D8184082704020648,Uncovered Comp
20649,D6592740275020649,Uncovered Comp
20650,D3778946152020650,Uncovered Comp
20651,D5973466031020651,Uncovered Comp
20652,D3196198151020652,Uncovered Comp
20653,D3306496336020653,Uncovered Comp
20654,D7646546000020654,Uncovered Comp
20655,D6495737597020655,Uncovered Comp
20656,D7435287497020656,Uncovered Comp
20657,D3989581556020657,Uncovered Comp
20658,D9489482596020658,Uncovered Comp
20659,D6894968931020659,Uncovered Comp
20660,D7669072379020660,Uncovered Comp
20661,D1315271043020661,Uncovered Comp
20662,D7158639514020662,Uncovered Comp
20663,D7023026092020663,Uncovered Comp
20664,D5419532154020664,Uncovered Comp
20665,D6746578431020665,Uncovered Comp
20666,D2332835264020666,Uncovered Comp
20667,D7657597327020667,Uncovered Comp
20668,D5752065223020668,Uncovered Comp
20669,D7528837971020669,Uncovered Comp
20670,D0498978187020670,Uncovered Comp
20671,D1093930305020671,Uncovered Comp
20672,D1933596346020672,Uncovered Comp
20673,D3451883331020673,Uncovered Comp
20674,D7406511479020674,Uncovered Comp
20675,D1814353647020675,Uncovered Comp
20676,D1575028975020676,Uncovered Comp
20677,D6415677271020677,Uncovered Comp
20678,D4359481241020678,Uncovered Comp
20679,D8224446478020679,Uncovered Comp
20680,D9313678561020680,Uncovered Comp
20681,D8982419279020681,Uncovered Comp
20682,D6865841827020682,Uncovered Comp
20683,D9844229373020683,Uncovered Comp
20684,D6063015443020684,Uncovered Comp
20685,D8926816216020685,Uncovered Comp
20686,D5569299771020686,Uncovered Comp
20687,D5906206246020687,Uncovered Comp
20688,D7326063377020688,Uncovered Comp
20689,D3711903440020689,Uncovered Comp
20690,D5442290710020690,Uncovered Comp
20691,D1192314836020691,Uncovered Comp
20692,D5189400249020692,Uncovered Comp
20693,D5858183340020693,Uncovered Comp
20694,D9167860761020694,Uncovered Comp
20695,D1562961742020695,Uncovered Comp
20696,D6938340825020696,Uncovered Comp
20697,D3019533577020697,Uncovered Comp
20698,D9207928679020698,Uncovered Comp
20699,D4965755919020699,Uncovered Comp
20700,D6291773951020700,Uncovered Comp
20701,D9770976251020701,Uncovered Comp
20702,D9701877393020702,Uncovered Comp
20703,D7880511079020703,Uncovered Comp
20704,D1836249679020704,Uncovered Comp
20705,D0166653741020705,Uncovered Comp
20706,D1437385290020706,Uncovered Comp
20707,D6840269471020707,Uncovered Comp
20708,D6405219899020708,Uncovered Comp
20709,D3298160182020709,Uncovered Comp
20710,D4879839340020710,Uncovered Comp
20711,D1263358734020711,Uncovered Comp
20712,D4859984582020712,Uncovered Comp
20713,D5882874701020713,Uncovered Comp
20714,D2963894860020714,Uncovered Comp
20715,D2077647584020715,Uncovered Comp
20716,D1501440034020716,Uncovered Comp
20717,D7202628180020717,Uncovered Comp
20718,D9770788975020718,Uncovered Comp
20719,D9280179147020719,Uncovered Comp
20720,D8535890393020720,Uncovered Comp
20721,D5202974908020721,Uncovered Comp
20722,D5466330129020722,Uncovered Comp
20723,D8585844296020723,Uncovered Comp
20724,D2091035216020724,Uncovered Comp
20725,D5429155152020725,Uncovered Comp
20726,D3042990350020726,Uncovered Comp
20727,D9104255840020727,Uncovered Comp
20728,D0534134218020728,Uncovered Comp
20729,D7858134623020729,Uncovered Comp
20730,D3346119358020730,Uncovered Comp
20731,D4406793332020731,Uncovered Comp
20732,D0616528133020732,Uncovered Comp
20733,D3864484884020733,Uncovered Comp
20734,D2569774961020734,Uncovered Comp
20735,D2874673845020735,Uncovered Comp
20736,D8952742340020736,Uncovered Comp
20737,D6501476412020737,Uncovered Comp
20738,D7401029108020738,Uncovered Comp
20739,D3879717951020739,Uncovered Comp
20740,D7409749477020740,Uncovered Comp
20741,D9492185225020741,Uncovered Comp
20742,D1879743210020742,Uncovered Comp
20743,D3891193064020743,Uncovered Comp
20744,D2118984701020744,Uncovered Comp
20745,D8938470328020745,Uncovered Comp
20746,D3288059572020746,Uncovered Comp
20747,D7915133975020747,Uncovered Comp
20748,D4234875708020748,Uncovered Comp
20749,D6491274405020749,Uncovered Comp
20750,D2744937308020750,Uncovered Comp
20751,D8874308468020751,Uncovered Comp
20752,D9128674106020752,Uncovered Comp
20753,D8240379314020753,Uncovered Comp
20754,D7688210457020754,Uncovered Comp
20755,D9646533325020755,Uncovered Comp
20756,D2735993132020756,Uncovered Comp
20757,D1076001789020757,Uncovered Comp
20758,D2798322739020758,Uncovered Comp
20759,D9087713375020759,Uncovered Comp
20760,D7038163636020760,Uncovered Comp
20761,D5400448491020761,Uncovered Comp
20762,D8282307042020762,Uncovered Comp
20763,D4238863763020763,Uncovered Comp
20764,D5916895514020764,Uncovered Comp
20765,D6396656991020765,Uncovered Comp
20766,D7836214218020766,Uncovered Comp
20767,D0354981535020767,Uncovered Comp
20768,D6578536525020768,Uncovered Comp
20769,D4193523504020769,Uncovered Comp
20770,D1092386086020770,Uncovered Comp
20771,D3782446488020771,Uncovered Comp
20772,D2897025462020772,Uncovered Comp
20773,D6101123248020773,Uncovered Comp
20774,D9243762522020774,Uncovered Comp
20775,D8548313820020775,Uncovered Comp
20776,D4911138807020776,Uncovered Comp
20777,D0783354713020777,Uncovered Comp
20778,D6533736667020778,Uncovered Comp
20779,D3842241314020779,Uncovered Comp
20780,D1310111618020780,Uncovered Comp
20781,D7539765899020781,Uncovered Comp
20782,D3605210447020782,Uncovered Comp
20783,D7652740610020783,Uncovered Comp
20784,D8004575760020784,Uncovered Comp
20785,D4895115820020785,Uncovered Comp
20786,D7096400110020786,Uncovered Comp
20787,D3593091706020787,Uncovered Comp
20788,D2644739750020788,Uncovered Comp
20789,D8921768777020789,Uncovered Comp
20790,D6653661817020790,Uncovered Comp
20791,D6167221877020791,Uncovered Comp
20792,D6419823218020792,Uncovered Comp
20793,D9291892993020793,Uncovered Comp
20794,D4297799170020794,Uncovered Comp
20795,D0997520145020795,Uncovered Comp
20796,D7908552666020796,Uncovered Comp
20797,D4378434552020797,Uncovered Comp
20798,D4139688042020798,Uncovered Comp
20799,D4379790209020799,Uncovered Comp
20800,D0400655713020800,Uncovered Comp
20801,D7027891637020801,Uncovered Comp
20802,D0323841750020802,Uncovered Comp
20803,D2347916594020803,Uncovered Comp
20804,D5951054322020804,Uncovered Comp
20805,D5218723747020805,Uncovered Comp
20806,D7894899325020806,Uncovered Comp
20807,D8843041489020807,Uncovered Comp
20808,D4516133387020808,Uncovered Comp
20809,D2975908316020809,Uncovered Comp
20810,D7749813838020810,Uncovered Comp
20811,D8783455959020811,Uncovered Comp
20812,D6680364353020812,Uncovered Comp
20813,D0000212217020813,Uncovered Comp
20814,D6745272811020814,Uncovered Comp
20815,D5780241083020815,Uncovered Comp
20816,D3404031084020816,Uncovered Comp
20817,D5895650296020817,Uncovered Comp
20818,D8485233604020818,Uncovered Comp
20819,D9255907696020819,Uncovered Comp
20820,D2083795096020820,Uncovered Comp
20821,D6214680062020821,Uncovered Comp
20822,D3134185030020822,Uncovered Comp
20823,D5095900965020823,Uncovered Comp
20824,D3221949844020824,Uncovered Comp
20825,D6639972089020825,Uncovered Comp
20826,D0103761963020826,Uncovered Comp
20827,D8659384598020827,Uncovered Comp
20828,D4127090166020828,Uncovered Comp
20829,D2183207504020829,Uncovered Comp
20830,D7383854996020830,Uncovered Comp
20831,D4365535526020831,Uncovered Comp
20832,D4789658938020832,Uncovered Comp
20833,D7304275903020833,Uncovered Comp
20834,D9143597978020834,Uncovered Comp
20835,D8721819067020835,Uncovered Comp
20836,D2066973904020836,Uncovered Comp
20837,D1467856957020837,Uncovered Comp
20838,D1668353154020838,Uncovered Comp
20839,D9417943694020839,Uncovered Comp
20840,D3801165190020840,Uncovered Comp
20841,D1159018217020841,Uncovered Comp
20842,D5171926473020842,Uncovered Comp
20843,D8890221575020843,Uncovered Comp
20844,D1342856989020844,Uncovered Comp
20845,D4919666488020845,Uncovered Comp
20846,D3927590751020846,Uncovered Comp
20847,D7723973140020847,Uncovered Comp
20848,D1126930713020848,Uncovered Comp
20849,D7014590053020849,Uncovered Comp
20850,D3916422464020850,Uncovered Comp
20851,D7992171737020851,Uncovered Comp
20852,D4762782103020852,Uncovered Comp
20853,D3286917068020853,Uncovered Comp
20854,D2748864334020854,Uncovered Comp
20855,D9765884824020855,Uncovered Comp
20856,D1857224156020856,Uncovered Comp
20857,D5013436546020857,Uncovered Comp
20858,D6616475292020858,Uncovered Comp
20859,D9056197557020859,Uncovered Comp
20860,D2048810729020860,Uncovered Comp
20861,D7424641087020861,Uncovered Comp
20862,D5371750271020862,Uncovered Comp
20863,D3164484873020863,Uncovered Comp
20864,D7367691634020864,Uncovered Comp
20865,D8004366499020865,Uncovered Comp
20866,D5089278290020866,Uncovered Comp
20867,D3380159495020867,Uncovered Comp
20868,D3615208088020868,Uncovered Comp
20869,D1508035864020869,Uncovered Comp
20870,D5781636887020870,Uncovered Comp
20871,D7057933194020871,Uncovered Comp
20872,D5126531471020872,Uncovered Comp
20873,D8513922973020873,Uncovered Comp
20874,D9083475252020874,Uncovered Comp
20875,D9068196586020875,Uncovered Comp
20876,D2764439453020876,Uncovered Comp
20877,D2697592117020877,Uncovered Comp
20878,D3109281336020878,Uncovered Comp
20879,D6105056156020879,Uncovered Comp
20880,D3876346973020880,Uncovered Comp
20881,D5999991169020881,Uncovered Comp
20882,D3840667935020882,Uncovered Comp
20883,D9384228559020883,Uncovered Comp
20884,D5441174837020884,Uncovered Comp
20885,D3718932414020885,Uncovered Comp
20886,D4824365203020886,Uncovered Comp
20887,D9735369904020887,Uncovered Comp
20888,D8754531564020888,Uncovered Comp
20889,D8433441613020889,Uncovered Comp
20890,D2100310729020890,Uncovered Comp
20891,D7529196576020891,Uncovered Comp
20892,D0065882901020892,Uncovered Comp
20893,D0168395283020893,Uncovered Comp
20894,D1256115511020894,Uncovered Comp
20895,D8025866748020895,Uncovered Comp
20896,D5698499503020896,Uncovered Comp
20897,D2590345680020897,Uncovered Comp
20898,D8953757097020898,Uncovered Comp
20899,D0735945911020899,Uncovered Comp
20900,D8437434146020900,Uncovered Comp
20901,D1038895046020901,Uncovered Comp
20902,D3956667452020902,Uncovered Comp
20903,D9566619139020903,Uncovered Comp
20904,D6575030547020904,Uncovered Comp
20905,D4767236287020905,Uncovered Comp
20906,D5988538811020906,Uncovered Comp
20907,D7961651435020907,Uncovered Comp
20908,D3092860182020908,Uncovered Comp
20909,D1983693190020909,Uncovered Comp
20910,D6449310744020910,Uncovered Comp
20911,D1282977358020911,Uncovered Comp
20912,D2434242197020912,Uncovered Comp
20913,D8391745010020913,Uncovered Comp
20914,D8913139486020914,Uncovered Comp
20915,D8721693591020915,Uncovered Comp
20916,D7259015871020916,Uncovered Comp
20917,D2114231754020917,Uncovered Comp
20918,D3314802278020918,Uncovered Comp
20919,D2813757865020919,Uncovered Comp
20920,D2047822615020920,Uncovered Comp
20921,D9747846434020921,Uncovered Comp
20922,D7722210939020922,Uncovered Comp
20923,D0209301683020923,Uncovered Comp
20924,D8834111405020924,Uncovered Comp
20925,D7807640880020925,Uncovered Comp
20926,D1687736649020926,Uncovered Comp
20927,D4882641771020927,Uncovered Comp
20928,D5475555470020928,Uncovered Comp
20929,D0442905212020929,Uncovered Comp
20930,D8987206029020930,Uncovered Comp
20931,D4691139035020931,Uncovered Comp
20932,D0924193606020932,Uncovered Comp
20933,D6674190445020933,Uncovered Comp
20934,D1789230744020934,Uncovered Comp
20935,D0731827141020935,Uncovered Comp
20936,D5993079489020936,Uncovered Comp
20937,D7356518929020937,Uncovered Comp
20938,D4100716667020938,Uncovered Comp
20939,D5725950145020939,Uncovered Comp
20940,D3333880172020940,Uncovered Comp
20941,D0484067641020941,Uncovered Comp
20942,D7710201342020942,Uncovered Comp
20943,D5307363667020943,Uncovered Comp
20944,D2297022100020944,Uncovered Comp
20945,D5317950996020945,Uncovered Comp
20946,D0356039474020946,Uncovered Comp
20947,D5371646213020947,Uncovered Comp
20948,D7359945671020948,Uncovered Comp
20949,D0981326218020949,Uncovered Comp
20950,D2407275861020950,Uncovered Comp
20951,D0144484701020951,Uncovered Comp
20952,D6936705638020952,Uncovered Comp
20953,D3203650288020953,Uncovered Comp
20954,D4647390482020954,Uncovered Comp
20955,D3841009501020955,Uncovered Comp
20956,D0486634315020956,Uncovered Comp
20957,D1078414240020957,Uncovered Comp
20958,D2340426959020958,Uncovered Comp
20959,D1529721494020959,Uncovered Comp
20960,D2915142351020960,Uncovered Comp
20961,D6028971804020961,Uncovered Comp
20962,D8859342007020962,Uncovered Comp
20963,D8195225626020963,Uncovered Comp
20964,D7541274019020964,Uncovered Comp
20965,D5591261095020965,Uncovered Comp
20966,D7456087917020966,Uncovered Comp
20967,D6614030761020967,Uncovered Comp
20968,D3037116248020968,Uncovered Comp
20969,D9544011848020969,Uncovered Comp
20970,D9325967149020970,Uncovered Comp
20971,D9996123765020971,Uncovered Comp
20972,D3803816337020972,Uncovered Comp
20973,D9563298488020973,Uncovered Comp
20974,D9920271783020974,Uncovered Comp
20975,D2921335147020975,Uncovered Comp
20976,D0021365522020976,Uncovered Comp
20977,D6816181457020977,Uncovered Comp
20978,D8143326242020978,Uncovered Comp
20979,D0304167555020979,Uncovered Comp
20980,D2342092145020980,Uncovered Comp
20981,D5488553186020981,Uncovered Comp
20982,D3124540880020982,Uncovered Comp
20983,D1411324410020983,Uncovered Comp
20984,D4830720211020984,Uncovered Comp
20985,D9856049236020985,Uncovered Comp
20986,D1742332007020986,Uncovered Comp
20987,D3592049385020987,Uncovered Comp
20988,D5743587790020988,Uncovered Comp
20989,D4925241582020989,Uncovered Comp
20990,D8930980569020990,Uncovered Comp
20991,D5310869350020991,Uncovered Comp
20992,D2691389011020992,Uncovered Comp
20993,D4795690843020993,Uncovered Comp
20994,D8125107725020994,Uncovered Comp
20995,D7452771748020995,Uncovered Comp
20996,D1809195463020996,Uncovered Comp
20997,D8422767196020997,Uncovered Comp
20998,D1817594912020998,Uncovered Comp
20999,D1352010337020999,Uncovered Comp
21000,D8050202040021000,Uncovered Comp
21001,D5187271692021001,Uncovered Comp
21002,D6747510141021002,Uncovered Comp
21003,D8964555997021003,Uncovered Comp
21004,D3585893981021004,Uncovered Comp
21005,D0114358934021005,Uncovered Comp
21006,D1371309911021006,Uncovered Comp
21007,D7901985617021007,Uncovered Comp
21008,D4979465090021008,Uncovered Comp
21009,D4509026196021009,Uncovered Comp
21010,D3912096813021010,Uncovered Comp
21011,D2489034409021011,Uncovered Comp
21012,D6331790707021012,Uncovered Comp
21013,D4790471889021013,Uncovered Comp
21014,D4777130321021014,Uncovered Comp
21015,D9182775610021015,Uncovered Comp
21016,D7742343133021016,Uncovered Comp
21017,D1019883710021017,Uncovered Comp
21018,D4951383326021018,Uncovered Comp
21019,D2472207064021019,Uncovered Comp
21020,D7331521481021020,Uncovered Comp
21021,D8311150928021021,Uncovered Comp
21022,D5241469235021022,Uncovered Comp
21023,D0824836234021023,Uncovered Comp
21024,D0504870969021024,Uncovered Comp
21025,D1784812705021025,Uncovered Comp
21026,D3237905798021026,Uncovered Comp
21027,D4042623253021027,Uncovered Comp
21028,D7823353248021028,Uncovered Comp
21029,D8936918484021029,Uncovered Comp
21030,D4742493889021030,Uncovered Comp
21031,D8830929176021031,Uncovered Comp
21032,D0219759789021032,Uncovered Comp
21033,D9082954482021033,Uncovered Comp
21034,D9852625125021034,Uncovered Comp
21035,D3979073278021035,Uncovered Comp
21036,D8381572924021036,Uncovered Comp
21037,D6838515656021037,Uncovered Comp
21038,D1415841147021038,Uncovered Comp
21039,D0957585237021039,Uncovered Comp
21040,D6922968172021040,Uncovered Comp
21041,D9643508639021041,Uncovered Comp
21042,D9390586369021042,Uncovered Comp
21043,D6465104996021043,Uncovered Comp
21044,D5819839505021044,Uncovered Comp
21045,D1452995462021045,Uncovered Comp
21046,D7206866047021046,Uncovered Comp
21047,D7056778632021047,Uncovered Comp
21048,D3170801451021048,Uncovered Comp
21049,D3230513465021049,Uncovered Comp
21050,D7371570133021050,Uncovered Comp
21051,D9161149490021051,Uncovered Comp
21052,D3787944665021052,Uncovered Comp
21053,D0734313631021053,Uncovered Comp
21054,D7380161726021054,Uncovered Comp
21055,D1539724668021055,Uncovered Comp
21056,D4691817081021056,Uncovered Comp
21057,D8863008067021057,Uncovered Comp
21058,D5678176785021058,Uncovered Comp
21059,D8286953972021059,Uncovered Comp
21060,D7946129617021060,Uncovered Comp
21061,D5869417186021061,Uncovered Comp
21062,D2402136793021062,Uncovered Comp
21063,D9708964633021063,Uncovered Comp
21064,D7534719254021064,Uncovered Comp
21065,D9855161586021065,Uncovered Comp
21066,D8564002098021066,Uncovered Comp
21067,D7553097512021067,Uncovered Comp
21068,D4653839724021068,Uncovered Comp
21069,D6975396475021069,Uncovered Comp
21070,D9893758811021070,Uncovered Comp
21071,D3416287266021071,Uncovered Comp
21072,D0997299050021072,Uncovered Comp
21073,D0997926490021073,Uncovered Comp
21074,D3694127513021074,Uncovered Comp
21075,D9314936817021075,Uncovered Comp
21076,D3033188960021076,Uncovered Comp
21077,D0971313764021077,Uncovered Comp
21078,D2130027023021078,Uncovered Comp
21079,D8696968494021079,Uncovered Comp
21080,D2442149502021080,Uncovered Comp
21081,D9421740477021081,Uncovered Comp
21082,D4594581694021082,Uncovered Comp
21083,D1681886560021083,Uncovered Comp
21084,D9169622740021084,Uncovered Comp
21085,D3901693413021085,Uncovered Comp
21086,D2467762314021086,Uncovered Comp
21087,D4484053337021087,Uncovered Comp
21088,D5217286814021088,Uncovered Comp
21089,D3923850145021089,Uncovered Comp
21090,D2588445763021090,Uncovered Comp
21091,D9810949747021091,Uncovered Comp
21092,D5814135849021092,Uncovered Comp
21093,D4796210730021093,Uncovered Comp
21094,D7101397993021094,Uncovered Comp
21095,D8395504190021095,Uncovered Comp
21096,D3010660659021096,Uncovered Comp
21097,D3551375961021097,Uncovered Comp
21098,D6085088249021098,Uncovered Comp
21099,D8004079901021099,Uncovered Comp
21100,D1599013940021100,Uncovered Comp
21101,D3327061594021101,Uncovered Comp
21102,D1417004778021102,Uncovered Comp
21103,D2378624090021103,Uncovered Comp
21104,D9042486244021104,Uncovered Comp
21105,D8134255774021105,Uncovered Comp
21106,D9113638624021106,Uncovered Comp
21107,D0190736384021107,Uncovered Comp
21108,D4411568964021108,Uncovered Comp
21109,D8488944091021109,Uncovered Comp
21110,D2365623933021110,Uncovered Comp
21111,D4219317559021111,Uncovered Comp
21112,D0171350122021112,Uncovered Comp
21113,D3077393499021113,Uncovered Comp
21114,D0652372965021114,Uncovered Comp
21115,D3589228855021115,Uncovered Comp
21116,D5585416893021116,Uncovered Comp
21117,D4052005114021117,Uncovered Comp
21118,D5393336247021118,Uncovered Comp
21119,D6003039186021119,Uncovered Comp
21120,D5274545304021120,Uncovered Comp
21121,D9524207594021121,Uncovered Comp
21122,D2591668506021122,Uncovered Comp
21123,D8907622644021123,Uncovered Comp
21124,D3983234407021124,Uncovered Comp
21125,D1340841221021125,Uncovered Comp
21126,D0009634724021126,Uncovered Comp
21127,D3243103577021127,Uncovered Comp
21128,D9697770176021128,Uncovered Comp
21129,D3697025071021129,Uncovered Comp
21130,D0505427018021130,Uncovered Comp
21131,D5692569443021131,Uncovered Comp
21132,D8615874099021132,Uncovered Comp
21133,D2263412925021133,Uncovered Comp
21134,D6343149574021134,Uncovered Comp
21135,D7388538811021135,Uncovered Comp
21136,D8853754730021136,Uncovered Comp
21137,D6626696632021137,Uncovered Comp
21138,D1934265081021138,Uncovered Comp
21139,D1931596894021139,Uncovered Comp
21140,D2607774146021140,Uncovered Comp
21141,D9418719871021141,Uncovered Comp
21142,D2021683017021142,Uncovered Comp
21143,D9860753032021143,Uncovered Comp
21144,D4456083272021144,Uncovered Comp
21145,D6746880355021145,Uncovered Comp
21146,D1463210560021146,Uncovered Comp
21147,D6624840858021147,Uncovered Comp
21148,D2844261015021148,Uncovered Comp
21149,D7121837067021149,Uncovered Comp
21150,D9504002398021150,Uncovered Comp
21151,D5435239392021151,Uncovered Comp
21152,D0181047478021152,Uncovered Comp
21153,D0854373213021153,Uncovered Comp
21154,D9043727076021154,Uncovered Comp
21155,D4382275075021155,Uncovered Comp
21156,D4596694967021156,Uncovered Comp
21157,D9013612271021157,Uncovered Comp
21158,D6950546146021158,Uncovered Comp
21159,D3344977306021159,Uncovered Comp
21160,D1881438334021160,Uncovered Comp
21161,D5847669471021161,Uncovered Comp
21162,D2807373014021162,Uncovered Comp
21163,D0768371082021163,Uncovered Comp
21164,D5386841089021164,Uncovered Comp
21165,D6963161348021165,Uncovered Comp
21166,D2296291662021166,Uncovered Comp
21167,D6675158237021167,Uncovered Comp
21168,D0903518596021168,Uncovered Comp
21169,D0306145759021169,Uncovered Comp
21170,D3957140635021170,Uncovered Comp
21171,D7296582695021171,Uncovered Comp
21172,D7328527572021172,Uncovered Comp
21173,D1729465317021173,Uncovered Comp
21174,D8464744166021174,Uncovered Comp
21175,D9998891786021175,Uncovered Comp
21176,D4903486345021176,Uncovered Comp
21177,D1209362931021177,Uncovered Comp
21178,D0542370787021178,Uncovered Comp
21179,D9371920065021179,Uncovered Comp
21180,D2788366805021180,Uncovered Comp
21181,D3203315224021181,Uncovered Comp
21182,D9378587203021182,Uncovered Comp
21183,D1896233526021183,Uncovered Comp
21184,D4043227495021184,Uncovered Comp
21185,D5309029757021185,Uncovered Comp
21186,D8685310797021186,Uncovered Comp
21187,D6751075908021187,Uncovered Comp
21188,D8209053023021188,Uncovered Comp
21189,D6249558222021189,Uncovered Comp
21190,D7362329967021190,Uncovered Comp
21191,D0133156967021191,Uncovered Comp
21192,D7167762647021192,Uncovered Comp
21193,D7355924981021193,Uncovered Comp
21194,D2731252662021194,Uncovered Comp
21195,D8560224360021195,Uncovered Comp
21196,D2558694545021196,Uncovered Comp
21197,D4531492290021197,Uncovered Comp
21198,D8753580098021198,Uncovered Comp
21199,D9706325090021199,Uncovered Comp
21200,D2725616433021200,Uncovered Comp
21201,D8304386531021201,Uncovered Comp
21202,D7325229337021202,Uncovered Comp
21203,D6952774535021203,Uncovered Comp
21204,D4605818434021204,Uncovered Comp
21205,D9906574120021205,Uncovered Comp
21206,D7375286494021206,Uncovered Comp
21207,D1695911759021207,Uncovered Comp
21208,D9837914753021208,Uncovered Comp
21209,D9157257727021209,Uncovered Comp
21210,D9228636122021210,Uncovered Comp
21211,D4147429395021211,Uncovered Comp
21212,D2286139685021212,Uncovered Comp
21213,D3970306419021213,Uncovered Comp
21214,D9571089467021214,Uncovered Comp
21215,D6756669792021215,Uncovered Comp
21216,D9612158007021216,Uncovered Comp
21217,D2923910032021217,Uncovered Comp
21218,D5843531141021218,Uncovered Comp
21219,D4185418949021219,Uncovered Comp
21220,D0825997994021220,Uncovered Comp
21221,D0838824600021221,Uncovered Comp
21222,D7036642992021222,Uncovered Comp
21223,D6510459184021223,Uncovered Comp
21224,D9490938664021224,Uncovered Comp
21225,D3088960775021225,Uncovered Comp
21226,D0960403905021226,Uncovered Comp
21227,D0384594311021227,Uncovered Comp
21228,D4580298475021228,Uncovered Comp
21229,D6076123480021229,Uncovered Comp
21230,D1761223736021230,Uncovered Comp
21231,D0756893647021231,Uncovered Comp
21232,D4330424498021232,Uncovered Comp
21233,D4719185529021233,Uncovered Comp
21234,D3852370521021234,Uncovered Comp
21235,D7776601933021235,Uncovered Comp
21236,D0633070516021236,Uncovered Comp
21237,D1709206625021237,Uncovered Comp
21238,D2074237541021238,Uncovered Comp
21239,D9215983937021239,Uncovered Comp
21240,D7953453375021240,Uncovered Comp
21241,D9429585452021241,Uncovered Comp
21242,D3002235716021242,Uncovered Comp
21243,D5347984781021243,Uncovered Comp
21244,D2208118749021244,Uncovered Comp
21245,D3561437241021245,Uncovered Comp
21246,D2606898247021246,Uncovered Comp
21247,D6530614743021247,Uncovered Comp
21248,D3274795724021248,Uncovered Comp
21249,D7096592597021249,Uncovered Comp
21250,D1372193338021250,Uncovered Comp
21251,D0585504360021251,Uncovered Comp
21252,D1140619657021252,Uncovered Comp
21253,D0519158810021253,Uncovered Comp
21254,D4031730104021254,Uncovered Comp
21255,D7675274788021255,Uncovered Comp
21256,D1237152355021256,Uncovered Comp
21257,D5304172908021257,Uncovered Comp
21258,D6580030815021258,Uncovered Comp
21259,D8395092289021259,Uncovered Comp
21260,D2880856342021260,Uncovered Comp
21261,D3859939595021261,Uncovered Comp
21262,D8360839591021262,Uncovered Comp
21263,D7664031292021263,Uncovered Comp
21264,D9996549034021264,Uncovered Comp
21265,D2014963852021265,Uncovered Comp
21266,D9774906175021266,Uncovered Comp
21267,D3678981796021267,Uncovered Comp
21268,D5863996226021268,Uncovered Comp
21269,D8435335864021269,Uncovered Comp
21270,D7691646933021270,Uncovered Comp
21271,D4037354172021271,Uncovered Comp
21272,D7885539664021272,Uncovered Comp
21273,D5712981565021273,Uncovered Comp
21274,D1942406923021274,Uncovered Comp
21275,D1177344506021275,Uncovered Comp
21276,D5447457544021276,Uncovered Comp
21277,D3477830914021277,Uncovered Comp
21278,D7210247526021278,Uncovered Comp
21279,D8932584051021279,Uncovered Comp
21280,D5162739205021280,Uncovered Comp
21281,D4180489830021281,Uncovered Comp
21282,D8268047814021282,Uncovered Comp
21283,D3811885485021283,Uncovered Comp
21284,D4845175473021284,Uncovered Comp
21285,D8837603358021285,Uncovered Comp
21286,D3096474926021286,Uncovered Comp
21287,D3601861886021287,Uncovered Comp
21288,D3944730815021288,Uncovered Comp
21289,D2121635263021289,Uncovered Comp
21290,D8290695784021290,Uncovered Comp
21291,D9030699313021291,Uncovered Comp
21292,D0282930030021292,Uncovered Comp
21293,D3348102675021293,Uncovered Comp
21294,D6752813122021294,Uncovered Comp
21295,D6040865908021295,Uncovered Comp
21296,D5251129881021296,Uncovered Comp
21297,D3893308277021297,Uncovered Comp
21298,D1331444843021298,Uncovered Comp
21299,D2883602166021299,Uncovered Comp
21300,D0166138762021300,Uncovered Comp
21301,D3174683081021301,Uncovered Comp
21302,D4114046337021302,Uncovered Comp
21303,D4339329131021303,Uncovered Comp
21304,D6531714867021304,Uncovered Comp
21305,D2830694865021305,Uncovered Comp
21306,D1701845194021306,Uncovered Comp
21307,D1443099589021307,Uncovered Comp
21308,D7339789440021308,Uncovered Comp
21309,D1258062880021309,Uncovered Comp
21310,D6935102427021310,Uncovered Comp
21311,D0224357278021311,Uncovered Comp
21312,D3966783990021312,Uncovered Comp
21313,D1120376809021313,Uncovered Comp
21314,D1806335145021314,Uncovered Comp
21315,D1693671943021315,Uncovered Comp
21316,D5406769215021316,Uncovered Comp
21317,D6506267114021317,Uncovered Comp
21318,D9074925774021318,Uncovered Comp
21319,D7829838945021319,Uncovered Comp
21320,D8761378418021320,Uncovered Comp
21321,D5708689548021321,Uncovered Comp
21322,D4696449660021322,Uncovered Comp
21323,D0679552471021323,Uncovered Comp
21324,D4427317370021324,Uncovered Comp
21325,D7380793515021325,Uncovered Comp
21326,D6546686392021326,Uncovered Comp
21327,D7125556307021327,Uncovered Comp
21328,D1822210478021328,Uncovered Comp
21329,D2295963834021329,Uncovered Comp
21330,D5229874202021330,Uncovered Comp
21331,D4132874422021331,Uncovered Comp
21332,D6889094755021332,Uncovered Comp
21333,D8850222513021333,Uncovered Comp
21334,D7801064256021334,Uncovered Comp
21335,D9647631181021335,Uncovered Comp
21336,D2481669359021336,Uncovered Comp
21337,D5002267386021337,Uncovered Comp
21338,D4344221145021338,Uncovered Comp
21339,D3045907099021339,Uncovered Comp
21340,D6207113923021340,Uncovered Comp
21341,D7279490138021341,Uncovered Comp
21342,D3860437446021342,Uncovered Comp
21343,D9300896640021343,Uncovered Comp
21344,D2432350307021344,Uncovered Comp
21345,D1116884598021345,Uncovered Comp
21346,D2630427446021346,Uncovered Comp
21347,D8191476062021347,Uncovered Comp
21348,D0145685057021348,Uncovered Comp
21349,D8800400516021349,Uncovered Comp
21350,D1680188955021350,Uncovered Comp
21351,D6848673535021351,Uncovered Comp
21352,D0819902480021352,Uncovered Comp
21353,D3622823179021353,Uncovered Comp
21354,D7905280979021354,Uncovered Comp
21355,D0384467066021355,Uncovered Comp
21356,D6576914975021356,Uncovered Comp
21357,D7333962184021357,Uncovered Comp
21358,D3315517358021358,Uncovered Comp
21359,D7782904055021359,Uncovered Comp
21360,D3841525451021360,Uncovered Comp
21361,D9136329810021361,Uncovered Comp
21362,D3844087912021362,Uncovered Comp
21363,D2559157961021363,Uncovered Comp
21364,D2963644618021364,Uncovered Comp
21365,D2463581103021365,Uncovered Comp
21366,D3125181248021366,Uncovered Comp
21367,D5685170101021367,Uncovered Comp
21368,D0595660122021368,Uncovered Comp
21369,D8459466594021369,Uncovered Comp
21370,D3996031294021370,Uncovered Comp
21371,D4893486493021371,Uncovered Comp
21372,D8377365403021372,Uncovered Comp
21373,D6372799481021373,Uncovered Comp
21374,D1775978416021374,Uncovered Comp
21375,D3927232830021375,Uncovered Comp
21376,D1893318358021376,Uncovered Comp
21377,D1231655013021377,Uncovered Comp
21378,D1441412083021378,Uncovered Comp
21379,D5986754496021379,Uncovered Comp
21380,D6601161678021380,Uncovered Comp
21381,D5769050698021381,Uncovered Comp
21382,D3406967437021382,Uncovered Comp
21383,D4870744948021383,Uncovered Comp
21384,D0746007783021384,Uncovered Comp
21385,D3977527383021385,Uncovered Comp
21386,D4358705613021386,Uncovered Comp
21387,D4613853877021387,Uncovered Comp
21388,D9476569853021388,Uncovered Comp
21389,D8163683889021389,Uncovered Comp
21390,D5455091498021390,Uncovered Comp
21391,D5891001230021391,Uncovered Comp
21392,D5626668367021392,Uncovered Comp
21393,D5686144316021393,Uncovered Comp
21394,D1189123756021394,Uncovered Comp
21395,D2671513281021395,Uncovered Comp
21396,D8876208828021396,Uncovered Comp
21397,D5541668355021397,Uncovered Comp
21398,D6566849853021398,Uncovered Comp
21399,D9065089155021399,Uncovered Comp
21400,D7124791566021400,Uncovered Comp
21401,D8123955563021401,Uncovered Comp
21402,D0999381739021402,Uncovered Comp
21403,D4712158132021403,Uncovered Comp
21404,D0712976300021404,Uncovered Comp
21405,D0133800326021405,Uncovered Comp
21406,D3882793371021406,Uncovered Comp
21407,D3137633145021407,Uncovered Comp
21408,D9408388225021408,Uncovered Comp
21409,D9113850832021409,Uncovered Comp
21410,D7017136942021410,Uncovered Comp
21411,D8989468784021411,Uncovered Comp
21412,D2003421335021412,Uncovered Comp
21413,D4262780269021413,Uncovered Comp
21414,D7544797874021414,Uncovered Comp
21415,D2942791419021415,Uncovered Comp
21416,D3304594875021416,Uncovered Comp
21417,D5009709734021417,Uncovered Comp
21418,D4667385468021418,Uncovered Comp
21419,D7547142494021419,Uncovered Comp
21420,D4042868602021420,Uncovered Comp
21421,D1486824083021421,Uncovered Comp
21422,D7962060702021422,Uncovered Comp
21423,D2387141184021423,Uncovered Comp
21424,D0726976309021424,Uncovered Comp
21425,D3209369698021425,Uncovered Comp
21426,D7727215456021426,Uncovered Comp
21427,D7633152789021427,Uncovered Comp
21428,D3037745233021428,Uncovered Comp
21429,D9345891172021429,Uncovered Comp
21430,D0269800782021430,Uncovered Comp
21431,D7533345159021431,Uncovered Comp
21432,D1201887901021432,Uncovered Comp
21433,D2423273632021433,Uncovered Comp
21434,D4416206418021434,Uncovered Comp
21435,D1508655593021435,Uncovered Comp
21436,D1631731240021436,Uncovered Comp
21437,D8622738547021437,Uncovered Comp
21438,D4990902828021438,Uncovered Comp
21439,D4771479050021439,Uncovered Comp
21440,D5508155706021440,Uncovered Comp
21441,D3323154852021441,Uncovered Comp
21442,D6888227293021442,Uncovered Comp
21443,D8897470383021443,Uncovered Comp
21444,D6915809530021444,Uncovered Comp
21445,D9440659290021445,Uncovered Comp
21446,D9578204272021446,Uncovered Comp
21447,D2617980787021447,Uncovered Comp
21448,D6754269270021448,Uncovered Comp
21449,D5439961384021449,Uncovered Comp
21450,D9004557278021450,Uncovered Comp
21451,D7019504905021451,Uncovered Comp
21452,D5498265934021452,Uncovered Comp
21453,D2189240385021453,Uncovered Comp
21454,D0870830005021454,Uncovered Comp
21455,D7442710189021455,Uncovered Comp
21456,D4447099300021456,Uncovered Comp
21457,D3423790470021457,Uncovered Comp
21458,D5046832820021458,Uncovered Comp
21459,D2615161864021459,Uncovered Comp
21460,D4139964363021460,Uncovered Comp
21461,D2884962365021461,Uncovered Comp
21462,D8648565817021462,Uncovered Comp
21463,D9976390534021463,Uncovered Comp
21464,D2307685368021464,Uncovered Comp
21465,D5305982908021465,Uncovered Comp
21466,D6143845682021466,Uncovered Comp
21467,D1097242232021467,Uncovered Comp
21468,D0687232274021468,Uncovered Comp
21469,D9721894298021469,Uncovered Comp
21470,D8898241521021470,Uncovered Comp
21471,D4829284356021471,Uncovered Comp
21472,D8846123833021472,Uncovered Comp
21473,D8204536335021473,Uncovered Comp
21474,D6360963894021474,Uncovered Comp
21475,D7954402535021475,Uncovered Comp
21476,D1681943043021476,Uncovered Comp
21477,D2268142235021477,Uncovered Comp
21478,D0930362451021478,Uncovered Comp
21479,D7254948695021479,Uncovered Comp
21480,D9192338095021480,Uncovered Comp
21481,D0630922613021481,Uncovered Comp
21482,D1687002139021482,Uncovered Comp
21483,D7838132306021483,Uncovered Comp
21484,D8746544120021484,Uncovered Comp
21485,D7428757170021485,Uncovered Comp
21486,D8480723943021486,Uncovered Comp
21487,D4280497448021487,Uncovered Comp
21488,D0143461061021488,Uncovered Comp
21489,D7205553997021489,Uncovered Comp
21490,D8051280126021490,Uncovered Comp
21491,D9123430683021491,Uncovered Comp
21492,D2359955607021492,Uncovered Comp
21493,D0675137807021493,Uncovered Comp
21494,D0037538745021494,Uncovered Comp
21495,D2760146689021495,Uncovered Comp
21496,D3027344633021496,Uncovered Comp
21497,D1209150398021497,Uncovered Comp
21498,D6891250270021498,Uncovered Comp
21499,D0725757733021499,Uncovered Comp
21500,D6658680182021500,Uncovered Comp
21501,D2669734926021501,Uncovered Comp
21502,D3833348461021502,Uncovered Comp
21503,D1987199622021503,Uncovered Comp
21504,D4281255393021504,Uncovered Comp
21505,D8945525330021505,Uncovered Comp
21506,D7297554138021506,Uncovered Comp
21507,D2046698781021507,Uncovered Comp
21508,D3894121255021508,Uncovered Comp
21509,D1187357915021509,Uncovered Comp
21510,D2942809521021510,Uncovered Comp
21511,D5842682319021511,Uncovered Comp
21512,D2053375418021512,Uncovered Comp
21513,D4893197486021513,Uncovered Comp
21514,D3689030561021514,Uncovered Comp
21515,D1967129532021515,Uncovered Comp
21516,D9274552560021516,Uncovered Comp
21517,D6359824588021517,Uncovered Comp
21518,D0480808348021518,Uncovered Comp
21519,D3279143349021519,Uncovered Comp
21520,D9545102213021520,Uncovered Comp
21521,D2226691693021521,Uncovered Comp
21522,D3304612850021522,Uncovered Comp
21523,D5623628594021523,Uncovered Comp
21524,D8397665545021524,Uncovered Comp
21525,D3998505199021525,Uncovered Comp
21526,D3350625062021526,Uncovered Comp
21527,D1099055426021527,Uncovered Comp
21528,D4474343703021528,Uncovered Comp
21529,D9273037754021529,Uncovered Comp
21530,D3602061349021530,Uncovered Comp
21531,D8030839382021531,Uncovered Comp
21532,D9971181993021532,Uncovered Comp
21533,D7712545905021533,Uncovered Comp
21534,D7959747960021534,Uncovered Comp
21535,D4483150129021535,Uncovered Comp
21536,D7834865095021536,Uncovered Comp
21537,D1755108938021537,Uncovered Comp
21538,D2187925926021538,Uncovered Comp
21539,D9055310551021539,Uncovered Comp
21540,D1639727056021540,Uncovered Comp
21541,D8259880822021541,Uncovered Comp
21542,D6170349644021542,Uncovered Comp
21543,D1197284491021543,Uncovered Comp
21544,D1996632723021544,Uncovered Comp
21545,D1624496102021545,Uncovered Comp
21546,D7762120122021546,Uncovered Comp
21547,D9461708566021547,Uncovered Comp
21548,D1535953828021548,Uncovered Comp
21549,D3355656639021549,Uncovered Comp
21550,D2315282271021550,Uncovered Comp
21551,D5611382647021551,Uncovered Comp
21552,D3735890958021552,Uncovered Comp
21553,D8792694321021553,Uncovered Comp
21554,D1805007451021554,Uncovered Comp
21555,D0178820333021555,Uncovered Comp
21556,D0430653154021556,Uncovered Comp
21557,D2127852970021557,Uncovered Comp
21558,D6376086398021558,Uncovered Comp
21559,D0374454795021559,Uncovered Comp
21560,D9670417249021560,Uncovered Comp
21561,D4534584417021561,Uncovered Comp
21562,D7841598254021562,Uncovered Comp
21563,D7296398448021563,Uncovered Comp
21564,D1915378600021564,Uncovered Comp
21565,D9300495654021565,Uncovered Comp
21566,D6821076289021566,Uncovered Comp
21567,D3932838331021567,Uncovered Comp
21568,D7439513755021568,Uncovered Comp
21569,D9805882551021569,Uncovered Comp
21570,D7435752116021570,Uncovered Comp
21571,D3873345778021571,Uncovered Comp
21572,D1562310216021572,Uncovered Comp
21573,D4117623349021573,Uncovered Comp
21574,D3354219618021574,Uncovered Comp
21575,D9065412743021575,Uncovered Comp
21576,D4613408739021576,Uncovered Comp
21577,D0546620674021577,Uncovered Comp
21578,D8196532905021578,Uncovered Comp
21579,D3790773790021579,Uncovered Comp
21580,D8182994693021580,Uncovered Comp
21581,D8349351763021581,Uncovered Comp
21582,D4444792403021582,Uncovered Comp
21583,D2227269905021583,Uncovered Comp
21584,D7649329474021584,Uncovered Comp
21585,D0672780054021585,Uncovered Comp
21586,D3367864890021586,Uncovered Comp
21587,D8832103123021587,Uncovered Comp
21588,D6104214534021588,Uncovered Comp
21589,D9897091186021589,Uncovered Comp
21590,D2492312181021590,Uncovered Comp
21591,D2160400437021591,Uncovered Comp
21592,D8241661384021592,Uncovered Comp
21593,D6056031333021593,Uncovered Comp
21594,D1461585698021594,Uncovered Comp
21595,D5802348026021595,Uncovered Comp
21596,D7742282134021596,Uncovered Comp
21597,D0451725840021597,Uncovered Comp
21598,D2629164317021598,Uncovered Comp
21599,D3776531316021599,Uncovered Comp
21600,D0169093129021600,Uncovered Comp
21601,D7143062415021601,Uncovered Comp
21602,D1242190248021602,Uncovered Comp
21603,D1519532086021603,Uncovered Comp
21604,D4361782473021604,Uncovered Comp
21605,D0617249526021605,Uncovered Comp
21606,D7110096878021606,Uncovered Comp
21607,D7213946967021607,Uncovered Comp
21608,D9605181295021608,Uncovered Comp
21609,D2643986358021609,Uncovered Comp
21610,D8548457888021610,Uncovered Comp
21611,D3573262027021611,Uncovered Comp
21612,D9077542936021612,Uncovered Comp
21613,D4199637440021613,Uncovered Comp
21614,D5891673789021614,Uncovered Comp
21615,D1950316218021615,Uncovered Comp
21616,D8993252493021616,Uncovered Comp
21617,D2863109331021617,Uncovered Comp
21618,D4655319785021618,Uncovered Comp
21619,D3778445161021619,Uncovered Comp
21620,D1860230645021620,Uncovered Comp
21621,D8358732449021621,Uncovered Comp
21622,D5313789760021622,Uncovered Comp
21623,D5049418541021623,Uncovered Comp
21624,D3916911483021624,Uncovered Comp
21625,D0542757284021625,Uncovered Comp
21626,D5599090509021626,Uncovered Comp
21627,D1165798111021627,Uncovered Comp
21628,D7649239845021628,Uncovered Comp
21629,D0674903376021629,Uncovered Comp
21630,D7040226107021630,Uncovered Comp
21631,D7668856039021631,Uncovered Comp
21632,D6703991911021632,Uncovered Comp
21633,D4462896816021633,Uncovered Comp
21634,D6525574074021634,Uncovered Comp
21635,D5077001194021635,Uncovered Comp
21636,D2011043763021636,Uncovered Comp
21637,D7919698550021637,Uncovered Comp
21638,D8415827602021638,Uncovered Comp
21639,D1956201128021639,Uncovered Comp
21640,D3276207407021640,Uncovered Comp
21641,D5537390710021641,Uncovered Comp
21642,D2913327635021642,Uncovered Comp
21643,D9062912002021643,Uncovered Comp
21644,D1793811662021644,Uncovered Comp
21645,D2660310114021645,Uncovered Comp
21646,D9720419091021646,Uncovered Comp
21647,D3906259734021647,Uncovered Comp
21648,D0781993861021648,Uncovered Comp
21649,D8145472158021649,Uncovered Comp
21650,D0631902371021650,Uncovered Comp
21651,D7628324776021651,Uncovered Comp
21652,D2632100530021652,Uncovered Comp
21653,D9708765315021653,Uncovered Comp
21654,D2135523130021654,Uncovered Comp
21655,D6659558120021655,Uncovered Comp
21656,D1008045341021656,Uncovered Comp
21657,D7226180973021657,Uncovered Comp
21658,D0597737172021658,Uncovered Comp
21659,D6112211571021659,Uncovered Comp
21660,D3690632239021660,Uncovered Comp
21661,D5693206850021661,Uncovered Comp
21662,D8441040331021662,Uncovered Comp
21663,D3026439421021663,Uncovered Comp
21664,D5986140000021664,Uncovered Comp
21665,D4701772645021665,Uncovered Comp
21666,D2428751148021666,Uncovered Comp
21667,D6968446421021667,Uncovered Comp
21668,D0924852260021668,Uncovered Comp
21669,D9859348919021669,Uncovered Comp
21670,D9045532584021670,Uncovered Comp
21671,D1671767147021671,Uncovered Comp
21672,D1685774888021672,Uncovered Comp
21673,D6133341775021673,Uncovered Comp
21674,D0284217100021674,Uncovered Comp
21675,D6526901544021675,Uncovered Comp
21676,D3644873020021676,Uncovered Comp
21677,D3559364798021677,Uncovered Comp
21678,D0961553387021678,Uncovered Comp
21679,D9605008314021679,Uncovered Comp
21680,D3765950249021680,Uncovered Comp
21681,D5397153724021681,Uncovered Comp
21682,D1009365329021682,Uncovered Comp
21683,D5162325432021683,Uncovered Comp
21684,D7472299678021684,Uncovered Comp
21685,D4890104882021685,Uncovered Comp
21686,D4908276187021686,Uncovered Comp
21687,D2724973963021687,Uncovered Comp
21688,D3037850171021688,Uncovered Comp
21689,D4170081481021689,Uncovered Comp
21690,D7148351816021690,Uncovered Comp
21691,D5298314679021691,Uncovered Comp
21692,D9261424502021692,Uncovered Comp
21693,D1718532826021693,Uncovered Comp
21694,D0364367851021694,Uncovered Comp
21695,D0553197130021695,Uncovered Comp
21696,D3282933102021696,Uncovered Comp
21697,D9026632639021697,Uncovered Comp
21698,D0549569904021698,Uncovered Comp
21699,D3244374466021699,Uncovered Comp
21700,D0320783044021700,Uncovered Comp
21701,D6361690437021701,Uncovered Comp
21702,D9792416101021702,Uncovered Comp
21703,D6854874206021703,Uncovered Comp
21704,D1582750343021704,Uncovered Comp
21705,D4330214689021705,Uncovered Comp
21706,D2164411545021706,Uncovered Comp
21707,D6621542484021707,Uncovered Comp
21708,D4005252647021708,Uncovered Comp
21709,D0325868151021709,Uncovered Comp
21710,D9908452311021710,Uncovered Comp
21711,D8064145872021711,Uncovered Comp
21712,D3904402476021712,Uncovered Comp
21713,D7583082909021713,Uncovered Comp
21714,D1432889734021714,Uncovered Comp
21715,D4559559179021715,Uncovered Comp
21716,D2262887705021716,Uncovered Comp
21717,D1210589923021717,Uncovered Comp
21718,D8514596013021718,Uncovered Comp
21719,D4887169522021719,Uncovered Comp
21720,D2863646221021720,Uncovered Comp
21721,D8430133134021721,Uncovered Comp
21722,D2092609443021722,Uncovered Comp
21723,D3482588931021723,Uncovered Comp
21724,D7776163526021724,Uncovered Comp
21725,D0777600033021725,Uncovered Comp
21726,D5303739968021726,Uncovered Comp
21727,D3777665542021727,Uncovered Comp
21728,D9489177226021728,Uncovered Comp
21729,D6048843527021729,Uncovered Comp
21730,D3543872600021730,Uncovered Comp
21731,D4059685411021731,Uncovered Comp
21732,D5580130350021732,Uncovered Comp
21733,D6094029745021733,Uncovered Comp
21734,D9519383598021734,Uncovered Comp
21735,D8877793830021735,Uncovered Comp
21736,D6995675145021736,Uncovered Comp
21737,D7429331109021737,Uncovered Comp
21738,D4369999313021738,Uncovered Comp
21739,D1486192925021739,Uncovered Comp
21740,D1038573350021740,Uncovered Comp
21741,D9114421979021741,Uncovered Comp
21742,D1306084404021742,Uncovered Comp
21743,D3642557210021743,Uncovered Comp
21744,D5196198721021744,Uncovered Comp
21745,D6434662998021745,Uncovered Comp
21746,D7119938158021746,Uncovered Comp
21747,D2323480387021747,Uncovered Comp
21748,D6079438686021748,Uncovered Comp
21749,D4057859232021749,Uncovered Comp
21750,D8942170764021750,Uncovered Comp
21751,D0192863025021751,Uncovered Comp
21752,D0321039050021752,Uncovered Comp
21753,D0407956940021753,Uncovered Comp
21754,D1858577656021754,Uncovered Comp
21755,D7368467851021755,Uncovered Comp
21756,D2318681643021756,Uncovered Comp
21757,D1599243632021757,Uncovered Comp
21758,D0661036013021758,Uncovered Comp
21759,D0329007644021759,Uncovered Comp
21760,D0386490384021760,Uncovered Comp
21761,D0553170649021761,Uncovered Comp
21762,D2390999321021762,Uncovered Comp
21763,D1046499536021763,Uncovered Comp
21764,D6462196623021764,Uncovered Comp
21765,D1703961952021765,Uncovered Comp
21766,D0637173289021766,Uncovered Comp
21767,D4426293948021767,Uncovered Comp
21768,D2931808235021768,Uncovered Comp
21769,D4181977856021769,Uncovered Comp
21770,D0465708790021770,Uncovered Comp
21771,D4611976359021771,Uncovered Comp
21772,D5608759765021772,Uncovered Comp
21773,D6763869710021773,Uncovered Comp
21774,D6675361294021774,Uncovered Comp
21775,D4435723222021775,Uncovered Comp
21776,D6622377867021776,Uncovered Comp
21777,D8933026723021777,Uncovered Comp
21778,D0292342618021778,Uncovered Comp
21779,D0153051716021779,Uncovered Comp
21780,D0078273040021780,Uncovered Comp
21781,D4657626814021781,Uncovered Comp
21782,D9432542798021782,Uncovered Comp
21783,D2457213795021783,Uncovered Comp
21784,D4299404384021784,Uncovered Comp
21785,D0500085194021785,Uncovered Comp
21786,D8165010657021786,Uncovered Comp
21787,D4575076060021787,Uncovered Comp
21788,D1394845034021788,Uncovered Comp
21789,D5548547389021789,Uncovered Comp
21790,D7898900971021790,Uncovered Comp
21791,D9979503111021791,Uncovered Comp
21792,D1311878412021792,Uncovered Comp
21793,D7674063184021793,Uncovered Comp
21794,D8909811879021794,Uncovered Comp
21795,D6938770983021795,Uncovered Comp
21796,D7871481821021796,Uncovered Comp
21797,D8212261235021797,Uncovered Comp
21798,D0599815357021798,Uncovered Comp
21799,D0240506781021799,Uncovered Comp
21800,D9660122734021800,Uncovered Comp
21801,D0266890276021801,Uncovered Comp
21802,D6759520168021802,Uncovered Comp
21803,D9574295302021803,Uncovered Comp
21804,D1886953422021804,Uncovered Comp
21805,D6053885586021805,Uncovered Comp
21806,D3353395381021806,Uncovered Comp
21807,D3888399168021807,Uncovered Comp
21808,D8300651626021808,Uncovered Comp
21809,D5034467344021809,Uncovered Comp
21810,D8346960896021810,Uncovered Comp
21811,D0673035421021811,Uncovered Comp
21812,D4971766687021812,Uncovered Comp
21813,D3477719228021813,Uncovered Comp
21814,D5050742071021814,Uncovered Comp
21815,D0416869254021815,Uncovered Comp
21816,D9953183713021816,Uncovered Comp
21817,D2838882388021817,Uncovered Comp
21818,D6545523418021818,Uncovered Comp
21819,D3048735796021819,Uncovered Comp
21820,D6911996535021820,Uncovered Comp
21821,D0197026835021821,Uncovered Comp
21822,D4453851009021822,Uncovered Comp
21823,D1673009436021823,Uncovered Comp
21824,D2111977336021824,Uncovered Comp
21825,D2249209713021825,Uncovered Comp
21826,D5314863399021826,Uncovered Comp
21827,D5935461877021827,Uncovered Comp
21828,D3252557119021828,Uncovered Comp
21829,D8858192245021829,Uncovered Comp
21830,D5284891746021830,Uncovered Comp
21831,D7116828157021831,Uncovered Comp
21832,D4164363508021832,Uncovered Comp
21833,D9251933787021833,Uncovered Comp
21834,D8040591391021834,Uncovered Comp
21835,D7445492619021835,Uncovered Comp
21836,D3967475332021836,Uncovered Comp
21837,D9640380524021837,Uncovered Comp
21838,D2731645934021838,Uncovered Comp
21839,D9595039665021839,Uncovered Comp
21840,D9152501125021840,Uncovered Comp
21841,D9259876147021841,Uncovered Comp
21842,D5968598173021842,Uncovered Comp
21843,D5744209541021843,Uncovered Comp
21844,D6427214589021844,Uncovered Comp
21845,D1036655877021845,Uncovered Comp
21846,D8815394437021846,Uncovered Comp
21847,D8367644761021847,Uncovered Comp
21848,D3453862355021848,Uncovered Comp
21849,D5730476446021849,Uncovered Comp
21850,D3375729325021850,Uncovered Comp
21851,D8509541602021851,Uncovered Comp
21852,D0812840768021852,Uncovered Comp
21853,D0710845372021853,Uncovered Comp
21854,D9476561732021854,Uncovered Comp
21855,D8391422121021855,Uncovered Comp
21856,D8074273801021856,Uncovered Comp
21857,D9699157800021857,Uncovered Comp
21858,D1762812979021858,Uncovered Comp
21859,D4883347212021859,Uncovered Comp
21860,D4265426816021860,Uncovered Comp
21861,D6392655733021861,Uncovered Comp
21862,D1367850259021862,Uncovered Comp
21863,D5924007482021863,Uncovered Comp
21864,D3977576351021864,Uncovered Comp
21865,D4728206792021865,Uncovered Comp
21866,D4600982937021866,Uncovered Comp
21867,D9182799574021867,Uncovered Comp
21868,D4253393227021868,Uncovered Comp
21869,D6076732252021869,Uncovered Comp
21870,D2489206425021870,Uncovered Comp
21871,D7458779843021871,Uncovered Comp
21872,D8224866315021872,Uncovered Comp
21873,D5575566479021873,Uncovered Comp
21874,D2170422145021874,Uncovered Comp
21875,D2217628712021875,Uncovered Comp
21876,D0896079843021876,Uncovered Comp
21877,D9723461313021877,Uncovered Comp
21878,D1456289512021878,Uncovered Comp
21879,D5705205590021879,Uncovered Comp
21880,D7102483483021880,Uncovered Comp
21881,D1494042789021881,Uncovered Comp
21882,D2540907209021882,Uncovered Comp
21883,D6842720914021883,Uncovered Comp
21884,D4405896241021884,Uncovered Comp
21885,D2456723181021885,Uncovered Comp
21886,D8634836659021886,Uncovered Comp
21887,D3606572680021887,Uncovered Comp
21888,D0738854962021888,Uncovered Comp
21889,D5764634603021889,Uncovered Comp
21890,D1605605112021890,Uncovered Comp
21891,D4364229758021891,Uncovered Comp
21892,D2795233931021892,Uncovered Comp
21893,D7755132746021893,Uncovered Comp
21894,D9414382207021894,Uncovered Comp
21895,D1630653421021895,Uncovered Comp
21896,D7110768599021896,Uncovered Comp
21897,D5087880917021897,Uncovered Comp
21898,D5632058434021898,Uncovered Comp
21899,D4369925261021899,Uncovered Comp
21900,D7730595921021900,Uncovered Comp
21901,D5529151358021901,Uncovered Comp
21902,D3647115582021902,Uncovered Comp
21903,D5675417851021903,Uncovered Comp
21904,D9259030151021904,Uncovered Comp
21905,D0301303065021905,Uncovered Comp
21906,D6056719132021906,Uncovered Comp
21907,D8369184040021907,Uncovered Comp
21908,D7717257433021908,Uncovered Comp
21909,D0091261491021909,Uncovered Comp
21910,D4859283687021910,Uncovered Comp
21911,D7630715231021911,Uncovered Comp
21912,D6680801724021912,Uncovered Comp
21913,D8511539693021913,Uncovered Comp
21914,D6137649430021914,Uncovered Comp
21915,D0500945977021915,Uncovered Comp
21916,D5870975192021916,Uncovered Comp
21917,D8904392620021917,Uncovered Comp
21918,D3386608728021918,Uncovered Comp
21919,D7570901787021919,Uncovered Comp
21920,D9444617989021920,Uncovered Comp
21921,D8399001815021921,Uncovered Comp
21922,D5020365106021922,Uncovered Comp
21923,D1415489091021923,Uncovered Comp
21924,D0410473479021924,Uncovered Comp
21925,D9826247027021925,Uncovered Comp
21926,D2509763730021926,Uncovered Comp
21927,D4276207770021927,Uncovered Comp
21928,D4924252689021928,Uncovered Comp
21929,D2660689768021929,Uncovered Comp
21930,D2086207092021930,Uncovered Comp
21931,D8481774223021931,Uncovered Comp
21932,D2814703376021932,Uncovered Comp
21933,D7460071188021933,Uncovered Comp
21934,D4334624172021934,Uncovered Comp
21935,D0580717164021935,Uncovered Comp
21936,D2168725004021936,Uncovered Comp
21937,D8244292754021937,Uncovered Comp
21938,D4429838447021938,Uncovered Comp
21939,D0033122276021939,Uncovered Comp
21940,D3010472106021940,Uncovered Comp
21941,D7097285746021941,Uncovered Comp
21942,D6334462442021942,Uncovered Comp
21943,D2414461681021943,Uncovered Comp
21944,D3633213038021944,Uncovered Comp
21945,D9947137618021945,Uncovered Comp
21946,D1115470263021946,Uncovered Comp
21947,D4974917038021947,Uncovered Comp
21948,D2437832915021948,Uncovered Comp
21949,D7987692211021949,Uncovered Comp
21950,D5346485080021950,Uncovered Comp
21951,D0110147580021951,Uncovered Comp
21952,D0894245645021952,Uncovered Comp
21953,D3963539195021953,Uncovered Comp
21954,D6066915622021954,Uncovered Comp
21955,D3269878164021955,Uncovered Comp
21956,D7902303783021956,Uncovered Comp
21957,D4491422007021957,Uncovered Comp
21958,D9701087852021958,Uncovered Comp
21959,D6548596683021959,Uncovered Comp
21960,D7096817153021960,Uncovered Comp
21961,D1263859215021961,Uncovered Comp
21962,D1656363245021962,Uncovered Comp
21963,D2727195364021963,Uncovered Comp
21964,D0379228536021964,Uncovered Comp
21965,D3319929231021965,Uncovered Comp
21966,D4119401680021966,Uncovered Comp
21967,D9158864290021967,Uncovered Comp
21968,D8650158023021968,Uncovered Comp
21969,D0214006695021969,Uncovered Comp
21970,D2782402412021970,Uncovered Comp
21971,D4335642350021971,Uncovered Comp
21972,D5264875809021972,Uncovered Comp
21973,D4732291228021973,Uncovered Comp
21974,D1566644209021974,Uncovered Comp
21975,D5731530307021975,Uncovered Comp
21976,D7372348921021976,Uncovered Comp
21977,D0885197266021977,Uncovered Comp
21978,D9819338020021978,Uncovered Comp
21979,D8050117030021979,Uncovered Comp
21980,D9248149771021980,Uncovered Comp
21981,D4961953098021981,Uncovered Comp
21982,D8692157007021982,Uncovered Comp
21983,D9547276716021983,Uncovered Comp
21984,D3316682363021984,Uncovered Comp
21985,D1522467915021985,Uncovered Comp
21986,D7136916448021986,Uncovered Comp
21987,D6068042762021987,Uncovered Comp
21988,D9766017147021988,Uncovered Comp
21989,D8463623486021989,Uncovered Comp
21990,D0529700872021990,Uncovered Comp
21991,D1710495332021991,Uncovered Comp
21992,D4670169988021992,Uncovered Comp
21993,D4547758172021993,Uncovered Comp
21994,D2826362141021994,Uncovered Comp
21995,D9287573598021995,Uncovered Comp
21996,D9850546420021996,Uncovered Comp
21997,D7855344475021997,Uncovered Comp
21998,D1163808761021998,Uncovered Comp
21999,D0193567709021999,Uncovered Comp
22000,D0708110353022000,Uncovered Comp
22001,D0243229840022001,Uncovered Comp
22002,D1466975009022002,Uncovered Comp
22003,D3764697630022003,Uncovered Comp
22004,D4943742644022004,Uncovered Comp
22005,D1964400925022005,Uncovered Comp
22006,D9017379167022006,Uncovered Comp
22007,D5369705383022007,Uncovered Comp
22008,D7529964391022008,Uncovered Comp
22009,D8371031728022009,Uncovered Comp
22010,D7932349433022010,Uncovered Comp
22011,D5323938373022011,Uncovered Comp
22012,D8685139330022012,Uncovered Comp
22013,D0887791816022013,Uncovered Comp
22014,D6445059864022014,Uncovered Comp
22015,D0915868480022015,Uncovered Comp
22016,D5719689509022016,Uncovered Comp
22017,D8890288061022017,Uncovered Comp
22018,D5245627200022018,Uncovered Comp
22019,D9496576586022019,Uncovered Comp
22020,D2387253112022020,Uncovered Comp
22021,D5680917679022021,Uncovered Comp
22022,D5436730682022022,Uncovered Comp
22023,D6859544471022023,Uncovered Comp
22024,D7649359297022024,Uncovered Comp
22025,D9629542420022025,Uncovered Comp
22026,D1976248137022026,Uncovered Comp
22027,D9243992672022027,Uncovered Comp
22028,D4233147094022028,Uncovered Comp
22029,D5668068787022029,Uncovered Comp
22030,D1783591388022030,Uncovered Comp
22031,D9821240019022031,Uncovered Comp
22032,D4541862108022032,Uncovered Comp
22033,D2354816645022033,Uncovered Comp
22034,D7544726732022034,Uncovered Comp
22035,D7182624817022035,Uncovered Comp
22036,D3321234519022036,Uncovered Comp
22037,D1428612855022037,Uncovered Comp
22038,D2767824810022038,Uncovered Comp
22039,D4967024559022039,Uncovered Comp
22040,D9243025750022040,Uncovered Comp
22041,D7708687737022041,Uncovered Comp
22042,D5397209456022042,Uncovered Comp
22043,D4249177630022043,Uncovered Comp
22044,D6806654071022044,Uncovered Comp
22045,D4417144983022045,Uncovered Comp
22046,D0333880254022046,Uncovered Comp
22047,D1153240505022047,Uncovered Comp
22048,D1254533093022048,Uncovered Comp
22049,D7463770068022049,Uncovered Comp
22050,D8005407905022050,Uncovered Comp
22051,D8615207177022051,Uncovered Comp
22052,D9435167779022052,Uncovered Comp
22053,D4394915767022053,Uncovered Comp
22054,D9802378445022054,Uncovered Comp
22055,D7163783465022055,Uncovered Comp
22056,D3153899735022056,Uncovered Comp
22057,D6520241710022057,Uncovered Comp
22058,D1241015027022058,Uncovered Comp
22059,D7454427221022059,Uncovered Comp
22060,D7579040257022060,Uncovered Comp
22061,D3627272143022061,Uncovered Comp
22062,D7817347235022062,Uncovered Comp
22063,D3796487044022063,Uncovered Comp
22064,D1327583734022064,Uncovered Comp
22065,D4311043294022065,Uncovered Comp
22066,D9790531781022066,Uncovered Comp
22067,D8047096388022067,Uncovered Comp
22068,D5050602492022068,Uncovered Comp
22069,D2180303656022069,Uncovered Comp
22070,D5990193998022070,Uncovered Comp
22071,D0369638750022071,Uncovered Comp
22072,D0082317478022072,Uncovered Comp
22073,D7408060510022073,Uncovered Comp
22074,D0476059312022074,Uncovered Comp
22075,D6964475475022075,Uncovered Comp
22076,D3715027967022076,Uncovered Comp
22077,D4878336078022077,Uncovered Comp
22078,D3263382412022078,Uncovered Comp
22079,D2453403719022079,Uncovered Comp
22080,D4065752742022080,Uncovered Comp
22081,D7827411151022081,Uncovered Comp
22082,D4310942683022082,Uncovered Comp
22083,D0142821151022083,Uncovered Comp
22084,D1172062721022084,Uncovered Comp
22085,D6131450650022085,Uncovered Comp
22086,D5308727461022086,Uncovered Comp
22087,D1003875236022087,Uncovered Comp
22088,D6394007982022088,Uncovered Comp
22089,D3025645800022089,Uncovered Comp
22090,D3039079607022090,Uncovered Comp
22091,D8315881361022091,Uncovered Comp
22092,D2467696930022092,Uncovered Comp
22093,D7221827512022093,Uncovered Comp
22094,D7885966686022094,Uncovered Comp
22095,D7684890164022095,Uncovered Comp
22096,D5147358768022096,Uncovered Comp
22097,D0941748364022097,Uncovered Comp
22098,D6735357546022098,Uncovered Comp
22099,D3082274000022099,Uncovered Comp
22100,D1465819958022100,Uncovered Comp
22101,D0083015476022101,Uncovered Comp
22102,D8226456313022102,Uncovered Comp
22103,D7976830680022103,Uncovered Comp
22104,D6319876827022104,Uncovered Comp
22105,D4128832670022105,Uncovered Comp
22106,D0968416237022106,Uncovered Comp
22107,D8878811478022107,Uncovered Comp
22108,D2994132245022108,Uncovered Comp
22109,D1033269164022109,Uncovered Comp
22110,D9380260555022110,Uncovered Comp
22111,D1866530115022111,Uncovered Comp
22112,D3653050335022112,Uncovered Comp
22113,D7524302985022113,Uncovered Comp
22114,D5082643208022114,Uncovered Comp
22115,D8789470920022115,Uncovered Comp
22116,D9585544643022116,Uncovered Comp
22117,D6389397880022117,Uncovered Comp
22118,D9684396797022118,Uncovered Comp
22119,D9305602050022119,Uncovered Comp
22120,D7808031584022120,Uncovered Comp
22121,D9542450576022121,Uncovered Comp
22122,D2031255183022122,Uncovered Comp
22123,D9258266867022123,Uncovered Comp
22124,D8829929341022124,Uncovered Comp
22125,D5582936563022125,Uncovered Comp
22126,D2595611267022126,Uncovered Comp
22127,D8199891214022127,Uncovered Comp
22128,D7847399229022128,Uncovered Comp
22129,D5564895479022129,Uncovered Comp
22130,D3111986454022130,Uncovered Comp
22131,D2189754923022131,Uncovered Comp
22132,D7815602166022132,Uncovered Comp
22133,D2928796802022133,Uncovered Comp
22134,D9936471768022134,Uncovered Comp
22135,D1667786104022135,Uncovered Comp
22136,D6770531418022136,Uncovered Comp
22137,D7814493032022137,Uncovered Comp
22138,D6027679253022138,Uncovered Comp
22139,D3508994297022139,Uncovered Comp
22140,D9361534091022140,Uncovered Comp
22141,D2268761907022141,Uncovered Comp
22142,D6199749891022142,Uncovered Comp
22143,D1851221217022143,Uncovered Comp
22144,D2752926818022144,Uncovered Comp
22145,D0426458155022145,Uncovered Comp
22146,D6876644316022146,Uncovered Comp
22147,D3545222519022147,Uncovered Comp
22148,D1197174454022148,Uncovered Comp
22149,D9675768315022149,Uncovered Comp
22150,D6316105427022150,Uncovered Comp
22151,D7594968711022151,Uncovered Comp
22152,D6738594447022152,Uncovered Comp
22153,D6679591250022153,Uncovered Comp
22154,D3307702440022154,Uncovered Comp
22155,D3654628782022155,Uncovered Comp
22156,D6856751167022156,Uncovered Comp
22157,D2165643728022157,Uncovered Comp
22158,D0785583286022158,Uncovered Comp
22159,D3704494104022159,Uncovered Comp
22160,D2579974055022160,Uncovered Comp
22161,D1661017172022161,Uncovered Comp
22162,D1459565924022162,Uncovered Comp
22163,D9367331011022163,Uncovered Comp
22164,D2218240323022164,Uncovered Comp
22165,D4056949708022165,Uncovered Comp
22166,D9926925428022166,Uncovered Comp
22167,D1587523255022167,Uncovered Comp
22168,D9411909029022168,Uncovered Comp
22169,D7396902646022169,Uncovered Comp
22170,D3561283548022170,Uncovered Comp
22171,D6281277696022171,Uncovered Comp
22172,D5240057499022172,Uncovered Comp
22173,D2416042375022173,Uncovered Comp
22174,D8570189121022174,Uncovered Comp
22175,D2232100231022175,Uncovered Comp
22176,D3463529683022176,Uncovered Comp
22177,D6403768644022177,Uncovered Comp
22178,D8541887077022178,Uncovered Comp
22179,D5984596928022179,Uncovered Comp
22180,D0103726835022180,Uncovered Comp
22181,D6514920104022181,Uncovered Comp
22182,D8829523428022182,Uncovered Comp
22183,D3714263528022183,Uncovered Comp
22184,D5863864071022184,Uncovered Comp
22185,D2190890181022185,Uncovered Comp
22186,D7728638269022186,Uncovered Comp
22187,D5301499521022187,Uncovered Comp
22188,D4315027713022188,Uncovered Comp
22189,D7214269100022189,Uncovered Comp
22190,D7556364543022190,Uncovered Comp
22191,D1969480757022191,Uncovered Comp
22192,D6245440406022192,Uncovered Comp
22193,D1877619809022193,Uncovered Comp
22194,D6254326674022194,Uncovered Comp
22195,D4660945016022195,Uncovered Comp
22196,D7967027690022196,Uncovered Comp
22197,D4376657617022197,Uncovered Comp
22198,D0559055400022198,Uncovered Comp
22199,D3895282109022199,Uncovered Comp
22200,D5646777015022200,Uncovered Comp
22201,D3417004587022201,Uncovered Comp
22202,D8574098098022202,Uncovered Comp
22203,D5032814043022203,Uncovered Comp
22204,D6551159897022204,Uncovered Comp
22205,D4992863589022205,Uncovered Comp
22206,D4744596809022206,Uncovered Comp
22207,D6497998927022207,Uncovered Comp
22208,D3949334879022208,Uncovered Comp
22209,D9016716544022209,Uncovered Comp
22210,D3139147302022210,Uncovered Comp
22211,D6749082753022211,Uncovered Comp
22212,D0492768154022212,Uncovered Comp
22213,D7487991706022213,Uncovered Comp
22214,D6094769990022214,Uncovered Comp
22215,D7531115024022215,Uncovered Comp
22216,D2902383889022216,Uncovered Comp
22217,D2607050237022217,Uncovered Comp
22218,D3889371145022218,Uncovered Comp
22219,D8079603474022219,Uncovered Comp
22220,D3148248427022220,Uncovered Comp
22221,D5014442355022221,Uncovered Comp
22222,D8251507224022222,Uncovered Comp
22223,D7192402905022223,Uncovered Comp
22224,D1814752615022224,Uncovered Comp
22225,D9453069117022225,Uncovered Comp
22226,D4001767626022226,Uncovered Comp
22227,D1063907457022227,Uncovered Comp
22228,D9537912177022228,Uncovered Comp
22229,D2400308679022229,Uncovered Comp
22230,D6571334804022230,Uncovered Comp
22231,D3981514826022231,Uncovered Comp
22232,D5287492588022232,Uncovered Comp
22233,D3707578493022233,Uncovered Comp
22234,D1135172231022234,Uncovered Comp
22235,D3891097218022235,Uncovered Comp
22236,D2619683326022236,Uncovered Comp
22237,D8642967045022237,Uncovered Comp
22238,D9751450972022238,Uncovered Comp
22239,D1864712077022239,Uncovered Comp
22240,D5775573962022240,Uncovered Comp
22241,D3172928603022241,Uncovered Comp
22242,D4791576485022242,Uncovered Comp
22243,D6337393780022243,Uncovered Comp
22244,D5059538800022244,Uncovered Comp
22245,D1678260395022245,Uncovered Comp
22246,D4753705308022246,Uncovered Comp
22247,D5131909888022247,Uncovered Comp
22248,D1968609682022248,Uncovered Comp
22249,D5349861996022249,Uncovered Comp
22250,D0143516304022250,Uncovered Comp
22251,D2559626244022251,Uncovered Comp
22252,D1309294856022252,Uncovered Comp
22253,D7388770549022253,Uncovered Comp
22254,D2178558979022254,Uncovered Comp
22255,D5479411619022255,Uncovered Comp
22256,D3905393071022256,Uncovered Comp
22257,D4538380517022257,Uncovered Comp
22258,D8997444545022258,Uncovered Comp
22259,D0120800508022259,Uncovered Comp
22260,D0999283276022260,Uncovered Comp
22261,D1846677016022261,Uncovered Comp
22262,D7249749759022262,Uncovered Comp
22263,D2720273154022263,Uncovered Comp
22264,D0853785387022264,Uncovered Comp
22265,D4670920016022265,Uncovered Comp
22266,D0153896464022266,Uncovered Comp
22267,D3141741955022267,Uncovered Comp
22268,D0895351647022268,Uncovered Comp
22269,D1160119300022269,Uncovered Comp
22270,D0257962188022270,Uncovered Comp
22271,D4068518022022271,Uncovered Comp
22272,D0375449778022272,Uncovered Comp
22273,D7421425039022273,Uncovered Comp
22274,D4171759208022274,Uncovered Comp
22275,D5019504101022275,Uncovered Comp
22276,D5358461216022276,Uncovered Comp
22277,D0876679410022277,Uncovered Comp
22278,D9509112825022278,Uncovered Comp
22279,D4885545157022279,Uncovered Comp
22280,D3263599660022280,Uncovered Comp
22281,D0426049591022281,Uncovered Comp
22282,D5770225246022282,Uncovered Comp
22283,D3349934459022283,Uncovered Comp
22284,D4462582966022284,Uncovered Comp
22285,D8494812976022285,Uncovered Comp
22286,D6559048387022286,Uncovered Comp
22287,D5306886583022287,Uncovered Comp
22288,D3010890595022288,Uncovered Comp
22289,D0823668898022289,Uncovered Comp
22290,D8684059029022290,Uncovered Comp
22291,D5261027195022291,Uncovered Comp
22292,D0480427996022292,Uncovered Comp
22293,D3822270631022293,Uncovered Comp
22294,D2930865821022294,Uncovered Comp
22295,D5204354664022295,Uncovered Comp
22296,D3286195788022296,Uncovered Comp
22297,D1059447570022297,Uncovered Comp
22298,D4726247534022298,Uncovered Comp
22299,D6594568681022299,Uncovered Comp
22300,D8786713322022300,Uncovered Comp
22301,D2280967415022301,Uncovered Comp
22302,D5453258885022302,Uncovered Comp
22303,D3114711009022303,Uncovered Comp
22304,D4571232168022304,Uncovered Comp
22305,D5804886451022305,Uncovered Comp
22306,D0826965659022306,Uncovered Comp
22307,D9574909450022307,Uncovered Comp
22308,D2634160879022308,Uncovered Comp
22309,D9690537665022309,Uncovered Comp
22310,D3399332393022310,Uncovered Comp
22311,D0238610086022311,Uncovered Comp
22312,D3638994548022312,Uncovered Comp
22313,D4941443289022313,Uncovered Comp
22314,D8677024435022314,Uncovered Comp
22315,D3597681866022315,Uncovered Comp
22316,D3395453897022316,Uncovered Comp
22317,D8944708594022317,Uncovered Comp
22318,D1665836945022318,Uncovered Comp
22319,D1057058651022319,Uncovered Comp
22320,D1418367555022320,Uncovered Comp
22321,D5505302076022321,Uncovered Comp
22322,D7727148326022322,Uncovered Comp
22323,D7053060417022323,Uncovered Comp
22324,D5163575156022324,Uncovered Comp
22325,D3027943758022325,Uncovered Comp
22326,D2793263401022326,Uncovered Comp
22327,D8887635796022327,Uncovered Comp
22328,D5645552254022328,Uncovered Comp
22329,D7621824474022329,Uncovered Comp
22330,D7029048798022330,Uncovered Comp
22331,D3083865557022331,Uncovered Comp
22332,D5477456372022332,Uncovered Comp
22333,D7937752514022333,Uncovered Comp
22334,D1775177498022334,Uncovered Comp
22335,D5826792913022335,Uncovered Comp
22336,D0304818952022336,Uncovered Comp
22337,D9878436003022337,Uncovered Comp
22338,D2862421912022338,Uncovered Comp
22339,D8775172745022339,Uncovered Comp
22340,D1624344958022340,Uncovered Comp
22341,D2895009511022341,Uncovered Comp
22342,D8990474522022342,Uncovered Comp
22343,D1483818921022343,Uncovered Comp
22344,D7848737315022344,Uncovered Comp
22345,D8783041287022345,Uncovered Comp
22346,D4782489736022346,Uncovered Comp
22347,D9225222148022347,Uncovered Comp
22348,D4973958252022348,Uncovered Comp
22349,D3642351763022349,Uncovered Comp
22350,D8062185797022350,Uncovered Comp
22351,D7873167373022351,Uncovered Comp
22352,D0644916034022352,Uncovered Comp
22353,D8349573858022353,Uncovered Comp
22354,D2731239418022354,Uncovered Comp
22355,D8874096815022355,Uncovered Comp
22356,D1489814372022356,Uncovered Comp
22357,D4054553634022357,Uncovered Comp
22358,D3933562907022358,Uncovered Comp
22359,D0405996230022359,Uncovered Comp
22360,D6514378709022360,Uncovered Comp
22361,D2837892868022361,Uncovered Comp
22362,D0096582067022362,Uncovered Comp
22363,D4341370079022363,Uncovered Comp
22364,D6956891114022364,Uncovered Comp
22365,D5133271393022365,Uncovered Comp
22366,D8485526136022366,Uncovered Comp
22367,D4053175896022367,Uncovered Comp
22368,D9097215476022368,Uncovered Comp
22369,D9982711330022369,Uncovered Comp
22370,D9231345438022370,Uncovered Comp
22371,D3460489125022371,Uncovered Comp
22372,D2214105713022372,Uncovered Comp
22373,D7410292636022373,Uncovered Comp
22374,D4918170960022374,Uncovered Comp
22375,D3247930656022375,Uncovered Comp
22376,D3240372155022376,Uncovered Comp
22377,D3262008623022377,Uncovered Comp
22378,D4646977295022378,Uncovered Comp
22379,D7283685710022379,Uncovered Comp
22380,D3294500768022380,Uncovered Comp
22381,D2639981247022381,Uncovered Comp
22382,D8378458604022382,Uncovered Comp
22383,D8929642666022383,Uncovered Comp
22384,D2546430064022384,Uncovered Comp
22385,D4416201197022385,Uncovered Comp
22386,D6651059481022386,Uncovered Comp
22387,D3543241773022387,Uncovered Comp
22388,D9422067496022388,Uncovered Comp
22389,D1999846030022389,Uncovered Comp
22390,D9364820656022390,Uncovered Comp
22391,D2722143538022391,Uncovered Comp
22392,D1341639982022392,Uncovered Comp
22393,D5072196815022393,Uncovered Comp
22394,D0413720946022394,Uncovered Comp
22395,D2788257326022395,Uncovered Comp
22396,D5712150315022396,Uncovered Comp
22397,D4935473849022397,Uncovered Comp
22398,D1380092698022398,Uncovered Comp
22399,D7241324096022399,Uncovered Comp
22400,D4896808897022400,Uncovered Comp
22401,D1730822225022401,Uncovered Comp
22402,D2607696123022402,Uncovered Comp
22403,D4956918606022403,Uncovered Comp
22404,D2023604374022404,Uncovered Comp
22405,D3468157810022405,Uncovered Comp
22406,D0676927238022406,Uncovered Comp
22407,D5506415035022407,Uncovered Comp
22408,D2860785591022408,Uncovered Comp
22409,D1322653333022409,Uncovered Comp
22410,D7444224387022410,Uncovered Comp
22411,D1667617911022411,Uncovered Comp
22412,D7227839652022412,Uncovered Comp
22413,D4634946980022413,Uncovered Comp
22414,D4897831498022414,Uncovered Comp
22415,D3912631522022415,Uncovered Comp
22416,D6689228855022416,Uncovered Comp
22417,D3005922959022417,Uncovered Comp
22418,D1782079086022418,Uncovered Comp
22419,D0597617549022419,Uncovered Comp
22420,D5932697260022420,Uncovered Comp
22421,D0693239552022421,Uncovered Comp
22422,D4133093589022422,Uncovered Comp
22423,D1031503682022423,Uncovered Comp
22424,D8541553826022424,Uncovered Comp
22425,D5480095779022425,Uncovered Comp
22426,D4581090014022426,Uncovered Comp
22427,D1109791263022427,Uncovered Comp
22428,D6770372565022428,Uncovered Comp
22429,D8667688586022429,Uncovered Comp
22430,D9013373165022430,Uncovered Comp
22431,D0312830260022431,Uncovered Comp
22432,D2331841114022432,Uncovered Comp
22433,D8119457691022433,Uncovered Comp
22434,D0511348814022434,Uncovered Comp
22435,D9093900329022435,Uncovered Comp
22436,D5623181325022436,Uncovered Comp
22437,D6167846546022437,Uncovered Comp
22438,D0281289748022438,Uncovered Comp
22439,D0938847907022439,Uncovered Comp
22440,D1717298984022440,Uncovered Comp
22441,D1784587294022441,Uncovered Comp
22442,D7386175147022442,Uncovered Comp
22443,D4920296944022443,Uncovered Comp
22444,D2602467629022444,Uncovered Comp
22445,D0382790054022445,Uncovered Comp
22446,D9031511099022446,Uncovered Comp
22447,D5742038120022447,Uncovered Comp
22448,D8154978349022448,Uncovered Comp
22449,D6581641645022449,Uncovered Comp
22450,D5840869545022450,Uncovered Comp
22451,D4038584209022451,Uncovered Comp
22452,D1044230456022452,Uncovered Comp
22453,D9074335621022453,Uncovered Comp
22454,D9234016143022454,Uncovered Comp
22455,D8534826231022455,Uncovered Comp
22456,D7324897311022456,Uncovered Comp
22457,D6290156860022457,Uncovered Comp
22458,D6030537391022458,Uncovered Comp
22459,D9291071096022459,Uncovered Comp
22460,D2057183238022460,Uncovered Comp
22461,D7557413387022461,Uncovered Comp
22462,D0697678179022462,Uncovered Comp
22463,D9170417529022463,Uncovered Comp
22464,D3697325634022464,Uncovered Comp
22465,D8608579571022465,Uncovered Comp
22466,D9021783472022466,Uncovered Comp
22467,D7532612034022467,Uncovered Comp
22468,D2632943931022468,Uncovered Comp
22469,D0013828007022469,Uncovered Comp
22470,D5782088715022470,Uncovered Comp
22471,D1848516803022471,Uncovered Comp
22472,D7539865457022472,Uncovered Comp
22473,D2221446639022473,Uncovered Comp
22474,D3282646412022474,Uncovered Comp
22475,D2661076723022475,Uncovered Comp
22476,D6981905941022476,Uncovered Comp
22477,D5252123097022477,Uncovered Comp
22478,D9714494528022478,Uncovered Comp
22479,D9516160500022479,Uncovered Comp
22480,D9614381033022480,Uncovered Comp
22481,D1801851837022481,Uncovered Comp
22482,D6558836604022482,Uncovered Comp
22483,D6550947317022483,Uncovered Comp
22484,D7855525829022484,Uncovered Comp
22485,D2423228973022485,Uncovered Comp
22486,D8771171659022486,Uncovered Comp
22487,D8985752502022487,Uncovered Comp
22488,D1334473351022488,Uncovered Comp
22489,D9582360434022489,Uncovered Comp
22490,D6155423942022490,Uncovered Comp
22491,D8020018334022491,Uncovered Comp
22492,D9451281520022492,Uncovered Comp
22493,D9917079297022493,Uncovered Comp
22494,D5356752633022494,Uncovered Comp
22495,D3132753403022495,Uncovered Comp
22496,D5534071161022496,Uncovered Comp
22497,D8016976157022497,Uncovered Comp
22498,D0844518999022498,Uncovered Comp
22499,D5478884906022499,Uncovered Comp
22500,D3091275854022500,Uncovered Comp
22501,D7631708501022501,Uncovered Comp
22502,D8996383286022502,Uncovered Comp
22503,D4187035069022503,Uncovered Comp
22504,D3994192457022504,Uncovered Comp
22505,D3996627115022505,Uncovered Comp
22506,D5522089256022506,Uncovered Comp
22507,D3931221074022507,Uncovered Comp
22508,D5536210770022508,Uncovered Comp
22509,D9621880604022509,Uncovered Comp
22510,D9654446051022510,Uncovered Comp
22511,D1524415906022511,Uncovered Comp
22512,D4406619209022512,Uncovered Comp
22513,D0791665486022513,Uncovered Comp
22514,D7648641125022514,Uncovered Comp
22515,D0294517645022515,Uncovered Comp
22516,D7004789937022516,Uncovered Comp
22517,D7538314903022517,Uncovered Comp
22518,D5081639024022518,Uncovered Comp
22519,D7414108505022519,Uncovered Comp
22520,D3546601726022520,Uncovered Comp
22521,D0858362274022521,Uncovered Comp
22522,D2001169404022522,Uncovered Comp
22523,D6973121265022523,Uncovered Comp
22524,D8204022532022524,Uncovered Comp
22525,D3293021790022525,Uncovered Comp
22526,D2342260660022526,Uncovered Comp
22527,D5080313581022527,Uncovered Comp
22528,D8125698957022528,Uncovered Comp
22529,D2117178446022529,Uncovered Comp
22530,D9260580129022530,Uncovered Comp
22531,D1756694649022531,Uncovered Comp
22532,D7251221467022532,Uncovered Comp
22533,D7202735347022533,Uncovered Comp
22534,D3639324186022534,Uncovered Comp
22535,D4792366472022535,Uncovered Comp
22536,D1137069491022536,Uncovered Comp
22537,D0141050834022537,Uncovered Comp
22538,D3389681312022538,Uncovered Comp
22539,D6322877539022539,Uncovered Comp
22540,D1671364033022540,Uncovered Comp
22541,D5654794042022541,Uncovered Comp
22542,D7102250560022542,Uncovered Comp
22543,D4927850504022543,Uncovered Comp
22544,D3970507826022544,Uncovered Comp
22545,D0083097661022545,Uncovered Comp
22546,D3753460170022546,Uncovered Comp
22547,D1938641962022547,Uncovered Comp
22548,D5649272927022548,Uncovered Comp
22549,D4071377524022549,Uncovered Comp
22550,D7147675309022550,Uncovered Comp
22551,D6787126770022551,Uncovered Comp
22552,D3810833303022552,Uncovered Comp
22553,D4398586524022553,Uncovered Comp
22554,D5956204526022554,Uncovered Comp
22555,D4648610329022555,Uncovered Comp
22556,D6237163509022556,Uncovered Comp
22557,D6017172136022557,Uncovered Comp
22558,D1074177893022558,Uncovered Comp
22559,D9346870275022559,Uncovered Comp
22560,D4561230950022560,Uncovered Comp
22561,D9709100656022561,Uncovered Comp
22562,D9912033967022562,Uncovered Comp
22563,D3948033596022563,Uncovered Comp
22564,D2484500880022564,Uncovered Comp
22565,D5217046969022565,Uncovered Comp
22566,D0314463813022566,Uncovered Comp
22567,D3889543441022567,Uncovered Comp
22568,D1284053223022568,Uncovered Comp
22569,D8456932339022569,Uncovered Comp
22570,D0818141370022570,Uncovered Comp
22571,D8164188685022571,Uncovered Comp
22572,D6982914770022572,Uncovered Comp
22573,D4690777517022573,Uncovered Comp
22574,D3608684399022574,Uncovered Comp
22575,D6613706894022575,Uncovered Comp
22576,D5201102414022576,Uncovered Comp
22577,D7715492331022577,Uncovered Comp
22578,D2346850865022578,Uncovered Comp
22579,D6276982025022579,Uncovered Comp
22580,D7834494889022580,Uncovered Comp
22581,D9237753314022581,Uncovered Comp
22582,D3477478087022582,Uncovered Comp
22583,D2937218871022583,Uncovered Comp
22584,D6492855139022584,Uncovered Comp
22585,D8236855554022585,Uncovered Comp
22586,D1425424720022586,Uncovered Comp
22587,D4705837300022587,Uncovered Comp
22588,D9336431289022588,Uncovered Comp
22589,D8310141060022589,Uncovered Comp
22590,D7581621182022590,Uncovered Comp
22591,D9986757879022591,Uncovered Comp
22592,D2037971744022592,Uncovered Comp
22593,D8567969657022593,Uncovered Comp
22594,D2192233250022594,Uncovered Comp
22595,D8316882131022595,Uncovered Comp
22596,D0154757098022596,Uncovered Comp
22597,D5181969491022597,Uncovered Comp
22598,D9659743996022598,Uncovered Comp
22599,D5500545925022599,Uncovered Comp
22600,D7696933121022600,Uncovered Comp
22601,D7719160080022601,Uncovered Comp
22602,D0283136164022602,Uncovered Comp
22603,D4243536783022603,Uncovered Comp
22604,D7062798368022604,Uncovered Comp
22605,D7385101125022605,Uncovered Comp
22606,D7493036358022606,Uncovered Comp
22607,D5901409634022607,Uncovered Comp
22608,D6047402666022608,Uncovered Comp
22609,D1259848556022609,Uncovered Comp
22610,D1904251542022610,Uncovered Comp
22611,D5368693400022611,Uncovered Comp
22612,D2551180897022612,Uncovered Comp
22613,D6986586068022613,Uncovered Comp
22614,D2122869604022614,Uncovered Comp
22615,D7829128698022615,Uncovered Comp
22616,D8702516884022616,Uncovered Comp
22617,D8747959229022617,Uncovered Comp
22618,D6596980305022618,Uncovered Comp
22619,D5660403944022619,Uncovered Comp
22620,D2268160748022620,Uncovered Comp
22621,D5439257584022621,Uncovered Comp
22622,D8841208270022622,Uncovered Comp
22623,D5256033890022623,Uncovered Comp
22624,D7494446850022624,Uncovered Comp
22625,D6534318534022625,Uncovered Comp
22626,D4835476039022626,Uncovered Comp
22627,D2375510102022627,Uncovered Comp
22628,D5614654520022628,Uncovered Comp
22629,D4252227205022629,Uncovered Comp
22630,D1576450381022630,Uncovered Comp
22631,D8581397512022631,Uncovered Comp
22632,D4848680357022632,Uncovered Comp
22633,D0625986780022633,Uncovered Comp
22634,D8478365253022634,Uncovered Comp
22635,D1536491695022635,Uncovered Comp
22636,D8202900285022636,Uncovered Comp
22637,D0076039968022637,Uncovered Comp
22638,D5033820943022638,Uncovered Comp
22639,D6042908828022639,Uncovered Comp
22640,D6317771680022640,Uncovered Comp
22641,D2927911303022641,Uncovered Comp
22642,D6961852409022642,Uncovered Comp
22643,D6996046200022643,Uncovered Comp
22644,D9494317578022644,Uncovered Comp
22645,D2075569620022645,Uncovered Comp
22646,D6350305427022646,Uncovered Comp
22647,D4686161094022647,Uncovered Comp
22648,D7311925539022648,Uncovered Comp
22649,D3316605261022649,Uncovered Comp
22650,D5155356692022650,Uncovered Comp
22651,D4861949031022651,Uncovered Comp
22652,D7932190359022652,Uncovered Comp
22653,D0860774996022653,Uncovered Comp
22654,D6180595107022654,Uncovered Comp
22655,D0575949325022655,Uncovered Comp
22656,D6616588758022656,Uncovered Comp
22657,D0974329278022657,Uncovered Comp
22658,D7845104464022658,Uncovered Comp
22659,D5348027845022659,Uncovered Comp
22660,D3089632409022660,Uncovered Comp
22661,D9911828405022661,Uncovered Comp
22662,D3503966534022662,Uncovered Comp
22663,D8625672392022663,Uncovered Comp
22664,D0857370597022664,Uncovered Comp
22665,D6926736458022665,Uncovered Comp
22666,D6485648227022666,Uncovered Comp
22667,D3963675099022667,Uncovered Comp
22668,D3596247304022668,Uncovered Comp
22669,D8431596281022669,Uncovered Comp
22670,D7895855007022670,Uncovered Comp
22671,D3577587667022671,Uncovered Comp
22672,D0292623108022672,Uncovered Comp
22673,D4969722706022673,Uncovered Comp
22674,D1202853303022674,Uncovered Comp
22675,D4346507280022675,Uncovered Comp
22676,D7233447194022676,Uncovered Comp
22677,D2971496489022677,Uncovered Comp
22678,D8671323361022678,Uncovered Comp
22679,D5288484304022679,Uncovered Comp
22680,D8288422235022680,Uncovered Comp
22681,D3588384804022681,Uncovered Comp
22682,D9053665065022682,Uncovered Comp
22683,D6731337500022683,Uncovered Comp
22684,D3611034800022684,Uncovered Comp
22685,D1564796468022685,Uncovered Comp
22686,D2206897558022686,Uncovered Comp
22687,D6958499574022687,Uncovered Comp
22688,D6374380630022688,Uncovered Comp
22689,D9053384955022689,Uncovered Comp
22690,D1239675250022690,Uncovered Comp
22691,D3722943909022691,Uncovered Comp
22692,D4182838194022692,Uncovered Comp
22693,D8487630301022693,Uncovered Comp
22694,D9525667565022694,Uncovered Comp
22695,D9140230379022695,Uncovered Comp
22696,D9523400997022696,Uncovered Comp
22697,D6501990243022697,Uncovered Comp
22698,D4608271102022698,Uncovered Comp
22699,D1221828161022699,Uncovered Comp
22700,D4154016870022700,Uncovered Comp
22701,D5065145663022701,Uncovered Comp
22702,D7819236256022702,Uncovered Comp
22703,D8632262533022703,Uncovered Comp
22704,D5422585798022704,Uncovered Comp
22705,D6899941315022705,Uncovered Comp
22706,D7573011374022706,Uncovered Comp
22707,D2407050072022707,Uncovered Comp
22708,D1272256220022708,Uncovered Comp
22709,D7101301859022709,Uncovered Comp
22710,D8336656768022710,Uncovered Comp
22711,D9889167484022711,Uncovered Comp
22712,D0447940833022712,Uncovered Comp
22713,D1317068530022713,Uncovered Comp
22714,D5108353561022714,Uncovered Comp
22715,D5476629376022715,Uncovered Comp
22716,D9526270030022716,Uncovered Comp
22717,D7353356755022717,Uncovered Comp
22718,D1013810025022718,Uncovered Comp
22719,D2141159727022719,Uncovered Comp
22720,D3856708550022720,Uncovered Comp
22721,D7054850074022721,Uncovered Comp
22722,D0564506666022722,Uncovered Comp
22723,D1433052805022723,Uncovered Comp
22724,D0282076631022724,Uncovered Comp
22725,D5757896561022725,Uncovered Comp
22726,D0006425899022726,Uncovered Comp
22727,D9305081644022727,Uncovered Comp
22728,D0471723859022728,Uncovered Comp
22729,D8895362994022729,Uncovered Comp
22730,D1129224264022730,Uncovered Comp
22731,D0748601764022731,Uncovered Comp
22732,D2359631832022732,Uncovered Comp
22733,D9865512615022733,Uncovered Comp
22734,D6146186596022734,Uncovered Comp
22735,D3894559198022735,Uncovered Comp
22736,D0515985644022736,Uncovered Comp
22737,D9265414164022737,Uncovered Comp
22738,D7260181082022738,Uncovered Comp
22739,D6337456662022739,Uncovered Comp
22740,D5165406762022740,Uncovered Comp
22741,D4967909325022741,Uncovered Comp
22742,D9974191594022742,Uncovered Comp
22743,D0182068593022743,Uncovered Comp
22744,D9101386052022744,Uncovered Comp
22745,D4654912725022745,Uncovered Comp
22746,D8222883147022746,Uncovered Comp
22747,D6320980043022747,Uncovered Comp
22748,D5209884976022748,Uncovered Comp
22749,D3651781418022749,Uncovered Comp
22750,D4454255679022750,Uncovered Comp
22751,D5713784131022751,Uncovered Comp
22752,D9909290432022752,Uncovered Comp
22753,D6324164408022753,Uncovered Comp
22754,D8420808262022754,Uncovered Comp
22755,D3644706997022755,Uncovered Comp
22756,D5518642431022756,Uncovered Comp
22757,D1000853768022757,Uncovered Comp
22758,D7045318717022758,Uncovered Comp
22759,D1942891049022759,Uncovered Comp
22760,D0334035150022760,Uncovered Comp
22761,D7292193688022761,Uncovered Comp
22762,D8076158287022762,Uncovered Comp
22763,D4364948714022763,Uncovered Comp
22764,D4817185030022764,Uncovered Comp
22765,D3412564165022765,Uncovered Comp
22766,D8802321420022766,Uncovered Comp
22767,D1279179201022767,Uncovered Comp
22768,D8191187881022768,Uncovered Comp
22769,D9915319422022769,Uncovered Comp
22770,D2402242316022770,Uncovered Comp
22771,D4802449925022771,Uncovered Comp
22772,D5163962849022772,Uncovered Comp
22773,D0240097554022773,Uncovered Comp
22774,D5829628114022774,Uncovered Comp
22775,D8163369861022775,Uncovered Comp
22776,D8626527673022776,Uncovered Comp
22777,D2704105386022777,Uncovered Comp
22778,D7724021806022778,Uncovered Comp
22779,D5742458019022779,Uncovered Comp
22780,D0163904665022780,Uncovered Comp
22781,D9834618587022781,Uncovered Comp
22782,D0063267031022782,Uncovered Comp
22783,D4184420076022783,Uncovered Comp
22784,D4021889714022784,Uncovered Comp
22785,D2142120837022785,Uncovered Comp
22786,D7297984836022786,Uncovered Comp
22787,D7244699594022787,Uncovered Comp
22788,D0452139895022788,Uncovered Comp
22789,D9346668941022789,Uncovered Comp
22790,D0540333683022790,Uncovered Comp
22791,D6331597239022791,Uncovered Comp
22792,D9254503208022792,Uncovered Comp
22793,D8644620725022793,Uncovered Comp
22794,D8903432734022794,Uncovered Comp
22795,D6934035689022795,Uncovered Comp
22796,D7242217110022796,Uncovered Comp
22797,D7570487832022797,Uncovered Comp
22798,D8468420472022798,Uncovered Comp
22799,D1461167682022799,Uncovered Comp
22800,D4644490441022800,Uncovered Comp
22801,D6743504956022801,Uncovered Comp
22802,D2604728325022802,Uncovered Comp
22803,D7940999465022803,Uncovered Comp
22804,D5808288795022804,Uncovered Comp
22805,D7894687112022805,Uncovered Comp
22806,D0677237549022806,Uncovered Comp
22807,D5198930300022807,Uncovered Comp
22808,D6697971003022808,Uncovered Comp
22809,D4140368435022809,Uncovered Comp
22810,D9653401134022810,Uncovered Comp
22811,D9509651540022811,Uncovered Comp
22812,D2916409405022812,Uncovered Comp
22813,D6511712040022813,Uncovered Comp
22814,D9507912703022814,Uncovered Comp
22815,D8135021341022815,Uncovered Comp
22816,D6208977949022816,Uncovered Comp
22817,D1095375326022817,Uncovered Comp
22818,D5250511950022818,Uncovered Comp
22819,D6891551231022819,Uncovered Comp
22820,D7173077435022820,Uncovered Comp
22821,D3520502680022821,Uncovered Comp
22822,D1300108308022822,Uncovered Comp
22823,D9201379856022823,Uncovered Comp
22824,D2998836367022824,Uncovered Comp
22825,D7755484180022825,Uncovered Comp
22826,D5036890413022826,Uncovered Comp
22827,D1269415953022827,Uncovered Comp
22828,D4858698214022828,Uncovered Comp
22829,D8880818476022829,Uncovered Comp
22830,D7743707682022830,Uncovered Comp
22831,D7654121971022831,Uncovered Comp
22832,D9876902290022832,Uncovered Comp
22833,D3554961513022833,Uncovered Comp
22834,D3911900578022834,Uncovered Comp
22835,D3531840753022835,Uncovered Comp
22836,D0885236665022836,Uncovered Comp
22837,D4713227067022837,Uncovered Comp
22838,D7993130360022838,Uncovered Comp
22839,D8324430510022839,Uncovered Comp
22840,D2640503078022840,Uncovered Comp
22841,D1834581592022841,Uncovered Comp
22842,D7161476597022842,Uncovered Comp
22843,D8079839311022843,Uncovered Comp
22844,D2746768866022844,Uncovered Comp
22845,D1616273978022845,Uncovered Comp
22846,D8233673845022846,Uncovered Comp
22847,D3531408632022847,Uncovered Comp
22848,D5922834167022848,Uncovered Comp
22849,D3502532974022849,Uncovered Comp
22850,D8714714426022850,Uncovered Comp
22851,D2894961811022851,Uncovered Comp
22852,D1852539402022852,Uncovered Comp
22853,D8091987483022853,Uncovered Comp
22854,D0238261348022854,Uncovered Comp
22855,D4592122191022855,Uncovered Comp
22856,D1476254513022856,Uncovered Comp
22857,D0218425993022857,Uncovered Comp
22858,D0424445008022858,Uncovered Comp
22859,D2047263277022859,Uncovered Comp
22860,D1035061899022860,Uncovered Comp
22861,D9509130125022861,Uncovered Comp
22862,D1065658639022862,Uncovered Comp
22863,D6169030921022863,Uncovered Comp
22864,D0793835652022864,Uncovered Comp
22865,D2834100616022865,Uncovered Comp
22866,D2406038494022866,Uncovered Comp
22867,D8221808700022867,Uncovered Comp
22868,D9355647004022868,Uncovered Comp
22869,D5402328782022869,Uncovered Comp
22870,D6779242882022870,Uncovered Comp
22871,D4349361826022871,Uncovered Comp
22872,D0864860925022872,Uncovered Comp
22873,D6161332166022873,Uncovered Comp
22874,D0962055611022874,Uncovered Comp
22875,D4348175696022875,Uncovered Comp
22876,D8858199740022876,Uncovered Comp
22877,D8687338695022877,Uncovered Comp
22878,D1673611672022878,Uncovered Comp
22879,D5389037055022879,Uncovered Comp
22880,D1214268400022880,Uncovered Comp
22881,D9531324218022881,Uncovered Comp
22882,D9828589143022882,Uncovered Comp
22883,D4404205231022883,Uncovered Comp
22884,D0331431026022884,Uncovered Comp
22885,D1324893761022885,Uncovered Comp
22886,D6129959535022886,Uncovered Comp
22887,D3281679448022887,Uncovered Comp
22888,D2847233983022888,Uncovered Comp
22889,D9567479388022889,Uncovered Comp
22890,D9364345314022890,Uncovered Comp
22891,D3872840539022891,Uncovered Comp
22892,D8965320983022892,Uncovered Comp
22893,D3620071806022893,Uncovered Comp
22894,D9205566742022894,Uncovered Comp
22895,D3033783732022895,Uncovered Comp
22896,D0815071340022896,Uncovered Comp
22897,D6001663629022897,Uncovered Comp
22898,D9065090348022898,Uncovered Comp
22899,D4970087036022899,Uncovered Comp
22900,D1732144424022900,Uncovered Comp
22901,D0630445791022901,Uncovered Comp
22902,D7991896209022902,Uncovered Comp
22903,D5286796440022903,Uncovered Comp
22904,D1320471018022904,Uncovered Comp
22905,D0331910270022905,Uncovered Comp
22906,D8922541771022906,Uncovered Comp
22907,D8402271610022907,Uncovered Comp
22908,D8153965219022908,Uncovered Comp
22909,D5811196941022909,Uncovered Comp
22910,D9521070590022910,Uncovered Comp
22911,D7100994132022911,Uncovered Comp
22912,D3818542505022912,Uncovered Comp
22913,D7922924801022913,Uncovered Comp
22914,D4668481273022914,Uncovered Comp
22915,D3057702598022915,Uncovered Comp
22916,D0028241332022916,Uncovered Comp
22917,D2951175700022917,Uncovered Comp
22918,D4961787817022918,Uncovered Comp
22919,D9497024173022919,Uncovered Comp
22920,D7984823887022920,Uncovered Comp
22921,D2366635191022921,Uncovered Comp
22922,D1896881771022922,Uncovered Comp
22923,D8151297220022923,Uncovered Comp
22924,D4260062315022924,Uncovered Comp
22925,D5238593302022925,Uncovered Comp
22926,D9891287707022926,Uncovered Comp
22927,D6453732459022927,Uncovered Comp
22928,D1335484277022928,Uncovered Comp
22929,D5044988425022929,Uncovered Comp
22930,D4017965967022930,Uncovered Comp
22931,D9531064184022931,Uncovered Comp
22932,D0338748913022932,Uncovered Comp
22933,D7599763728022933,Uncovered Comp
22934,D4842567553022934,Uncovered Comp
22935,D9090872202022935,Uncovered Comp
22936,D1080903526022936,Uncovered Comp
22937,D9415719996022937,Uncovered Comp
22938,D0275692201022938,Uncovered Comp
22939,D6502793750022939,Uncovered Comp
22940,D8023523638022940,Uncovered Comp
22941,D1418031587022941,Uncovered Comp
22942,D5465359702022942,Uncovered Comp
22943,D3503708796022943,Uncovered Comp
22944,D1694131308022944,Uncovered Comp
22945,D5449912318022945,Uncovered Comp
22946,D5988062038022946,Uncovered Comp
22947,D5682361400022947,Uncovered Comp
22948,D8243651173022948,Uncovered Comp
22949,D4771490815022949,Uncovered Comp
22950,D9855920588022950,Uncovered Comp
22951,D2427922783022951,Uncovered Comp
22952,D6054874406022952,Uncovered Comp
22953,D5324985962022953,Uncovered Comp
22954,D0771207175022954,Uncovered Comp
22955,D1979588474022955,Uncovered Comp
22956,D5170104057022956,Uncovered Comp
22957,D1940683815022957,Uncovered Comp
22958,D9366421544022958,Uncovered Comp
22959,D0934100773022959,Uncovered Comp
22960,D6862274880022960,Uncovered Comp
22961,D8839235474022961,Uncovered Comp
22962,D9172034338022962,Uncovered Comp
22963,D4375136822022963,Uncovered Comp
22964,D0990644497022964,Uncovered Comp
22965,D6924727406022965,Uncovered Comp
22966,D0736100555022966,Uncovered Comp
22967,D6773149409022967,Uncovered Comp
22968,D7968156733022968,Uncovered Comp
22969,D0936941756022969,Uncovered Comp
22970,D0504319524022970,Uncovered Comp
22971,D9922000775022971,Uncovered Comp
22972,D2353003398022972,Uncovered Comp
22973,D1769691336022973,Uncovered Comp
22974,D9294072656022974,Uncovered Comp
22975,D3808543675022975,Uncovered Comp
22976,D7950294006022976,Uncovered Comp
22977,D8327152454022977,Uncovered Comp
22978,D9727750475022978,Uncovered Comp
22979,D0098551196022979,Uncovered Comp
22980,D6162403514022980,Uncovered Comp
22981,D6058430893022981,Uncovered Comp
22982,D1569571623022982,Uncovered Comp
22983,D2842371921022983,Uncovered Comp
22984,D4741033583022984,Uncovered Comp
22985,D0048367687022985,Uncovered Comp
22986,D3685563786022986,Uncovered Comp
22987,D5336005900022987,Uncovered Comp
22988,D0095220322022988,Uncovered Comp
22989,D5122920072022989,Uncovered Comp
22990,D6295792479022990,Uncovered Comp
22991,D7028462223022991,Uncovered Comp
22992,D4700061544022992,Uncovered Comp
22993,D2611892425022993,Uncovered Comp
22994,D0289911328022994,Uncovered Comp
22995,D1206608576022995,Uncovered Comp
22996,D6574806081022996,Uncovered Comp
22997,D5698455636022997,Uncovered Comp
22998,D7884227132022998,Uncovered Comp
22999,D6157436078022999,Uncovered Comp
23000,D8468168021023000,Uncovered Comp
23001,D3710357224023001,Uncovered Comp
23002,D0006996503023002,Uncovered Comp
23003,D7605637485023003,Uncovered Comp
23004,D1238628564023004,Uncovered Comp
23005,D0275801618023005,Uncovered Comp
23006,D1438013802023006,Uncovered Comp
23007,D9384211124023007,Uncovered Comp
23008,D9898965458023008,Uncovered Comp
23009,D3711819493023009,Uncovered Comp
23010,D5928916350023010,Uncovered Comp
23011,D9447409390023011,Uncovered Comp
23012,D8793402314023012,Uncovered Comp
23013,D1708873898023013,Uncovered Comp
23014,D7802635977023014,Uncovered Comp
23015,D4389534179023015,Uncovered Comp
23016,D5740458399023016,Uncovered Comp
23017,D7316598049023017,Uncovered Comp
23018,D4654401025023018,Uncovered Comp
23019,D4655784578023019,Uncovered Comp
23020,D0278175657023020,Uncovered Comp
23021,D2342779394023021,Uncovered Comp
23022,D8741280121023022,Uncovered Comp
23023,D6953947515023023,Uncovered Comp
23024,D1628798868023024,Uncovered Comp
23025,D1912601946023025,Uncovered Comp
23026,D1735927849023026,Uncovered Comp
23027,D8177797154023027,Uncovered Comp
23028,D7169336622023028,Uncovered Comp
23029,D8156181434023029,Uncovered Comp
23030,D7981385271023030,Uncovered Comp
23031,D1833660112023031,Uncovered Comp
23032,D1768017768023032,Uncovered Comp
23033,D5910244175023033,Uncovered Comp
23034,D4327854524023034,Uncovered Comp
23035,D0875222891023035,Uncovered Comp
23036,D4429893296023036,Uncovered Comp
23037,D8248382333023037,Uncovered Comp
23038,D0262019190023038,Uncovered Comp
23039,D2222493570023039,Uncovered Comp
23040,D3593578376023040,Uncovered Comp
23041,D3458829584023041,Uncovered Comp
23042,D4953217496023042,Uncovered Comp
23043,D8736742070023043,Uncovered Comp
23044,D9368043097023044,Uncovered Comp
23045,D2414957805023045,Uncovered Comp
23046,D1104117327023046,Uncovered Comp
23047,D8344528396023047,Uncovered Comp
23048,D0322713659023048,Uncovered Comp
23049,D3254538680023049,Uncovered Comp
23050,D7219649317023050,Uncovered Comp
23051,D3188614158023051,Uncovered Comp
23052,D8749552464023052,Uncovered Comp
23053,D4716263322023053,Uncovered Comp
23054,D5234696857023054,Uncovered Comp
23055,D7092572497023055,Uncovered Comp
23056,D9656900212023056,Uncovered Comp
23057,D2096574458023057,Uncovered Comp
23058,D7940408083023058,Uncovered Comp
23059,D9373018313023059,Uncovered Comp
23060,D2787609817023060,Uncovered Comp
23061,D9569385091023061,Uncovered Comp
23062,D3144190629023062,Uncovered Comp
23063,D3973274513023063,Uncovered Comp
23064,D2705873398023064,Uncovered Comp
23065,D5779102070023065,Uncovered Comp
23066,D7791038279023066,Uncovered Comp
23067,D7191518577023067,Uncovered Comp
23068,D8253365244023068,Uncovered Comp
23069,D6780527182023069,Uncovered Comp
23070,D9644655488023070,Uncovered Comp
23071,D2302148569023071,Uncovered Comp
23072,D1851786610023072,Uncovered Comp
23073,D7982345285023073,Uncovered Comp
23074,D3852702226023074,Uncovered Comp
23075,D3806707399023075,Uncovered Comp
23076,D9691912802023076,Uncovered Comp
23077,D9815538762023077,Uncovered Comp
23078,D9537386892023078,Uncovered Comp
23079,D3579172881023079,Uncovered Comp
23080,D0468840808023080,Uncovered Comp
23081,D7169151781023081,Uncovered Comp
23082,D3699369208023082,Uncovered Comp
23083,D2336937256023083,Uncovered Comp
23084,D9301046307023084,Uncovered Comp
23085,D5558903704023085,Uncovered Comp
23086,D8227221429023086,Uncovered Comp
23087,D2428117992023087,Uncovered Comp
23088,D9335397937023088,Uncovered Comp
23089,D5758853642023089,Uncovered Comp
23090,D9544050781023090,Uncovered Comp
23091,D2528805294023091,Uncovered Comp
23092,D5265618635023092,Uncovered Comp
23093,D9324028544023093,Uncovered Comp
23094,D5074455826023094,Uncovered Comp
23095,D0688452010023095,Uncovered Comp
23096,D7591629545023096,Uncovered Comp
23097,D6846060683023097,Uncovered Comp
23098,D7532180047023098,Uncovered Comp
23099,D4545523530023099,Uncovered Comp
23100,D5160231550023100,Uncovered Comp
23101,D6584181487023101,Uncovered Comp
23102,D4574277267023102,Uncovered Comp
23103,D9229856858023103,Uncovered Comp
23104,D2873266215023104,Uncovered Comp
23105,D7155423457023105,Uncovered Comp
23106,D0000156407023106,Uncovered Comp
23107,D0867400580023107,Uncovered Comp
23108,D2900808318023108,Uncovered Comp
23109,D7062281518023109,Uncovered Comp
23110,D4568329720023110,Uncovered Comp
23111,D9197543345023111,Uncovered Comp
23112,D4462381779023112,Uncovered Comp
23113,D4091465893023113,Uncovered Comp
23114,D6239848855023114,Uncovered Comp
23115,D1385272574023115,Uncovered Comp
23116,D4500794810023116,Uncovered Comp
23117,D1626338283023117,Uncovered Comp
23118,D2994361065023118,Uncovered Comp
23119,D3232964493023119,Uncovered Comp
23120,D1182999704023120,Uncovered Comp
23121,D4727201089023121,Uncovered Comp
23122,D0948074968023122,Uncovered Comp
23123,D7008947467023123,Uncovered Comp
23124,D4661915243023124,Uncovered Comp
23125,D0313058517023125,Uncovered Comp
23126,D2630134652023126,Uncovered Comp
23127,D9751761020023127,Uncovered Comp
23128,D4282954955023128,Uncovered Comp
23129,D4788844506023129,Uncovered Comp
23130,D9398311756023130,Uncovered Comp
23131,D9606356551023131,Uncovered Comp
23132,D7922140595023132,Uncovered Comp
23133,D8961266221023133,Uncovered Comp
23134,D6837483887023134,Uncovered Comp
23135,D9363254224023135,Uncovered Comp
23136,D5539613873023136,Uncovered Comp
23137,D9794381767023137,Uncovered Comp
23138,D2347403497023138,Uncovered Comp
23139,D6377479594023139,Uncovered Comp
23140,D5949620479023140,Uncovered Comp
23141,D9296393545023141,Uncovered Comp
23142,D5915437819023142,Uncovered Comp
23143,D4091501647023143,Uncovered Comp
23144,D9896116001023144,Uncovered Comp
23145,D2535923748023145,Uncovered Comp
23146,D2437329382023146,Uncovered Comp
23147,D2385431778023147,Uncovered Comp
23148,D2258914444023148,Uncovered Comp
23149,D2816413264023149,Uncovered Comp
23150,D0264512913023150,Uncovered Comp
23151,D3189776028023151,Uncovered Comp
23152,D8882816660023152,Uncovered Comp
23153,D3736603490023153,Uncovered Comp
23154,D7266444061023154,Uncovered Comp
23155,D4845774440023155,Uncovered Comp
23156,D3259414505023156,Uncovered Comp
23157,D0607850334023157,Uncovered Comp
23158,D9440236430023158,Uncovered Comp
23159,D8252954017023159,Uncovered Comp
23160,D6049165073023160,Uncovered Comp
23161,D7103268567023161,Uncovered Comp
23162,D5356932664023162,Uncovered Comp
23163,D5999802077023163,Uncovered Comp
23164,D3282338139023164,Uncovered Comp
23165,D7671631969023165,Uncovered Comp
23166,D3062076821023166,Uncovered Comp
23167,D4121992716023167,Uncovered Comp
23168,D4621081672023168,Uncovered Comp
23169,D7502164443023169,Uncovered Comp
23170,D8896748157023170,Uncovered Comp
23171,D5369259175023171,Uncovered Comp
23172,D6757237649023172,Uncovered Comp
23173,D2584434554023173,Uncovered Comp
23174,D6652611905023174,Uncovered Comp
23175,D2939160488023175,Uncovered Comp
23176,D8007936297023176,Uncovered Comp
23177,D5643783286023177,Uncovered Comp
23178,D2625388284023178,Uncovered Comp
23179,D2859938501023179,Uncovered Comp
23180,D8918304320023180,Uncovered Comp
23181,D5225524871023181,Uncovered Comp
23182,D4533081711023182,Uncovered Comp
23183,D8349833195023183,Uncovered Comp
23184,D7652795576023184,Uncovered Comp
23185,D3593323962023185,Uncovered Comp
23186,D8395836043023186,Uncovered Comp
23187,D0041894849023187,Uncovered Comp
23188,D4381441311023188,Uncovered Comp
23189,D0469534477023189,Uncovered Comp
23190,D3223063174023190,Uncovered Comp
23191,D4050186238023191,Uncovered Comp
23192,D5954285383023192,Uncovered Comp
23193,D1593372688023193,Uncovered Comp
23194,D9605951413023194,Uncovered Comp
23195,D0707503396023195,Uncovered Comp
23196,D0931113229023196,Uncovered Comp
23197,D8008684843023197,Uncovered Comp
23198,D5016374215023198,Uncovered Comp
23199,D9459006845023199,Uncovered Comp
23200,D9050140897023200,Uncovered Comp
23201,D7874679639023201,Uncovered Comp
23202,D5625958969023202,Uncovered Comp
23203,D8261198257023203,Uncovered Comp
23204,D8084693267023204,Uncovered Comp
23205,D6136147593023205,Uncovered Comp
23206,D2950810570023206,Uncovered Comp
23207,D1373902536023207,Uncovered Comp
23208,D8949984545023208,Uncovered Comp
23209,D6182609296023209,Uncovered Comp
23210,D0593633097023210,Uncovered Comp
23211,D6363331941023211,Uncovered Comp
23212,D9272163704023212,Uncovered Comp
23213,D7821577434023213,Uncovered Comp
23214,D8856509721023214,Uncovered Comp
23215,D6957100791023215,Uncovered Comp
23216,D6960021835023216,Uncovered Comp
23217,D4037420406023217,Uncovered Comp
23218,D4666125704023218,Uncovered Comp
23219,D1189371877023219,Uncovered Comp
23220,D6492057229023220,Uncovered Comp
23221,D7457022765023221,Uncovered Comp
23222,D1160622204023222,Uncovered Comp
23223,D4557080261023223,Uncovered Comp
23224,D6065921794023224,Uncovered Comp
23225,D4290937603023225,Uncovered Comp
23226,D2755408455023226,Uncovered Comp
23227,D1451606657023227,Uncovered Comp
23228,D3183397457023228,Uncovered Comp
23229,D7902229854023229,Uncovered Comp
23230,D7453846555023230,Uncovered Comp
23231,D7114314166023231,Uncovered Comp
23232,D9319471456023232,Uncovered Comp
23233,D5666435916023233,Uncovered Comp
23234,D5320991451023234,Uncovered Comp
23235,D3509056904023235,Uncovered Comp
23236,D7605183452023236,Uncovered Comp
23237,D6347884773023237,Uncovered Comp
23238,D5310239135023238,Uncovered Comp
23239,D2175528928023239,Uncovered Comp
23240,D4835392048023240,Uncovered Comp
23241,D3429675237023241,Uncovered Comp
23242,D9541228953023242,Uncovered Comp
23243,D6699317557023243,Uncovered Comp
23244,D1571166428023244,Uncovered Comp
23245,D3712214132023245,Uncovered Comp
23246,D1929536659023246,Uncovered Comp
23247,D4712483753023247,Uncovered Comp
23248,D9422920781023248,Uncovered Comp
23249,D0218284096023249,Uncovered Comp
23250,D6016803282023250,Uncovered Comp
23251,D4023154223023251,Uncovered Comp
23252,D3446166745023252,Uncovered Comp
23253,D3747631190023253,Uncovered Comp
23254,D7176996850023254,Uncovered Comp
23255,D9539485584023255,Uncovered Comp
23256,D4848184882023256,Uncovered Comp
23257,D8179602963023257,Uncovered Comp
23258,D9477994344023258,Uncovered Comp
23259,D0500310299023259,Uncovered Comp
23260,D8102971515023260,Uncovered Comp
23261,D8456690269023261,Uncovered Comp
23262,D0722867377023262,Uncovered Comp
23263,D2380420445023263,Uncovered Comp
23264,D0208914008023264,Uncovered Comp
23265,D0371588639023265,Uncovered Comp
23266,D3011035935023266,Uncovered Comp
23267,D7444616928023267,Uncovered Comp
23268,D0712165428023268,Uncovered Comp
23269,D2450771055023269,Uncovered Comp
23270,D7053801166023270,Uncovered Comp
23271,D2849617467023271,Uncovered Comp
23272,D8636295325023272,Uncovered Comp
23273,D8316515022023273,Uncovered Comp
23274,D1659831904023274,Uncovered Comp
23275,D9671218606023275,Uncovered Comp
23276,D2366843537023276,Uncovered Comp
23277,D8335742790023277,Uncovered Comp
23278,D4353139128023278,Uncovered Comp
23279,D2145085476023279,Uncovered Comp
23280,D5411049118023280,Uncovered Comp
23281,D3702291099023281,Uncovered Comp
23282,D0074143666023282,Uncovered Comp
23283,D5461017205023283,Uncovered Comp
23284,D9592401801023284,Uncovered Comp
23285,D8711155013023285,Uncovered Comp
23286,D5012148862023286,Uncovered Comp
23287,D5219899947023287,Uncovered Comp
23288,D1965296422023288,Uncovered Comp
23289,D4858857887023289,Uncovered Comp
23290,D2675177134023290,Uncovered Comp
23291,D0608645999023291,Uncovered Comp
23292,D7427346587023292,Uncovered Comp
23293,D3489671976023293,Uncovered Comp
23294,D8621424389023294,Uncovered Comp
23295,D5751248981023295,Uncovered Comp
23296,D1230292263023296,Uncovered Comp
23297,D5948837592023297,Uncovered Comp
23298,D1475903969023298,Uncovered Comp
23299,D1820462053023299,Uncovered Comp
23300,D4770236747023300,Uncovered Comp
23301,D1306775060023301,Uncovered Comp
23302,D6764954555023302,Uncovered Comp
23303,D9502553139023303,Uncovered Comp
23304,D6551199366023304,Uncovered Comp
23305,D5004079357023305,Uncovered Comp
23306,D1654942781023306,Uncovered Comp
23307,D1383822392023307,Uncovered Comp
23308,D0915212108023308,Uncovered Comp
23309,D3747383481023309,Uncovered Comp
23310,D6926323113023310,Uncovered Comp
23311,D3735447902023311,Uncovered Comp
23312,D6781877522023312,Uncovered Comp
23313,D2293648834023313,Uncovered Comp
23314,D2821946565023314,Uncovered Comp
23315,D0323570035023315,Uncovered Comp
23316,D1483636413023316,Uncovered Comp
23317,D1706652323023317,Uncovered Comp
23318,D7134724476023318,Uncovered Comp
23319,D0592801268023319,Uncovered Comp
23320,D7307847488023320,Uncovered Comp
23321,D4483250307023321,Uncovered Comp
23322,D0404247914023322,Uncovered Comp
23323,D1298881696023323,Uncovered Comp
23324,D8007561378023324,Uncovered Comp
23325,D0990079029023325,Uncovered Comp
23326,D2039938431023326,Uncovered Comp
23327,D7462068352023327,Uncovered Comp
23328,D5224307320023328,Uncovered Comp
23329,D9240594094023329,Uncovered Comp
23330,D7560912824023330,Uncovered Comp
23331,D5873263295023331,Uncovered Comp
23332,D8858405391023332,Uncovered Comp
23333,D9311057641023333,Uncovered Comp
23334,D9738854163023334,Uncovered Comp
23335,D4937729757023335,Uncovered Comp
23336,D8363077346023336,Uncovered Comp
23337,D5211608201023337,Uncovered Comp
23338,D1709005361023338,Uncovered Comp
23339,D4084117594023339,Uncovered Comp
23340,D7730667105023340,Uncovered Comp
23341,D0223265944023341,Uncovered Comp
23342,D8666306795023342,Uncovered Comp
23343,D5666166173023343,Uncovered Comp
23344,D8159934354023344,Uncovered Comp
23345,D4945650474023345,Uncovered Comp
23346,D4752292146023346,Uncovered Comp
23347,D8846654238023347,Uncovered Comp
23348,D3491553458023348,Uncovered Comp
23349,D4141426874023349,Uncovered Comp
23350,D4071192649023350,Uncovered Comp
23351,D6651105614023351,Uncovered Comp
23352,D6998757736023352,Uncovered Comp
23353,D2966105866023353,Uncovered Comp
23354,D1970858085023354,Uncovered Comp
23355,D8447146069023355,Uncovered Comp
23356,D4256051314023356,Uncovered Comp
23357,D0694267186023357,Uncovered Comp
23358,D6848052271023358,Uncovered Comp
23359,D7652448671023359,Uncovered Comp
23360,D4575989320023360,Uncovered Comp
23361,D0512479084023361,Uncovered Comp
23362,D7903229676023362,Uncovered Comp
23363,D1602606378023363,Uncovered Comp
23364,D2720898721023364,Uncovered Comp
23365,D5993077847023365,Uncovered Comp
23366,D7992725825023366,Uncovered Comp
23367,D3991925137023367,Uncovered Comp
23368,D0686384321023368,Uncovered Comp
23369,D1895550436023369,Uncovered Comp
23370,D3247811635023370,Uncovered Comp
23371,D1860874331023371,Uncovered Comp
23372,D2365764258023372,Uncovered Comp
23373,D5418405040023373,Uncovered Comp
23374,D6898843173023374,Uncovered Comp
23375,D9409458323023375,Uncovered Comp
23376,D3764080649023376,Uncovered Comp
23377,D9763449505023377,Uncovered Comp
23378,D3083100701023378,Uncovered Comp
23379,D4470956975023379,Uncovered Comp
23380,D9927313476023380,Uncovered Comp
23381,D5643021110023381,Uncovered Comp
23382,D1574672257023382,Uncovered Comp
23383,D4456868795023383,Uncovered Comp
23384,D8232620505023384,Uncovered Comp
23385,D8418922933023385,Uncovered Comp
23386,D7054545511023386,Uncovered Comp
23387,D6195497133023387,Uncovered Comp
23388,D7529073864023388,Uncovered Comp
23389,D8759794483023389,Uncovered Comp
23390,D6557971789023390,Uncovered Comp
23391,D4760551549023391,Uncovered Comp
23392,D2779947884023392,Uncovered Comp
23393,D9936272653023393,Uncovered Comp
23394,D1526392237023394,Uncovered Comp
23395,D0233160265023395,Uncovered Comp
23396,D2890203771023396,Uncovered Comp
23397,D6988546327023397,Uncovered Comp
23398,D2622077955023398,Uncovered Comp
23399,D0570926251023399,Uncovered Comp
23400,D2054651466023400,Uncovered Comp
23401,D4682087831023401,Uncovered Comp
23402,D1322477481023402,Uncovered Comp
23403,D1258756720023403,Uncovered Comp
23404,D5102493490023404,Uncovered Comp
23405,D5140793513023405,Uncovered Comp
23406,D5021085519023406,Uncovered Comp
23407,D6709239177023407,Uncovered Comp
23408,D3164809516023408,Uncovered Comp
23409,D7375598303023409,Uncovered Comp
23410,D0249119874023410,Uncovered Comp
23411,D2364819947023411,Uncovered Comp
23412,D0413045455023412,Uncovered Comp
23413,D3693698741023413,Uncovered Comp
23414,D4117647258023414,Uncovered Comp
23415,D8550187914023415,Uncovered Comp
23416,D6277812049023416,Uncovered Comp
23417,D2761931159023417,Uncovered Comp
23418,D4653809188023418,Uncovered Comp
23419,D3557842189023419,Uncovered Comp
23420,D2461896067023420,Uncovered Comp
23421,D9478975837023421,Uncovered Comp
23422,D6897060113023422,Uncovered Comp
23423,D2202328035023423,Uncovered Comp
23424,D5607630753023424,Uncovered Comp
23425,D6994179446023425,Uncovered Comp
23426,D5905766523023426,Uncovered Comp
23427,D1288211683023427,Uncovered Comp
23428,D5603495548023428,Uncovered Comp
23429,D3760031656023429,Uncovered Comp
23430,D9720696856023430,Uncovered Comp
23431,D1594960958023431,Uncovered Comp
23432,D5543731696023432,Uncovered Comp
23433,D3596636728023433,Uncovered Comp
23434,D2939087884023434,Uncovered Comp
23435,D0148397359023435,Uncovered Comp
23436,D4473347641023436,Uncovered Comp
23437,D6800342281023437,Uncovered Comp
23438,D0242849662023438,Uncovered Comp
23439,D7580090484023439,Uncovered Comp
23440,D6767776898023440,Uncovered Comp
23441,D7342832073023441,Uncovered Comp
23442,D2622265462023442,Uncovered Comp
23443,D7223604817023443,Uncovered Comp
23444,D8851219321023444,Uncovered Comp
23445,D3020341611023445,Uncovered Comp
23446,D5975059588023446,Uncovered Comp
23447,D4896202637023447,Uncovered Comp
23448,D7328796247023448,Uncovered Comp
23449,D7323064344023449,Uncovered Comp
23450,D0256846120023450,Uncovered Comp
23451,D1033240081023451,Uncovered Comp
23452,D1566562536023452,Uncovered Comp
23453,D8593600818023453,Uncovered Comp
23454,D5604449547023454,Uncovered Comp
23455,D1110890055023455,Uncovered Comp
23456,D7736325269023456,Uncovered Comp
23457,D8704761407023457,Uncovered Comp
23458,D5248529122023458,Uncovered Comp
23459,D1104775681023459,Uncovered Comp
23460,D2248589040023460,Uncovered Comp
23461,D8617336792023461,Uncovered Comp
23462,D1301021492023462,Uncovered Comp
23463,D5789294597023463,Uncovered Comp
23464,D2115167456023464,Uncovered Comp
23465,D7312125060023465,Uncovered Comp
23466,D6845316078023466,Uncovered Comp
23467,D3374392600023467,Uncovered Comp
23468,D1918364743023468,Uncovered Comp
23469,D7505657449023469,Uncovered Comp
23470,D6695719655023470,Uncovered Comp
23471,D0786107879023471,Uncovered Comp
23472,D0808045793023472,Uncovered Comp
23473,D6941147006023473,Uncovered Comp
23474,D0672354835023474,Uncovered Comp
23475,D2954499109023475,Uncovered Comp
23476,D0010428885023476,Uncovered Comp
23477,D6138969669023477,Uncovered Comp
23478,D1812917080023478,Uncovered Comp
23479,D3897562475023479,Uncovered Comp
23480,D9632661544023480,Uncovered Comp
23481,D5564605508023481,Uncovered Comp
23482,D3364703234023482,Uncovered Comp
23483,D1746210541023483,Uncovered Comp
23484,D7772362316023484,Uncovered Comp
23485,D7580727467023485,Uncovered Comp
23486,D6472962303023486,Uncovered Comp
23487,D6409274141023487,Uncovered Comp
23488,D9302777396023488,Uncovered Comp
23489,D6110294770023489,Uncovered Comp
23490,D6564716694023490,Uncovered Comp
23491,D6893762261023491,Uncovered Comp
23492,D6652582299023492,Uncovered Comp
23493,D2955435988023493,Uncovered Comp
23494,D7357583753023494,Uncovered Comp
23495,D4476096788023495,Uncovered Comp
23496,D8674457802023496,Uncovered Comp
23497,D3899036407023497,Uncovered Comp
23498,D3709762410023498,Uncovered Comp
23499,D6879712416023499,Uncovered Comp
23500,D4136439498023500,Uncovered Comp
23501,D7200336740023501,Uncovered Comp
23502,D6409128074023502,Uncovered Comp
23503,D8346961532023503,Uncovered Comp
23504,D2173492736023504,Uncovered Comp
23505,D1705143889023505,Uncovered Comp
23506,D3744640993023506,Uncovered Comp
23507,D6925184491023507,Uncovered Comp
23508,D0988928850023508,Uncovered Comp
23509,D7749784763023509,Uncovered Comp
23510,D1155971430023510,Uncovered Comp
23511,D3695204228023511,Uncovered Comp
23512,D1694870508023512,Uncovered Comp
23513,D9984143853023513,Uncovered Comp
23514,D1865447681023514,Uncovered Comp
23515,D2171486745023515,Uncovered Comp
23516,D0307869684023516,Uncovered Comp
23517,D4225088639023517,Uncovered Comp
23518,D2544239444023518,Uncovered Comp
23519,D6998391215023519,Uncovered Comp
23520,D7814730231023520,Uncovered Comp
23521,D6409644580023521,Uncovered Comp
23522,D6105931850023522,Uncovered Comp
23523,D5464596560023523,Uncovered Comp
23524,D7413571614023524,Uncovered Comp
23525,D0923534286023525,Uncovered Comp
23526,D3353985005023526,Uncovered Comp
23527,D5339687777023527,Uncovered Comp
23528,D5477339362023528,Uncovered Comp
23529,D9095270044023529,Uncovered Comp
23530,D3440999751023530,Uncovered Comp
23531,D3324543692023531,Uncovered Comp
23532,D7301789862023532,Uncovered Comp
23533,D0467385620023533,Uncovered Comp
23534,D0162913159023534,Uncovered Comp
23535,D1130911083023535,Uncovered Comp
23536,D1808537106023536,Uncovered Comp
23537,D7834250358023537,Uncovered Comp
23538,D5119763859023538,Uncovered Comp
23539,D0034913964023539,Uncovered Comp
23540,D2741218092023540,Uncovered Comp
23541,D1168932771023541,Uncovered Comp
23542,D3222902399023542,Uncovered Comp
23543,D5682031464023543,Uncovered Comp
23544,D2951723764023544,Uncovered Comp
23545,D1847843419023545,Uncovered Comp
23546,D9302746500023546,Uncovered Comp
23547,D5430932405023547,Uncovered Comp
23548,D6002907413023548,Uncovered Comp
23549,D2499414232023549,Uncovered Comp
23550,D9352546449023550,Uncovered Comp
23551,D9045982338023551,Uncovered Comp
23552,D6365267876023552,Uncovered Comp
23553,D7140435144023553,Uncovered Comp
23554,D0226928885023554,Uncovered Comp
23555,D7652686522023555,Uncovered Comp
23556,D6109874545023556,Uncovered Comp
23557,D1256257088023557,Uncovered Comp
23558,D4954310690023558,Uncovered Comp
23559,D4156602453023559,Uncovered Comp
23560,D4464291476023560,Uncovered Comp
23561,D7698081857023561,Uncovered Comp
23562,D4971115213023562,Uncovered Comp
23563,D5491757186023563,Uncovered Comp
23564,D0527401918023564,Uncovered Comp
23565,D9679557145023565,Uncovered Comp
23566,D0184593795023566,Uncovered Comp
23567,D0252344018023567,Uncovered Comp
23568,D6669998319023568,Uncovered Comp
23569,D4500195185023569,Uncovered Comp
23570,D4707382757023570,Uncovered Comp
23571,D6775419078023571,Uncovered Comp
23572,D2240574810023572,Uncovered Comp
23573,D2096530298023573,Uncovered Comp
23574,D6058598083023574,Uncovered Comp
23575,D6596135228023575,Uncovered Comp
23576,D7544076739023576,Uncovered Comp
23577,D6093936425023577,Uncovered Comp
23578,D3662792864023578,Uncovered Comp
23579,D0049585527023579,Uncovered Comp
23580,D0398021745023580,Uncovered Comp
23581,D3034436987023581,Uncovered Comp
23582,D1362499209023582,Uncovered Comp
23583,D6168347740023583,Uncovered Comp
23584,D5339116564023584,Uncovered Comp
23585,D2898442224023585,Uncovered Comp
23586,D4399653761023586,Uncovered Comp
23587,D6142187769023587,Uncovered Comp
23588,D8381809981023588,Uncovered Comp
23589,D6225180031023589,Uncovered Comp
23590,D1287874099023590,Uncovered Comp
23591,D9839366735023591,Uncovered Comp
23592,D3719367414023592,Uncovered Comp
23593,D3445259698023593,Uncovered Comp
23594,D4569313243023594,Uncovered Comp
23595,D7089990148023595,Uncovered Comp
23596,D5807780737023596,Uncovered Comp
23597,D5047000622023597,Uncovered Comp
23598,D9882909963023598,Uncovered Comp
23599,D0993723946023599,Uncovered Comp
23600,D8168566782023600,Uncovered Comp
23601,D4585842726023601,Uncovered Comp
23602,D7431687397023602,Uncovered Comp
23603,D3123158442023603,Uncovered Comp
23604,D9540869519023604,Uncovered Comp
23605,D5451187591023605,Uncovered Comp
23606,D2690385279023606,Uncovered Comp
23607,D7556751503023607,Uncovered Comp
23608,D6675212030023608,Uncovered Comp
23609,D7315352903023609,Uncovered Comp
23610,D2264447737023610,Uncovered Comp
23611,D1817309820023611,Uncovered Comp
23612,D7317836852023612,Uncovered Comp
23613,D9458415669023613,Uncovered Comp
23614,D9037973166023614,Uncovered Comp
23615,D0610810692023615,Uncovered Comp
23616,D2080807692023616,Uncovered Comp
23617,D5755509126023617,Uncovered Comp
23618,D3523531939023618,Uncovered Comp
23619,D3237881367023619,Uncovered Comp
23620,D4017002800023620,Uncovered Comp
23621,D8009405955023621,Uncovered Comp
23622,D3902638694023622,Uncovered Comp
23623,D7852052018023623,Uncovered Comp
23624,D8934749262023624,Uncovered Comp
23625,D1341053242023625,Uncovered Comp
23626,D1418975730023626,Uncovered Comp
23627,D9684469305023627,Uncovered Comp
23628,D1684682389023628,Uncovered Comp
23629,D0890407644023629,Uncovered Comp
23630,D3469730765023630,Uncovered Comp
23631,D0688632254023631,Uncovered Comp
23632,D3232840177023632,Uncovered Comp
23633,D5636133010023633,Uncovered Comp
23634,D7335345097023634,Uncovered Comp
23635,D0499687105023635,Uncovered Comp
23636,D7982167472023636,Uncovered Comp
23637,D9726517608023637,Uncovered Comp
23638,D1255224293023638,Uncovered Comp
23639,D7921679065023639,Uncovered Comp
23640,D6350137845023640,Uncovered Comp
23641,D6863098968023641,Uncovered Comp
23642,D9981170072023642,Uncovered Comp
23643,D4684692013023643,Uncovered Comp
23644,D9841409929023644,Uncovered Comp
23645,D2620479402023645,Uncovered Comp
23646,D1322508737023646,Uncovered Comp
23647,D4005988270023647,Uncovered Comp
23648,D6289933076023648,Uncovered Comp
23649,D8974838044023649,Uncovered Comp
23650,D6538829055023650,Uncovered Comp
23651,D6962582153023651,Uncovered Comp
23652,D1086693925023652,Uncovered Comp
23653,D1572092869023653,Uncovered Comp
23654,D8250833921023654,Uncovered Comp
23655,D7869123579023655,Uncovered Comp
23656,D7284934110023656,Uncovered Comp
23657,D4368015072023657,Uncovered Comp
23658,D7442992309023658,Uncovered Comp
23659,D8377061960023659,Uncovered Comp
23660,D7577578714023660,Uncovered Comp
23661,D6749580458023661,Uncovered Comp
23662,D0541733841023662,Uncovered Comp
23663,D2926971164023663,Uncovered Comp
23664,D1764492791023664,Uncovered Comp
23665,D7362627687023665,Uncovered Comp
23666,D8862382849023666,Uncovered Comp
23667,D7278032909023667,Uncovered Comp
23668,D8386424926023668,Uncovered Comp
23669,D3273753316023669,Uncovered Comp
23670,D9627483782023670,Uncovered Comp
23671,D3769751214023671,Uncovered Comp
23672,D5912316239023672,Uncovered Comp
23673,D3274988579023673,Uncovered Comp
23674,D9666650292023674,Uncovered Comp
23675,D6691744716023675,Uncovered Comp
23676,D2011672077023676,Uncovered Comp
23677,D8537727155023677,Uncovered Comp
23678,D4860641542023678,Uncovered Comp
23679,D9771739611023679,Uncovered Comp
23680,D4996777982023680,Uncovered Comp
23681,D7382683485023681,Uncovered Comp
23682,D9534550059023682,Uncovered Comp
23683,D1889461585023683,Uncovered Comp
23684,D7742214178023684,Uncovered Comp
23685,D1063757773023685,Uncovered Comp
23686,D6044121039023686,Uncovered Comp
23687,D8034878285023687,Uncovered Comp
23688,D9658740117023688,Uncovered Comp
23689,D6528531214023689,Uncovered Comp
23690,D8527664583023690,Uncovered Comp
23691,D1908705612023691,Uncovered Comp
23692,D1895592865023692,Uncovered Comp
23693,D4299540360023693,Uncovered Comp
23694,D8244417081023694,Uncovered Comp
23695,D4565593168023695,Uncovered Comp
23696,D5492539569023696,Uncovered Comp
23697,D3405454621023697,Uncovered Comp
23698,D4234679834023698,Uncovered Comp
23699,D0437553626023699,Uncovered Comp
23700,D1799754720023700,Uncovered Comp
23701,D1003190747023701,Uncovered Comp
23702,D0718439342023702,Uncovered Comp
23703,D7243111207023703,Uncovered Comp
23704,D8965058013023704,Uncovered Comp
23705,D4250983402023705,Uncovered Comp
23706,D6707288362023706,Uncovered Comp
23707,D2211066277023707,Uncovered Comp
23708,D2170151228023708,Uncovered Comp
23709,D7131376409023709,Uncovered Comp
23710,D1192004601023710,Uncovered Comp
23711,D7025713935023711,Uncovered Comp
23712,D6969369528023712,Uncovered Comp
23713,D4529217115023713,Uncovered Comp
23714,D9434496525023714,Uncovered Comp
23715,D9012918104023715,Uncovered Comp
23716,D9126373095023716,Uncovered Comp
23717,D8979089334023717,Uncovered Comp
23718,D8333681688023718,Uncovered Comp
23719,D6250035875023719,Uncovered Comp
23720,D7118005362023720,Uncovered Comp
23721,D2595137763023721,Uncovered Comp
23722,D2485382997023722,Uncovered Comp
23723,D5726169942023723,Uncovered Comp
23724,D8255497264023724,Uncovered Comp
23725,D2876786762023725,Uncovered Comp
23726,D6309693356023726,Uncovered Comp
23727,D9595160321023727,Uncovered Comp
23728,D7520517813023728,Uncovered Comp
23729,D3421023522023729,Uncovered Comp
23730,D9799513993023730,Uncovered Comp
23731,D6199491951023731,Uncovered Comp
23732,D4437802906023732,Uncovered Comp
23733,D8746152957023733,Uncovered Comp
23734,D8464020906023734,Uncovered Comp
23735,D5598835388023735,Uncovered Comp
23736,D3806130102023736,Uncovered Comp
23737,D3309966146023737,Uncovered Comp
23738,D8286606958023738,Uncovered Comp
23739,D7506769989023739,Uncovered Comp
23740,D6688029084023740,Uncovered Comp
23741,D2166550428023741,Uncovered Comp
23742,D5432440647023742,Uncovered Comp
23743,D6338824692023743,Uncovered Comp
23744,D2886998561023744,Uncovered Comp
23745,D7350520592023745,Uncovered Comp
23746,D2136951998023746,Uncovered Comp
23747,D3623527670023747,Uncovered Comp
23748,D4997344074023748,Uncovered Comp
23749,D6998639595023749,Uncovered Comp
23750,D4747844764023750,Uncovered Comp
23751,D3986686027023751,Uncovered Comp
23752,D1673005234023752,Uncovered Comp
23753,D9988459251023753,Uncovered Comp
23754,D4045729791023754,Uncovered Comp
23755,D7463265224023755,Uncovered Comp
23756,D8807591556023756,Uncovered Comp
23757,D5914106465023757,Uncovered Comp
23758,D5480605292023758,Uncovered Comp
23759,D3526157617023759,Uncovered Comp
23760,D5742756281023760,Uncovered Comp
23761,D1827937908023761,Uncovered Comp
23762,D7022235046023762,Uncovered Comp
23763,D3751051654023763,Uncovered Comp
23764,D4317681528023764,Uncovered Comp
23765,D9682293568023765,Uncovered Comp
23766,D8103774486023766,Uncovered Comp
23767,D5881281137023767,Uncovered Comp
23768,D3495631611023768,Uncovered Comp
23769,D6050877198023769,Uncovered Comp
23770,D9580234138023770,Uncovered Comp
23771,D9020220869023771,Uncovered Comp
23772,D5342290939023772,Uncovered Comp
23773,D1704601733023773,Uncovered Comp
23774,D0153119755023774,Uncovered Comp
23775,D3819336155023775,Uncovered Comp
23776,D9096621659023776,Uncovered Comp
23777,D8823238951023777,Uncovered Comp
23778,D5300615872023778,Uncovered Comp
23779,D6512063951023779,Uncovered Comp
23780,D2507338174023780,Uncovered Comp
23781,D6981152047023781,Uncovered Comp
23782,D2768454492023782,Uncovered Comp
23783,D8652655121023783,Uncovered Comp
23784,D7432803866023784,Uncovered Comp
23785,D1641070877023785,Uncovered Comp
23786,D7835345454023786,Uncovered Comp
23787,D9560879427023787,Uncovered Comp
23788,D5572667000023788,Uncovered Comp
23789,D9844826513023789,Uncovered Comp
23790,D6779012421023790,Uncovered Comp
23791,D8041558483023791,Uncovered Comp
23792,D5953500253023792,Uncovered Comp
23793,D4121690367023793,Uncovered Comp
23794,D3151002817023794,Uncovered Comp
23795,D2015588388023795,Uncovered Comp
23796,D9895174546023796,Uncovered Comp
23797,D1221431342023797,Uncovered Comp
23798,D6717348896023798,Uncovered Comp
23799,D8362382105023799,Uncovered Comp
23800,D6140701063023800,Uncovered Comp
23801,D0836292614023801,Uncovered Comp
23802,D0313875589023802,Uncovered Comp
23803,D1783949619023803,Uncovered Comp
23804,D4714043487023804,Uncovered Comp
23805,D4129341449023805,Uncovered Comp
23806,D3543867262023806,Uncovered Comp
23807,D5429365502023807,Uncovered Comp
23808,D3684432620023808,Uncovered Comp
23809,D5540733116023809,Uncovered Comp
23810,D0348102789023810,Uncovered Comp
23811,D9239240762023811,Uncovered Comp
23812,D1402753923023812,Uncovered Comp
23813,D0965867384023813,Uncovered Comp
23814,D8089575309023814,Uncovered Comp
23815,D4635755229023815,Uncovered Comp
23816,D0627245470023816,Uncovered Comp
23817,D2926334035023817,Uncovered Comp
23818,D8122316967023818,Uncovered Comp
23819,D4922858943023819,Uncovered Comp
23820,D6775582924023820,Uncovered Comp
23821,D3992782381023821,Uncovered Comp
23822,D0958321959023822,Uncovered Comp
23823,D3446159000023823,Uncovered Comp
23824,D7008001805023824,Uncovered Comp
23825,D5971080310023825,Uncovered Comp
23826,D7197602786023826,Uncovered Comp
23827,D8921690028023827,Uncovered Comp
23828,D8048027111023828,Uncovered Comp
23829,D7999587888023829,Uncovered Comp
23830,D3665202430023830,Uncovered Comp
23831,D0624180197023831,Uncovered Comp
23832,D2267998222023832,Uncovered Comp
23833,D7230018910023833,Uncovered Comp
23834,D2832701771023834,Uncovered Comp
23835,D7764074135023835,Uncovered Comp
23836,D0603256788023836,Uncovered Comp
23837,D0868601930023837,Uncovered Comp
23838,D9361055214023838,Uncovered Comp
23839,D8181473310023839,Uncovered Comp
23840,D6385968149023840,Uncovered Comp
23841,D9869999409023841,Uncovered Comp
23842,D6426664703023842,Uncovered Comp
23843,D6636452162023843,Uncovered Comp
23844,D6388284454023844,Uncovered Comp
23845,D7321854369023845,Uncovered Comp
23846,D0521461209023846,Uncovered Comp
23847,D6552939283023847,Uncovered Comp
23848,D5656957017023848,Uncovered Comp
23849,D5960569282023849,Uncovered Comp
23850,D0606799618023850,Uncovered Comp
23851,D6171145315023851,Uncovered Comp
23852,D7189661316023852,Uncovered Comp
23853,D8360925852023853,Uncovered Comp
23854,D3015991052023854,Uncovered Comp
23855,D8849652972023855,Uncovered Comp
23856,D6008477015023856,Uncovered Comp
23857,D5747180802023857,Uncovered Comp
23858,D8141006418023858,Uncovered Comp
23859,D5852606668023859,Uncovered Comp
23860,D2023835688023860,Uncovered Comp
23861,D3679781697023861,Uncovered Comp
23862,D6203056602023862,Uncovered Comp
23863,D9552727749023863,Uncovered Comp
23864,D3461363346023864,Uncovered Comp
23865,D0272146572023865,Uncovered Comp
23866,D6402015771023866,Uncovered Comp
23867,D7900349511023867,Uncovered Comp
23868,D8610986600023868,Uncovered Comp
23869,D2223926789023869,Uncovered Comp
23870,D4729967630023870,Uncovered Comp
23871,D0399520689023871,Uncovered Comp
23872,D5517458087023872,Uncovered Comp
23873,D2369980295023873,Uncovered Comp
23874,D6236643386023874,Uncovered Comp
23875,D8274785329023875,Uncovered Comp
23876,D1426398233023876,Uncovered Comp
23877,D3544584374023877,Uncovered Comp
23878,D8727296580023878,Uncovered Comp
23879,D6828282179023879,Uncovered Comp
23880,D6772082181023880,Uncovered Comp
23881,D4306175904023881,Uncovered Comp
23882,D7758614172023882,Uncovered Comp
23883,D6690759533023883,Uncovered Comp
23884,D3693733907023884,Uncovered Comp
23885,D4688424627023885,Uncovered Comp
23886,D4698059908023886,Uncovered Comp
23887,D3243106240023887,Uncovered Comp
23888,D8337357989023888,Uncovered Comp
23889,D2001669177023889,Uncovered Comp
23890,D9211012032023890,Uncovered Comp
23891,D9277983598023891,Uncovered Comp
23892,D3614516082023892,Uncovered Comp
23893,D1544110341023893,Uncovered Comp
23894,D9572755331023894,Uncovered Comp
23895,D8545893218023895,Uncovered Comp
23896,D9161022574023896,Uncovered Comp
23897,D4139862091023897,Uncovered Comp
23898,D3768554704023898,Uncovered Comp
23899,D8607689674023899,Uncovered Comp
23900,D9194653397023900,Uncovered Comp
23901,D4843812148023901,Uncovered Comp
23902,D2938908794023902,Uncovered Comp
23903,D4562986608023903,Uncovered Comp
23904,D3582102075023904,Uncovered Comp
23905,D0668055451023905,Uncovered Comp
23906,D3436985571023906,Uncovered Comp
23907,D5973272633023907,Uncovered Comp
23908,D4736585626023908,Uncovered Comp
23909,D8587607811023909,Uncovered Comp
23910,D7662641611023910,Uncovered Comp
23911,D4338344548023911,Uncovered Comp
23912,D9426458583023912,Uncovered Comp
23913,D0902691133023913,Uncovered Comp
23914,D0358329084023914,Uncovered Comp
23915,D2947630863023915,Uncovered Comp
23916,D5846553297023916,Uncovered Comp
23917,D1727415859023917,Uncovered Comp
23918,D5644402917023918,Uncovered Comp
23919,D0664964035023919,Uncovered Comp
23920,D2646408104023920,Uncovered Comp
23921,D7530125159023921,Uncovered Comp
23922,D5626673981023922,Uncovered Comp
23923,D1149695876023923,Uncovered Comp
23924,D5209804766023924,Uncovered Comp
23925,D3779593965023925,Uncovered Comp
23926,D3334782580023926,Uncovered Comp
23927,D8556487058023927,Uncovered Comp
23928,D2638284081023928,Uncovered Comp
23929,D4982509375023929,Uncovered Comp
23930,D8893021796023930,Uncovered Comp
23931,D9452906566023931,Uncovered Comp
23932,D1573059488023932,Uncovered Comp
23933,D3685909367023933,Uncovered Comp
23934,D8765250640023934,Uncovered Comp
23935,D0766378127023935,Uncovered Comp
23936,D7993030844023936,Uncovered Comp
23937,D8014844255023937,Uncovered Comp
23938,D9515344530023938,Uncovered Comp
23939,D5492489439023939,Uncovered Comp
23940,D6214936888023940,Uncovered Comp
23941,D8906597344023941,Uncovered Comp
23942,D9029998514023942,Uncovered Comp
23943,D9531467008023943,Uncovered Comp
23944,D5506306179023944,Uncovered Comp
23945,D9778520897023945,Uncovered Comp
23946,D4054506770023946,Uncovered Comp
23947,D4096721556023947,Uncovered Comp
23948,D5579746260023948,Uncovered Comp
23949,D1572530024023949,Uncovered Comp
23950,D3669031354023950,Uncovered Comp
23951,D2208650022023951,Uncovered Comp
23952,D2295952862023952,Uncovered Comp
23953,D9323869793023953,Uncovered Comp
23954,D1070803017023954,Uncovered Comp
23955,D5431426842023955,Uncovered Comp
23956,D4615446489023956,Uncovered Comp
23957,D1154971378023957,Uncovered Comp
23958,D2919001085023958,Uncovered Comp
23959,D3304739714023959,Uncovered Comp
23960,D0930034426023960,Uncovered Comp
23961,D4817434455023961,Uncovered Comp
23962,D8460975510023962,Uncovered Comp
23963,D6686531570023963,Uncovered Comp
23964,D4541287949023964,Uncovered Comp
23965,D7613200263023965,Uncovered Comp
23966,D1473943354023966,Uncovered Comp
23967,D7773126241023967,Uncovered Comp
23968,D3671974925023968,Uncovered Comp
23969,D7327054628023969,Uncovered Comp
23970,D9382526716023970,Uncovered Comp
23971,D4332060051023971,Uncovered Comp
23972,D9884345599023972,Uncovered Comp
23973,D7475297746023973,Uncovered Comp
23974,D7841426431023974,Uncovered Comp
23975,D3631487245023975,Uncovered Comp
23976,D6393044496023976,Uncovered Comp
23977,D9274194314023977,Uncovered Comp
23978,D7458262239023978,Uncovered Comp
23979,D4317393326023979,Uncovered Comp
23980,D0861972980023980,Uncovered Comp
23981,D4973515201023981,Uncovered Comp
23982,D5358666114023982,Uncovered Comp
23983,D7069572328023983,Uncovered Comp
23984,D8945949908023984,Uncovered Comp
23985,D8104517006023985,Uncovered Comp
23986,D9909099388023986,Uncovered Comp
23987,D3062855663023987,Uncovered Comp
23988,D7135902326023988,Uncovered Comp
23989,D2714632028023989,Uncovered Comp
23990,D2805189801023990,Uncovered Comp
23991,D6548027800023991,Uncovered Comp
23992,D3361699217023992,Uncovered Comp
23993,D1571092360023993,Uncovered Comp
23994,D9133859872023994,Uncovered Comp
23995,D6874627740023995,Uncovered Comp
23996,D6430780306023996,Uncovered Comp
23997,D1310376792023997,Uncovered Comp
23998,D5820500952023998,Uncovered Comp
23999,D4932891824023999,Uncovered Comp
24000,D6178117048024000,Uncovered Comp
30001,D0458685671030001,Covered Comp
30002,D0307393231030002,Covered Comp
30003,D0676716534030003,Covered Comp
30004,D9248578915030004,Covered Comp
30005,D6861907014030005,Covered Comp
30006,D0018150680030006,Covered Comp
30007,D8354572972030007,Covered Comp
30008,D9817388500030008,Covered Comp
30009,D1531833099030009,Covered Comp
30010,D6011065823030010,Covered Comp
30011,D9895243063030011,Covered Comp
30012,D2328923186030012,Covered Comp
30013,D7405472476030013,Covered Comp
30014,D2052988048030014,Covered Comp
30015,D7041881441030015,Covered Comp
30016,D3030033480030016,Covered Comp
30017,D5926359369030017,Covered Comp
30018,D3268592765030018,Covered Comp
30019,D9257800148030019,Covered Comp
30020,D8069505524030020,Covered Comp
30021,D0193510659030021,Covered Comp
30022,D2404290518030022,Covered Comp
30023,D6918355845030023,Covered Comp
30024,D0031437684030024,Covered Comp
30025,D1518002390030025,Covered Comp
30026,D7317436287030026,Covered Comp
30027,D0438541003030027,Covered Comp
30028,D9579848307030028,Covered Comp
30029,D9355512499030029,Covered Comp
30030,D0792255091030030,Covered Comp
30031,D4610576544030031,Covered Comp
30032,D5685589888030032,Covered Comp
30033,D8902418381030033,Covered Comp
30034,D0196846765030034,Covered Comp
30035,D8482736327030035,Covered Comp
30036,D0839744049030036,Covered Comp
30037,D7091598555030037,Covered Comp
30038,D3254176376030038,Covered Comp
30039,D9832803531030039,Covered Comp
30040,D2866191291030040,Covered Comp
30041,D7048620943030041,Covered Comp
30042,D5571305535030042,Covered Comp
30043,D6770715266030043,Covered Comp
30044,D9521302053030044,Covered Comp
30045,D7219136708030045,Covered Comp
30046,D5529737716030046,Covered Comp
30047,D6581569555030047,Covered Comp
30048,D2375052966030048,Covered Comp
30049,D1629503780030049,Covered Comp
30050,D7098939524030050,Covered Comp
30051,D6864470312030051,Covered Comp
30052,D3234051157030052,Covered Comp
30053,D5738676315030053,Covered Comp
30054,D9244163154030054,Covered Comp
30055,D2836334123030055,Covered Comp
30056,D1144032632030056,Covered Comp
30057,D3782016056030057,Covered Comp
30058,D8879544399030058,Covered Comp
30059,D5336836049030059,Covered Comp
30060,D9589218703030060,Covered Comp
30061,D8532841744030061,Covered Comp
30062,D8623891689030062,Covered Comp
30063,D7449714081030063,Covered Comp
30064,D5323359125030064,Covered Comp
30065,D6921946374030065,Covered Comp
30066,D2778469862030066,Covered Comp
30067,D3995907781030067,Covered Comp
30068,D5514369521030068,Covered Comp
30069,D3627628176030069,Covered Comp
30070,D2666891046030070,Covered Comp
30071,D6193253967030071,Covered Comp
30072,D6377713450030072,Covered Comp
30073,D0971602113030073,Covered Comp
30074,D0282192497030074,Covered Comp
30075,D4782349004030075,Covered Comp
30076,D5086950096030076,Covered Comp
30077,D5448311229030077,Covered Comp
30078,D1211138659030078,Covered Comp
30079,D1455987085030079,Covered Comp
30080,D3156319659030080,Covered Comp
30081,D2505314062030081,Covered Comp
30082,D8810703415030082,Covered Comp
30083,D1237540170030083,Covered Comp
30084,D1540434457030084,Covered Comp
30085,D2009344960030085,Covered Comp
30086,D0638104715030086,Covered Comp
30087,D5450900733030087,Covered Comp
30088,D4746050716030088,Covered Comp
30089,D7254565368030089,Covered Comp
30090,D0599380406030090,Covered Comp
30091,D7600792572030091,Covered Comp
30092,D7862882434030092,Covered Comp
30093,D8963638455030093,Covered Comp
30094,D9476099956030094,Covered Comp
30095,D9276365224030095,Covered Comp
30096,D9165017893030096,Covered Comp
30097,D8708229268030097,Covered Comp
30098,D9179442219030098,Covered Comp
30099,D7004070633030099,Covered Comp
30100,D6732876690030100,Covered Comp
30101,D2823415834030101,Covered Comp
30102,D8888451612030102,Covered Comp
30103,D3655031643030103,Covered Comp
30104,D2693465173030104,Covered Comp
30105,D3499697262030105,Covered Comp
30106,D9520040109030106,Covered Comp
30107,D7236892694030107,Covered Comp
30108,D9260518555030108,Covered Comp
30109,D2358825533030109,Covered Comp
30110,D5488576021030110,Covered Comp
30111,D7911830797030111,Covered Comp
30112,D2212579649030112,Covered Comp
30113,D4558748724030113,Covered Comp
30114,D9001117280030114,Covered Comp
30115,D9365550934030115,Covered Comp
30116,D3406751661030116,Covered Comp
30117,D6349856454030117,Covered Comp
30118,D9549368453030118,Covered Comp
30119,D0195021589030119,Covered Comp
30120,D6984194068030120,Covered Comp
30121,D3454474717030121,Covered Comp
30122,D9312318718030122,Covered Comp
30123,D6263036810030123,Covered Comp
30124,D6500970125030124,Covered Comp
30125,D2348315963030125,Covered Comp
30126,D4703796920030126,Covered Comp
30127,D2167693344030127,Covered Comp
30128,D1236881411030128,Covered Comp
30129,D0613030634030129,Covered Comp
30130,D6913288982030130,Covered Comp
30131,D2886748984030131,Covered Comp
30132,D0631839946030132,Covered Comp
30133,D4990953228030133,Covered Comp
30134,D8870177921030134,Covered Comp
30135,D7138552279030135,Covered Comp
30136,D8490939986030136,Covered Comp
30137,D0410714466030137,Covered Comp
30138,D9936591762030138,Covered Comp
30139,D2291508326030139,Covered Comp
30140,D1788681692030140,Covered Comp
30141,D6010180774030141,Covered Comp
30142,D6416438754030142,Covered Comp
30143,D4397690101030143,Covered Comp
30144,D5257344685030144,Covered Comp
30145,D5707831070030145,Covered Comp
30146,D5240600412030146,Covered Comp
30147,D0179640455030147,Covered Comp
30148,D9963554057030148,Covered Comp
30149,D3098996349030149,Covered Comp
30150,D9780964151030150,Covered Comp
30151,D1026375570030151,Covered Comp
30152,D8031435510030152,Covered Comp
30153,D1198044541030153,Covered Comp
30154,D9992565548030154,Covered Comp
30155,D8425685664030155,Covered Comp
30156,D7924466718030156,Covered Comp
30157,D7189285782030157,Covered Comp
30158,D6757282733030158,Covered Comp
30159,D3601244548030159,Covered Comp
30160,D3441773551030160,Covered Comp
30161,D0223430099030161,Covered Comp
30162,D7095442494030162,Covered Comp
30163,D2360894057030163,Covered Comp
30164,D6175225334030164,Covered Comp
30165,D1439493072030165,Covered Comp
30166,D2382363572030166,Covered Comp
30167,D8568997798030167,Covered Comp
30168,D6431332809030168,Covered Comp
30169,D5525875966030169,Covered Comp
30170,D3048713370030170,Covered Comp
30171,D8752711926030171,Covered Comp
30172,D4766876133030172,Covered Comp
30173,D7825808090030173,Covered Comp
30174,D6386675960030174,Covered Comp
30175,D3419324164030175,Covered Comp
30176,D7384866033030176,Covered Comp
30177,D0830205726030177,Covered Comp
30178,D2411399443030178,Covered Comp
30179,D0164890631030179,Covered Comp
30180,D6305184098030180,Covered Comp
30181,D0767074331030181,Covered Comp
30182,D7772133243030182,Covered Comp
30183,D6847533450030183,Covered Comp
30184,D3929596578030184,Covered Comp
30185,D1995804915030185,Covered Comp
30186,D3090794109030186,Covered Comp
30187,D9160203839030187,Covered Comp
30188,D3387677447030188,Covered Comp
30189,D8086406015030189,Covered Comp
30190,D5961152101030190,Covered Comp
30191,D6447241939030191,Covered Comp
30192,D3144344027030192,Covered Comp
30193,D8180653385030193,Covered Comp
30194,D1409066199030194,Covered Comp
30195,D2199541390030195,Covered Comp
30196,D6302510749030196,Covered Comp
30197,D2619688795030197,Covered Comp
30198,D0190768453030198,Covered Comp
30199,D4138461594030199,Covered Comp
30200,D5099159563030200,Covered Comp
30201,D5210557869030201,Covered Comp
30202,D1643243562030202,Covered Comp
30203,D6946107504030203,Covered Comp
30204,D2814370614030204,Covered Comp
30205,D8641869546030205,Covered Comp
30206,D9121909076030206,Covered Comp
30207,D3386157880030207,Covered Comp
30208,D0743554846030208,Covered Comp
30209,D7861583284030209,Covered Comp
30210,D5429606419030210,Covered Comp
30211,D6073792613030211,Covered Comp
30212,D1162331642030212,Covered Comp
30213,D0728671620030213,Covered Comp
30214,D2061621988030214,Covered Comp
30215,D9361129772030215,Covered Comp
30216,D3794274909030216,Covered Comp
30217,D5081174370030217,Covered Comp
30218,D9170463039030218,Covered Comp
30219,D8414028287030219,Covered Comp
30220,D8165226642030220,Covered Comp
30221,D8006199081030221,Covered Comp
30222,D0898229396030222,Covered Comp
30223,D1449942250030223,Covered Comp
30224,D4528536336030224,Covered Comp
30225,D1921554680030225,Covered Comp
30226,D9320415874030226,Covered Comp
30227,D6571135053030227,Covered Comp
30228,D5425498325030228,Covered Comp
30229,D4625513849030229,Covered Comp
30230,D8029676477030230,Covered Comp
30231,D2100015487030231,Covered Comp
30232,D0669928419030232,Covered Comp
30233,D8326858982030233,Covered Comp
30234,D3227161019030234,Covered Comp
30235,D3915789837030235,Covered Comp
30236,D5182291223030236,Covered Comp
30237,D9034658536030237,Covered Comp
30238,D5599042627030238,Covered Comp
30239,D3404241235030239,Covered Comp
30240,D3063251997030240,Covered Comp
30241,D0395632995030241,Covered Comp
30242,D7946347919030242,Covered Comp
30243,D8208243920030243,Covered Comp
30244,D0772551998030244,Covered Comp
30245,D0630679557030245,Covered Comp
30246,D5390456227030246,Covered Comp
30247,D2575703907030247,Covered Comp
30248,D1142879746030248,Covered Comp
30249,D2210189906030249,Covered Comp
30250,D0458179653030250,Covered Comp
30251,D0560180042030251,Covered Comp
30252,D1175628523030252,Covered Comp
30253,D6007554694030253,Covered Comp
30254,D5837922969030254,Covered Comp
30255,D8820040392030255,Covered Comp
30256,D1010488677030256,Covered Comp
30257,D6200137787030257,Covered Comp
30258,D8357315961030258,Covered Comp
30259,D1107857285030259,Covered Comp
30260,D7437979759030260,Covered Comp
30261,D1661253477030261,Covered Comp
30262,D2791251233030262,Covered Comp
30263,D3443437038030263,Covered Comp
30264,D7394253218030264,Covered Comp
30265,D9362116684030265,Covered Comp
30266,D4825715485030266,Covered Comp
30267,D7680985610030267,Covered Comp
30268,D6481106015030268,Covered Comp
30269,D4095106511030269,Covered Comp
30270,D0140374305030270,Covered Comp
30271,D3350640056030271,Covered Comp
30272,D8266419556030272,Covered Comp
30273,D2499869183030273,Covered Comp
30274,D4888797641030274,Covered Comp
30275,D1645019438030275,Covered Comp
30276,D0016238934030276,Covered Comp
30277,D9411882634030277,Covered Comp
30278,D8954456996030278,Covered Comp
30279,D6613256661030279,Covered Comp
30280,D1442941869030280,Covered Comp
30281,D5191509496030281,Covered Comp
30282,D0816003495030282,Covered Comp
30283,D2505248243030283,Covered Comp
30284,D3165540173030284,Covered Comp
30285,D8267058098030285,Covered Comp
30286,D9782625319030286,Covered Comp
30287,D8680012752030287,Covered Comp
30288,D2816509031030288,Covered Comp
30289,D3811250639030289,Covered Comp
30290,D8158906570030290,Covered Comp
30291,D1832275675030291,Covered Comp
30292,D9583722368030292,Covered Comp
30293,D8386305491030293,Covered Comp
30294,D1604570650030294,Covered Comp
30295,D3431307653030295,Covered Comp
30296,D8616981874030296,Covered Comp
30297,D3947536546030297,Covered Comp
30298,D8532280137030298,Covered Comp
30299,D9344935250030299,Covered Comp
30300,D6736513091030300,Covered Comp
30301,D3921550708030301,Covered Comp
30302,D7316627135030302,Covered Comp
30303,D2462961664030303,Covered Comp
30304,D5101714205030304,Covered Comp
30305,D0543515490030305,Covered Comp
30306,D9854717872030306,Covered Comp
30307,D3103604711030307,Covered Comp
30308,D3197146925030308,Covered Comp
30309,D3825190640030309,Covered Comp
30310,D9530984324030310,Covered Comp
30311,D3729466056030311,Covered Comp
30312,D6895327641030312,Covered Comp
30313,D7004802322030313,Covered Comp
30314,D6614538729030314,Covered Comp
30315,D3762206574030315,Covered Comp
30316,D2896203524030316,Covered Comp
30317,D3015538194030317,Covered Comp
30318,D1857768442030318,Covered Comp
30319,D1246799738030319,Covered Comp
30320,D5042737504030320,Covered Comp
30321,D1543191381030321,Covered Comp
30322,D8258095655030322,Covered Comp
30323,D6757575414030323,Covered Comp
30324,D3928149786030324,Covered Comp
30325,D4780861530030325,Covered Comp
30326,D7431585407030326,Covered Comp
30327,D6256143420030327,Covered Comp
30328,D5562881651030328,Covered Comp
30329,D6454851397030329,Covered Comp
30330,D6253570181030330,Covered Comp
30331,D5813013890030331,Covered Comp
30332,D4622997017030332,Covered Comp
30333,D3766970695030333,Covered Comp
30334,D6792763489030334,Covered Comp
30335,D9129004656030335,Covered Comp
30336,D1632156911030336,Covered Comp
30337,D6756250962030337,Covered Comp
30338,D1107441226030338,Covered Comp
30339,D5729556961030339,Covered Comp
30340,D6780153903030340,Covered Comp
30341,D4252641564030341,Covered Comp
30342,D3538640722030342,Covered Comp
30343,D7958362125030343,Covered Comp
30344,D8679373028030344,Covered Comp
30345,D4558037589030345,Covered Comp
30346,D1670562584030346,Covered Comp
30347,D1375233561030347,Covered Comp
30348,D4671273230030348,Covered Comp
30349,D9271881888030349,Covered Comp
30350,D3363067825030350,Covered Comp
30351,D6168430838030351,Covered Comp
30352,D3959481391030352,Covered Comp
30353,D0037369368030353,Covered Comp
30354,D6357395692030354,Covered Comp
30355,D6392960737030355,Covered Comp
30356,D6039862325030356,Covered Comp
30357,D7395445705030357,Covered Comp
30358,D0258294763030358,Covered Comp
30359,D2808199735030359,Covered Comp
30360,D4836750253030360,Covered Comp
30361,D9544982813030361,Covered Comp
30362,D0050054376030362,Covered Comp
30363,D8083618532030363,Covered Comp
30364,D7375900571030364,Covered Comp
30365,D3399318485030365,Covered Comp
30366,D2658902460030366,Covered Comp
30367,D5574336990030367,Covered Comp
30368,D6260580650030368,Covered Comp
30369,D0203312512030369,Covered Comp
30370,D5054927036030370,Covered Comp
30371,D1550218292030371,Covered Comp
30372,D6225216467030372,Covered Comp
30373,D7498437664030373,Covered Comp
30374,D7659531257030374,Covered Comp
30375,D4856067704030375,Covered Comp
30376,D6971070404030376,Covered Comp
30377,D7448684633030377,Covered Comp
30378,D4997382475030378,Covered Comp
30379,D1784102769030379,Covered Comp
30380,D2331913085030380,Covered Comp
30381,D6160998808030381,Covered Comp
30382,D2924906496030382,Covered Comp
30383,D4880790091030383,Covered Comp
30384,D0010767501030384,Covered Comp
30385,D5838423881030385,Covered Comp
30386,D1895176626030386,Covered Comp
30387,D7968516809030387,Covered Comp
30388,D8087063182030388,Covered Comp
30389,D1299388325030389,Covered Comp
30390,D8051843558030390,Covered Comp
30391,D3357316262030391,Covered Comp
30392,D3859869634030392,Covered Comp
30393,D6888637587030393,Covered Comp
30394,D4515835378030394,Covered Comp
30395,D6798510546030395,Covered Comp
30396,D1976107220030396,Covered Comp
30397,D7687232000030397,Covered Comp
30398,D1730156714030398,Covered Comp
30399,D9559014768030399,Covered Comp
30400,D4941425412030400,Covered Comp
30401,D3485184936030401,Covered Comp
30402,D2399747215030402,Covered Comp
30403,D3492732069030403,Covered Comp
30404,D8653080922030404,Covered Comp
30405,D4183298222030405,Covered Comp
30406,D0750273471030406,Covered Comp
30407,D6754895975030407,Covered Comp
30408,D9346108642030408,Covered Comp
30409,D0949785975030409,Covered Comp
30410,D6252437692030410,Covered Comp
30411,D2590644127030411,Covered Comp
30412,D1794461137030412,Covered Comp
30413,D1668505538030413,Covered Comp
30414,D5880792074030414,Covered Comp
30415,D5413254089030415,Covered Comp
30416,D5384539909030416,Covered Comp
30417,D7384006919030417,Covered Comp
30418,D4159521189030418,Covered Comp
30419,D1298892624030419,Covered Comp
30420,D2840833511030420,Covered Comp
30421,D2682918952030421,Covered Comp
30422,D9503103932030422,Covered Comp
30423,D1052017528030423,Covered Comp
30424,D3535173282030424,Covered Comp
30425,D1497165515030425,Covered Comp
30426,D8766667595030426,Covered Comp
30427,D7818136002030427,Covered Comp
30428,D3899321713030428,Covered Comp
30429,D4661471611030429,Covered Comp
30430,D6091002862030430,Covered Comp
30431,D2798661718030431,Covered Comp
30432,D6294965005030432,Covered Comp
30433,D0273556999030433,Covered Comp
30434,D5331010384030434,Covered Comp
30435,D3437185553030435,Covered Comp
30436,D6228988088030436,Covered Comp
30437,D8992490950030437,Covered Comp
30438,D3929790727030438,Covered Comp
30439,D7367919316030439,Covered Comp
30440,D2374215076030440,Covered Comp
30441,D6305564995030441,Covered Comp
30442,D6535535159030442,Covered Comp
30443,D4357667350030443,Covered Comp
30444,D3222614722030444,Covered Comp
30445,D4362160238030445,Covered Comp
30446,D0055992203030446,Covered Comp
30447,D8389383747030447,Covered Comp
30448,D6822916561030448,Covered Comp
30449,D2323128816030449,Covered Comp
30450,D2349327450030450,Covered Comp
30451,D0591566614030451,Covered Comp
30452,D1637363937030452,Covered Comp
30453,D7069097627030453,Covered Comp
30454,D5238730922030454,Covered Comp
30455,D2429007168030455,Covered Comp
30456,D8329959404030456,Covered Comp
30457,D6768912689030457,Covered Comp
30458,D2963135995030458,Covered Comp
30459,D5699769657030459,Covered Comp
30460,D7636991375030460,Covered Comp
30461,D3581583870030461,Covered Comp
30462,D5715971022030462,Covered Comp
30463,D6968766732030463,Covered Comp
30464,D1984573298030464,Covered Comp
30465,D4128241543030465,Covered Comp
30466,D6162097240030466,Covered Comp
30467,D5913394975030467,Covered Comp
30468,D2114784336030468,Covered Comp
30469,D3675460896030469,Covered Comp
30470,D5275790128030470,Covered Comp
30471,D3187698814030471,Covered Comp
30472,D5426232018030472,Covered Comp
30473,D7582007000030473,Covered Comp
30474,D7162779458030474,Covered Comp
30475,D7371986169030475,Covered Comp
30476,D0913587752030476,Covered Comp
30477,D2277796353030477,Covered Comp
30478,D6977525556030478,Covered Comp
30479,D4047216576030479,Covered Comp
30480,D2168826997030480,Covered Comp
30481,D1323086979030481,Covered Comp
30482,D8346592577030482,Covered Comp
30483,D3377315384030483,Covered Comp
30484,D9887493309030484,Covered Comp
30485,D9571434483030485,Covered Comp
30486,D5791106064030486,Covered Comp
30487,D1454683800030487,Covered Comp
30488,D4902850517030488,Covered Comp
30489,D6173133297030489,Covered Comp
30490,D8849162522030490,Covered Comp
30491,D9013901566030491,Covered Comp
30492,D5996120729030492,Covered Comp
30493,D7929560615030493,Covered Comp
30494,D1355785150030494,Covered Comp
30495,D0355612934030495,Covered Comp
30496,D7547262211030496,Covered Comp
30497,D2834937464030497,Covered Comp
30498,D7812481198030498,Covered Comp
30499,D5122144558030499,Covered Comp
30500,D6141728668030500,Covered Comp
30501,D0125213773030501,Covered Comp
30502,D8496989736030502,Covered Comp
30503,D0684981120030503,Covered Comp
30504,D8324613902030504,Covered Comp
30505,D1779590958030505,Covered Comp
30506,D4114598681030506,Covered Comp
30507,D8436241571030507,Covered Comp
30508,D6067954203030508,Covered Comp
30509,D9190598660030509,Covered Comp
30510,D1266957441030510,Covered Comp
30511,D0437365516030511,Covered Comp
30512,D7534246167030512,Covered Comp
30513,D9969642182030513,Covered Comp
30514,D8249790581030514,Covered Comp
30515,D1041815764030515,Covered Comp
30516,D3918287068030516,Covered Comp
30517,D9194860314030517,Covered Comp
30518,D4862210562030518,Covered Comp
30519,D7011378058030519,Covered Comp
30520,D5403061797030520,Covered Comp
30521,D3687534016030521,Covered Comp
30522,D8315111708030522,Covered Comp
30523,D8434134363030523,Covered Comp
30524,D5652374904030524,Covered Comp
30525,D3895455968030525,Covered Comp
30526,D0984155530030526,Covered Comp
30527,D6610920262030527,Covered Comp
30528,D1996806823030528,Covered Comp
30529,D5391550140030529,Covered Comp
30530,D6872416458030530,Covered Comp
30531,D8081906276030531,Covered Comp
30532,D0712537430030532,Covered Comp
30533,D5631767653030533,Covered Comp
30534,D6755124994030534,Covered Comp
30535,D9035545902030535,Covered Comp
30536,D7056939853030536,Covered Comp
30537,D2841274452030537,Covered Comp
30538,D5264082836030538,Covered Comp
30539,D6201080546030539,Covered Comp
30540,D8340655276030540,Covered Comp
30541,D4306709037030541,Covered Comp
30542,D8404043218030542,Covered Comp
30543,D1151223560030543,Covered Comp
30544,D9926228354030544,Covered Comp
30545,D3070683392030545,Covered Comp
30546,D0139463285030546,Covered Comp
30547,D2388934685030547,Covered Comp
30548,D9247478996030548,Covered Comp
30549,D9693142748030549,Covered Comp
30550,D6432031985030550,Covered Comp
30551,D2647595608030551,Covered Comp
30552,D9567834756030552,Covered Comp
30553,D7515066227030553,Covered Comp
30554,D4456870395030554,Covered Comp
30555,D7877603936030555,Covered Comp
30556,D7204437175030556,Covered Comp
30557,D7811355860030557,Covered Comp
30558,D2348788550030558,Covered Comp
30559,D7722617206030559,Covered Comp
30560,D4291231552030560,Covered Comp
30561,D5260868479030561,Covered Comp
30562,D0616906532030562,Covered Comp
30563,D1541354436030563,Covered Comp
30564,D7610721551030564,Covered Comp
30565,D9746204739030565,Covered Comp
30566,D2517531146030566,Covered Comp
30567,D5299091016030567,Covered Comp
30568,D8682450000030568,Covered Comp
30569,D8562886700030569,Covered Comp
30570,D4042935275030570,Covered Comp
30571,D2363930136030571,Covered Comp
30572,D5846644822030572,Covered Comp
30573,D8804388308030573,Covered Comp
30574,D9303716616030574,Covered Comp
30575,D7447375737030575,Covered Comp
30576,D6295584645030576,Covered Comp
30577,D0594294750030577,Covered Comp
30578,D5336303673030578,Covered Comp
30579,D4292413145030579,Covered Comp
30580,D5117955950030580,Covered Comp
30581,D9355317180030581,Covered Comp
30582,D2947845583030582,Covered Comp
30583,D9188794030030583,Covered Comp
30584,D5297578639030584,Covered Comp
30585,D8461269444030585,Covered Comp
30586,D3062520018030586,Covered Comp
30587,D8981488023030587,Covered Comp
30588,D3754585501030588,Covered Comp
30589,D3012754723030589,Covered Comp
30590,D2834836346030590,Covered Comp
30591,D4011259713030591,Covered Comp
30592,D4448474553030592,Covered Comp
30593,D2149715449030593,Covered Comp
30594,D9592828268030594,Covered Comp
30595,D8327400612030595,Covered Comp
30596,D2622245692030596,Covered Comp
30597,D2593294521030597,Covered Comp
30598,D4624425157030598,Covered Comp
30599,D3925047986030599,Covered Comp
30600,D6758921863030600,Covered Comp
30601,D9587046032030601,Covered Comp
30602,D0914428165030602,Covered Comp
30603,D4764440923030603,Covered Comp
30604,D1750596525030604,Covered Comp
30605,D5940113042030605,Covered Comp
30606,D7144361143030606,Covered Comp
30607,D0500295933030607,Covered Comp
30608,D0537482139030608,Covered Comp
30609,D8054856133030609,Covered Comp
30610,D9483715912030610,Covered Comp
30611,D3917901560030611,Covered Comp
30612,D6396973107030612,Covered Comp
30613,D9940403625030613,Covered Comp
30614,D6637011028030614,Covered Comp
30615,D9524311359030615,Covered Comp
30616,D8254171494030616,Covered Comp
30617,D1422336551030617,Covered Comp
30618,D0393925412030618,Covered Comp
30619,D5635591771030619,Covered Comp
30620,D5845127031030620,Covered Comp
30621,D4358258461030621,Covered Comp
30622,D0952637949030622,Covered Comp
30623,D9625951864030623,Covered Comp
30624,D1213402803030624,Covered Comp
30625,D2735057171030625,Covered Comp
30626,D6421761649030626,Covered Comp
30627,D7472730530030627,Covered Comp
30628,D9015654588030628,Covered Comp
30629,D5185819963030629,Covered Comp
30630,D3801856227030630,Covered Comp
30631,D5924262487030631,Covered Comp
30632,D2312140203030632,Covered Comp
30633,D5309895778030633,Covered Comp
30634,D0172006507030634,Covered Comp
30635,D2644156259030635,Covered Comp
30636,D0813211896030636,Covered Comp
30637,D2822995914030637,Covered Comp
30638,D7437052850030638,Covered Comp
30639,D5765977978030639,Covered Comp
30640,D3944164671030640,Covered Comp
30641,D0873491160030641,Covered Comp
30642,D3423479692030642,Covered Comp
30643,D6437971598030643,Covered Comp
30644,D3847384990030644,Covered Comp
30645,D7835243477030645,Covered Comp
30646,D5176407992030646,Covered Comp
30647,D1549801438030647,Covered Comp
30648,D4250815927030648,Covered Comp
30649,D0412656200030649,Covered Comp
30650,D7611403774030650,Covered Comp
30651,D9104772884030651,Covered Comp
30652,D1267184382030652,Covered Comp
30653,D4081610662030653,Covered Comp
30654,D9990199647030654,Covered Comp
30655,D2469079864030655,Covered Comp
30656,D2508275710030656,Covered Comp
30657,D1587265370030657,Covered Comp
30658,D4319145882030658,Covered Comp
30659,D1959128706030659,Covered Comp
30660,D3022445954030660,Covered Comp
30661,D2003461524030661,Covered Comp
30662,D9099225876030662,Covered Comp
30663,D7636240916030663,Covered Comp
30664,D7300941808030664,Covered Comp
30665,D0472320709030665,Covered Comp
30666,D4228699582030666,Covered Comp
30667,D6911131559030667,Covered Comp
30668,D1797812397030668,Covered Comp
30669,D3296696733030669,Covered Comp
30670,D6161862270030670,Covered Comp
30671,D2492631659030671,Covered Comp
30672,D5808178245030672,Covered Comp
30673,D9624067658030673,Covered Comp
30674,D1180118219030674,Covered Comp
30675,D0673740097030675,Covered Comp
30676,D9670469179030676,Covered Comp
30677,D8075495593030677,Covered Comp
30678,D6684318614030678,Covered Comp
30679,D8093735876030679,Covered Comp
30680,D7748257257030680,Covered Comp
30681,D2005144910030681,Covered Comp
30682,D4890955624030682,Covered Comp
30683,D3814195183030683,Covered Comp
30684,D1655022056030684,Covered Comp
30685,D1568978553030685,Covered Comp
30686,D3092895219030686,Covered Comp
30687,D3650879358030687,Covered Comp
30688,D6730256614030688,Covered Comp
30689,D1223184426030689,Covered Comp
30690,D0065025146030690,Covered Comp
30691,D5746371422030691,Covered Comp
30692,D7763454673030692,Covered Comp
30693,D6431385086030693,Covered Comp
30694,D1119439022030694,Covered Comp
30695,D9019779706030695,Covered Comp
30696,D8021820629030696,Covered Comp
30697,D4739118348030697,Covered Comp
30698,D7191405859030698,Covered Comp
30699,D4491833351030699,Covered Comp
30700,D3167851940030700,Covered Comp
30701,D8075986135030701,Covered Comp
30702,D9679387653030702,Covered Comp
30703,D6701945982030703,Covered Comp
30704,D5158310950030704,Covered Comp
30705,D3788601850030705,Covered Comp
30706,D9942946637030706,Covered Comp
30707,D4009598330030707,Covered Comp
30708,D4674161409030708,Covered Comp
30709,D0451683458030709,Covered Comp
30710,D5742050915030710,Covered Comp
30711,D1597972594030711,Covered Comp
30712,D8604629655030712,Covered Comp
30713,D4820081849030713,Covered Comp
30714,D9038653143030714,Covered Comp
30715,D9591941848030715,Covered Comp
30716,D2763027558030716,Covered Comp
30717,D3964606412030717,Covered Comp
30718,D1528400152030718,Covered Comp
30719,D7417165020030719,Covered Comp
30720,D9872170035030720,Covered Comp
30721,D2586412714030721,Covered Comp
30722,D4485930650030722,Covered Comp
30723,D5179066031030723,Covered Comp
30724,D0996887457030724,Covered Comp
30725,D5650990461030725,Covered Comp
30726,D5885159783030726,Covered Comp
30727,D8934637114030727,Covered Comp
30728,D8248498201030728,Covered Comp
30729,D4878182037030729,Covered Comp
30730,D8857905105030730,Covered Comp
30731,D5568518262030731,Covered Comp
30732,D6184644939030732,Covered Comp
30733,D1910798635030733,Covered Comp
30734,D7828252763030734,Covered Comp
30735,D8854865464030735,Covered Comp
30736,D5068134290030736,Covered Comp
30737,D5256233221030737,Covered Comp
30738,D7255560887030738,Covered Comp
30739,D2818436077030739,Covered Comp
30740,D4981358663030740,Covered Comp
30741,D1754045959030741,Covered Comp
30742,D8382375528030742,Covered Comp
30743,D8697632386030743,Covered Comp
30744,D9794080134030744,Covered Comp
30745,D1487514710030745,Covered Comp
30746,D8587023021030746,Covered Comp
30747,D7238211409030747,Covered Comp
30748,D0038926246030748,Covered Comp
30749,D2816517536030749,Covered Comp
30750,D0504016308030750,Covered Comp
30751,D7386247706030751,Covered Comp
30752,D9454589177030752,Covered Comp
30753,D1299028567030753,Covered Comp
30754,D5225741887030754,Covered Comp
30755,D3240571713030755,Covered Comp
30756,D9525817000030756,Covered Comp
30757,D1513587438030757,Covered Comp
30758,D7718553650030758,Covered Comp
30759,D5417247087030759,Covered Comp
30760,D7150099344030760,Covered Comp
30761,D2808995372030761,Covered Comp
30762,D8992000032030762,Covered Comp
30763,D9163215403030763,Covered Comp
30764,D0880910410030764,Covered Comp
30765,D1321544927030765,Covered Comp
30766,D0033895371030766,Covered Comp
30767,D9776330390030767,Covered Comp
30768,D3679092463030768,Covered Comp
30769,D1086662411030769,Covered Comp
30770,D0994080443030770,Covered Comp
30771,D3626765958030771,Covered Comp
30772,D5912251233030772,Covered Comp
30773,D2686272801030773,Covered Comp
30774,D3184468541030774,Covered Comp
30775,D8466185758030775,Covered Comp
30776,D1720594014030776,Covered Comp
30777,D6516620072030777,Covered Comp
30778,D7393767141030778,Covered Comp
30779,D9252053663030779,Covered Comp
30780,D3458302170030780,Covered Comp
30781,D7847659076030781,Covered Comp
30782,D5678765426030782,Covered Comp
30783,D9924008559030783,Covered Comp
30784,D2085468498030784,Covered Comp
30785,D8472619977030785,Covered Comp
30786,D5642032135030786,Covered Comp
30787,D0500190434030787,Covered Comp
30788,D8787349270030788,Covered Comp
30789,D5626660941030789,Covered Comp
30790,D9329802912030790,Covered Comp
30791,D6089117253030791,Covered Comp
30792,D8432331642030792,Covered Comp
30793,D3557085343030793,Covered Comp
30794,D7415599483030794,Covered Comp
30795,D2218626439030795,Covered Comp
30796,D1684026464030796,Covered Comp
30797,D6657614723030797,Covered Comp
30798,D3050795976030798,Covered Comp
30799,D8688494112030799,Covered Comp
30800,D4517324211030800,Covered Comp
30801,D3473819438030801,Covered Comp
30802,D2411175210030802,Covered Comp
30803,D0634971685030803,Covered Comp
30804,D3617237754030804,Covered Comp
30805,D4247784706030805,Covered Comp
30806,D4230156100030806,Covered Comp
30807,D3288342950030807,Covered Comp
30808,D9345053986030808,Covered Comp
30809,D0819390782030809,Covered Comp
30810,D0790706647030810,Covered Comp
30811,D3992857518030811,Covered Comp
30812,D2099501322030812,Covered Comp
30813,D9962440834030813,Covered Comp
30814,D5213101203030814,Covered Comp
30815,D1262876432030815,Covered Comp
30816,D5684789076030816,Covered Comp
30817,D7522231148030817,Covered Comp
30818,D3235638397030818,Covered Comp
30819,D3813572220030819,Covered Comp
30820,D0753321376030820,Covered Comp
30821,D3319965748030821,Covered Comp
30822,D3833809743030822,Covered Comp
30823,D2413142155030823,Covered Comp
30824,D5857673061030824,Covered Comp
30825,D6821154012030825,Covered Comp
30826,D8999385376030826,Covered Comp
30827,D1811899290030827,Covered Comp
30828,D9855982776030828,Covered Comp
30829,D0412651474030829,Covered Comp
30830,D5826270278030830,Covered Comp
30831,D7657625300030831,Covered Comp
30832,D7302340931030832,Covered Comp
30833,D5622550087030833,Covered Comp
30834,D9216297061030834,Covered Comp
30835,D2471170373030835,Covered Comp
30836,D0573005236030836,Covered Comp
30837,D7080057651030837,Covered Comp
30838,D8994180994030838,Covered Comp
30839,D1730577782030839,Covered Comp
30840,D0351289503030840,Covered Comp
30841,D6787447968030841,Covered Comp
30842,D3119631270030842,Covered Comp
30843,D2045969048030843,Covered Comp
30844,D8832247312030844,Covered Comp
30845,D0812621313030845,Covered Comp
30846,D8894410079030846,Covered Comp
30847,D4386145936030847,Covered Comp
30848,D9660026798030848,Covered Comp
30849,D9209786868030849,Covered Comp
30850,D4370884705030850,Covered Comp
30851,D7497456291030851,Covered Comp
30852,D4906485262030852,Covered Comp
30853,D9805011732030853,Covered Comp
30854,D8381514507030854,Covered Comp
30855,D3854794747030855,Covered Comp
30856,D5130644955030856,Covered Comp
30857,D5803923693030857,Covered Comp
30858,D8856075960030858,Covered Comp
30859,D3389922622030859,Covered Comp
30860,D4790831593030860,Covered Comp
30861,D4828392629030861,Covered Comp
30862,D0328943579030862,Covered Comp
30863,D8278437532030863,Covered Comp
30864,D0158769036030864,Covered Comp
30865,D1113232760030865,Covered Comp
30866,D1188512467030866,Covered Comp
30867,D2854383909030867,Covered Comp
30868,D4366983586030868,Covered Comp
30869,D7338655629030869,Covered Comp
30870,D6829168423030870,Covered Comp
30871,D7823175356030871,Covered Comp
30872,D7306836558030872,Covered Comp
30873,D8335517564030873,Covered Comp
30874,D0421821248030874,Covered Comp
30875,D9972487931030875,Covered Comp
30876,D4337755707030876,Covered Comp
30877,D7762036391030877,Covered Comp
30878,D3176829903030878,Covered Comp
30879,D1954847760030879,Covered Comp
30880,D4648018107030880,Covered Comp
30881,D5627016449030881,Covered Comp
30882,D1501507337030882,Covered Comp
30883,D7902460018030883,Covered Comp
30884,D5943113161030884,Covered Comp
30885,D9483606513030885,Covered Comp
30886,D0261868213030886,Covered Comp
30887,D0823835332030887,Covered Comp
30888,D5013170137030888,Covered Comp
30889,D4259504774030889,Covered Comp
30890,D2281454505030890,Covered Comp
30891,D3200001313030891,Covered Comp
30892,D2654777509030892,Covered Comp
30893,D6133713862030893,Covered Comp
30894,D6307846322030894,Covered Comp
30895,D0944679405030895,Covered Comp
30896,D2777276361030896,Covered Comp
30897,D7993943520030897,Covered Comp
30898,D4303970032030898,Covered Comp
30899,D3315040336030899,Covered Comp
30900,D7966560998030900,Covered Comp
30901,D2007458523030901,Covered Comp
30902,D6434158173030902,Covered Comp
30903,D3762870605030903,Covered Comp
30904,D4256523251030904,Covered Comp
30905,D8925728971030905,Covered Comp
30906,D7192674242030906,Covered Comp
30907,D9233568593030907,Covered Comp
30908,D4040907671030908,Covered Comp
30909,D5328250691030909,Covered Comp
30910,D5555742326030910,Covered Comp
30911,D7162522122030911,Covered Comp
30912,D2892790690030912,Covered Comp
30913,D5970717938030913,Covered Comp
30914,D2469440009030914,Covered Comp
30915,D6214326268030915,Covered Comp
30916,D5803877924030916,Covered Comp
30917,D5137729867030917,Covered Comp
30918,D7429848407030918,Covered Comp
30919,D6595696541030919,Covered Comp
30920,D2559068795030920,Covered Comp
30921,D0686139306030921,Covered Comp
30922,D9951028101030922,Covered Comp
30923,D0232222792030923,Covered Comp
30924,D4914733171030924,Covered Comp
30925,D9828236649030925,Covered Comp
30926,D6462262007030926,Covered Comp
30927,D8484673613030927,Covered Comp
30928,D6103261120030928,Covered Comp
30929,D0733299848030929,Covered Comp
30930,D2412186460030930,Covered Comp
30931,D9967506735030931,Covered Comp
30932,D0327907938030932,Covered Comp
30933,D7341800231030933,Covered Comp
30934,D9096948365030934,Covered Comp
30935,D8617263497030935,Covered Comp
30936,D5519121853030936,Covered Comp
30937,D7863963138030937,Covered Comp
30938,D0766496053030938,Covered Comp
30939,D5219911859030939,Covered Comp
30940,D6716536259030940,Covered Comp
30941,D4499851444030941,Covered Comp
30942,D4287920855030942,Covered Comp
30943,D4854597021030943,Covered Comp
30944,D4971813477030944,Covered Comp
30945,D9568515009030945,Covered Comp
30946,D2161886383030946,Covered Comp
30947,D9172557072030947,Covered Comp
30948,D8183636035030948,Covered Comp
30949,D0500529917030949,Covered Comp
30950,D2002487262030950,Covered Comp
30951,D3422975001030951,Covered Comp
30952,D5377886005030952,Covered Comp
30953,D9682747310030953,Covered Comp
30954,D7999093644030954,Covered Comp
30955,D6721315431030955,Covered Comp
30956,D3029123990030956,Covered Comp
30957,D6112209353030957,Covered Comp
30958,D7018695640030958,Covered Comp
30959,D4295441885030959,Covered Comp
30960,D5467695745030960,Covered Comp
30961,D7154186274030961,Covered Comp
30962,D9354499907030962,Covered Comp
30963,D9362667477030963,Covered Comp
30964,D9015896435030964,Covered Comp
30965,D9474066430030965,Covered Comp
30966,D8988570693030966,Covered Comp
30967,D3574010036030967,Covered Comp
30968,D1398514857030968,Covered Comp
30969,D3922997959030969,Covered Comp
30970,D8547796518030970,Covered Comp
30971,D5533176234030971,Covered Comp
30972,D8458682203030972,Covered Comp
30973,D7621049274030973,Covered Comp
30974,D6718397838030974,Covered Comp
30975,D2683283013030975,Covered Comp
30976,D1179561646030976,Covered Comp
30977,D0936515826030977,Covered Comp
30978,D9010883598030978,Covered Comp
30979,D2310359897030979,Covered Comp
30980,D8372210750030980,Covered Comp
30981,D4781051360030981,Covered Comp
30982,D3284941651030982,Covered Comp
30983,D8369192820030983,Covered Comp
30984,D5690523827030984,Covered Comp
30985,D3268428630030985,Covered Comp
30986,D2012702182030986,Covered Comp
30987,D4943096443030987,Covered Comp
30988,D8524129137030988,Covered Comp
30989,D3490948396030989,Covered Comp
30990,D8730415935030990,Covered Comp
30991,D3723325082030991,Covered Comp
30992,D4327289693030992,Covered Comp
30993,D9416564950030993,Covered Comp
30994,D3457696144030994,Covered Comp
30995,D3220276868030995,Covered Comp
30996,D5178919374030996,Covered Comp
30997,D7685844262030997,Covered Comp
30998,D4250177566030998,Covered Comp
30999,D2225919620030999,Covered Comp
31000,D0892660161031000,Covered Comp
31001,D8799074775031001,Covered Comp
31002,D8052303841031002,Covered Comp
31003,D8015688156031003,Covered Comp
31004,D4918663181031004,Covered Comp
31005,D0022098545031005,Covered Comp
31006,D6457179598031006,Covered Comp
31007,D2195538227031007,Covered Comp
31008,D2076371980031008,Covered Comp
31009,D6625915944031009,Covered Comp
31010,D1584994045031010,Covered Comp
31011,D3861580891031011,Covered Comp
31012,D2297790914031012,Covered Comp
31013,D1112632172031013,Covered Comp
31014,D0319828342031014,Covered Comp
31015,D1370867150031015,Covered Comp
31016,D0040192968031016,Covered Comp
31017,D8057949686031017,Covered Comp
31018,D5798506244031018,Covered Comp
31019,D3190072814031019,Covered Comp
31020,D4819422157031020,Covered Comp
31021,D9026943169031021,Covered Comp
31022,D9708163137031022,Covered Comp
31023,D8575109665031023,Covered Comp
31024,D2340390814031024,Covered Comp
31025,D5930328781031025,Covered Comp
31026,D7424653019031026,Covered Comp
31027,D8277561522031027,Covered Comp
31028,D5981705277031028,Covered Comp
31029,D0561435778031029,Covered Comp
31030,D8575601547031030,Covered Comp
31031,D4301831959031031,Covered Comp
31032,D6187404020031032,Covered Comp
31033,D6916661166031033,Covered Comp
31034,D1834457259031034,Covered Comp
31035,D7011921673031035,Covered Comp
31036,D6730907800031036,Covered Comp
31037,D6832177540031037,Covered Comp
31038,D8044920340031038,Covered Comp
31039,D3861554149031039,Covered Comp
31040,D9184299990031040,Covered Comp
31041,D1970322429031041,Covered Comp
31042,D6991300266031042,Covered Comp
31043,D2175813583031043,Covered Comp
31044,D1062189347031044,Covered Comp
31045,D8771916049031045,Covered Comp
31046,D5353291913031046,Covered Comp
31047,D1206254868031047,Covered Comp
31048,D3443089896031048,Covered Comp
31049,D0274249995031049,Covered Comp
31050,D7783586188031050,Covered Comp
31051,D4601226360031051,Covered Comp
31052,D7529397858031052,Covered Comp
31053,D6219380999031053,Covered Comp
31054,D5817242398031054,Covered Comp
31055,D6330541716031055,Covered Comp
31056,D0766245962031056,Covered Comp
31057,D1449946321031057,Covered Comp
31058,D6977595197031058,Covered Comp
31059,D3640718266031059,Covered Comp
31060,D8217462233031060,Covered Comp
31061,D5907268693031061,Covered Comp
31062,D3220935853031062,Covered Comp
31063,D1067932437031063,Covered Comp
31064,D6678516466031064,Covered Comp
31065,D9853415793031065,Covered Comp
31066,D5853388489031066,Covered Comp
31067,D8577371087031067,Covered Comp
31068,D2075776796031068,Covered Comp
31069,D9006857392031069,Covered Comp
31070,D9885279591031070,Covered Comp
31071,D8141838864031071,Covered Comp
31072,D4073876739031072,Covered Comp
31073,D5661336369031073,Covered Comp
31074,D4112696642031074,Covered Comp
31075,D6460551450031075,Covered Comp
31076,D4377934833031076,Covered Comp
31077,D9367953749031077,Covered Comp
31078,D9425686132031078,Covered Comp
31079,D8332372640031079,Covered Comp
31080,D2268707242031080,Covered Comp
31081,D3494064176031081,Covered Comp
31082,D3008741678031082,Covered Comp
31083,D4935985826031083,Covered Comp
31084,D2181527623031084,Covered Comp
31085,D7337736286031085,Covered Comp
31086,D8261459604031086,Covered Comp
31087,D6591667292031087,Covered Comp
31088,D2192397720031088,Covered Comp
31089,D4658681397031089,Covered Comp
31090,D0210868277031090,Covered Comp
31091,D0915624524031091,Covered Comp
31092,D0654814854031092,Covered Comp
31093,D0534476325031093,Covered Comp
31094,D9025643266031094,Covered Comp
31095,D4077510136031095,Covered Comp
31096,D8437191251031096,Covered Comp
31097,D8406441237031097,Covered Comp
31098,D7692739770031098,Covered Comp
31099,D0054226800031099,Covered Comp
31100,D4041194310031100,Covered Comp
31101,D7998119055031101,Covered Comp
31102,D6749295646031102,Covered Comp
31103,D1264698516031103,Covered Comp
31104,D7813451519031104,Covered Comp
31105,D6424166414031105,Covered Comp
31106,D3063918577031106,Covered Comp
31107,D5481408214031107,Covered Comp
31108,D4399096178031108,Covered Comp
31109,D4855535197031109,Covered Comp
31110,D5305689720031110,Covered Comp
31111,D0354853996031111,Covered Comp
31112,D3596305089031112,Covered Comp
31113,D5337248146031113,Covered Comp
31114,D3436116703031114,Covered Comp
31115,D5301315965031115,Covered Comp
31116,D8588941208031116,Covered Comp
31117,D7565205230031117,Covered Comp
31118,D5362374330031118,Covered Comp
31119,D1647139208031119,Covered Comp
31120,D0418866016031120,Covered Comp
31121,D6769043202031121,Covered Comp
31122,D7544797597031122,Covered Comp
31123,D2191062989031123,Covered Comp
31124,D0660577641031124,Covered Comp
31125,D2983074135031125,Covered Comp
31126,D0184508360031126,Covered Comp
31127,D0646072722031127,Covered Comp
31128,D7821709101031128,Covered Comp
31129,D1297982621031129,Covered Comp
31130,D1948379936031130,Covered Comp
31131,D1740662682031131,Covered Comp
31132,D1533223788031132,Covered Comp
31133,D4635778508031133,Covered Comp
31134,D0620438976031134,Covered Comp
31135,D7113217970031135,Covered Comp
31136,D2307373803031136,Covered Comp
31137,D4855153428031137,Covered Comp
31138,D6469208947031138,Covered Comp
31139,D6080958133031139,Covered Comp
31140,D4494029508031140,Covered Comp
31141,D5634468759031141,Covered Comp
31142,D8358089986031142,Covered Comp
31143,D7394553488031143,Covered Comp
31144,D9423244979031144,Covered Comp
31145,D6676107471031145,Covered Comp
31146,D4100551670031146,Covered Comp
31147,D5202407414031147,Covered Comp
31148,D6929587817031148,Covered Comp
31149,D8740639963031149,Covered Comp
31150,D5563612514031150,Covered Comp
31151,D0222651001031151,Covered Comp
31152,D8585804458031152,Covered Comp
31153,D1064831173031153,Covered Comp
31154,D4297059312031154,Covered Comp
31155,D7274493735031155,Covered Comp
31156,D5644715279031156,Covered Comp
31157,D9937021233031157,Covered Comp
31158,D7987533275031158,Covered Comp
31159,D1174366061031159,Covered Comp
31160,D9334132492031160,Covered Comp
31161,D6828116474031161,Covered Comp
31162,D8259060993031162,Covered Comp
31163,D0322330782031163,Covered Comp
31164,D0406869146031164,Covered Comp
31165,D8593818367031165,Covered Comp
31166,D6845919275031166,Covered Comp
31167,D6489691927031167,Covered Comp
31168,D5316972913031168,Covered Comp
31169,D4110609848031169,Covered Comp
31170,D1378747311031170,Covered Comp
31171,D5317141676031171,Covered Comp
31172,D5474210918031172,Covered Comp
31173,D4182189158031173,Covered Comp
31174,D3592462335031174,Covered Comp
31175,D3992845202031175,Covered Comp
31176,D2089279015031176,Covered Comp
31177,D8031581118031177,Covered Comp
31178,D8320196743031178,Covered Comp
31179,D2465916262031179,Covered Comp
31180,D7094706787031180,Covered Comp
31181,D5525402553031181,Covered Comp
31182,D5277208913031182,Covered Comp
31183,D4523840695031183,Covered Comp
31184,D9098279314031184,Covered Comp
31185,D6336877931031185,Covered Comp
31186,D3050483189031186,Covered Comp
31187,D3183706247031187,Covered Comp
31188,D9608954432031188,Covered Comp
31189,D5324514132031189,Covered Comp
31190,D7684522159031190,Covered Comp
31191,D0080272551031191,Covered Comp
31192,D6578626990031192,Covered Comp
31193,D0197226622031193,Covered Comp
31194,D2177155744031194,Covered Comp
31195,D4391719628031195,Covered Comp
31196,D6724352897031196,Covered Comp
31197,D6266034094031197,Covered Comp
31198,D9033861503031198,Covered Comp
31199,D8265764029031199,Covered Comp
31200,D4803719577031200,Covered Comp
31201,D8569346431031201,Covered Comp
31202,D8018587440031202,Covered Comp
31203,D2626593082031203,Covered Comp
31204,D9116107471031204,Covered Comp
31205,D1776580826031205,Covered Comp
31206,D4987583564031206,Covered Comp
31207,D3181180302031207,Covered Comp
31208,D5845823050031208,Covered Comp
31209,D7779114718031209,Covered Comp
31210,D4985427398031210,Covered Comp
31211,D5072314462031211,Covered Comp
31212,D0213012121031212,Covered Comp
31213,D5954544363031213,Covered Comp
31214,D9213858582031214,Covered Comp
31215,D8159983632031215,Covered Comp
31216,D3662608326031216,Covered Comp
31217,D7813155299031217,Covered Comp
31218,D8742425595031218,Covered Comp
31219,D6789380905031219,Covered Comp
31220,D1538036200031220,Covered Comp
31221,D4732379814031221,Covered Comp
31222,D5693461775031222,Covered Comp
31223,D0743447313031223,Covered Comp
31224,D6194368588031224,Covered Comp
31225,D9299167461031225,Covered Comp
31226,D0434204941031226,Covered Comp
31227,D4603194026031227,Covered Comp
31228,D7598966288031228,Covered Comp
31229,D8800777496031229,Covered Comp
31230,D1347163084031230,Covered Comp
31231,D2879103620031231,Covered Comp
31232,D3246478655031232,Covered Comp
31233,D2357549733031233,Covered Comp
31234,D4032835915031234,Covered Comp
31235,D2262346076031235,Covered Comp
31236,D2074716303031236,Covered Comp
31237,D6645852785031237,Covered Comp
31238,D6102626730031238,Covered Comp
31239,D0271740871031239,Covered Comp
31240,D8024428863031240,Covered Comp
31241,D6872009189031241,Covered Comp
31242,D8764064202031242,Covered Comp
31243,D1293074001031243,Covered Comp
31244,D7064648049031244,Covered Comp
31245,D4067426161031245,Covered Comp
31246,D8766794814031246,Covered Comp
31247,D3402074599031247,Covered Comp
31248,D8320983621031248,Covered Comp
31249,D2159739572031249,Covered Comp
31250,D5441785365031250,Covered Comp
31251,D9085577678031251,Covered Comp
31252,D0604675947031252,Covered Comp
31253,D7865441418031253,Covered Comp
31254,D5055606888031254,Covered Comp
31255,D3147325702031255,Covered Comp
31256,D7551303842031256,Covered Comp
31257,D5881533328031257,Covered Comp
31258,D2506609428031258,Covered Comp
31259,D5055758754031259,Covered Comp
31260,D2021204049031260,Covered Comp
31261,D3862428870031261,Covered Comp
31262,D6557445076031262,Covered Comp
31263,D1809409843031263,Covered Comp
31264,D7763234052031264,Covered Comp
31265,D9076033567031265,Covered Comp
31266,D7397492692031266,Covered Comp
31267,D3066531973031267,Covered Comp
31268,D9702047208031268,Covered Comp
31269,D2651151152031269,Covered Comp
31270,D1062965762031270,Covered Comp
31271,D7149533955031271,Covered Comp
31272,D3046461447031272,Covered Comp
31273,D8729462367031273,Covered Comp
31274,D8371116592031274,Covered Comp
31275,D5094814722031275,Covered Comp
31276,D6208562779031276,Covered Comp
31277,D7086827835031277,Covered Comp
31278,D4439812912031278,Covered Comp
31279,D2211775664031279,Covered Comp
31280,D4541427185031280,Covered Comp
31281,D8544115009031281,Covered Comp
31282,D3950035439031282,Covered Comp
31283,D8881231135031283,Covered Comp
31284,D5423127770031284,Covered Comp
31285,D4511817047031285,Covered Comp
31286,D4820945965031286,Covered Comp
31287,D5422665788031287,Covered Comp
31288,D7063769157031288,Covered Comp
31289,D7735793883031289,Covered Comp
31290,D2547157336031290,Covered Comp
31291,D6872052954031291,Covered Comp
31292,D0341940714031292,Covered Comp
31293,D6145598390031293,Covered Comp
31294,D7245441002031294,Covered Comp
31295,D2971460897031295,Covered Comp
31296,D9359054037031296,Covered Comp
31297,D4368843905031297,Covered Comp
31298,D1943699094031298,Covered Comp
31299,D9475989211031299,Covered Comp
31300,D4871852975031300,Covered Comp
31301,D7406454800031301,Covered Comp
31302,D3016691217031302,Covered Comp
31303,D3463512022031303,Covered Comp
31304,D1106575491031304,Covered Comp
31305,D5160721540031305,Covered Comp
31306,D7431560741031306,Covered Comp
31307,D1767153780031307,Covered Comp
31308,D2787585932031308,Covered Comp
31309,D1892343381031309,Covered Comp
31310,D2975914109031310,Covered Comp
31311,D8391963503031311,Covered Comp
31312,D0916004682031312,Covered Comp
31313,D2406304607031313,Covered Comp
31314,D0015962851031314,Covered Comp
31315,D3697066572031315,Covered Comp
31316,D2067329244031316,Covered Comp
31317,D9507070922031317,Covered Comp
31318,D4606572138031318,Covered Comp
31319,D2873090424031319,Covered Comp
31320,D3977509289031320,Covered Comp
31321,D1027699744031321,Covered Comp
31322,D0497196720031322,Covered Comp
31323,D6203637503031323,Covered Comp
31324,D9123574226031324,Covered Comp
31325,D3375636921031325,Covered Comp
31326,D7299727294031326,Covered Comp
31327,D7075722804031327,Covered Comp
31328,D1502995851031328,Covered Comp
31329,D1039545365031329,Covered Comp
31330,D0054899859031330,Covered Comp
31331,D0629360289031331,Covered Comp
31332,D3648112945031332,Covered Comp
31333,D6610465523031333,Covered Comp
31334,D0739508651031334,Covered Comp
31335,D8347647091031335,Covered Comp
31336,D2095058742031336,Covered Comp
31337,D8556316228031337,Covered Comp
31338,D1196532302031338,Covered Comp
31339,D0564715585031339,Covered Comp
31340,D3431932858031340,Covered Comp
31341,D2663437252031341,Covered Comp
31342,D2531671940031342,Covered Comp
31343,D9246753503031343,Covered Comp
31344,D1862979664031344,Covered Comp
31345,D2319977071031345,Covered Comp
31346,D8249889433031346,Covered Comp
31347,D3681824074031347,Covered Comp
31348,D3213022125031348,Covered Comp
31349,D8890913632031349,Covered Comp
31350,D4251941971031350,Covered Comp
31351,D4335198887031351,Covered Comp
31352,D3201310062031352,Covered Comp
31353,D7576599757031353,Covered Comp
31354,D5894405471031354,Covered Comp
31355,D5187394195031355,Covered Comp
31356,D3776834774031356,Covered Comp
31357,D8733718328031357,Covered Comp
31358,D7891507148031358,Covered Comp
31359,D9147266521031359,Covered Comp
31360,D3702896852031360,Covered Comp
31361,D8240389032031361,Covered Comp
31362,D9049411610031362,Covered Comp
31363,D4566263252031363,Covered Comp
31364,D3755041296031364,Covered Comp
31365,D6714224844031365,Covered Comp
31366,D7505148212031366,Covered Comp
31367,D4418802327031367,Covered Comp
31368,D7674867824031368,Covered Comp
31369,D3554412138031369,Covered Comp
31370,D7946461090031370,Covered Comp
31371,D5414594066031371,Covered Comp
31372,D6081255565031372,Covered Comp
31373,D6761548891031373,Covered Comp
31374,D7822532556031374,Covered Comp
31375,D8524429135031375,Covered Comp
31376,D3693099148031376,Covered Comp
31377,D4444167464031377,Covered Comp
31378,D9020333347031378,Covered Comp
31379,D8295438218031379,Covered Comp
31380,D4687968779031380,Covered Comp
31381,D4899264125031381,Covered Comp
31382,D5539244180031382,Covered Comp
31383,D9530593518031383,Covered Comp
31384,D6724730317031384,Covered Comp
31385,D1886857312031385,Covered Comp
31386,D7110323722031386,Covered Comp
31387,D4447783720031387,Covered Comp
31388,D5630363763031388,Covered Comp
31389,D0790993415031389,Covered Comp
31390,D5663846206031390,Covered Comp
31391,D3333205124031391,Covered Comp
31392,D3580650288031392,Covered Comp
31393,D4322753271031393,Covered Comp
31394,D5823382241031394,Covered Comp
31395,D1309417198031395,Covered Comp
31396,D7046836951031396,Covered Comp
31397,D4082638230031397,Covered Comp
31398,D3490410677031398,Covered Comp
31399,D3372207516031399,Covered Comp
31400,D6719289472031400,Covered Comp
31401,D4565277029031401,Covered Comp
31402,D5509480876031402,Covered Comp
31403,D5023560046031403,Covered Comp
31404,D3682208578031404,Covered Comp
31405,D2204076548031405,Covered Comp
31406,D8620726604031406,Covered Comp
31407,D9534084730031407,Covered Comp
31408,D4543435243031408,Covered Comp
31409,D5833967967031409,Covered Comp
31410,D0005446108031410,Covered Comp
31411,D3551731382031411,Covered Comp
31412,D0882467139031412,Covered Comp
31413,D2194557003031413,Covered Comp
31414,D1387664338031414,Covered Comp
31415,D0192955738031415,Covered Comp
31416,D3113835061031416,Covered Comp
31417,D6545837063031417,Covered Comp
31418,D4345555921031418,Covered Comp
31419,D8922773406031419,Covered Comp
31420,D1791009753031420,Covered Comp
31421,D2365795321031421,Covered Comp
31422,D0332458464031422,Covered Comp
31423,D2635472781031423,Covered Comp
31424,D0276796494031424,Covered Comp
31425,D6085550049031425,Covered Comp
31426,D3352750383031426,Covered Comp
31427,D3911194803031427,Covered Comp
31428,D1893486092031428,Covered Comp
31429,D1467807159031429,Covered Comp
31430,D5687252069031430,Covered Comp
31431,D5659787955031431,Covered Comp
31432,D7605547853031432,Covered Comp
31433,D4975126635031433,Covered Comp
31434,D1851844820031434,Covered Comp
31435,D2138114779031435,Covered Comp
31436,D2796773544031436,Covered Comp
31437,D1844007319031437,Covered Comp
31438,D6820954362031438,Covered Comp
31439,D3119516899031439,Covered Comp
31440,D7068463641031440,Covered Comp
31441,D6352394092031441,Covered Comp
31442,D2766367451031442,Covered Comp
31443,D0468162541031443,Covered Comp
31444,D3930099888031444,Covered Comp
31445,D6066330119031445,Covered Comp
31446,D0184690157031446,Covered Comp
31447,D1786088376031447,Covered Comp
31448,D3540655338031448,Covered Comp
31449,D1683657068031449,Covered Comp
31450,D9420765709031450,Covered Comp
31451,D5799205208031451,Covered Comp
31452,D2921207540031452,Covered Comp
31453,D3369986837031453,Covered Comp
31454,D0979653865031454,Covered Comp
31455,D3826170031031455,Covered Comp
31456,D6710723580031456,Covered Comp
31457,D6818997852031457,Covered Comp
31458,D6500390421031458,Covered Comp
31459,D3943426552031459,Covered Comp
31460,D1316847919031460,Covered Comp
31461,D8399152887031461,Covered Comp
31462,D3670017692031462,Covered Comp
31463,D0928235437031463,Covered Comp
31464,D8691153973031464,Covered Comp
31465,D5686947434031465,Covered Comp
31466,D4280875504031466,Covered Comp
31467,D1269254711031467,Covered Comp
31468,D2723212443031468,Covered Comp
31469,D5555682276031469,Covered Comp
31470,D7796736294031470,Covered Comp
31471,D1504404000031471,Covered Comp
31472,D0257285838031472,Covered Comp
31473,D2039569846031473,Covered Comp
31474,D2881648233031474,Covered Comp
31475,D6745667694031475,Covered Comp
31476,D2914606119031476,Covered Comp
31477,D2979042913031477,Covered Comp
31478,D8087837556031478,Covered Comp
31479,D6726763451031479,Covered Comp
31480,D0238236923031480,Covered Comp
31481,D7565530352031481,Covered Comp
31482,D3809202858031482,Covered Comp
31483,D1792827926031483,Covered Comp
31484,D1669279427031484,Covered Comp
31485,D2409520789031485,Covered Comp
31486,D8623891248031486,Covered Comp
31487,D8876337691031487,Covered Comp
31488,D6409314191031488,Covered Comp
31489,D6851996562031489,Covered Comp
31490,D4582638668031490,Covered Comp
31491,D0300592058031491,Covered Comp
31492,D5667225160031492,Covered Comp
31493,D2074325240031493,Covered Comp
31494,D3175993853031494,Covered Comp
31495,D0156157097031495,Covered Comp
31496,D1535685679031496,Covered Comp
31497,D0854960987031497,Covered Comp
31498,D6227324284031498,Covered Comp
31499,D3440057859031499,Covered Comp
31500,D6565627506031500,Covered Comp
31501,D8478667422031501,Covered Comp
31502,D3896532931031502,Covered Comp
31503,D2694340342031503,Covered Comp
31504,D0344559619031504,Covered Comp
31505,D0609510993031505,Covered Comp
31506,D8532855898031506,Covered Comp
31507,D9198064053031507,Covered Comp
31508,D5321976153031508,Covered Comp
31509,D3051510063031509,Covered Comp
31510,D4874565080031510,Covered Comp
31511,D7222345903031511,Covered Comp
31512,D9136289378031512,Covered Comp
31513,D8537250487031513,Covered Comp
31514,D7994040850031514,Covered Comp
31515,D8946344938031515,Covered Comp
31516,D9284099252031516,Covered Comp
31517,D5099919978031517,Covered Comp
31518,D2810506132031518,Covered Comp
31519,D9756210045031519,Covered Comp
31520,D2004789577031520,Covered Comp
31521,D2628461308031521,Covered Comp
31522,D4373339324031522,Covered Comp
31523,D5503333437031523,Covered Comp
31524,D3981129547031524,Covered Comp
31525,D7474474038031525,Covered Comp
31526,D5054847330031526,Covered Comp
31527,D0031820649031527,Covered Comp
31528,D2607921114031528,Covered Comp
31529,D1751379448031529,Covered Comp
31530,D4362286557031530,Covered Comp
31531,D7843594079031531,Covered Comp
31532,D3509474335031532,Covered Comp
31533,D2247271865031533,Covered Comp
31534,D7694434248031534,Covered Comp
31535,D9234440000031535,Covered Comp
31536,D1434652965031536,Covered Comp
31537,D2739842588031537,Covered Comp
31538,D1879867875031538,Covered Comp
31539,D4084230471031539,Covered Comp
31540,D5447328536031540,Covered Comp
31541,D1655785338031541,Covered Comp
31542,D3359185892031542,Covered Comp
31543,D9746475294031543,Covered Comp
31544,D7850667350031544,Covered Comp
31545,D4235417456031545,Covered Comp
31546,D9612186725031546,Covered Comp
31547,D6406053015031547,Covered Comp
31548,D9963179731031548,Covered Comp
31549,D9042144743031549,Covered Comp
31550,D5537626767031550,Covered Comp
31551,D8037814650031551,Covered Comp
31552,D6778122483031552,Covered Comp
31553,D5504582928031553,Covered Comp
31554,D2867704480031554,Covered Comp
31555,D9768602790031555,Covered Comp
31556,D9148854371031556,Covered Comp
31557,D3169406376031557,Covered Comp
31558,D7848881986031558,Covered Comp
31559,D9408065003031559,Covered Comp
31560,D7954889570031560,Covered Comp
31561,D8996576530031561,Covered Comp
31562,D3342825982031562,Covered Comp
31563,D6312303539031563,Covered Comp
31564,D6245223155031564,Covered Comp
31565,D4170991286031565,Covered Comp
31566,D9070489310031566,Covered Comp
31567,D9047014241031567,Covered Comp
31568,D4798766505031568,Covered Comp
31569,D9970431342031569,Covered Comp
31570,D6186103062031570,Covered Comp
31571,D9645709234031571,Covered Comp
31572,D7624508357031572,Covered Comp
31573,D7090208809031573,Covered Comp
31574,D5810974176031574,Covered Comp
31575,D8642814487031575,Covered Comp
31576,D1339755166031576,Covered Comp
31577,D2518929836031577,Covered Comp
31578,D5331161494031578,Covered Comp
31579,D6428741787031579,Covered Comp
31580,D8010951610031580,Covered Comp
31581,D1627263650031581,Covered Comp
31582,D2688692248031582,Covered Comp
31583,D4895473268031583,Covered Comp
31584,D4643795022031584,Covered Comp
31585,D1870454741031585,Covered Comp
31586,D4472268137031586,Covered Comp
31587,D2650272057031587,Covered Comp
31588,D0176286093031588,Covered Comp
31589,D1247511983031589,Covered Comp
31590,D1874617963031590,Covered Comp
31591,D7672372657031591,Covered Comp
31592,D4868582724031592,Covered Comp
31593,D3231521455031593,Covered Comp
31594,D9062100566031594,Covered Comp
31595,D6505659011031595,Covered Comp
31596,D9636851737031596,Covered Comp
31597,D2243988791031597,Covered Comp
31598,D1238157378031598,Covered Comp
31599,D5387183066031599,Covered Comp
31600,D4786438410031600,Covered Comp
31601,D1888821420031601,Covered Comp
31602,D5082924811031602,Covered Comp
31603,D1453878329031603,Covered Comp
31604,D7399684090031604,Covered Comp
31605,D7555530799031605,Covered Comp
31606,D1155595696031606,Covered Comp
31607,D2579664284031607,Covered Comp
31608,D3688591332031608,Covered Comp
31609,D0030619563031609,Covered Comp
31610,D3494106118031610,Covered Comp
31611,D9876092490031611,Covered Comp
31612,D5847457590031612,Covered Comp
31613,D6403832107031613,Covered Comp
31614,D0907756402031614,Covered Comp
31615,D3170052138031615,Covered Comp
31616,D3115518600031616,Covered Comp
31617,D4840344153031617,Covered Comp
31618,D8628256051031618,Covered Comp
31619,D6631665436031619,Covered Comp
31620,D6020408142031620,Covered Comp
31621,D6220722972031621,Covered Comp
31622,D8057824539031622,Covered Comp
31623,D7705159823031623,Covered Comp
31624,D7568925670031624,Covered Comp
31625,D5936664171031625,Covered Comp
31626,D0545682452031626,Covered Comp
31627,D9613013343031627,Covered Comp
31628,D1668737436031628,Covered Comp
31629,D4554657877031629,Covered Comp
31630,D5667196467031630,Covered Comp
31631,D6370175350031631,Covered Comp
31632,D1331000147031632,Covered Comp
31633,D6197545447031633,Covered Comp
31634,D3257736448031634,Covered Comp
31635,D8817622419031635,Covered Comp
31636,D9157248726031636,Covered Comp
31637,D8764751658031637,Covered Comp
31638,D4266273595031638,Covered Comp
31639,D3181675742031639,Covered Comp
31640,D5044913474031640,Covered Comp
31641,D8439840344031641,Covered Comp
31642,D0254806814031642,Covered Comp
31643,D3430013128031643,Covered Comp
31644,D8875298609031644,Covered Comp
31645,D5897231210031645,Covered Comp
31646,D4252599300031646,Covered Comp
31647,D0680742289031647,Covered Comp
31648,D7830709616031648,Covered Comp
31649,D1057114597031649,Covered Comp
31650,D1256079593031650,Covered Comp
31651,D3951948196031651,Covered Comp
31652,D7771766551031652,Covered Comp
31653,D1026998668031653,Covered Comp
31654,D0317304784031654,Covered Comp
31655,D1178584175031655,Covered Comp
31656,D9139524722031656,Covered Comp
31657,D4764166292031657,Covered Comp
31658,D2006559836031658,Covered Comp
31659,D5980697043031659,Covered Comp
31660,D4478487692031660,Covered Comp
31661,D9989922480031661,Covered Comp
31662,D2402330200031662,Covered Comp
31663,D0129100369031663,Covered Comp
31664,D4903427169031664,Covered Comp
31665,D6276372328031665,Covered Comp
31666,D5275002967031666,Covered Comp
31667,D0448648386031667,Covered Comp
31668,D1141387900031668,Covered Comp
31669,D2770106007031669,Covered Comp
31670,D6496734616031670,Covered Comp
31671,D8505362005031671,Covered Comp
31672,D8231705712031672,Covered Comp
31673,D9088702446031673,Covered Comp
31674,D8958923205031674,Covered Comp
31675,D1962572592031675,Covered Comp
31676,D7485720371031676,Covered Comp
31677,D6155741154031677,Covered Comp
31678,D1426759646031678,Covered Comp
31679,D7798132191031679,Covered Comp
31680,D6277387790031680,Covered Comp
31681,D9050053433031681,Covered Comp
31682,D0477504941031682,Covered Comp
31683,D6557066889031683,Covered Comp
31684,D1607186847031684,Covered Comp
31685,D2174695163031685,Covered Comp
31686,D3712014075031686,Covered Comp
31687,D5834337943031687,Covered Comp
31688,D0854114759031688,Covered Comp
31689,D6677642993031689,Covered Comp
31690,D9853004694031690,Covered Comp
31691,D6904030871031691,Covered Comp
31692,D2585156600031692,Covered Comp
31693,D4590663751031693,Covered Comp
31694,D7083388014031694,Covered Comp
31695,D5124687351031695,Covered Comp
31696,D1597920653031696,Covered Comp
31697,D0600400138031697,Covered Comp
31698,D3219659346031698,Covered Comp
31699,D0070333015031699,Covered Comp
31700,D0101918620031700,Covered Comp
31701,D2637000427031701,Covered Comp
31702,D1534834664031702,Covered Comp
31703,D5192404959031703,Covered Comp
31704,D2739390153031704,Covered Comp
31705,D8816276036031705,Covered Comp
31706,D6868233902031706,Covered Comp
31707,D1732235109031707,Covered Comp
31708,D1125393845031708,Covered Comp
31709,D2811341136031709,Covered Comp
31710,D9826855324031710,Covered Comp
31711,D9717387260031711,Covered Comp
31712,D7112337247031712,Covered Comp
31713,D4385462473031713,Covered Comp
31714,D4605213229031714,Covered Comp
31715,D2535325941031715,Covered Comp
31716,D7201588596031716,Covered Comp
31717,D7657590220031717,Covered Comp
31718,D5152605897031718,Covered Comp
31719,D9773773912031719,Covered Comp
31720,D5867490406031720,Covered Comp
31721,D0925210461031721,Covered Comp
31722,D8258702783031722,Covered Comp
31723,D4066540869031723,Covered Comp
31724,D4717541414031724,Covered Comp
31725,D6916971774031725,Covered Comp
31726,D2131093948031726,Covered Comp
31727,D4457066238031727,Covered Comp
31728,D3525422515031728,Covered Comp
31729,D5828917619031729,Covered Comp
31730,D3389445187031730,Covered Comp
31731,D3056630173031731,Covered Comp
31732,D3995711048031732,Covered Comp
31733,D4353046284031733,Covered Comp
31734,D9461990348031734,Covered Comp
31735,D2622934260031735,Covered Comp
31736,D1857652374031736,Covered Comp
31737,D7349316781031737,Covered Comp
31738,D1819432823031738,Covered Comp
31739,D5400580124031739,Covered Comp
31740,D3248061577031740,Covered Comp
31741,D2004288022031741,Covered Comp
31742,D1228995217031742,Covered Comp
31743,D2319207443031743,Covered Comp
31744,D1517555472031744,Covered Comp
31745,D6520881142031745,Covered Comp
31746,D3373328376031746,Covered Comp
31747,D3249036725031747,Covered Comp
31748,D9124849914031748,Covered Comp
31749,D8713364801031749,Covered Comp
31750,D2885279946031750,Covered Comp
31751,D5379320543031751,Covered Comp
31752,D2202174712031752,Covered Comp
31753,D3638089015031753,Covered Comp
31754,D8281359537031754,Covered Comp
31755,D1571885633031755,Covered Comp
31756,D3163846736031756,Covered Comp
31757,D6310574638031757,Covered Comp
31758,D6462317328031758,Covered Comp
31759,D5755560488031759,Covered Comp
31760,D5475322494031760,Covered Comp
31761,D8112592775031761,Covered Comp
31762,D9977845833031762,Covered Comp
31763,D3719453159031763,Covered Comp
31764,D1102836949031764,Covered Comp
31765,D4807023913031765,Covered Comp
31766,D4704936404031766,Covered Comp
31767,D5924606818031767,Covered Comp
31768,D3293029284031768,Covered Comp
31769,D3891442737031769,Covered Comp
31770,D5116804541031770,Covered Comp
31771,D4970544768031771,Covered Comp
31772,D1419874157031772,Covered Comp
31773,D9523340102031773,Covered Comp
31774,D4281391982031774,Covered Comp
31775,D2481560276031775,Covered Comp
31776,D2901224013031776,Covered Comp
31777,D7702466760031777,Covered Comp
31778,D2190074872031778,Covered Comp
31779,D1650533285031779,Covered Comp
31780,D4679258909031780,Covered Comp
31781,D8586188299031781,Covered Comp
31782,D8070064140031782,Covered Comp
31783,D6679333959031783,Covered Comp
31784,D2891171048031784,Covered Comp
31785,D5128791288031785,Covered Comp
31786,D8108972548031786,Covered Comp
31787,D8084800676031787,Covered Comp
31788,D4603796966031788,Covered Comp
31789,D9247826516031789,Covered Comp
31790,D3710680629031790,Covered Comp
31791,D0211244622031791,Covered Comp
31792,D1377469994031792,Covered Comp
31793,D5687117885031793,Covered Comp
31794,D6662774765031794,Covered Comp
31795,D6737667976031795,Covered Comp
31796,D5576765122031796,Covered Comp
31797,D4598182723031797,Covered Comp
31798,D2560118873031798,Covered Comp
31799,D7669123639031799,Covered Comp
31800,D6180584800031800,Covered Comp
31801,D7559208355031801,Covered Comp
31802,D1122349530031802,Covered Comp
31803,D6103847708031803,Covered Comp
31804,D8468492722031804,Covered Comp
31805,D5606005430031805,Covered Comp
31806,D8031662443031806,Covered Comp
31807,D7731702487031807,Covered Comp
31808,D2560140434031808,Covered Comp
31809,D3364735858031809,Covered Comp
31810,D5938646676031810,Covered Comp
31811,D7635398721031811,Covered Comp
31812,D7187382684031812,Covered Comp
31813,D8757167104031813,Covered Comp
31814,D7303847763031814,Covered Comp
31815,D8732299270031815,Covered Comp
31816,D7792304586031816,Covered Comp
31817,D1777528783031817,Covered Comp
31818,D3172262744031818,Covered Comp
31819,D5337065674031819,Covered Comp
31820,D2135905178031820,Covered Comp
31821,D6705275352031821,Covered Comp
31822,D9229946688031822,Covered Comp
31823,D6475741526031823,Covered Comp
31824,D3626486032031824,Covered Comp
31825,D4291400446031825,Covered Comp
31826,D5721684174031826,Covered Comp
31827,D3443664486031827,Covered Comp
31828,D9142517481031828,Covered Comp
31829,D1894098586031829,Covered Comp
31830,D0516171434031830,Covered Comp
31831,D5639268428031831,Covered Comp
31832,D1097263126031832,Covered Comp
31833,D3638134517031833,Covered Comp
31834,D3637357199031834,Covered Comp
31835,D0129104892031835,Covered Comp
31836,D1428496979031836,Covered Comp
31837,D5719197846031837,Covered Comp
31838,D7203547139031838,Covered Comp
31839,D5723692306031839,Covered Comp
31840,D6013552889031840,Covered Comp
31841,D2134096530031841,Covered Comp
31842,D2372613814031842,Covered Comp
31843,D9703507132031843,Covered Comp
31844,D1918387732031844,Covered Comp
31845,D5423249830031845,Covered Comp
31846,D0878711331031846,Covered Comp
31847,D2022361748031847,Covered Comp
31848,D9049827596031848,Covered Comp
31849,D7076673113031849,Covered Comp
31850,D3238553610031850,Covered Comp
31851,D8475582364031851,Covered Comp
31852,D0489805600031852,Covered Comp
31853,D0660920375031853,Covered Comp
31854,D1277074299031854,Covered Comp
31855,D5962016091031855,Covered Comp
31856,D4717386201031856,Covered Comp
31857,D2779549994031857,Covered Comp
31858,D7523328209031858,Covered Comp
31859,D7238276602031859,Covered Comp
31860,D3209395723031860,Covered Comp
31861,D4102009519031861,Covered Comp
31862,D0226075860031862,Covered Comp
31863,D2561745874031863,Covered Comp
31864,D8782428809031864,Covered Comp
31865,D6180318138031865,Covered Comp
31866,D3023018868031866,Covered Comp
31867,D8326908292031867,Covered Comp
31868,D5712190278031868,Covered Comp
31869,D7976890475031869,Covered Comp
31870,D7760782964031870,Covered Comp
31871,D0411702452031871,Covered Comp
31872,D1153498889031872,Covered Comp
31873,D8954515800031873,Covered Comp
31874,D1251640228031874,Covered Comp
31875,D6307203233031875,Covered Comp
31876,D2301666899031876,Covered Comp
31877,D0559830820031877,Covered Comp
31878,D2552304987031878,Covered Comp
31879,D1754498293031879,Covered Comp
31880,D3692053903031880,Covered Comp
31881,D8929135343031881,Covered Comp
31882,D2922146585031882,Covered Comp
31883,D3694726630031883,Covered Comp
31884,D4970089847031884,Covered Comp
31885,D6359584005031885,Covered Comp
31886,D7498306005031886,Covered Comp
31887,D0561845694031887,Covered Comp
31888,D7267072229031888,Covered Comp
31889,D4463634204031889,Covered Comp
31890,D5754079732031890,Covered Comp
31891,D3812512505031891,Covered Comp
31892,D3702408295031892,Covered Comp
31893,D2282191755031893,Covered Comp
31894,D1898027291031894,Covered Comp
31895,D4877640645031895,Covered Comp
31896,D4157446563031896,Covered Comp
31897,D7329680388031897,Covered Comp
31898,D2236469153031898,Covered Comp
31899,D5300913076031899,Covered Comp
31900,D1364027595031900,Covered Comp
31901,D8025313649031901,Covered Comp
31902,D2785268151031902,Covered Comp
31903,D3073720971031903,Covered Comp
31904,D3203248387031904,Covered Comp
31905,D7797498535031905,Covered Comp
31906,D9225794600031906,Covered Comp
31907,D7621000055031907,Covered Comp
31908,D6445153054031908,Covered Comp
31909,D8571965537031909,Covered Comp
31910,D5356433619031910,Covered Comp
31911,D9540691909031911,Covered Comp
31912,D8277463515031912,Covered Comp
31913,D0734939326031913,Covered Comp
31914,D9824620754031914,Covered Comp
31915,D7952705199031915,Covered Comp
31916,D2733601364031916,Covered Comp
31917,D3128005017031917,Covered Comp
31918,D0986844648031918,Covered Comp
31919,D6872959994031919,Covered Comp
31920,D7349616690031920,Covered Comp
31921,D6118769690031921,Covered Comp
31922,D1076518421031922,Covered Comp
31923,D7082683976031923,Covered Comp
31924,D0402605632031924,Covered Comp
31925,D9212088960031925,Covered Comp
31926,D9276035979031926,Covered Comp
31927,D6804874716031927,Covered Comp
31928,D6361015146031928,Covered Comp
31929,D0701945213031929,Covered Comp
31930,D9658788286031930,Covered Comp
31931,D0512632934031931,Covered Comp
31932,D7832942276031932,Covered Comp
31933,D1964401468031933,Covered Comp
31934,D9790730125031934,Covered Comp
31935,D4470722987031935,Covered Comp
31936,D8088950763031936,Covered Comp
31937,D1015796103031937,Covered Comp
31938,D5491956463031938,Covered Comp
31939,D0917251922031939,Covered Comp
31940,D3598354769031940,Covered Comp
31941,D1915561194031941,Covered Comp
31942,D2976868632031942,Covered Comp
31943,D3999307500031943,Covered Comp
31944,D7122898153031944,Covered Comp
31945,D3638528475031945,Covered Comp
31946,D4569433713031946,Covered Comp
31947,D3980612269031947,Covered Comp
31948,D8117721321031948,Covered Comp
31949,D3045271531031949,Covered Comp
31950,D3796993851031950,Covered Comp
31951,D4938856804031951,Covered Comp
31952,D6266035035031952,Covered Comp
31953,D7688139047031953,Covered Comp
31954,D0159140470031954,Covered Comp
31955,D1892619913031955,Covered Comp
31956,D6424720132031956,Covered Comp
31957,D9228354829031957,Covered Comp
31958,D3724994552031958,Covered Comp
31959,D9744676019031959,Covered Comp
31960,D1336663825031960,Covered Comp
31961,D1055742588031961,Covered Comp
31962,D1639663128031962,Covered Comp
31963,D6352508421031963,Covered Comp
31964,D9367265748031964,Covered Comp
31965,D2421464709031965,Covered Comp
31966,D8210914600031966,Covered Comp
31967,D1902531605031967,Covered Comp
31968,D5666940372031968,Covered Comp
31969,D8060393162031969,Covered Comp
31970,D7022257853031970,Covered Comp
31971,D3074805664031971,Covered Comp
31972,D1427987230031972,Covered Comp
31973,D2332266746031973,Covered Comp
31974,D7355441344031974,Covered Comp
31975,D2099061520031975,Covered Comp
31976,D7595048447031976,Covered Comp
31977,D5303217367031977,Covered Comp
31978,D1267709832031978,Covered Comp
31979,D9007590509031979,Covered Comp
31980,D7995624079031980,Covered Comp
31981,D3809295995031981,Covered Comp
31982,D1759967393031982,Covered Comp
31983,D5903241737031983,Covered Comp
31984,D8893984669031984,Covered Comp
31985,D7861902329031985,Covered Comp
31986,D4662167609031986,Covered Comp
31987,D0392496444031987,Covered Comp
31988,D4353615518031988,Covered Comp
31989,D2937064966031989,Covered Comp
31990,D5846862258031990,Covered Comp
31991,D4620834072031991,Covered Comp
31992,D2744548401031992,Covered Comp
31993,D0966748044031993,Covered Comp
31994,D4827031329031994,Covered Comp
31995,D6305805165031995,Covered Comp
31996,D0601770320031996,Covered Comp
31997,D7437034476031997,Covered Comp
31998,D2222851859031998,Covered Comp
31999,D0054652985031999,Covered Comp
32000,D6806788430032000,Covered Comp
idcticketnumber,idcbarcodefield1,idctiername1
