00001,71564792100001,Female $425.00
00002,93314792100002,Female $425.00
00003,47624792100003,Female $425.00
00004,75414792100004,Female $425.00
00005,21734792100005,Female $425.00
00006,88064792100006,Female $425.00
00007,10114792100007,Female $425.00
00008,10184792100008,Female $425.00
00009,53294792100009,Female $425.00
00010,58364792100010,Female $425.00
00011,16824792100011,Female $425.00
00012,79804792100012,Female $425.00
00013,47624792100013,Female $425.00
00014,28184792100014,Female $425.00
00015,91374792100015,Female $425.00
00016,16564792100016,Female $425.00
00017,48614792100017,Female $425.00
00018,74004792100018,Female $425.00
00019,10004792100019,Female $425.00
00020,24904792100020,Female $425.00
00021,33444792100021,Female $425.00
00022,22434792100022,Female $425.00
00023,28524792100023,Female $425.00
00024,40474792100024,Female $425.00
00025,65854792100025,Female $425.00
00026,70334792100026,Female $425.00
00027,11914792100027,Female $425.00
00028,91444792100028,Female $425.00
00029,21944792100029,Female $425.00
00030,77544792100030,Female $425.00
00031,26364792100031,Female $425.00
00032,52444792100032,Female $425.00
00033,58454792100033,Female $425.00
00034,51964792100034,Female $425.00
00035,53724792100035,Female $425.00
00036,50974792100036,Female $425.00
00037,23544792100037,Female $425.00
00038,27274792100038,Female $425.00
00039,88634792100039,Female $425.00
00040,86264792100040,Female $425.00
00041,60044792100041,Female $425.00
00042,53034792100042,Female $425.00
00043,77984792100043,Female $425.00
00044,30784792100044,Female $425.00
00045,61304792100045,Female $425.00
00046,27394792100046,Female $425.00
00047,62984792100047,Female $425.00
00048,14014792100048,Female $425.00
00049,49404792100049,Female $425.00
00050,92214792100050,Female $425.00
00051,73674792100051,Female $425.00
00052,18964792100052,Female $425.00
00053,35974792100053,Female $425.00
00054,60734792100054,Female $425.00
00055,45964792100055,Female $425.00
00056,41034792100056,Female $425.00
00057,85444792100057,Female $425.00
00058,37734792100058,Female $425.00
00059,31174792100059,Female $425.00
00060,89394792100060,Female $425.00
00061,40914792100061,Female $425.00
00062,72144792100062,Female $425.00
00063,68024792100063,Female $425.00
00064,30974792100064,Female $425.00
00065,82274792100065,Female $425.00
00066,12314792100066,Female $425.00
00067,77244792100067,Female $425.00
00068,86744792100068,Female $425.00
00069,47174792100069,Female $425.00
00070,13514792100070,Female $425.00
00071,48524792100071,Female $425.00
00072,90744792100072,Female $425.00
00073,34134792100073,Female $425.00
00074,78214792100074,Female $425.00
00075,70094792100075,Female $425.00
00076,31424792100076,Female $425.00
00077,38444792100077,Female $425.00
00078,68724792100078,Female $425.00
00079,20734792100079,Female $425.00
00080,75554792100080,Female $425.00
00081,60404792100081,Female $425.00
00082,12274792100082,Female $425.00
00083,94304792100083,Female $425.00
00084,74654792100084,Female $425.00
00085,56094792100085,Female $425.00
00086,68744792100086,Female $425.00
00087,86814792100087,Female $425.00
00088,83884792100088,Female $425.00
00089,90654792100089,Female $425.00
00090,70794792100090,Female $425.00
00091,55894792100091,Female $425.00
00092,93444792100092,Female $425.00
00093,64114792100093,Female $425.00
00094,76534792100094,Female $425.00
00095,12874792100095,Female $425.00
00096,52494792100096,Female $425.00
00097,89604792100097,Female $425.00
00098,44654792100098,Female $425.00
00099,87254792100099,Female $425.00
00100,95554792100100,Female $425.00
00101,84174792200101,Male $450.00
00102,72104792200102,Male $450.00
00103,83854792200103,Male $450.00
00104,71424792200104,Male $450.00
00105,12114792200105,Male $450.00
00106,24244792200106,Male $450.00
00107,52204792200107,Male $450.00
00108,84564792200108,Male $450.00
00109,60614792200109,Male $450.00
00110,87484792200110,Male $450.00
00111,68674792200111,Male $450.00
00112,69014792200112,Male $450.00
00113,28194792200113,Male $450.00
00114,84484792200114,Male $450.00
00115,40964792200115,Male $450.00
00116,14804792200116,Male $450.00
00117,85374792200117,Male $450.00
00118,71754792200118,Male $450.00
00119,75134792200119,Male $450.00
00120,36854792200120,Male $450.00
00121,28044792200121,Male $450.00
00122,59854792200122,Male $450.00
00123,55154792200123,Male $450.00
00124,16394792200124,Male $450.00
00125,83124792200125,Male $450.00
00126,26014792200126,Male $450.00
00127,54934792200127,Male $450.00
00128,74834792200128,Male $450.00
00129,26994792200129,Male $450.00
00130,39314792200130,Male $450.00
00131,52814792200131,Male $450.00
00132,80224792200132,Male $450.00
00133,36134792200133,Male $450.00
00134,48364792200134,Male $450.00
00135,28674792200135,Male $450.00
00136,76124792200136,Male $450.00
00137,30534792200137,Male $450.00
00138,51404792200138,Male $450.00
00139,83384792200139,Male $450.00
00140,13014792200140,Male $450.00
00141,29364792200141,Male $450.00
00142,19004792200142,Male $450.00
00143,40884792200143,Male $450.00
00144,42184792200144,Male $450.00
00145,79314792200145,Male $450.00
00146,19184792200146,Male $450.00
00147,62694792200147,Male $450.00
00148,22204792200148,Male $450.00
00149,25394792200149,Male $450.00
00150,95094792200150,Male $450.00
00151,24984792200151,Male $450.00
00152,37734792200152,Male $450.00
00153,24154792200153,Male $450.00
00154,75204792200154,Male $450.00
00155,88014792200155,Male $450.00
00156,41034792200156,Male $450.00
00157,89494792200157,Male $450.00
00158,35884792200158,Male $450.00
00159,28294792200159,Male $450.00
00160,55794792200160,Male $450.00
00161,21004792200161,Male $450.00
00162,66604792200162,Male $450.00
00163,32994792200163,Male $450.00
00164,43564792200164,Male $450.00
00165,74594792200165,Male $450.00
00166,57614792200166,Male $450.00
00167,77054792200167,Male $450.00
00168,62654792200168,Male $450.00
00169,35974792200169,Male $450.00
00170,50034792200170,Male $450.00
00171,42684792200171,Male $450.00
00172,89564792200172,Male $450.00
00173,26254792200173,Male $450.00
00174,68574792200174,Male $450.00
00175,41414792200175,Male $450.00
00176,42894792200176,Male $450.00
00177,70344792200177,Male $450.00
00178,66654792200178,Male $450.00
00179,38574792200179,Male $450.00
00180,99664792200180,Male $450.00
00181,47694792200181,Male $450.00
00182,74074792200182,Male $450.00
00183,40404792200183,Male $450.00
00184,44354792200184,Male $450.00
00185,25564792200185,Male $450.00
00186,97174792200186,Male $450.00
00187,33534792200187,Male $450.00
00188,80214792200188,Male $450.00
00189,74804792200189,Male $450.00
00190,41474792200190,Male $450.00
00191,37004792200191,Male $450.00
00192,43194792200192,Male $450.00
00193,18194792200193,Male $450.00
00194,16844792200194,Male $450.00
00195,86834792200195,Male $450.00
00196,78364792200196,Male $450.00
00197,11134792200197,Male $450.00
00198,35154792200198,Male $450.00
00199,63044792200199,Male $450.00
00200,78814792200200,Male $450.00
00201,64984792300201,Female LB $500.00
00202,90424792300202,Female LB $500.00
00203,79174792300203,Female LB $500.00
00204,47064792300204,Female LB $500.00
00205,42854792300205,Female LB $500.00
00206,81514792300206,Female LB $500.00
00207,84314792300207,Female LB $500.00
00208,28944792300208,Female LB $500.00
00209,37844792300209,Female LB $500.00
00210,27224792300210,Female LB $500.00
00211,27654792300211,Female LB $500.00
00212,70014792300212,Female LB $500.00
00213,53844792300213,Female LB $500.00
00214,34004792300214,Female LB $500.00
00215,45484792300215,Female LB $500.00
00216,14534792300216,Female LB $500.00
00217,68824792300217,Female LB $500.00
00218,16074792300218,Female LB $500.00
00219,40764792300219,Female LB $500.00
00220,46724792300220,Female LB $500.00
00221,30604792300221,Female LB $500.00
00222,68094792300222,Female LB $500.00
00223,95124792300223,Female LB $500.00
00224,84844792300224,Female LB $500.00
00225,55134792300225,Female LB $500.00
00226,50334792300226,Female LB $500.00
00227,93414792300227,Female LB $500.00
00228,97464792300228,Female LB $500.00
00229,17294792300229,Female LB $500.00
00230,96294792300230,Female LB $500.00
00231,90724792300231,Female LB $500.00
00232,82444792300232,Female LB $500.00
00233,64134792300233,Female LB $500.00
00234,62904792300234,Female LB $500.00
00235,71924792300235,Female LB $500.00
00236,68294792300236,Female LB $500.00
00237,70734792300237,Female LB $500.00
00238,83134792300238,Female LB $500.00
00239,93674792300239,Female LB $500.00
00240,48144792300240,Female LB $500.00
00241,18374792300241,Female LB $500.00
00242,61204792300242,Female LB $500.00
00243,89004792300243,Female LB $500.00
00244,26074792300244,Female LB $500.00
00245,35414792300245,Female LB $500.00
00246,90194792300246,Female LB $500.00
00247,54284792300247,Female LB $500.00
00248,86054792300248,Female LB $500.00
00249,10514792300249,Female LB $500.00
00250,82204792300250,Female LB $500.00
00251,78784792300251,Female LB $500.00
00252,33394792300252,Female LB $500.00
00253,38454792300253,Female LB $500.00
00254,51054792300254,Female LB $500.00
00255,36734792300255,Female LB $500.00
00256,48564792300256,Female LB $500.00
00257,78384792300257,Female LB $500.00
00258,57394792300258,Female LB $500.00
00259,21804792300259,Female LB $500.00
00260,13674792300260,Female LB $500.00
00261,84644792300261,Female LB $500.00
00262,86354792300262,Female LB $500.00
00263,84154792300263,Female LB $500.00
00264,31334792300264,Female LB $500.00
00265,69994792300265,Female LB $500.00
00266,37774792300266,Female LB $500.00
00267,79984792300267,Female LB $500.00
00268,66094792300268,Female LB $500.00
00269,11444792300269,Female LB $500.00
00270,98754792300270,Female LB $500.00
00271,83544792300271,Female LB $500.00
00272,58314792300272,Female LB $500.00
00273,48494792300273,Female LB $500.00
00274,58914792300274,Female LB $500.00
00275,11694792300275,Female LB $500.00
00276,60624792300276,Female LB $500.00
00277,73944792300277,Female LB $500.00
00278,87954792300278,Female LB $500.00
00279,80844792300279,Female LB $500.00
00280,36754792300280,Female LB $500.00
00281,67174792300281,Female LB $500.00
00282,95894792300282,Female LB $500.00
00283,26654792300283,Female LB $500.00
00284,43014792300284,Female LB $500.00
00285,89904792300285,Female LB $500.00
00286,15674792300286,Female LB $500.00
00287,55884792300287,Female LB $500.00
00288,72144792300288,Female LB $500.00
00289,34514792300289,Female LB $500.00
00290,18334792300290,Female LB $500.00
00291,21044792300291,Female LB $500.00
00292,99774792300292,Female LB $500.00
00293,24754792300293,Female LB $500.00
00294,30654792300294,Female LB $500.00
00295,57384792300295,Female LB $500.00
00296,63294792300296,Female LB $500.00
00297,29124792300297,Female LB $500.00
00298,85354792300298,Female LB $500.00
00299,72424792300299,Female LB $500.00
00300,43254792300300,Female LB $500.00
00301,36554792400301,Male LB $500.00
00302,63694792400302,Male LB $500.00
00303,67994792400303,Male LB $500.00
00304,17274792400304,Male LB $500.00
00305,74764792400305,Male LB $500.00
00306,90654792400306,Male LB $500.00
00307,34764792400307,Male LB $500.00
00308,86494792400308,Male LB $500.00
00309,71024792400309,Male LB $500.00
00310,52614792400310,Male LB $500.00
00311,49264792400311,Male LB $500.00
00312,94434792400312,Male LB $500.00
00313,95384792400313,Male LB $500.00
00314,37444792400314,Male LB $500.00
00315,33434792400315,Male LB $500.00
00316,78404792400316,Male LB $500.00
00317,86554792400317,Male LB $500.00
00318,77244792400318,Male LB $500.00
00319,76634792400319,Male LB $500.00
00320,23424792400320,Male LB $500.00
00321,50074792400321,Male LB $500.00
00322,93444792400322,Male LB $500.00
00323,60214792400323,Male LB $500.00
00324,88624792400324,Male LB $500.00
00325,99184792400325,Male LB $500.00
00326,44494792400326,Male LB $500.00
00327,24484792400327,Male LB $500.00
00328,46154792400328,Male LB $500.00
00329,68064792400329,Male LB $500.00
00330,95944792400330,Male LB $500.00
00331,18304792400331,Male LB $500.00
00332,92584792400332,Male LB $500.00
00333,47614792400333,Male LB $500.00
00334,93244792400334,Male LB $500.00
00335,61074792400335,Male LB $500.00
00336,62824792400336,Male LB $500.00
00337,43764792400337,Male LB $500.00
00338,46754792400338,Male LB $500.00
00339,37294792400339,Male LB $500.00
00340,16514792400340,Male LB $500.00
00341,18204792400341,Male LB $500.00
00342,99454792400342,Male LB $500.00
00343,63564792400343,Male LB $500.00
00344,36924792400344,Male LB $500.00
00345,41714792400345,Male LB $500.00
00346,67174792400346,Male LB $500.00
00347,68174792400347,Male LB $500.00
00348,52394792400348,Male LB $500.00
00349,19944792400349,Male LB $500.00
00350,81104792400350,Male LB $500.00
00351,23064792400351,Male LB $500.00
00352,40204792400352,Male LB $500.00
00353,71634792400353,Male LB $500.00
00354,83084792400354,Male LB $500.00
00355,18374792400355,Male LB $500.00
00356,73004792400356,Male LB $500.00
00357,29504792400357,Male LB $500.00
00358,63184792400358,Male LB $500.00
00359,89514792400359,Male LB $500.00
00360,27714792400360,Male LB $500.00
00361,43404792400361,Male LB $500.00
00362,49884792400362,Male LB $500.00
00363,66684792400363,Male LB $500.00
00364,36924792400364,Male LB $500.00
00365,36204792400365,Male LB $500.00
00366,32734792400366,Male LB $500.00
00367,76844792400367,Male LB $500.00
00368,62784792400368,Male LB $500.00
00369,82024792400369,Male LB $500.00
00370,87494792400370,Male LB $500.00
00371,78334792400371,Male LB $500.00
00372,33464792400372,Male LB $500.00
00373,87034792400373,Male LB $500.00
00374,73824792400374,Male LB $500.00
00375,47844792400375,Male LB $500.00
00376,92014792400376,Male LB $500.00
00377,32704792400377,Male LB $500.00
00378,75384792400378,Male LB $500.00
00379,99954792400379,Male LB $500.00
00380,57774792400380,Male LB $500.00
00381,61624792400381,Male LB $500.00
00382,52554792400382,Male LB $500.00
00383,89204792400383,Male LB $500.00
00384,80294792400384,Male LB $500.00
00385,45764792400385,Male LB $500.00
00386,57534792400386,Male LB $500.00
00387,44574792400387,Male LB $500.00
00388,55744792400388,Male LB $500.00
00389,77254792400389,Male LB $500.00
00390,22054792400390,Male LB $500.00
00391,86544792400391,Male LB $500.00
00392,55794792400392,Male LB $500.00
00393,81684792400393,Male LB $500.00
00394,17464792400394,Male LB $500.00
00395,96624792400395,Male LB $500.00
00396,59054792400396,Male LB $500.00
00397,83874792400397,Male LB $500.00
00398,87464792400398,Male LB $500.00
00399,39384792400399,Male LB $500.00
00400,64954792400400,Male LB $500.00
00401,IET6a0e391c41e725.03587678,fem combo
00402,IET6a0e391c422749.01496634,fem combo
00403,IET6a0e391c426cf9.97856301,fem combo
00404,IET6a0e3e1c696dd4.35740154,fem combo
00405,IET6a0e4019c0c637.90242964,fem combo
00406,IET6a18ae3a9a73d7.66077143,fem combo
00407,IET6a1d98b4604424.68460785,fem combo
00408,IET6a1e269de73069.46410184,fem combo
00409,IET6a209896e10eb8.31296692,fem combo
00410,IET6a233461ec2921.19999183,fem combo
00411,IET6a2756d2848ec6.53564838,fem combo
00412,IET6a308e422817e9.73745837,fem combo
00413,IET6a31d069ac5b62.57064077,fem combo
00414,IET6a32c7faa07947.65896625,fem combo
00415,IET6a3596ef8d2cf2.66843670,fem combo
00416,IET6a0e30e3957dd6.92470351,male combp
00417,IET6a0e335dca52b0.96177187,male combp
00418,IET6a0e374dce8871.76184478,male combp
00419,IET6a0e391c42afc6.09021421,male combp
00420,IET6a0e3fc43ef375.66827463,male combp
00421,IET6a0e4a5714d799.11354034,male combp
00422,IET6a12619bebf270.13070113,male combp
00423,IET6a1351d1f00485.98231668,male combp
00424,IET6a1cbe31777397.91942402,male combp
00425,IET6a1e269de78242.60632571,male combp
00426,TK6a5e76b7e12873.87048834,Comps
00427,TK6a5e76b8173015.51780808,Comps
00428,TK6a7f8df9afe449.53949752,Comps
00429,TK6a7f8df9e68691.00358156,Comps
00430,TK6a83c978aca994.79043914,Comps
00431,TK6a83c978d82596.49605218,Comps
00432,TK6a83caa23518d3.04488771,Comps
00433,TK6a83caa26012c3.76844373,Comps
00434,TK6a83cf3668b247.81731548,Comps
00435,TK6a83cf36a682e0.36423767,Comps
00436,TK6a845d3d1ba920.82486987,Comps
00437,TK6a84ae547c6505.05474131,Comps
00438,TK6a84e5ab5ad749.72702181,Comps
00439,TK6a84e5f91435d1.89801115,Comps
00440,TK6a84e6174e6274.10289662,Comps
00441,TK6a85d7bd7b2a43.06290255,Comps
00442,TK6a85d7bd805864.48452886,Comps
00443,TK6a85f3875f2549.87740381,Comps
00444,TK6a86060c549ad4.15425100,Comps
00445,TK6a860bba284ea3.65781952,Comps
00446,TK6a860bf377e950.52218003,Comps
00447,TK6a860bf37be122.49445382,Comps
00448,TK6a860d18a18459.54693398,Comps
00449,TK6a864f7204f096.97532925,Comps
00450,TK6a8661ded7bdf5.54508651,Comps
00451,TK6a8661df166258.16046327,Comps
00452,TK6a866224948718.77441296,Comps
00453,TK6a8671977bc635.05533049,Comps
00454,TK6a867197a639f1.03130650,Comps
00455,TK6a867217d96096.22039695,Comps
00456,TK6a8672bd772f25.72467125,Comps
00457,TK6a8674228fb523.80740751,Comps
00458,TK6a8674bdd2e8c9.09481466,Comps
00459,TK6a86777c135fd7.09195565,Comps
00460,TK6a86777c446789.99732234,Comps
00461,TK6a8677c819d9d2.75712656,Comps
00462,TK6a867932cac736.98447586,Comps
00463,TK6a867dc5bc1257.58650166,Comps
00464,TK6a867dc6149fc4.90246177,Comps
00465,TK6a867dc65774c5.47464981,Comps
00466,TK6a8688717d1f29.96398053,Comps
00467,TK6a874d9e5b4f32.08175900,Comps
00468,TK6a879ed5eb0372.58489640,Comps
00469,TK6a87a6e024d998.37809436,Comps
00470,TK6a87b2bf559b89.69395453,Comps
00471,TK6a87b65b0f92d3.22567233,Comps
00472,TK6a87ba94063571.46698492,Comps
00473,TK6a87bae5349345.81311857,Comps
00474,TK6a87bc546f7e39.60754959,Comps
00475,TK6a884a4008bab9.92681314,Comps
00476,TK6a884a40396703.81395017,Comps
00477,TK6a884a40693b41.01888230,Comps
00478,TK6a884a409ad839.40926698,Comps
00479,TK6a884a40cbc8d4.54943454,Comps
00480,TK6a884a4101c504.77861548,Comps
00481,TK6a884a41352bb3.80056595,Comps
00482,TK6a884a416053e3.98147568,Comps
00483,TK6a884a418c2fc0.95542865,Comps
00484,TK6a884a41b687a3.97307534,Comps
00485,TK6a884a6a8e61d0.60194594,Comps
00486,TK6a884a6aba8ff6.38528946,Comps
00487,TK6a884a6ae476b2.79498601,Comps
00488,TK6a884a6b1a41a5.13076670,Comps
00489,TK6a884a6b4b5290.98246147,Comps
00490,TK6a884a6b758ea1.11416545,Comps
00491,TK6a884c7aa88582.87360071,Comps
00492,TK6a884c7ad64e25.27391004,Comps
00493,TK6a884c7b1d0f59.98821253,Comps
00494,TK6a884c7b50b7e4.79560251,Comps
00495,TK6a8861a995d197.23168011,Comps
00496,TK6a8861c8b937b5.70943507,Comps
00497,TK6a886247a53162.03112699,Comps
00498,TK6a886429104363.10722702,Comps
00499,TK6a886429414dc4.86664395,Comps
00500,TK6a886527151219.55926478,Comps
00501,TK6a886527576028.05422729,Comps
00502,TK6a8865279b2146.22984799,Comps
00503,TK6a886527cd5771.95043446,Comps
00504,TK6a8865901a2b48.29774421,Comps
00505,TK6a886590460572.38022284,Comps
00506,TK6a8865cd8dd505.21713811,Comps
00507,TK6a8865cdbb0c92.96414259,Comps
00508,TK6a88679c5d2746.30774169,Comps
00509,TK6a8867dbbce084.57084783,Comps
00510,TK6a8867dbe96e06.65001235,Comps
00511,TK6a8867dc220570.22901707,Comps
00512,TK6a8867dc536679.18938843,Comps
00513,TK6a8867dc86e887.08681733,Comps
00514,TK6a888258a24438.56092994,Comps
00515,TK6a888258d38540.36729075,Comps
00516,TK6a88825910c136.93804496,Comps
00517,TK6a888259464803.47719613,Comps
00518,TK6a8883877f8876.73743967,Comps
00519,TK6a888387d0eb08.79675628,Comps
00520,TK6a888c3b118d20.52372601,Comps
00521,TK6a888c3b46bef6.40555718,Comps
00522,TK6a888c3b7c4f10.57576731,Comps
00523,TK6a88936248ff29.34571627,Comps
00524,TK6a8893628aee91.00624016,Comps
00525,TK6a889362ce4878.51627647,Comps
00526,TK6a8893630d20a8.73859359,Comps
00527,TK6a88938734fff8.10878420,Comps
00528,TK6a889387675021.21423403,Comps
00529,TK6a8893eb351b19.46534334,Comps
00530,TK6a8893eb68edb3.24642561,Comps
00531,TK6a8894443b7c79.77483185,Comps
00532,TK6a889444714b73.97374335,Comps
00533,TK6a8894c4d00ab4.09108963,Comps
00534,TK6a8894c50fbd90.45115800,Comps
00535,TK6a8894c5a13da3.49704518,Comps
00536,TK6a8894c5d68079.65467444,Comps
00537,TK6a8896624d84e1.34926449,Comps
00538,TK6a889662a4b778.39904062,Comps
00539,TK6a88ccd0ac8ac3.96476503,Comps
00540,TK6a88ccd0e44d10.11501013,Comps
00541,TK6a88cf6f74b439.69264762,Comps
00542,TK6a88cf6fb0b8d0.07608429,Comps
00543,TK6a88e1b8ad0b87.45974109,Comps
00544,TK6a88e1b8eff1c0.80856540,Comps
00545,TK6a88e3d7cd51e2.78103993,Comps
00546,TK6a88e3d80f9809.92944271,Comps
00547,TK6a88e3f628f952.61747168,Comps
00548,TK6a88e3f6622fc7.14664028,Comps
00549,TK6a88e4134d2e51.42408327,Comps
00550,TK6a88e413852b38.31805591,Comps
00551,TK6a88e413bee6b4.26276067,Comps
00552,TK6a88e4143587e4.44017995,Comps
00553,TK6a88e44aec8ad8.29424009,Comps
00554,TK6a88e44b399614.12606887,Comps
00555,TK6a88e8007a2ad6.45940648,Comps
00556,TK6a88e800da2710.70077829,Comps
00557,TK6a88e8011c0b53.47561370,Comps
00558,TK6a88e801593c00.25826279,Comps
00559,TK6a88ea3583e755.42589868,Comps
00560,TK6a88ea35b6af59.18427397,Comps
00561,TK6a88ea35ea3e14.23536078,Comps
00562,TK6a88f16231ba10.01079072,Comps
00563,TK6a88f162688520.55571092,Comps
00564,TK6a88f3eed84215.60355967,Comps
00565,TK6a88f670124266.19240563,Comps
00566,TK6a88f670461712.88197552,Comps
00567,TK6a89a55f9aaec2.34115027,Comps
00568,TK6a89de3c93a580.03973180,Comps
00569,TK6a89e4b33982c6.01912751,Comps
00570,TK6a89e4b38e3721.82311118,Comps
00571,TK6a89ea112cabe2.98586002,Comps
00572,TK6a89ea11695095.97449102,Comps
00573,TK6a89f093d03062.93993011,Comps
00574,TK6a89f17b57b948.06930457,Comps
00575,TK6a89f17b8863d0.08923194,Comps
00576,TK6a89f17bb209a4.33376017,Comps
00577,TK6a89f2ff0f4ad3.63027425,Comps
00578,TK6a89f50cf3fc05.73834766,Comps
00579,TK6a89f50d28d016.15224068,Comps
00580,TK6a89f7a503c078.58631502,Comps
00581,TK6a89fc517cec14.76848921,Comps
00582,TK6a89fdb9a92f69.21891279,Comps
00583,TK6a89fdb9e8d087.67910648,Comps
00584,TK6a89fe42527c70.03609688,Comps
00585,TK6a89fe427defc4.51113311,Comps
00586,TK6a89fe42ade664.29030821,Comps
00587,TK6a89fe42ddd419.94033498,Comps
00588,TK6a8a106d2407a6.07573701,Comps
00589,TK6a8a106d5162b0.93315084,Comps
00590,TK6a8a106d784858.19219791,Comps
00591,TK6a8a106da6fab8.60830850,Comps
00592,TK6a8a120c348b15.40693746,Comps
00593,TK6a8a13c3210110.27207381,Comps
00594,TK6a8a283b1acb00.73641332,Comps
00595,TK6a8a2fab413a91.83632382,Comps
00596,TK6a8a320b3eea02.17860944,Comps
00597,TK6a8a320b6aa314.68921797,Comps
00598,TK6a8a322345ce82.52738286,Comps
00599,TK6a8a380aaa11a4.93961634,Comps
00600,TK6a8a380adcf8f5.39254150,Comps
00601,TK6a8a3fe1a36100.51747851,Comps
00602,TK6a8a411ebed193.71820276,Comps
00603,TK6a8a411eed4e01.33427619,Comps
00604,TK6a8a420b2f23b0.81350481,Comps
00605,TK6a8a420b591cc2.53029336,Comps
00606,TK6a8a420b823627.63884457,Comps
00607,TK6a8a420bab3192.71984312,Comps
00608,TK6a8a420bd487e5.82651161,Comps
00609,TK6a8a420c085fa0.38259880,Comps
00610,TK6a8a420c363764.32021204,Comps
00611,TK6a8a420c5e4f72.29593109,Comps
00612,TK6a8a420c875103.33664116,Comps
00613,TK6a8a420cb0dca1.13670637,Comps
00614,TK6a8a420ce14997.23698429,Comps
00615,TK6a8a420d1ccc03.83772399,Comps
00616,TK6a8a42eb6dcb63.92520769,Comps
00617,TK6a8a42eb963ed0.04702455,Comps
00618,TK6a8a4361502211.91355126,Comps
00619,TK6a8a451fba8447.08704907,Comps
00620,TK6a8a45ac221956.57966256,Comps
00621,TK6a8a45f2c11b51.09645128,Comps
00622,TK6a8a45f30f5202.34171921,Comps
00623,TK6a8a463ea6e2c0.24014737,Comps
00624,TK6a8a463ed85197.52082848,Comps
00625,TK6a8a463f1552b5.16229839,Comps
00626,TK6a8a491429ed99.55462204,Comps
00627,TK6a8a491452c0d2.09866797,Comps
00628,TK6a8a4c0c63cd13.14876569,Comps
00629,TK6a8a4fd938c348.99355264,Comps
00630,TK6a8a54dad46e45.49270885,Comps
00631,TK6a8a580183a216.45266807,Comps
00632,TK6a8a5d5d829052.19877107,Comps
00633,TK6a8a6b1973ba47.52883399,Comps
00634,TK6a8a6b199e73c8.63949064,Comps
00635,TK6a8a6e57a64127.13083450,Comps
00636,TK6a8a72747180a6.63364008,Comps
00637,TK6a8a7274bc76f0.80479828,Comps
00638,TK6a8a72aa6e3056.80055786,Comps
00639,TK6a8a72aa97ae10.93293563,Comps
00640,TK6a8a72aac7d075.21315368,Comps
00641,TK6a8a72c3091a69.28081722,Comps
00642,TK6a8a72c3386b37.34387675,Comps
00643,TK6a8a72c3685620.03608789,Comps
00644,TK6a83ba1df081e1.87052496,Female Comp
00645,TK6a83bbcbee6f04.15887511,Female Comp
00646,TK6a83bc6f2be7c4.20356997,Female Comp
00647,TK6a845bf6008b04.84699958,Female Comp
00648,TK6a84646a293be0.26398552,Female Comp
00649,TK6a84646a2cb8a5.39066627,Female Comp
00650,TK6a846ad1c11bc6.49021508,Female Comp
00651,TK6a846b31042a38.97956705,Female Comp
00652,TK6a846b310734d4.43814463,Female Comp
00653,TK6a846e64de2238.49867954,Female Comp
00654,TK6a8473f96c9649.66617232,Female Comp
00655,TK6a8478ecb39122.73354498,Female Comp
00656,TK6a84835cd81161.60791950,Female Comp
00657,TK6a84a379af21e1.63413773,Female Comp
00658,TK6a84a81ae04e39.96791433,Female Comp
00659,TK6a84ab56238b51.46050213,Female Comp
00660,TK6a84b970239177.09003130,Female Comp
00661,TK6a84c4d643ce41.47089173,Female Comp
00662,TK6a84c4d646e865.42061265,Female Comp
00663,TK6a84e05a6e4a75.32916110,Female Comp
00664,TK6a8510bb294ba4.56646102,Female Comp
00665,TK6a8512f966ac82.28721831,Female Comp
00666,TK6a858dff47ba46.59732721,Female Comp
00667,TK6a8594d5cc0d68.22278103,Female Comp
00668,TK6a85b7d782bf33.84946919,Female Comp
00669,TK6a85b8c22fd521.17693824,Female Comp
00670,TK6a85b908dfd232.27761515,Female Comp
00671,TK6a85b908e462e5.17980559,Female Comp
00672,TK6a85c76a9b4b42.04581446,Female Comp
00673,TK6a85c984cd9045.73919955,Female Comp
00674,TK6a85d18412cb11.94034188,Female Comp
00675,TK6a85e26ec45573.43288932,Female Comp
00676,TK6a85e26ec82588.57083033,Female Comp
00677,TK6a85e3f161ad34.12256517,Female Comp
00678,TK6a85e6c740ed05.65317266,Female Comp
00679,TK6a85e6c744d542.14325296,Female Comp
00680,TK6a85e6c7498440.49398653,Female Comp
00681,TK6a85e6c75069d5.91154559,Female Comp
00682,TK6a85e6c7588500.31409895,Female Comp
00683,TK6a85e6c75d4ba6.35102435,Female Comp
00684,TK6a85e6c765b321.10884272,Female Comp
00685,TK6a85e6c769aca7.68935315,Female Comp
00686,TK6a85e7b9f3ad76.08066231,Female Comp
00687,TK6a85f0e12eb296.17152378,Female Comp
00688,TK6a85f0e135cf81.72542270,Female Comp
00689,TK6a85f0e13e5ea6.90389874,Female Comp
00690,TK6a85f0e1447156.98247766,Female Comp
00691,TK6a85f0e1483be2.54248274,Female Comp
00692,TK6a85f0e14bde27.69417128,Female Comp
00693,TK6a85f0e1502454.00042800,Female Comp
00694,TK6a85f0e15425f1.51731271,Female Comp
00695,TK6a85f0e1577d87.31935244,Female Comp
00696,TK6a85f0e15a6bc7.83555087,Female Comp
00697,TK6a860a6aca0115.53148772,Female Comp
00698,TK6a86317c986ea8.76452841,Female Comp
00699,TK6a86317cc83bb6.00663497,Female Comp
00700,TK6a86eec5a7be30.00130212,Female Comp
00701,TK6a8716900b5215.21545556,Female Comp
00702,TK6a87352fb70121.35231877,Female Comp
00703,TK6a875b44470171.44237200,Female Comp
00704,TK6a8768d2b5da63.73956661,Female Comp
00705,TK6a879624d6e0a9.81380681,Female Comp
00706,TK6a879625168171.05419124,Female Comp
00707,TK6a884ecd094f56.31592242,Female Comp
00708,TK6a886438e80893.53313202,Female Comp
00709,TK6a88678335fe87.70681112,Female Comp
00710,TK6a8867835fdd07.38855589,Female Comp
00711,TK6a886783897034.24315891,Female Comp
00712,TK6a886783b3d0e0.89507891,Female Comp
00713,TK6a886783de6062.58133116,Female Comp
00714,TK6a886784141020.95048809,Female Comp
00715,TK6a886d482165f5.67137410,Female Comp
00716,TK6a886d6d0dc299.28481557,Female Comp
00717,TK6a8883178d1534.49841914,Female Comp
00718,TK6a88831d1fe7f7.54127552,Female Comp
00719,TK6a88977b7f08a6.84904868,Female Comp
00720,TK6a88aea40aa591.03337054,Female Comp
00721,TK6a88cf45edb266.60020910,Female Comp
00722,TK6a88da4ac7f955.61234504,Female Comp
00723,TK6a88da4b07dae4.97877215,Female Comp
00724,TK6a88e209c89534.49416232,Female Comp
00725,TK6a88fc6d2fdc87.38748044,Female Comp
00726,TK6a8912c0e76158.18180502,Female Comp
00727,TK6a8997facce6d6.29792743,Female Comp
00728,TK6a89a8921c83b8.77967315,Female Comp
00729,TK6a89a89252cd69.81048035,Female Comp
00730,TK6a89c7cc06ffe5.29370895,Female Comp
00731,TK6a89ea4c7c6e37.99440944,Female Comp
00732,TK6a89ea4ca632e6.10861317,Female Comp
00733,TK6a8a142cb4d539.28353171,Female Comp
00734,TK6a8a142cdeb7b1.96564887,Female Comp
00735,TK6a8a21fe3c52d0.36370934,Female Comp
00736,TK6a8a21fe65bd90.58373345,Female Comp
00737,TK6a8a2ffa57ff43.74008509,Female Comp
00738,TK6a8a2ffa83f8b8.09037671,Female Comp
00739,TK6a8a3ddbdc60b6.13050743,Female Comp
00740,TK6a8a3ddc1279d1.77973692,Female Comp
00741,TK6a8a3f2f110068.58345229,Female Comp
00742,TK6a8a46b3e23278.23200790,Female Comp
00743,TK6a8a4e8302d8b3.23614999,Female Comp
00744,TK6a8a4e83391d34.26403842,Female Comp
00745,TK6a8a50b7233453.86085050,Female Comp
00746,TK6a8a65145fe2c6.56599841,Female Comp
00747,TK6a8a651490bb21.74235370,Female Comp
00748,IET6a1301fb5ead30.81006513,Female Early Bird
00749,IET6a130e004c5a78.04406330,Female Early Bird
00750,IET6a130e004cb7c4.87066475,Female Early Bird
00751,TK6a24578b17a833.31422492,Female Early Bird
00752,IET6a2ecf83d32784.06507614,Female Early Bird
00753,IET6a3302b0674cf7.90040203,Female Early Bird
00754,IET6a450369ee01b3.48386327,Female Early Bird
00755,IET6a45036a05ba44.39460876,Female Early Bird
00756,IET6a450b843f8851.29418800,Female Early Bird
00757,IET6a450b843fd525.50855035,Female Early Bird
00758,IET6a4cffdace7799.60762371,Female Early Bird
00759,TK6a4d11c2be17c0.46185910,Female Early Bird
00760,TK6a4d11c3016600.76683103,Female Early Bird
00761,TK6a4d11c33047e5.03636078,Female Early Bird
00762,IET6a4e6770957590.47139076,Female Early Bird
00763,IET6a4e6be526a209.03050046,Female Early Bird
00764,IET6a4e6cf5d1d607.68488757,Female Early Bird
00765,IET6a5635d2d702a7.46612138,Female Early Bird
00766,IET6a595acfd00323.35589708,Female Early Bird
00767,IET6a595acfd052a8.29754172,Female Early Bird
00768,IET6a595acfd0a029.06602599,Female Early Bird
00769,IET6a5a0c2512dc62.70532997,Female Early Bird
00770,IET6a5a0c25132725.16466470,Female Early Bird
00771,IET6a5bf8b408f714.09227171,Female Early Bird
00772,IET6a611bf0466693.27075409,Female Early Bird
00773,IET6a6156e19d4288.21083206,Female Early Bird
00774,IET6a636627cf2116.13612686,Female Early Bird
00775,IET6a636627cf7e15.08872863,Female Early Bird
00776,IET6a66540c65e346.61658966,Female Early Bird
00777,IET6a6662aea351c9.49947837,Female Early Bird
00778,IET6a66667e368d97.01383562,Female Early Bird
00779,IET6a666798053ca3.67278083,Female Early Bird
00780,IET6a67a46ebf69f5.29154140,Female Early Bird
00781,IET6a68dd66d98d78.98190986,Female Early Bird
00782,IET6a694961e29875.92318644,Female Early Bird
00783,IET6a694961e2ffb6.33599816,Female Early Bird
00784,IET6a69f3a9db5911.06265996,Female Early Bird
00785,IET6a6a8378418fb8.29301462,Female Early Bird
00786,IET6a6a86f8022421.26673104,Female Early Bird
00787,IET6a6aa3b4c23241.78720195,Female Early Bird
00788,IET6a6bebde332848.08395485,Female Early Bird
00789,IET6a6bebde337c98.63477000,Female Early Bird
00790,IET6a6cce65caca64.57519593,Female Early Bird
00791,IET6a6d449aa59650.50375588,Female Early Bird
00792,IET6a6d449aa5e372.30068057,Female Early Bird
00793,IET6a7088a6db3662.16500700,Female Early Bird
00794,IET6a7088a6db7dd4.32582547,Female Early Bird
00795,IET6a70d629d84b29.70744722,Female Early Bird
00796,IET6a70d629d89c66.85105192,Female Early Bird
00797,IET6a71022c8f6701.91142953,Female Early Bird
00798,IET6a71022c8fc5a7.17803687,Female Early Bird
00799,IET6a71102e50c590.55122149,Female Early Bird
00800,IET6a71102e511c24.30788469,Female Early Bird
00801,IET6a7123a92d4577.50716290,Female Early Bird
00802,IET6a721fc1052659.70348332,Female Early Bird
00803,IET6a726fd7eb0d36.21085311,Female Early Bird
00804,IET6a72716695f664.75377814,Female Early Bird
00805,IET6a7341a05e28e5.01293716,Female Early Bird
00806,IET6a7341a05e6ee6.57462035,Female Early Bird
00807,IET6a7341a05eabd9.37508761,Female Early Bird
00808,IET6a7341a05efd37.42724130,Female Early Bird
00809,IET6a7341a05f3a34.30185647,Female Early Bird
00810,IET6a736717ebca67.60468582,Female Early Bird
00811,IET6a73b770d61413.83079292,Female Early Bird
00812,TK6a73c7c81483f5.41098037,Female Early Bird
00813,TK6a73c7c8432711.76451775,Female Early Bird
00814,IET6a755b87ba9ca2.21947273,Female Early Bird
00815,TK6a75f3160c3fd3.07419302,Female Early Bird
00816,IET6a7672cc6ad4c2.78166200,Female Early Bird
00817,IET6a7724361b9a45.33895884,Female Early Bird
00818,IET6a779e5bc166f0.92591268,Female Early Bird
00819,IET6a77b262604118.57040532,Female Early Bird
00820,IET6a7897fd9d3379.79019737,Female Early Bird
00821,IET6a78afe07d6117.73749371,Female Early Bird
00822,IET6a78bd3344bd53.52268316,Female Early Bird
00823,IET6a78e1078fe527.62619805,Female Early Bird
00824,IET6a7a5ff731ff30.30462921,Female Early Bird
00825,IET6a7a63ac724b03.19363695,Female Early Bird
00826,IET6a7a6689d39f14.88366396,Female Early Bird
00827,IET6a7a8f01595a77.73626805,Female Early Bird
00828,IET6a7bdabce865d0.29020696,Female Early Bird
00829,IET6a7c715a5f96e9.12790140,Female Early Bird
00830,IET6a7c885a0359f0.08721145,Female Early Bird
00831,IET6a7d1b8c42c722.85171422,Female Early Bird
00832,IET6a7e209d563a69.88708583,Female Early Bird
00833,IET6a7e3680312073.97145670,Female Early Bird
00834,IET6a7e59c677eea3.58512020,Female Early Bird
00835,IET6a7e5ffa2440f2.18005421,Female Early Bird
00836,IET6a7f12f27f2170.74660188,Female Early Bird
00837,IET6a7f97565e0c07.04511859,Female Early Bird
00838,IET6a7fb76fd6e5e2.31839785,Female Early Bird
00839,IET6a7fb76fd781a3.63691213,Female Early Bird
00840,IET6a7fb76fd7c377.42623944,Female Early Bird
00841,IET6a7fb76fd80422.49653598,Female Early Bird
00842,IET6a80d1a5064e83.41667319,Female Early Bird
00843,IET6a80e692eb1b10.71396956,Female Early Bird
00844,IET6a80f1dd6a11a0.41377961,Female Early Bird
00845,IET6a8116c09cbf74.83572096,Female Early Bird
00846,IET6a812fc3c49a31.96950078,Female Early Bird
00847,IET6a818ee0dc2762.87276111,Female Early Bird
00848,IET6a818ee0dc8603.84350788,Female Early Bird
00849,IET6a822a8ae76ff3.57152789,Female Early Bird
00850,IET6a826daf0f9626.92883680,Female Early Bird
00851,IET6a8289457a4e93.77574490,Female Early Bird
00852,IET6a83063c30b097.64155020,Female Early Bird
00853,IET6a832c4f27f591.74356393,Female Early Bird
00854,IET6a832c4f285ae8.44723916,Female Early Bird
00855,IET6a832c4f28b2b3.24537389,Female Early Bird
00856,IET6a833f2260d8c5.29603814,Female Early Bird
00857,IET6a83a72b946fe2.45930436,Female Early Bird
00858,IET6a83c376efb847.93792918,Female Early Bird
00859,IET6a83c376f01e40.24003949,Female Early Bird
00860,IET6a846d3d414b10.66758826,Female Early Bird
00861,IET6a8486a48cba49.22298826,Female Early Bird
00862,IET6a84923cd8ae78.98035208,Female Early Bird
00863,IET6a84a8d1b7b391.32319610,Female Early Bird
00864,IET6a84f9b11cb591.98293348,Female Early Bird
00865,IET6a858900bd93c7.16401891,Female Early Bird
00866,IET6a85ad83db6263.79369395,Female Early Bird
00867,IET6a85ad83dbdd33.47774502,Female Early Bird
00868,IET6a85ce2dedffa0.24574374,Female Early Bird
00869,IET6a85d4a2cc32e1.43583048,Female Early Bird
00870,IET6a864d09d27240.79008933,Female Early Bird
00871,IET6a864d09d2c8d9.26378895,Female Early Bird
00872,IET6a8651a22cd0c0.48991573,Female Early Bird
00873,TK6a86813e40e7d0.59186627,Female Early Bird
00874,TK6a86813e7954c9.49498609,Female Early Bird
00875,TK6a868656dadd69.19920918,Female Early Bird
00876,TK6a8686573db6f5.48296146,Female Early Bird
00877,IET6a874597639641.32248761,Female Early Bird
00878,IET6a8746d687ab30.65354654,Female Early Bird
00879,IET6a876205dca2a9.36475405,Female Early Bird
00880,IET6a885d9ba211d1.70427519,Female Early Bird
00881,IET6a888079076272.45675026,Female Early Bird
00882,IET6a888887539219.76429280,Female Early Bird
00883,IET6a889033105db7.43346658,Female Early Bird
00884,IET6a88903310b528.68112971,Female Early Bird
00885,IET6a889033111981.40708811,Female Early Bird
00886,IET6a8892a09c3f51.61793615,Female Early Bird
00887,IET6a8896ea775ad2.51905893,Female Early Bird
00888,IET6a88bc53db2b04.46140399,Female Early Bird
00889,IET6a88d484c00a13.21139591,Female Early Bird
00890,IET6a88d597ec6f69.72288194,Female Early Bird
00891,IET6a88d597ecd162.48278924,Female Early Bird
00892,IET6a88d6e3474949.33436869,Female Early Bird
00893,IET6a88d83fd229d2.29108644,Female Early Bird
00894,TK6a88d883d90128.98261382,Female Early Bird
00895,TK6a88d88419cf04.98110286,Female Early Bird
00896,TK6a88d884599226.86070108,Female Early Bird
00897,TK6a88d884912a17.16616811,Female Early Bird
00898,TK6a88d884c784d7.54434380,Female Early Bird
00899,TK6a88d8850b2521.07869108,Female Early Bird
00900,TK6a88d8854d74e8.82714716,Female Early Bird
00901,IET6a88e297173ec5.14185512,Female Early Bird
00902,IET6a88e297178cf2.97119319,Female Early Bird
00903,IET6a88e7a83dd459.57645628,Female Early Bird
00904,IET6a899afbf04203.53884529,Female Early Bird
00905,IET6a89cca7186754.91538804,Female Early Bird
00906,IET6a89d26ae33469.43546465,Female Early Bird
00907,IET6a89d2aa921ef1.27988757,Female Early Bird
00908,IET6a89d2aa927591.17885665,Female Early Bird
00909,IET6a89d714708fa2.02837488,Female Early Bird
00910,IET6a89dafa89e371.69999773,Female Early Bird
00911,IET6a89f965b55e98.16817374,Female Early Bird
00912,TK6a8a1572ddf3d5.60042552,Female Early Bird
00913,IET6a8a1dd5960f81.88009588,Female Early Bird
00914,IET6a8a2067581d47.95789079,Female Early Bird
00915,IET6a8a2853bd90c6.62456773,Female Early Bird
00916,IET6a8a316f901763.22396690,Female Early Bird
00917,IET6a8a388d327a41.15259269,Female Early Bird
00918,IET6a8a388d32edd0.88884624,Female Early Bird
00919,IET6a8a434fc1ea41.29584359,Female Early Bird
00920,IET6a8a4b65e549c7.05026279,Female Early Bird
00921,IET6a8a4f658aef05.95222775,Female Early Bird
00922,IET6a8a4f658b3770.02676819,Female Early Bird
00923,TK6a8a55ae43c339.01619702,Female Early Bird
00924,IET6a8a5cfade5aa8.68729645,Female Early Bird
00925,IET6a8a716ea86af7.34072638,Female Early Bird
00926,TK6a8a72199f3a10.99052817,Female Early Bird
00927,TK6a8a7389a65323.07360770,Female Early Bird
00928,IET6a0e3dae27a8f5.00629969,Female Family & Friends
00929,IET6a0e3ef86413a3.48216540,Female Family & Friends
00930,IET6a0f146327c429.03387352,Female Family & Friends
00931,IET6a14584b3e4415.82472550,Female Family & Friends
00932,IET6a14f6037b12f9.16574785,Female Family & Friends
00933,IET6a15b8f1552707.83178216,Female Family & Friends
00934,IET6a1633b0cb1b69.17980952,Female Family & Friends
00935,IET6a20e0be0f1488.68457968,Female Family & Friends
00936,IET6a231d36d80ff0.88531006,Female Family & Friends
00937,IET6a28a7818b25c5.15419761,Female Family & Friends
00938,IET6a314c084f0546.71632060,Female Family & Friends
00939,IET6a3345c6f09ff9.54279120,Female Family & Friends
00940,IET6a3345c6f0ea47.51764275,Female Family & Friends
00941,IET6a36d06046df07.75120389,Female Family & Friends
00942,IET6a3bcca256e573.05449028,Female Family & Friends
00943,IET6a43dd4b32fab7.52647452,Female Family & Friends
00944,IET6a4420c1c3a085.37963531,Female Family & Friends
00945,IET6a4426dbddeb87.94180386,Female Family & Friends
00946,IET6a47ea3ab9b585.63110134,Female Family & Friends
00947,IET6a491f3cd83d64.01977983,Female Family & Friends
00948,IET6a4922a5e49f73.87857204,Female Family & Friends
00949,IET6a4922a5e4eb78.87606097,Female Family & Friends
00950,IET6a494c02a91694.27998543,Female Family & Friends
00951,IET6a4cffdacdbe06.98462473,Female Family & Friends
00952,IET6a4cffdace2137.50254206,Female Family & Friends
00953,TK6a52ebe1c3f117.21676245,Female Family & Friends
00954,IET6a552c04c40d85.60639084,Female Family & Friends
00955,IET6a5635d2d61739.31713178,Female Family & Friends
00956,IET6a5635d2d67449.19825006,Female Family & Friends
00957,IET6a58f640dbad43.26105893,Female Family & Friends
00958,IET6a58f640dc13f5.55480379,Female Family & Friends
00959,IET6a595acfb76099.81310897,Female Family & Friends
00960,IET6a5bf8b4086402.85979400,Female Family & Friends
00961,IET6a5ec04140e691.43196380,Female Family & Friends
00962,IET6a5ed68a18cd47.61140904,Female Family & Friends
00963,IET6a600bbc0b02b1.61313123,Female Family & Friends
00964,IET6a61f3b10ade93.82528848,Female Family & Friends
00965,IET6a62e5b6af0ff6.98572396,Female Family & Friends
00966,IET6a62e5b6af8511.88814017,Female Family & Friends
00967,IET6a6423b8768b24.13843322,Female Family & Friends
00968,IET6a68bd4f186507.01235506,Female Family & Friends
00969,IET6a6a4c94e414f3.24636218,Female Family & Friends
00970,IET6a6aacd686ef78.91245212,Female Family & Friends
00971,IET6a6baea9b3efc7.93005871,Female Family & Friends
00972,IET6a6d6e6386e4c8.29834749,Female Family & Friends
00973,IET6a6d6e63872dd1.31617060,Female Family & Friends
00974,IET6a7c9eea11e340.21833684,Female Family & Friends
00975,IET6a80efa2b32a78.68370966,Female Family & Friends
00976,IET6a85dcb7436117.23869661,Female Family & Friends
00977,IET6a85dcb743ad45.88190764,Female Family & Friends
00978,TK6a8883dca986d7.22695078,Female Family & Friends
00979,TK6a8883dcdb8376.01863615,Female Family & Friends
00980,IET6a88c5981e0da7.60960164,Female Family & Friends
00981,IET6a89e75d0a82a1.07595895,Female Family & Friends
00982,IET6a8a05588299a8.32274671,Female Family & Friends
00983,TK6a8a10699f6819.91852411,Female Family & Friends
00984,TK6a8a1069c7fa84.02973604,Female Family & Friends
00985,TK6a8a1069ef4d53.31435495,Female Family & Friends
00986,TK6a8a106a294764.47147867,Female Family & Friends
00987,TK6a8a106a675ac2.96406470,Female Family & Friends
00988,TK6a8a106a959ec6.91690414,Female Family & Friends
00989,TK6a8a106ac4d567.85336285,Female Family & Friends
00990,TK6a8a106b004e49.45816608,Female Family & Friends
00991,TK6a8a106b366a78.12199209,Female Family & Friends
00992,TK6a8a106b656428.87038357,Female Family & Friends
00993,TK6a8a106b93e683.66400745,Female Family & Friends
00994,TK6a8a106bc25f51.84276941,Female Family & Friends
00995,TK6a8a106beb9187.86434359,Female Family & Friends
00996,TK6a8a4238494d76.37209811,Female Family & Friends
00997,TK6a8a423876dec7.01186650,Female Family & Friends
00998,TK6a8a4238a42903.46435468,Female Family & Friends
00999,TK6a89bf0e0e3f04.83350052,Female Regular 
01000,TK6a89bf0e4a29d6.36868354,Female Regular 
01001,TK6a89bf0e74f3e7.45117472,Female Regular 
01002,TK6a89bf0ea1eb24.41468453,Female Regular 
01003,TK6a89bff07d2a59.57592197,Female Regular 
01004,IET6a8a200f59ebf4.50662865,Female Regular 
01005,TK6a8a32e43eb695.63985593,Female Regular 
01006,TK6a8a5cf0bf7486.88942662,Female Regular 
01007,TK6a89bff0ad5161.83089935,Male (Regular)
01008,TK6a89bff0dc5076.17126129,Male (Regular)
01009,IET6a8a511ae17a15.03037086,Male (Regular)
01010,TK6a8a5cf115b692.07351248,Male (Regular)
01011,IET6a8a5f4db32546.99534180,Male (Regular)
01012,TK6a83ba1e5ebfe2.75748689,Male Comp
01013,TK6a83bc6f9533e2.20486820,Male Comp
01014,TK6a842dd8c29f34.88150532,Male Comp
01015,TK6a846ac750cfb4.61603490,Male Comp
01016,TK6a846b314422d2.43740574,Male Comp
01017,TK6a8471db8cd419.49641241,Male Comp
01018,TK6a8473f9ad5e76.13432554,Male Comp
01019,TK6a847d60cdd606.22580420,Male Comp
01020,TK6a8494810f0c46.19789091,Male Comp
01021,TK6a84a430964f29.05778652,Male Comp
01022,TK6a84ad62191517.45466488,Male Comp
01023,TK6a84c4d6844c79.64766607,Male Comp
01024,TK6a84d7cec26613.12121718,Male Comp
01025,TK6a84e05aacb2e9.84289122,Male Comp
01026,TK6a84e547a0fe67.65092919,Male Comp
01027,TK6a8510bb69bff4.71276196,Male Comp
01028,TK6a8512f9a43720.89078109,Male Comp
01029,TK6a85b8ee4df844.81733884,Male Comp
01030,TK6a85b909328743.44713071,Male Comp
01031,TK6a85c76ad8bb47.08044100,Male Comp
01032,TK6a85d1844f2a15.62313050,Male Comp
01033,TK6a85e26f2056e9.59532809,Male Comp
01034,TK6a85f0e1619f76.26245410,Male Comp
01035,TK6a85f0e1655502.61537595,Male Comp
01036,TK6a85f0e16b30a0.92265559,Male Comp
01037,TK6a85f0e16f0dd0.53497192,Male Comp
01038,TK6a85f0e1735894.08854884,Male Comp
01039,TK6a862ae387a9e3.72714247,Male Comp
01040,TK6a86599a05de37.89319344,Male Comp
01041,TK6a87352fe6a351.23689403,Male Comp
01042,TK6a874c7290b586.25913938,Male Comp
01043,TK6a879625809a54.28744304,Male Comp
01044,TK6a87b5d243e066.32311850,Male Comp
01045,TK6a87b5d28bbd73.13158179,Male Comp
01046,TK6a87fc420954b1.12916578,Male Comp
01047,TK6a886439679a33.42233507,Male Comp
01048,TK6a8867844368f6.57541090,Male Comp
01049,TK6a8867846d5e66.96958733,Male Comp
01050,TK6a886784979688.08198449,Male Comp
01051,TK6a886784c71ae5.03255968,Male Comp
01052,TK6a888581a010a9.51243142,Male Comp
01053,TK6a88dc4c67f941.30351997,Male Comp
01054,TK6a88e98927e601.23214657,Male Comp
01055,TK6a89cb4f05bec3.68058549,Male Comp
01056,TK6a8a0da5eedbd2.68918152,Male Comp
01057,TK6a8a0da632c5b9.19595973,Male Comp
01058,TK6a8a0da65de577.84050776,Male Comp
01059,TK6a8a21fb6e28d1.29090086,Male Comp
01060,TK6a8a21fec99b73.88572961,Male Comp
01061,TK6a8a3c3b3e60f4.72370511,Male Comp
01062,TK6a8a3ca38e5d83.80640906,Male Comp
01063,TK6a8a3ddc79f170.59278369,Male Comp
01064,TK6a8a3ddca946e2.23846451,Male Comp
01065,TK6a8a3f297e6220.40095999,Male Comp
01066,TK6a8a3f65091c84.85880108,Male Comp
01067,TK6a8a3f85d958c5.98437138,Male Comp
01068,TK6a8a3fb2bee855.59112547,Male Comp
01069,TK6a8a3fde421d05.97358034,Male Comp
01070,TK6a8a400cb79e87.90770648,Male Comp
01071,TK6a8a50b7907767.08333433,Male Comp
01072,TK6a8a5f7ed37a27.95635905,Male Comp
01073,IET6a1301fb5f1903.45765712,Male Early Bird
01074,IET6a1305857706f8.87428958,Male Early Bird
01075,IET6a25a5231be239.74645447,Male Early Bird
01076,IET6a28beac200de2.23883511,Male Early Bird
01077,IET6a300c39700935.15422477,Male Early Bird
01078,IET6a3bcab37368e9.11514073,Male Early Bird
01079,IET6a3bcca25736d7.41792348,Male Early Bird
01080,IET6a491f3cd88ad1.61054404,Male Early Bird
01081,IET6a49327fc183d9.99979077,Male Early Bird
01082,IET6a4b0e19d269d6.90039991,Male Early Bird
01083,IET6a4bf82995c270.19868097,Male Early Bird
01084,TK6a4d11c35a5955.30222506,Male Early Bird
01085,TK6a4d11c3856084.92332638,Male Early Bird
01086,IET6a4e6dff968680.66004530,Male Early Bird
01087,IET6a50498190e470.63068082,Male Early Bird
01088,IET6a5635d2d74176.98780691,Male Early Bird
01089,IET6a56b6448304e1.97903668,Male Early Bird
01090,IET6a56b644836dc2.14669917,Male Early Bird
01091,IET6a56b64483b7b0.34632795,Male Early Bird
01092,IET6a57a84dba9f27.09327875,Male Early Bird
01093,IET6a57a84dbb06d7.51031772,Male Early Bird
01094,IET6a5c2b6c31ff20.82152854,Male Early Bird
01095,IET6a5c2c23c01312.41774404,Male Early Bird
01096,IET6a5ebfd561a7d2.12855728,Male Early Bird
01097,IET6a5ffa9c94c254.75671593,Male Early Bird
01098,IET6a601e801d0377.80242164,Male Early Bird
01099,IET6a6252282589a2.08622097,Male Early Bird
01100,IET6a625228260013.50931973,Male Early Bird
01101,IET6a62fcfa5cd087.66893630,Male Early Bird
01102,IET6a62fcfa5d3812.84345664,Male Early Bird
01103,IET6a6381b598c606.36775199,Male Early Bird
01104,IET6a638c2a3a5717.37372719,Male Early Bird
01105,IET6a639ff08052e6.90324628,Male Early Bird
01106,IET6a63a80925c368.09579578,Male Early Bird
01107,IET6a63abead1e614.10865367,Male Early Bird
01108,IET6a66414e97d355.21053926,Male Early Bird
01109,IET6a689de5df6e86.93335148,Male Early Bird
01110,IET6a6a4c94e47cf8.92226861,Male Early Bird
01111,IET6a6a5e941ead23.57338646,Male Early Bird
01112,IET6a6a5e941f0320.03391978,Male Early Bird
01113,IET6a6a7d8de20005.12722895,Male Early Bird
01114,IET6a6b5249ab6109.84916095,Male Early Bird
01115,IET6a6c28ed8f8b79.89659399,Male Early Bird
01116,IET6a6cf8e1c5c744.00671764,Male Early Bird
01117,IET6a6e290fa0ddb8.79127145,Male Early Bird
01118,IET6a6e3c684a49b2.94471113,Male Early Bird
01119,IET6a6e3c684a9751.96602294,Male Early Bird
01120,IET6a6e3c684ad502.56158261,Male Early Bird
01121,IET6a6ea71db7da23.82609576,Male Early Bird
01122,IET6a7088a6dae522.92303739,Male Early Bird
01123,IET6a708b121721a3.14394944,Male Early Bird
01124,IET6a70d629d8e0d0.22183234,Male Early Bird
01125,IET6a71102e516cb9.61566682,Male Early Bird
01126,IET6a7113e4279b88.62026840,Male Early Bird
01127,IET6a715a8611f541.09188229,Male Early Bird
01128,IET6a728e0aea4205.33857279,Male Early Bird
01129,IET6a736bc745f6d1.51077775,Male Early Bird
01130,IET6a73ae31913f92.97567542,Male Early Bird
01131,IET6a73b119adde20.27354754,Male Early Bird
01132,IET6a73b770d66257.51943514,Male Early Bird
01133,TK6a73c7c88900e3.18220455,Male Early Bird
01134,TK6a73c7c8afd584.95455929,Male Early Bird
01135,TK6a73c7c8d8ddc0.32380552,Male Early Bird
01136,TK6a73c7c90bcc80.30916898,Male Early Bird
01137,IET6a742123e44399.28870279,Male Early Bird
01138,IET6a74c02de28fc5.82570906,Male Early Bird
01139,IET6a74ccd49403b3.79848444,Male Early Bird
01140,IET6a7554e47857a8.57653143,Male Early Bird
01141,IET6a7554e478b3e1.88139145,Male Early Bird
01142,IET6a75e90e12f3b9.85806568,Male Early Bird
01143,IET6a760cbd8b02b0.66105266,Male Early Bird
01144,IET6a761668253176.89177194,Male Early Bird
01145,IET6a7616682590a9.01385883,Male Early Bird
01146,IET6a76166825fb71.28236476,Male Early Bird
01147,IET6a761770e5c4b5.62090662,Male Early Bird
01148,IET6a7724361bf5b7.85427797,Male Early Bird
01149,IET6a77b262608ad4.80399184,Male Early Bird
01150,IET6a77bd206c5819.70831209,Male Early Bird
01151,IET6a7887c6a63e63.24744058,Male Early Bird
01152,IET6a7887c6a6ab14.70492590,Male Early Bird
01153,IET6a7897fd9d81f6.39606386,Male Early Bird
01154,IET6a78d17c1e6545.09480268,Male Early Bird
01155,IET6a791b13aea467.92428477,Male Early Bird
01156,IET6a795a812d1c24.00281033,Male Early Bird
01157,IET6a7a8f0159a5e9.30759976,Male Early Bird
01158,IET6a7b303cbad827.34830060,Male Early Bird
01159,IET6a7b4533562983.19630725,Male Early Bird
01160,IET6a7b71c0a5f611.51559090,Male Early Bird
01161,IET6a7bada8d81e84.03408296,Male Early Bird
01162,IET6a7bdabce8b988.99477116,Male Early Bird
01163,IET6a7c96c6b211d1.24112186,Male Early Bird
01164,IET6a7c96c6b269a0.90397503,Male Early Bird
01165,IET6a7d1b8c431c23.52498841,Male Early Bird
01166,IET6a7d1db6365601.43637010,Male Early Bird
01167,IET6a7d1db636b7e6.96217312,Male Early Bird
01168,IET6a7d1db636fcb8.68866021,Male Early Bird
01169,IET6a7e156328a5b8.85165258,Male Early Bird
01170,IET6a7e15632902d2.80687643,Male Early Bird
01171,IET6a7e1563294f21.57264221,Male Early Bird
01172,IET6a7e1563299a78.71023076,Male Early Bird
01173,IET6a7e4de3b65a21.54939826,Male Early Bird
01174,IET6a7f5652daf5b9.20713317,Male Early Bird
01175,IET6a7f5652db5386.33400754,Male Early Bird
01176,IET6a7f756497e8f1.17542652,Male Early Bird
01177,IET6a7f7564984da1.37206583,Male Early Bird
01178,IET6a7fad58323a58.13667311,Male Early Bird
01179,IET6a7fad58329b37.56363521,Male Early Bird
01180,IET6a7fad5832f044.36936891,Male Early Bird
01181,IET6a7fb76fd741c1.60175306,Male Early Bird
01182,IET6a7fd76c3d50a7.60726094,Male Early Bird
01183,TK6a7fe947706f73.93019882,Male Early Bird
01184,IET6a8080b33ed387.34682494,Male Early Bird
01185,IET6a80e7a71a0de9.15262153,Male Early Bird
01186,IET6a80f1dd6a73b5.78298316,Male Early Bird
01187,IET6a81084dd7c360.86867662,Male Early Bird
01188,IET6a8116c09d0c31.24628913,Male Early Bird
01189,IET6a818ee0dcca33.35484772,Male Early Bird
01190,IET6a81e7002dbef4.50730962,Male Early Bird
01191,IET6a81e7002e06d3.87727598,Male Early Bird
01192,IET6a8249b33d4515.24289527,Male Early Bird
01193,IET6a8249b33d9235.00852082,Male Early Bird
01194,IET6a826daf0fea10.89054251,Male Early Bird
01195,IET6a826daf103286.74499679,Male Early Bird
01196,IET6a8344f16e09e2.58966512,Male Early Bird
01197,IET6a839db781e591.25057684,Male Early Bird
01198,IET6a839db78243c4.46481078,Male Early Bird
01199,IET6a83b6eca9d4b7.30346200,Male Early Bird
01200,IET6a84546f20c537.72243803,Male Early Bird
01201,IET6a846d3d419752.25176198,Male Early Bird
01202,IET6a8472d75969e6.07436070,Male Early Bird
01203,IET6a847de551d719.84799025,Male Early Bird
01204,IET6a8489f94b7895.11954192,Male Early Bird
01205,IET6a84b846efb891.41305099,Male Early Bird
01206,IET6a84c0f73b64b7.03254419,Male Early Bird
01207,IET6a84c5ef049ba3.67617613,Male Early Bird
01208,IET6a84c96ecf16d0.80663531,Male Early Bird
01209,IET6a84dc8961d922.71303751,Male Early Bird
01210,IET6a84dcdb5d7625.90581269,Male Early Bird
01211,IET6a84f4421019e5.96694150,Male Early Bird
01212,IET6a8502b409b634.74445655,Male Early Bird
01213,IET6a8513b3562e36.91174480,Male Early Bird
01214,IET6a853cd4df61b7.65400192,Male Early Bird
01215,IET6a85aa8e15b990.50369688,Male Early Bird
01216,IET6a85ab8e5502f8.43783832,Male Early Bird
01217,IET6a85c95aed1eb4.82381033,Male Early Bird
01218,IET6a85cd86cc3b52.32437090,Male Early Bird
01219,IET6a85d4a2ccc666.94558057,Male Early Bird
01220,IET6a85e8f5056f77.89615760,Male Early Bird
01221,IET6a8611ffd31cd4.51074758,Male Early Bird
01222,IET6a8611ffd37870.69293087,Male Early Bird
01223,IET6a8611ffd3bb01.57329018,Male Early Bird
01224,IET6a8611ffd3fe85.04126755,Male Early Bird
01225,IET6a8630835a3df6.22408408,Male Early Bird
01226,IET6a8630835a9c83.18232663,Male Early Bird
01227,IET6a863ad51fae76.39040970,Male Early Bird
01228,IET6a864311d0b4f6.73022328,Male Early Bird
01229,IET6a86450d055035.80063879,Male Early Bird
01230,IET6a8649573d6698.83972238,Male Early Bird
01231,IET6a864cb14800d8.68787077,Male Early Bird
01232,IET6a86593e3425a6.80705662,Male Early Bird
01233,IET6a8690db63cc98.14865012,Male Early Bird
01234,IET6a871ca6a3bed2.98293961,Male Early Bird
01235,IET6a872b7242d4a4.18265947,Male Early Bird
01236,IET6a874d102026f2.48003266,Male Early Bird
01237,IET6a876205dd0766.97179610,Male Early Bird
01238,IET6a877f6d580aa5.76674722,Male Early Bird
01239,IET6a877f6d587fa9.28633494,Male Early Bird
01240,IET6a8879ca9e6c56.05754374,Male Early Bird
01241,IET6a88813d389c32.57357045,Male Early Bird
01242,IET6a888b40ddad35.53604010,Male Early Bird
01243,IET6a8892a09cba27.93901166,Male Early Bird
01244,IET6a8893e2c14a95.28981373,Male Early Bird
01245,IET6a88993b205e07.82942821,Male Early Bird
01246,IET6a88996fcc5a56.96112077,Male Early Bird
01247,IET6a88baff689ec6.52205080,Male Early Bird
01248,IET6a88bc53dbabd2.89629054,Male Early Bird
01249,IET6a88d6b41b9ce2.43997698,Male Early Bird
01250,IET6a88d6b41bf019.79635147,Male Early Bird
01251,IET6a88d83fd1d160.83318432,Male Early Bird
01252,TK6a88d885835247.35031361,Male Early Bird
01253,TK6a88d885b90482.36487168,Male Early Bird
01254,TK6a88d885ee78f0.55670146,Male Early Bird
01255,TK6a88d8862e6390.00687318,Male Early Bird
01256,TK6a88d88671e4a7.04612409,Male Early Bird
01257,TK6a88d886a67311.16377407,Male Early Bird
01258,IET6a88e166c79b10.53791659,Male Early Bird
01259,IET6a88e166c7f2c8.68395158,Male Early Bird
01260,IET6a88e166c83c12.12378550,Male Early Bird
01261,IET6a88e177961d88.12367589,Male Early Bird
01262,IET6a88e2b604bb75.32258465,Male Early Bird
01263,IET6a88e2b6052057.47778026,Male Early Bird
01264,IET6a88e2b6056696.85175579,Male Early Bird
01265,IET6a88e2b605ac74.90980705,Male Early Bird
01266,IET6a88e444606836.35888804,Male Early Bird
01267,IET6a8905280a4137.68237759,Male Early Bird
01268,IET6a890f66270781.43569566,Male Early Bird
01269,IET6a890f66276c59.03305702,Male Early Bird
01270,IET6a8919edb42918.63860963,Male Early Bird
01271,IET6a8920936dd055.66584397,Male Early Bird
01272,IET6a892cda60c4f7.57524667,Male Early Bird
01273,IET6a8993c5986ef9.33675062,Male Early Bird
01274,IET6a8997e0998c30.93654253,Male Early Bird
01275,IET6a8997e099db46.86045883,Male Early Bird
01276,IET6a899b7170d398.05623314,Male Early Bird
01277,IET6a89a45a7bc097.52286912,Male Early Bird
01278,IET6a89a45a7c29e6.63731478,Male Early Bird
01279,IET6a89a4e08fa747.63824925,Male Early Bird
01280,IET6a89b3335de8d4.07180265,Male Early Bird
01281,IET6a89b80ca6b042.92045718,Male Early Bird
01282,IET6a89b97cda7eb2.61285706,Male Early Bird
01283,IET6a89b97cdae2b8.06286947,Male Early Bird
01284,IET6a89c137816818.69576519,Male Early Bird
01285,IET6a89c858e33902.22862612,Male Early Bird
01286,IET6a89c9f00d1a79.77845848,Male Early Bird
01287,IET6a89d1cc10d3c3.23818129,Male Early Bird
01288,IET6a89d5f0274bf8.05949409,Male Early Bird
01289,IET6a89d7146fb241.23134077,Male Early Bird
01290,IET6a89d7146fff73.56540420,Male Early Bird
01291,IET6a89d714704857.49746778,Male Early Bird
01292,IET6a89d98fada776.93187982,Male Early Bird
01293,IET6a89e75d0a2193.77187362,Male Early Bird
01294,TK6a89f788d8f9f0.79239134,Male Early Bird
01295,TK6a89f7891a8c59.61368725,Male Early Bird
01296,IET6a89f907e2dd93.48005547,Male Early Bird
01297,IET6a89f907e33838.48077379,Male Early Bird
01298,IET6a89f965b50b12.20439522,Male Early Bird
01299,IET6a89f965b5b0b3.99769920,Male Early Bird
01300,IET6a89faed9ff304.82152927,Male Early Bird
01301,IET6a89fb47af0d78.56200001,Male Early Bird
01302,IET6a89fb47af5ce8.28624621,Male Early Bird
01303,IET6a89fcce64be76.88685631,Male Early Bird
01304,IET6a89ff11148374.23717739,Male Early Bird
01305,IET6a89ffb3dd27d6.40653885,Male Early Bird
01306,IET6a8a044806ab48.89066697,Male Early Bird
01307,IET6a8a0623e42023.13203764,Male Early Bird
01308,IET6a8a0ca9427466.23160578,Male Early Bird
01309,IET6a8a0eb271ec48.55768497,Male Early Bird
01310,IET6a8a118ab2d0a1.89833674,Male Early Bird
01311,IET6a8a119a8626d0.13520014,Male Early Bird
01312,IET6a8a11c86396f7.36578241,Male Early Bird
01313,IET6a8a14dde85e01.58617013,Male Early Bird
01314,IET6a8a19ba964a04.58668503,Male Early Bird
01315,IET6a8a2118e70702.89379012,Male Early Bird
01316,IET6a8a2118e78094.71907320,Male Early Bird
01317,IET6a8a27b8630027.48666364,Male Early Bird
01318,IET6a8a27b8634e26.51935899,Male Early Bird
01319,IET6a8a2974374a24.92698573,Male Early Bird
01320,IET6a8a3178c071c2.48422089,Male Early Bird
01321,IET6a8a31b0830f49.71034056,Male Early Bird
01322,IET6a8a36163f33b3.53036202,Male Early Bird
01323,IET6a8a3d12b0e154.59406958,Male Early Bird
01324,IET6a8a3e19072ca5.66068692,Male Early Bird
01325,IET6a8a4192352bf7.57488776,Male Early Bird
01326,IET6a8a434fc259f8.81857504,Male Early Bird
01327,IET6a8a434fc2a324.84584726,Male Early Bird
01328,IET6a8a45d1275287.45648341,Male Early Bird
01329,IET6a8a485bd8bb80.11589285,Male Early Bird
01330,IET6a8a485bd90869.47808871,Male Early Bird
01331,IET6a8a4ae2a63b89.60936712,Male Early Bird
01332,IET6a8a4b65e5ba36.01512540,Male Early Bird
01333,IET6a8a4f658b7da0.77562534,Male Early Bird
01334,TK6a8a55ae6bc985.13297429,Male Early Bird
01335,IET6a8a5cbf8c9696.14943461,Male Early Bird
01336,IET6a8a5e2abd5c81.25610362,Male Early Bird
01337,TK6a8a731e985591.45324562,Male Early Bird
01338,TK6a8a7389e2ba56.41486849,Male Early Bird
01339,TK6a8a738a1d7da5.27353804,Male Early Bird
01340,IET6a8a74e2c0b2b4.65131660,Male Early Bird
01341,IET6a8a74e2c13526.32795673,Male Early Bird
01342,IET6a8a789cef17b7.77254333,Male Early Bird
01343,IET6a0e3ef86460c5.93968143,Male Family & Friends
01344,IET6a0e4ad7c317a3.31730907,Male Family & Friends
01345,IET6a0f2de151e115.92294827,Male Family & Friends
01346,IET6a0f4408a72858.99298795,Male Family & Friends
01347,IET6a1484d8054ca2.17457023,Male Family & Friends
01348,IET6a1db3c6cc9997.39439973,Male Family & Friends
01349,IET6a20e0be0f6749.47027143,Male Family & Friends
01350,IET6a28a7818b7fc5.06245705,Male Family & Friends
01351,IET6a29beaef36dd1.81654167,Male Family & Friends
01352,IET6a355d48271187.83846966,Male Family & Friends
01353,IET6a3f1bae6079a6.13302696,Male Family & Friends
01354,IET6a445758e07a14.81544792,Male Family & Friends
01355,IET6a447d48bf0a42.30349762,Male Family & Friends
01356,IET6a450b843f1e69.91618573,Male Family & Friends
01357,TK6a49ba25508c25.89349735,Male Family & Friends
01358,IET6a49c6530c1090.50147263,Male Family & Friends
01359,IET6a4adb55a54372.13412638,Male Family & Friends
01360,IET6a4bc295178da2.70803949,Male Family & Friends
01361,IET6a53f7518fed22.75003310,Male Family & Friends
01362,IET6a54f270b95a75.19977814,Male Family & Friends
01363,IET6a558110bcf634.25407738,Male Family & Friends
01364,IET6a5635d2d6c133.68670438,Male Family & Friends
01365,IET6a58f640dc6b56.76588295,Male Family & Friends
01366,IET6a595acfcf9980.95169335,Male Family & Friends
01367,IET6a5a0c25128768.99970488,Male Family & Friends
01368,IET6a5bf8b408b279.51717026,Male Family & Friends
01369,IET6a5eaa6b92d7b0.86018621,Male Family & Friends
01370,IET6a6750f63b81f7.27260887,Male Family & Friends
01371,IET6a68b076a40ef3.46193792,Male Family & Friends
01372,IET6a6b3f501cee80.86864678,Male Family & Friends
01373,IET6a6bec3708ea59.05098285,Male Family & Friends
01374,IET6a763a00715d47.48379494,Male Family & Friends
01375,IET6a7d388bd16f63.11169963,Male Family & Friends
01376,IET6a7e156329e617.99947301,Male Family & Friends
01377,IET6a88d8f1f3fd06.65077142,Male Family & Friends
01378,IET6a898bacecf136.48816090,Male Family & Friends
01379,IET6a89e75d0adec3.20539316,Male Family & Friends
01380,IET6a8a0558830937.79004857,Male Family & Friends
01381,IET6a8a05588356f7.90981938,Male Family & Friends
01382,IET6a8a0558839d57.14735753,Male Family & Friends
01383,TK6a8a106c1f9859.58806522,Male Family & Friends
01384,TK6a8a106c50b567.05518433,Male Family & Friends
01385,TK6a8a106c799c75.79394885,Male Family & Friends
01386,TK6a8a106ca20441.01163764,Male Family & Friends
01387,TK6a8a106cc96a99.44981877,Male Family & Friends
01388,TK6a8a106cf10371.63431179,Male Family & Friends
01389,TK6a8a3fe1d21d20.60862955,Male Family & Friends
01390,TK6a8a4238d25825.10201748,Male Family & Friends
01391,TK6a8a42390d9b34.88443860,Male Family & Friends
01392,TK6a8a56cd7f1667.24273611,Male Family & Friends
01393,IET6a889059467c29.09498166,Male Late Bird
01394,IET6a88905946d0c7.77584021,Male Late Bird
01395,IET6a889059471540.48405277,Male Late Bird
01396,IET6a8a200f5a52f6.88098617,Male Late Bird
01397,IET6a8a200f5aa312.94237373,Male Late Bird
01398,TK6a8a442bc41317.74072153,Male Late Bird
01399,TK6a8a442bf38926.45015272,Male Late Bird
01400,IET6a10d9083edf94.52301897,Discount Ticket
01401,IET6a10d9083f2b27.02633622,Discount Ticket
01402,IET6a10d9083f7054.22601355,Discount Ticket
01403,IET6a10e2cb3ea3e1.46303723,Discount Ticket
01404,IET6a10e2cb3eea28.54847531,Discount Ticket
01405,IET6a10e2cb3f2ab6.84756390,Discount Ticket
01406,IET6a135a5131d071.04850510,Discount Ticket
01407,IET6a135a51321da7.19791519,Discount Ticket
01408,IET6a135a51326069.09791910,Discount Ticket
01409,IET6a17971943b9d8.95706020,Discount Ticket
01410,IET6a179719440858.28329081,Discount Ticket
01411,IET6a179719444e77.35299897,Discount Ticket
01412,IET6a1a22648f1586.80417709,Discount Ticket
01413,IET6a1a22648f6fb8.65639429,Discount Ticket
01414,IET6a1a22648fb813.98313536,Discount Ticket
01415,IET6a205c1eab9b95.91869978,Discount Ticket
01416,IET6a205c1eabfce1.41754349,Discount Ticket
01417,IET6a205c1eac3fa5.47086218,Discount Ticket
01418,IET6a21ece4c48188.53666519,Discount Ticket
01419,IET6a21ece4c4d453.36979209,Discount Ticket
01420,IET6a21ece4c53797.35120766,Discount Ticket
01421,IET6a2230ed044f39.75189216,Discount Ticket
01422,IET6a2230ed04a836.72383005,Discount Ticket
01423,IET6a2230ed0504a0.88851115,Discount Ticket
01424,IET6a22df4dccf551.32923333,Discount Ticket
01425,IET6a22df4dcd4d37.17570668,Discount Ticket
01426,IET6a22df4dcd9648.06952758,Discount Ticket
01427,IET6a3f09cd8a6804.16806258,Discount Ticket
01428,IET6a3f09cd8ab622.46853302,Discount Ticket
01429,IET6a3f09cd8af637.76755572,Discount Ticket
01430,IET6a3f0a72c1cbc0.39288220,Discount Ticket
01431,IET6a3f0a72c25d29.24100926,Discount Ticket
01432,IET6a3f0a72c2a889.98997400,Discount Ticket
01433,IET6a412da21003b8.27454335,Discount Ticket
01434,IET6a412da2104e06.62072502,Discount Ticket
01435,IET6a412da2109416.96980927,Discount Ticket
01436,IET6a4276ad5660e0.12715566,Discount Ticket
01437,IET6a4276ad56d818.69300291,Discount Ticket
01438,IET6a4276ad5724e7.04117515,Discount Ticket
01439,IET6a4432d3618a11.09446295,Discount Ticket
01440,IET6a4432d361d825.90472826,Discount Ticket
01441,IET6a4432d3621aa6.12898918,Discount Ticket
01442,TK6a445e64b84cd3.70095327,Discount Ticket
01443,TK6a445e651fcda6.89476324,Discount Ticket
01444,TK6a445e656117b0.45147550,Discount Ticket
01445,IET6a46f4f27b6787.87406817,Discount Ticket
01446,IET6a46f4f27bba78.23117798,Discount Ticket
01447,IET6a46f4f27c0336.93675098,Discount Ticket
01448,IET6a4a5ab98302f0.00653936,Discount Ticket
01449,IET6a4a5ab9836eb5.82860918,Discount Ticket
01450,IET6a4a5ab983d183.00272630,Discount Ticket
01451,TK6a4fdd7fe92469.33342463,Discount Ticket
01452,TK6a4fdd803030c7.46601227,Discount Ticket
01453,TK6a4fdd80726ff6.50905470,Discount Ticket
01454,IET6a513c3bccbdf4.77039153,Discount Ticket
01455,IET6a513c3bcd08c4.18195446,Discount Ticket
01456,IET6a513c3bcd4852.28385271,Discount Ticket
01457,IET6a55351d7b8e89.14118685,Discount Ticket
01458,IET6a55351d7bf2a8.58748092,Discount Ticket
01459,IET6a55351d7c48e8.86446430,Discount Ticket
01460,IET6a56493117c5f9.96813514,Discount Ticket
01461,IET6a564931181903.44395808,Discount Ticket
01462,IET6a5649311863b8.54351711,Discount Ticket
01463,TK6a56de6e30ad56.04239678,Discount Ticket
01464,TK6a56de6e7c6039.43603568,Discount Ticket
01465,TK6a56de6ea4cc13.17628273,Discount Ticket
01466,IET6a0e31b2e7bf37.44390963,Female Early Bird
01467,IET6a0e31b2e80e92.81852763,Female Early Bird
01468,IET6a0e3efa9ff7b4.43442814,Female Early Bird
01469,IET6a0e54d59de494.22860203,Female Early Bird
01470,IET6a0e55362bc579.23698417,Female Early Bird
01471,IET6a0e5d3f8a5774.87241801,Female Early Bird
01472,IET6a0e7787f3d099.96225758,Female Early Bird
01473,IET6a0e7787f41e84.85058386,Female Early Bird
01474,IET6a0ee873c33a33.04366694,Female Early Bird
01475,IET6a0f37817cfda4.13877563,Female Early Bird
01476,IET6a10a17f9cc824.37572605,Female Early Bird
01477,IET6a1308cb8476f2.32284969,Female Early Bird
01478,IET6a14f7ad0e02a7.31856668,Female Early Bird
01479,IET6a171151ef7f53.47118481,Female Early Bird
01480,IET6a1747ac2efc37.33179922,Female Early Bird
01481,IET6a1749ffb9ddf7.77935383,Female Early Bird
01482,IET6a183c392b4b19.51057204,Female Early Bird
01483,IET6a1c7ec3dbb9e1.20419103,Female Early Bird
01484,IET6a1c7ec3dc0425.31201209,Female Early Bird
01485,IET6a0e65a17665a9.09302857,Female Java Jouvert x Java Boat Combo Ticket
01486,IET6a167263dfbcb3.30520245,Female Java Jouvert x Java Boat Combo Ticket
01487,IET6a18cb9e79efa2.25536131,Female Java Jouvert x Java Boat Combo Ticket
01488,IET6a19df9ab46aa2.04104001,Female Java Jouvert x Java Boat Combo Ticket
01489,IET6a1a2bfca972e0.07578780,Female Java Jouvert x Java Boat Combo Ticket
01490,IET6a1d99b497cf86.45614736,Female Java Jouvert x Java Boat Combo Ticket
01491,IET6a1f1d317837b5.88599085,Female Java Jouvert x Java Boat Combo Ticket
01492,IET6a1f1d31789987.67033037,Female Java Jouvert x Java Boat Combo Ticket
01493,IET6a206e49e51330.49466602,Female Java Jouvert x Java Boat Combo Ticket
01494,IET6a2109d944cd31.40220487,Female Java Jouvert x Java Boat Combo Ticket
01495,IET6a24265a9ab370.26428398,Female Java Jouvert x Java Boat Combo Ticket
01496,IET6a2ad9d4079393.68706306,Female Java Jouvert x Java Boat Combo Ticket
01497,IET6a2bfd7e213a64.19731373,Female Java Jouvert x Java Boat Combo Ticket
01498,IET6a2d3ba41070d8.68669196,Female Java Jouvert x Java Boat Combo Ticket
01499,IET6a3a7e8ad2cc17.28296104,Female Java Jouvert x Java Boat Combo Ticket
01500,TK6a402ae82a8137.73574309,Female Java Jouvert x Java Boat Combo Ticket
01501,TK6a4f1627c52525.18998502,Female Java Jouvert x Java Boat Combo Ticket
01502,TK6a514773a7cb80.15674931,Female Java Jouvert x Java Boat Combo Ticket
01503,TK6a5580afc1fb07.36760621,Female Java Jouvert x Java Boat Combo Ticket
01504,TK6a7218565b4b40.56922743,Female Java Jouvert x Java Boat Combo Ticket
01505,TK6a85e647513b26.27866495,Female Java Jouvert x Java Boat Combo Ticket
01506,TK6a85e6475590b4.08190552,Female Java Jouvert x Java Boat Combo Ticket
01507,IET6a8631b7ea5041.92965112,Female Java Jouvert x Java Boat Combo Ticket
01508,IET6a6810b8521276.26684356,Female Late Bird
01509,IET6a6810b8525c23.53648758,Female Late Bird
01510,IET6a844f7dcf6e68.64589616,Female Late Bird
01511,IET6a88307d0e5364.51771283,Female Late Bird
01512,IET6a89fc5b6d9e06.60038656,Female Late Bird
01513,IET6a89fc5b6dfbb7.59346565,Female Late Bird
01514,IET6a208378d53621.82009253,Female Regular
01515,IET6a2267fdd33101.06969361,Female Regular
01516,IET6a24c6e0dcb815.21306832,Female Regular
01517,IET6a260526b39124.78498289,Female Regular
01518,IET6a260526b3db36.40695273,Female Regular
01519,IET6a28c4f854dc51.82025501,Female Regular
01520,IET6a2b489f917ed2.10624417,Female Regular
01521,IET6a308503ac7aa4.63374826,Female Regular
01522,IET6a32b2308b4da8.08175298,Female Regular
01523,IET6a35a9baf1e562.45925643,Female Regular
01524,IET6a35a9baf22d67.68368306,Female Regular
01525,IET6a394439c366e6.69709666,Female Regular
01526,IET6a39e1eeb07da4.88016132,Female Regular
01527,IET6a3a8ae4318635.31345955,Female Regular
01528,IET6a3a934e5c6311.44155926,Female Regular
01529,IET6a3dc35fd986f4.78496956,Female Regular
01530,IET6a3f6455c26b96.71409557,Female Regular
01531,IET6a429ba9c16f59.11905701,Female Regular
01532,IET6a440cff13ab50.86471558,Female Regular
01533,IET6a4471aa875c27.36604928,Female Regular
01534,IET6a452f05c24962.78838919,Female Regular
01535,IET6a46762acd6169.74421790,Female Regular
01536,IET6a4734aeca4ce2.44248224,Female Regular
01537,IET6a47baa9c846b5.51062798,Female Regular
01538,IET6a4835da26c7e8.17224149,Female Regular
01539,IET6a49593c82da17.45105062,Female Regular
01540,IET6a4c51f99339f3.42753662,Female Regular
01541,IET6a4d9cd60e32d4.71438687,Female Regular
01542,IET6a4db8207c56f3.02021244,Female Regular
01543,IET6a50334293b118.81080298,Female Regular
01544,IET6a5033cd6b43a6.24566812,Female Regular
01545,IET6a51a7af361796.94290476,Female Regular
01546,IET6a52bff19e6ca0.43326276,Female Regular
01547,IET6a53cfa2b8b064.62023290,Female Regular
01548,IET6a569086a7df11.46256884,Female Regular
01549,IET6a596bafce2456.42980863,Female Regular
01550,IET6a596bafce8822.89914762,Female Regular
01551,IET6a5abc38c99883.40534733,Female Regular
01552,IET6a5abce557cee6.08064839,Female Regular
01553,IET6a5e8b04bfd8e7.10781837,Female Regular
01554,IET6a5e8b04c03645.86168829,Female Regular
01555,IET6a5e8b04c08195.46681807,Female Regular
01556,IET6a5ea250026e87.46453928,Female Regular
01557,IET6a5fd7be25aaa3.14368246,Female Regular
01558,IET6a601760c6ee88.14807227,Female Regular
01559,IET6a6116187e7736.15874545,Female Regular
01560,IET6a6400a353ec07.41516934,Female Regular
01561,IET6a64b6321c3dd5.18359410,Female Regular
01562,IET6a64eb2a799aa8.20222673,Female Regular
01563,IET6a6509dee408e0.55250951,Female Regular
01564,IET6a652f897db3a9.67396902,Female Regular
01565,IET6a653d1d3098b6.94344469,Female Regular
01566,IET6a655dcc325747.02156826,Female Regular
01567,IET6a655dcc32a6b6.55280820,Female Regular
01568,IET6a664e7e720e75.39376558,Female Regular
01569,IET6a66a3498fb6f2.99145184,Female Regular
01570,IET6a66a4d1433dd7.30468559,Female Regular
01571,IET6a66b4d172afe3.61017182,Female Regular
01572,IET6a67c8a4826da0.22894159,Female Regular
01573,IET6a67e4e4c11711.36055487,Female Regular
01574,IET6a67eba6efb674.34944676,Female Regular
01575,IET6a67eba6f02687.90594166,Female Regular
01576,IET6a67ec281186e3.76860171,Female Regular
01577,IET6a6807c2acd456.72869796,Female Regular
01578,IET6a68ac0a4ce472.02772511,Female Regular
01579,IET6a69c959d17f74.78055472,Female Regular
01580,IET6a6a5430b212b6.33119145,Female Regular
01581,IET6a6a82c1cfbb67.70387936,Female Regular
01582,IET6a6acacc2a0601.85069185,Female Regular
01583,IET6a6cafcb4891d3.21995177,Female Regular
01584,IET6a6cafcb48d8a5.07152454,Female Regular
01585,IET6a6cc7d774ea76.76518749,Female Regular
01586,IET6a6cc842398811.97456372,Female Regular
01587,IET6a6d34caeeac75.38670782,Female Regular
01588,IET6a6eb132490f69.87259234,Female Regular
01589,IET6a6eb738d21c37.13192860,Female Regular
01590,IET6a6edd2962ea64.95620941,Female Regular
01591,IET6a6f48661925e6.78725639,Female Regular
01592,IET6a6f5fc928d364.17209042,Female Regular
01593,IET6a6f62b4962571.78760478,Female Regular
01594,IET6a6f62b4966f84.15776200,Female Regular
01595,IET6a6fc5afe99661.35778360,Female Regular
01596,IET6a6fcd1b918cd4.07981491,Female Regular
01597,IET6a708c430a4015.64769615,Female Regular
01598,IET6a70d463c91e07.45128626,Female Regular
01599,IET6a70d463c97130.08287746,Female Regular
01600,IET6a70d463c9b517.63571632,Female Regular
01601,IET6a714d7b4c7801.70248389,Female Regular
01602,IET6a727a2e951556.91499233,Female Regular
01603,IET6a72834e817a16.75262494,Female Regular
01604,IET6a72834e81cce9.86675493,Female Regular
01605,IET6a737e655a6db9.36405857,Female Regular
01606,IET6a73ca007d0e36.33702754,Female Regular
01607,IET6a73ca007d5b17.86418974,Female Regular
01608,IET6a73ca007da841.93899838,Female Regular
01609,IET6a73e429af28a4.97074020,Female Regular
01610,IET6a73f9b24f46d5.96201219,Female Regular
01611,IET6a73f9b24fb239.75431973,Female Regular
01612,IET6a74b1f82d2f88.44671996,Female Regular
01613,IET6a74c04e269a49.56268515,Female Regular
01614,IET6a74c04e26fca3.96950040,Female Regular
01615,IET6a75f73eb91799.29279803,Female Regular
01616,IET6a75f842a2e376.52210648,Female Regular
01617,IET6a75f842a34517.80815950,Female Regular
01618,IET6a75f9d9e59973.06773246,Female Regular
01619,IET6a75fa3d7da5e2.88238184,Female Regular
01620,IET6a75ffa90b9af0.74774421,Female Regular
01621,IET6a764f4de40b67.65062980,Female Regular
01622,IET6a76654cdfaef8.68781309,Female Regular
01623,IET6a7665eb958ba3.28634973,Female Regular
01624,IET6a77967da1d1c5.04479964,Female Regular
01625,IET6a77c890d79479.07386728,Female Regular
01626,IET6a78ed81719af8.33449539,Female Regular
01627,IET6a79377c159334.20211715,Female Regular
01628,IET6a79d5695b6256.17715045,Female Regular
01629,IET6a79fa139b8147.76127760,Female Regular
01630,IET6a7a1bd4ea6be3.80512785,Female Regular
01631,IET6a7a1c45976aa8.05664519,Female Regular
01632,IET6a7aaa09887472.76567480,Female Regular
01633,IET6a7b7a8fd30a21.62984013,Female Regular
01634,IET6a7c7166458ac6.12036237,Female Regular
01635,IET6a7cdb8a5bddc0.26301770,Female Regular
01636,IET6a7d01bd112d26.86760725,Female Regular
01637,IET6a7d01bd118ae2.92754903,Female Regular
01638,IET6a7d16f06beb48.76424178,Female Regular
01639,IET6a7d188135f7a0.15340884,Female Regular
01640,IET6a7d35106f5079.14475915,Female Regular
01641,IET6a7daed8746c99.50174262,Female Regular
01642,IET6a7db8ea5d9017.54073239,Female Regular
01643,IET6a7e34af975191.12773947,Female Regular
01644,IET6a7e49e514f368.97286229,Female Regular
01645,IET6a7e8deabbe160.69713289,Female Regular
01646,IET6a7e94b956b207.11240623,Female Regular
01647,IET6a7f1a9db130e2.40642170,Female Regular
01648,IET6a7f2feb6278d6.37709222,Female Regular
01649,IET6a7f4cedd20263.65959361,Female Regular
01650,IET6a7f6011a6e644.25525845,Female Regular
01651,IET6a7f91a97eb6c5.32977989,Female Regular
01652,IET6a7f91f2c833e2.89470675,Female Regular
01653,IET6a7fdaef8c4d58.97801721,Female Regular
01654,IET6a80b4efb58b47.36740857,Female Regular
01655,IET6a80ce3d2d50a1.45129968,Female Regular
01656,IET6a810e203945d0.55544004,Female Regular
01657,IET6a811111b4e102.75695041,Female Regular
01658,IET6a811111bb4627.61063617,Female Regular
01659,IET6a811111bd25a1.09420596,Female Regular
01660,IET6a811111bd6f56.24767209,Female Regular
01661,IET6a813d67743dc9.52792890,Female Regular
01662,IET6a814cfda91259.11155763,Female Regular
01663,IET6a81a6afbdf9d3.55063443,Female Regular
01664,IET6a81c5830eb932.35079411,Female Regular
01665,IET6a81f87ba0a3d0.73310893,Female Regular
01666,IET6a8219864f2ba3.97845265,Female Regular
01667,IET6a823a6ea3e292.20694028,Female Regular
01668,IET6a8245efa4eef4.80281012,Female Regular
01669,IET6a82606c659ba9.20656477,Female Regular
01670,IET6a82711f4556b7.84683018,Female Regular
01671,IET6a8314e0f2afd0.10707678,Female Regular
01672,IET6a83611792b450.89248329,Female Regular
01673,IET6a836514051296.30257045,Female Regular
01674,IET6a836514056424.66597663,Female Regular
01675,IET6a838ada2e98f6.52682112,Female Regular
01676,IET6a839739a7f998.87532831,Female Regular
01677,IET6a839af0025e72.44287132,Female Regular
01678,IET6a839d1e8d7952.36980258,Female Regular
01679,IET6a839deb2675d1.24267750,Female Regular
01680,IET6a83a4b6e1bed9.99961840,Female Regular
01681,IET6a83af7e3c11b2.92464418,Female Regular
01682,IET6a83b6becae0a6.83562603,Female Regular
01683,IET6a848f32d5d3b8.93882319,Female Regular
01684,IET6a84bac357be88.29733278,Female Regular
01685,IET6a84dc34b98ff1.99550391,Female Regular
01686,IET6a84f43ecc9bc2.43730166,Female Regular
01687,IET6a84f7af6fba16.59098602,Female Regular
01688,IET6a8522b900c075.41311967,Female Regular
01689,IET6a85c76d66f327.23863398,Female Regular
01690,IET6a860f16677f86.47596977,Female Regular
01691,IET6a861e894de492.84719059,Female Regular
01692,IET6a861e894e4b06.98437901,Female Regular
01693,IET6a863fd5abaf32.15021884,Female Regular
01694,IET6a865382306602.44161766,Female Regular
01695,IET6a86675f52d8e4.87279648,Female Regular
01696,IET6a8671028a4755.02018120,Female Regular
01697,IET6a8698339a4c03.29910941,Female Regular
01698,IET6a8711fe4a2c10.68213038,Female Regular
01699,IET6a871bf4d5e6d6.08810875,Female Regular
01700,IET6a8720034ed778.44014521,Female Regular
01701,IET6a873a15202712.55329309,Female Regular
01702,IET6a87497e8f95f3.20036369,Female Regular
01703,IET6a8764b84f9d37.87764494,Female Regular
01704,IET6a876818838604.22927669,Female Regular
01705,IET6a877351aa7851.74255470,Female Regular
01706,IET6a8775f61356a6.74154279,Female Regular
01707,IET6a877689e4b522.27923180,Female Regular
01708,IET6a8777c5cbb455.93883388,Female Regular
01709,IET6a87887ba55972.28551201,Female Regular
01710,IET6a87c022af1850.05805955,Female Regular
01711,IET6a87cc60b69538.79091829,Female Regular
01712,IET6a87cf9717e462.22533189,Female Regular
01713,IET6a88407924e296.64389287,Female Regular
01714,IET6a884079253a57.31625526,Female Regular
01715,IET6a8852be9add51.92166790,Female Regular
01716,IET6a88630d3ddb13.21141696,Female Regular
01717,IET6a88630d3e2ba0.39029173,Female Regular
01718,IET6a88630d3e6de7.46154696,Female Regular
01719,IET6a887437552d36.83271631,Female Regular
01720,IET6a887437558500.39772520,Female Regular
01721,IET6a8883ffef06d7.58151816,Female Regular
01722,IET6a8891ca3906a5.39856204,Female Regular
01723,IET6a88ae3e57cff9.29610627,Female Regular
01724,IET6a88b3bf702288.81062004,Female Regular
01725,IET6a88b5d7d358b9.28071081,Female Regular
01726,IET6a88b5d7d3a748.57202021,Female Regular
01727,IET6a88b5d7d3eb58.69645894,Female Regular
01728,IET6a88b7a812ca85.47768721,Female Regular
01729,IET6a88d01ec6b1b9.53620722,Female Regular
01730,IET6a88e51f8250c9.86496317,Female Regular
01731,IET6a88fb0776c730.88841645,Female Regular
01732,IET6a88fde5b77bf8.33839272,Female Regular
01733,IET6a890d99bcf726.13441297,Female Regular
01734,IET6a891833671e17.87383372,Female Regular
01735,IET6a89a573ec82f7.03853727,Female Regular
01736,IET6a89a7b845f143.08485846,Female Regular
01737,IET6a89ccca1c1fd3.58835570,Female Regular
01738,IET6a89ce027bf128.58895095,Female Regular
01739,IET6a89d794f2bc41.34502803,Female Regular
01740,IET6a89e64740b4a4.04031578,Female Regular
01741,IET6a89e647411db2.95250527,Female Regular
01742,IET6a89eea0112b71.49701912,Female Regular
01743,IET6a89f62c43c595.10647346,Female Regular
01744,IET6a8a1b5ecfe5e1.05591663,Female Regular
01745,IET6a8a1c166a4949.83781515,Female Regular
01746,IET6a8a260f7fa729.48330612,Female Regular
01747,IET6a8a2cfec8adb5.92324341,Female Regular
01748,IET6a8a2f0215d2c8.30227022,Female Regular
01749,IET6a8a334129b166.55869510,Female Regular
01750,IET6a8a37d533b255.46611036,Female Regular
01751,IET6a8a3c43c34bb9.52883845,Female Regular
01752,IET6a8a3fe10aa3e5.88349112,Female Regular
01753,IET6a8a4e3e778b65.23296669,Female Regular
01754,IET6a8a4f95152ba7.57024032,Female Regular
01755,IET6a8a57d74e5328.08643520,Female Regular
01756,IET6a8a57d74ea640.84583284,Female Regular
01757,IET6a8a5b3be7d0e9.38445948,Female Regular
01758,IET6a8a5b3be82f41.62505956,Female Regular
01759,IET6a8a5b3be87355.08680797,Female Regular
01760,IET6a8a5ff9a42a96.44783421,Female Regular
01761,IET6a8a665d46e705.79955116,Female Regular
01762,IET6a8a6aab83b3d3.65678596,Female Regular
01763,IET6a8a70cf6797c6.47562290,Female Regular
01764,IET6a8a73956cafb4.34483024,Female Regular
01765,IET6a8a73956d0877.68638635,Female Regular
01766,IET6a0e42e1e93010.80880988,Male Early Bird
01767,IET6a0e468a5a7bb0.21592625,Male Early Bird
01768,IET6a0e53e2e6d822.47051408,Male Early Bird
01769,IET6a0e55362c1325.76899555,Male Early Bird
01770,IET6a0e5aab9c3341.15625982,Male Early Bird
01771,IET6a0e5b8fbaaa74.78595421,Male Early Bird
01772,IET6a0f37817d4ee8.34696939,Male Early Bird
01773,IET6a0f59a3c500b8.49140540,Male Early Bird
01774,IET6a0f8342d37299.53060676,Male Early Bird
01775,IET6a107f272cfe27.66001424,Male Early Bird
01776,IET6a10a685464404.87470533,Male Early Bird
01777,IET6a10a685468d91.29588200,Male Early Bird
01778,IET6a13591bd47ec2.24004958,Male Early Bird
01779,IET6a14f48ae53663.68106433,Male Early Bird
01780,IET6a14f7ad0e9304.68387209,Male Early Bird
01781,IET6a171151efe1d9.65075330,Male Early Bird
01782,IET6a1747ac2f5114.58191928,Male Early Bird
01783,IET6a17d667144cd1.16393153,Male Early Bird
01784,IET6a17d66714ad76.57296716,Male Early Bird
01785,IET6a17d667150ba0.19088694,Male Early Bird
01786,IET6a17d667155e92.51708808,Male Early Bird
01787,IET6a1975697ea828.46526388,Male Early Bird
01788,IET6a1975697efca9.59811518,Male Early Bird
01789,IET6a1975697f3bf8.47275305,Male Early Bird
01790,IET6a1a221c8cf9f7.76225376,Male Early Bird
01791,IET6a0e3821c3dd02.06960144,Male Java Jouvert x Java Boat Combo Tickets
01792,IET6a0e41eb73c055.07377094,Male Java Jouvert x Java Boat Combo Tickets
01793,IET6a0f21d722eb63.86626008,Male Java Jouvert x Java Boat Combo Tickets
01794,IET6a0f8764a49dd8.88548429,Male Java Jouvert x Java Boat Combo Tickets
01795,IET6a17913703aa67.95740477,Male Java Jouvert x Java Boat Combo Tickets
01796,IET6a1c9c8333aaf0.71864405,Male Java Jouvert x Java Boat Combo Tickets
01797,IET6a1e3180a286b6.95850797,Male Java Jouvert x Java Boat Combo Tickets
01798,IET6a1f1d3178ece8.13434603,Male Java Jouvert x Java Boat Combo Tickets
01799,IET6a1f1d31794366.80953464,Male Java Jouvert x Java Boat Combo Tickets
01800,IET6a206dbcd08432.60336288,Male Java Jouvert x Java Boat Combo Tickets
01801,TK6a42d88c054d74.15438747,Male Java Jouvert x Java Boat Combo Tickets
01802,TK6a5147d93e4851.46325232,Male Java Jouvert x Java Boat Combo Tickets
01803,TK6a5580b01c05b6.33889586,Male Java Jouvert x Java Boat Combo Tickets
01804,TK6a624500c65780.35048695,Male Java Jouvert x Java Boat Combo Tickets
01805,IET6a2365e530cec6.85204230,Male Late Bird
01806,IET6a6810b8529cb0.59642809,Male Late Bird
01807,IET6a6810b852db46.50165781,Male Late Bird
01808,IET6a7f416c635ab2.55173955,Male Late Bird
01809,IET6a7f4cedd24a47.05660964,Male Late Bird
01810,IET6a7f62729bd2b0.11980464,Male Late Bird
01811,IET6a7f6b89577c47.20110511,Male Late Bird
01812,IET6a7f8f243eadb9.21084707,Male Late Bird
01813,IET6a7fd00b0ce722.04289613,Male Late Bird
01814,IET6a7fd00b0d34a9.51360535,Male Late Bird
01815,IET6a80aa52d39ed2.84520772,Male Late Bird
01816,IET6a80b3f4d9e4f4.44703410,Male Late Bird
01817,IET6a80b7e4c93049.29942714,Male Late Bird
01818,IET6a80b7e4c98b65.05093682,Male Late Bird
01819,IET6a80b7e4c9ded0.15402082,Male Late Bird
01820,IET6a80bcbc242914.93726848,Male Late Bird
01821,IET6a80c6a54463e0.71522598,Male Late Bird
01822,IET6a80e8ddd33ae6.21052450,Male Late Bird
01823,IET6a80f811387f56.04100591,Male Late Bird
01824,IET6a810e20399a35.61552383,Male Late Bird
01825,IET6a811111d390d6.60833821,Male Late Bird
01826,IET6a811111d3e217.31443697,Male Late Bird
01827,IET6a811111d42660.56822282,Male Late Bird
01828,IET6a811bd0f0b660.17622369,Male Late Bird
01829,IET6a813d677496a4.41547551,Male Late Bird
01830,IET6a813d67751a93.03206398,Male Late Bird
01831,IET6a81c1e77363d9.83409002,Male Late Bird
01832,IET6a820b795649d8.45307146,Male Late Bird
01833,IET6a82474da56865.89692132,Male Late Bird
01834,IET6a82638a294911.42508255,Male Late Bird
01835,IET6a82711f45a2f1.27166834,Male Late Bird
01836,IET6a828241320781.77157716,Male Late Bird
01837,IET6a828241326576.68623045,Male Late Bird
01838,IET6a8354b7df5f93.41891269,Male Late Bird
01839,IET6a83582934a844.79047142,Male Late Bird
01840,IET6a836117931246.63143199,Male Late Bird
01841,IET6a837571bcc2e2.64561638,Male Late Bird
01842,IET6a837963313a02.72399125,Male Late Bird
01843,IET6a837963318f20.67155704,Male Late Bird
01844,IET6a837b2442f5b7.10711514,Male Late Bird
01845,IET6a837b24434571.07859578,Male Late Bird
01846,IET6a83883767d4e2.45457122,Male Late Bird
01847,IET6a839739a849e8.28636956,Male Late Bird
01848,IET6a83d44330ff65.26837439,Male Late Bird
01849,IET6a83f5395edab2.28893574,Male Late Bird
01850,IET6a842f8f10bdc0.73485799,Male Late Bird
01851,IET6a842f8f110b11.25336173,Male Late Bird
01852,IET6a842f8f1150f3.55429000,Male Late Bird
01853,IET6a844f7dcfd0c2.36794027,Male Late Bird
01854,IET6a8477915d18c4.85986428,Male Late Bird
01855,IET6a84837d92b230.74111504,Male Late Bird
01856,IET6a848455571c07.00567305,Male Late Bird
01857,IET6a848ebcc43fe0.31438062,Male Late Bird
01858,IET6a848f32d61d12.45318210,Male Late Bird
01859,IET6a8491323cfbf5.43309668,Male Late Bird
01860,IET6a84a621d793e9.22589505,Male Late Bird
01861,IET6a84ec4328ed10.83825770,Male Late Bird
01862,IET6a851da29d33f3.20305297,Male Late Bird
01863,IET6a85282b130ca0.46801889,Male Late Bird
01864,IET6a85282b136627.69575091,Male Late Bird
01865,IET6a85282b13a458.44351232,Male Late Bird
01866,IET6a85282b13dfe8.36788202,Male Late Bird
01867,IET6a85a3506f9090.40538217,Male Late Bird
01868,IET6a85bd235ee913.47212057,Male Late Bird
01869,IET6a85bf27d09c41.43458032,Male Late Bird
01870,IET6a85ca53557990.28171415,Male Late Bird
01871,IET6a85dc59712636.34710414,Male Late Bird
01872,IET6a85eb77177857.16711377,Male Late Bird
01873,IET6a85f4290693c3.21723686,Male Late Bird
01874,IET6a861e894e93f3.49347835,Male Late Bird
01875,IET6a862df4d96a57.47375358,Male Late Bird
01876,IET6a8657c4a401e8.06952949,Male Late Bird
01877,IET6a8659aa9c9822.49723632,Male Late Bird
01878,IET6a865e05e6e151.34447257,Male Late Bird
01879,IET6a866aea275a44.71723245,Male Late Bird
01880,IET6a8698339a9b02.47036479,Male Late Bird
01881,IET6a8698339add57.97173079,Male Late Bird
01882,IET6a86a9230aa280.67012092,Male Late Bird
01883,IET6a86ea8c867e85.35217210,Male Late Bird
01884,IET6a86eefb9dda11.53065881,Male Late Bird
01885,IET6a86eefb9e2b84.88913106,Male Late Bird
01886,IET6a86f1eee9a1b3.22898306,Male Late Bird
01887,IET6a872052932276.55877263,Male Late Bird
01888,IET6a8735cfa99bd0.26702569,Male Late Bird
01889,IET6a8735cfaa25c7.28871194,Male Late Bird
01890,IET6a873a15207df7.64014346,Male Late Bird
01891,IET6a873de666ab92.09074981,Male Late Bird
01892,IET6a873de6670fb2.70693064,Male Late Bird
01893,IET6a87711cf3f329.32168801,Male Late Bird
01894,IET6a87aae99418e3.88599531,Male Late Bird
01895,IET6a87b2ab4794a6.46402780,Male Late Bird
01896,IET6a87b6d2de70d4.79577596,Male Late Bird
01897,IET6a87c27a7d3b57.21486563,Male Late Bird
01898,IET6a88307d0ea419.28676353,Male Late Bird
01899,IET6a8861be155975.95615887,Male Late Bird
01900,IET6a8861be15bcf1.38612241,Male Late Bird
01901,IET6a88ad45395418.70193991,Male Late Bird
01902,IET6a88b5d7d429d5.77843858,Male Late Bird
01903,IET6a88c8686d15d7.87051756,Male Late Bird
01904,IET6a88ca8a8f2ea8.46178633,Male Late Bird
01905,IET6a1a496354fe40.49551534,Male Regular
01906,IET6a1a49635547a8.40043061,Male Regular
01907,IET6a1b1a46eb12c2.81102137,Male Regular
01908,IET6a1b1a46eb6118.16736475,Male Regular
01909,IET6a1b1a46eba373.30501768,Male Regular
01910,IET6a1b7ab4ada717.08542930,Male Regular
01911,IET6a1b8717309149.85346228,Male Regular
01912,IET6a208378d59173.21375788,Male Regular
01913,IET6a20b28dc00dc4.87675850,Male Regular
01914,IET6a20b28dc06e48.54610204,Male Regular
01915,IET6a21ab134db8a2.11680886,Male Regular
01916,IET6a2267fdd37a43.58099543,Male Regular
01917,IET6a24327bd68e17.14285227,Male Regular
01918,IET6a259b59aca5b0.34161610,Male Regular
01919,IET6a260526b41d45.43388324,Male Regular
01920,IET6a28c4f8552a70.71340507,Male Regular
01921,IET6a28c4f8556967.03421865,Male Regular
01922,IET6a2b27647f1aa9.28362932,Male Regular
01923,IET6a2b27d6d88437.93269309,Male Regular
01924,IET6a2c66ab9e5c75.52845332,Male Regular
01925,IET6a305811ae1444.31461449,Male Regular
01926,IET6a30821d10dda5.14307824,Male Regular
01927,IET6a308503acd593.92637431,Male Regular
01928,IET6a30ac2a221130.41656647,Male Regular
01929,IET6a3132cff41a04.31181311,Male Regular
01930,IET6a316b43e89a50.64045498,Male Regular
01931,IET6a32b4eda261d4.32873162,Male Regular
01932,IET6a32c7fa9fe127.71797034,Male Regular
01933,IET6a3355778034f3.80491001,Male Regular
01934,IET6a34ad262970b2.57063274,Male Regular
01935,IET6a34ad2629b9a0.89090260,Male Regular
01936,IET6a34ad2629ffa2.88278237,Male Regular
01937,IET6a34ad262a3f70.40534571,Male Regular
01938,IET6a34b25550f421.94018413,Male Regular
01939,IET6a3577c3eedc42.09665396,Male Regular
01940,IET6a35e7fad1dd15.69967165,Male Regular
01941,IET6a36e45a779d98.03490483,Male Regular
01942,IET6a394439c3b459.07104680,Male Regular
01943,IET6a396f7069dcb0.01591146,Male Regular
01944,IET6a3c4f2a7b0412.64514377,Male Regular
01945,IET6a3d95799a35e6.02077075,Male Regular
01946,IET6a3dc35fd9dd84.62674324,Male Regular
01947,IET6a3e8203143c57.77380771,Male Regular
01948,IET6a3f5317e10990.15320822,Male Regular
01949,IET6a3fd8772f56f9.35751814,Male Regular
01950,IET6a41abbe87ea59.46121761,Male Regular
01951,IET6a41c1d5e63be0.01683552,Male Regular
01952,IET6a440cff141c59.15865192,Male Regular
01953,IET6a442ad7dd8b56.07438313,Male Regular
01954,IET6a446bb8bc1c81.67389677,Male Regular
01955,IET6a4471aa87d0a2.79328007,Male Regular
01956,IET6a452f05c29820.48808808,Male Regular
01957,IET6a458f9c92ef51.22155836,Male Regular
01958,IET6a465dd3415614.88453588,Male Regular
01959,IET6a46760e5062e6.89374282,Male Regular
01960,IET6a467f2e414f36.28737663,Male Regular
01961,IET6a472f1d402d54.64993440,Male Regular
01962,IET6a4734aecaa812.42216332,Male Regular
01963,IET6a47baa9c8a350.45113082,Male Regular
01964,IET6a4846d59e9943.96459112,Male Regular
01965,IET6a48609f105de7.69286204,Male Regular
01966,IET6a4885c5d79a65.23991585,Male Regular
01967,IET6a495033d3a2f1.59236549,Male Regular
01968,IET6a49593c8321b1.52053336,Male Regular
01969,IET6a4994ba62fcc8.48932637,Male Regular
01970,IET6a4a576cf18053.24416092,Male Regular
01971,IET6a4aa487cf79f4.90783059,Male Regular
01972,IET6a4ac55db960e7.63203376,Male Regular
01973,IET6a4ae69fb44443.33003598,Male Regular
01974,IET6a4bce2c1c9627.37170530,Male Regular
01975,IET6a4f25d24e93f8.81691033,Male Regular
01976,IET6a4f25d24ee635.25227131,Male Regular
01977,IET6a4f25d24f3243.46051277,Male Regular
01978,IET6a4f72b56338f0.11030036,Male Regular
01979,IET6a4fee2aa64b86.29231401,Male Regular
01980,IET6a502bb3b3f0a5.03671508,Male Regular
01981,IET6a5297c029ffd6.75793623,Male Regular
01982,IET6a529b51d8c646.98640552,Male Regular
01983,IET6a53cfa2ca65e8.65370019,Male Regular
01984,IET6a54db9e2f3fe2.33000062,Male Regular
01985,IET6a551de98d6373.02557935,Male Regular
01986,IET6a567889cdd114.23462858,Male Regular
01987,IET6a57c3d7428536.22487299,Male Regular
01988,IET6a57f3af2c9ed0.82994977,Male Regular
01989,IET6a59421141e1e5.80954148,Male Regular
01990,IET6a59514780b925.92704357,Male Regular
01991,IET6a596bafcee241.67034660,Male Regular
01992,IET6a596bafcf3ab2.38171179,Male Regular
01993,IET6a5ab25ba44613.30038586,Male Regular
01994,IET6a5c541b850f31.98301679,Male Regular
01995,IET6a5e8b04c0cad5.32603317,Male Regular
01996,IET6a5ea25002bf66.16921221,Male Regular
01997,IET6a5eb002a925a1.17334297,Male Regular
01998,IET6a5ef35a4cb2a7.03833392,Male Regular
01999,IET6a5f24dfa6bec3.31719436,Male Regular
02000,IET6a5f93411bea43.21981039,Male Regular
02001,IET6a5fa2f7b237d2.17919565,Male Regular
02002,IET6a60f432848c32.87308538,Male Regular
02003,IET6a60f4328505d6.05001839,Male Regular
02004,IET6a60f4328559b6.74140394,Male Regular
02005,IET6a622688189bd6.48845144,Male Regular
02006,IET6a63dee86ff0a1.22774439,Male Regular
02007,IET6a6415f485d7a1.14666990,Male Regular
02008,IET6a64b6321c8fd4.30923849,Male Regular
02009,IET6a64b6321cd489.34276383,Male Regular
02010,IET6a64c3fe27d232.95182515,Male Regular
02011,IET6a64ead0795039.09110407,Male Regular
02012,IET6a64eb2a79e749.92523287,Male Regular
02013,IET6a6509dee45937.37544910,Male Regular
02014,IET6a650d9d74e240.89812492,Male Regular
02015,IET6a650d9d753750.89600294,Male Regular
02016,IET6a6570b1ea9226.54190755,Male Regular
02017,IET6a66a349900768.05515877,Male Regular
02018,IET6a66a8e2da8ae4.20437143,Male Regular
02019,IET6a67d495c46364.39978458,Male Regular
02020,IET6a67ecb51e9bd2.98416216,Male Regular
02021,IET6a67ed2147dc76.60612814,Male Regular
02022,IET6a69e0bd6617e8.86348115,Male Regular
02023,IET6a6a0db51f2263.62967113,Male Regular
02024,IET6a6a28b10a2779.37861300,Male Regular
02025,IET6a6a5430b26c28.65879013,Male Regular
02026,IET6a6ae4ea21de19.60234027,Male Regular
02027,IET6a6b51884afb43.48548060,Male Regular
02028,IET6a6bc17f5c9886.55249507,Male Regular
02029,IET6a6bc17f5cf872.88007486,Male Regular
02030,IET6a6bdfa0d4e154.82454558,Male Regular
02031,IET6a6c73f442bbb4.97060436,Male Regular
02032,IET6a6c73f4430a11.89009201,Male Regular
02033,IET6a6ccd96e139d3.52520672,Male Regular
02034,IET6a6d34caeefd91.04993300,Male Regular
02035,IET6a6ec15327c930.11040986,Male Regular
02036,IET6a6f5fc92923b7.83367906,Male Regular
02037,IET6a6f65639104f6.60487951,Male Regular
02038,IET6a6fc5afe9e3c4.52313761,Male Regular
02039,IET6a70713403f7f7.30364468,Male Regular
02040,IET6a70807ad0c2d3.63994248,Male Regular
02041,IET6a7091c97d2858.10008707,Male Regular
02042,IET6a70d463c9fc11.23376338,Male Regular
02043,IET6a70d463ca4078.94678214,Male Regular
02044,IET6a710d83b94d03.76901974,Male Regular
02045,IET6a7147baabbaf0.67991408,Male Regular
02046,IET6a715374a92a74.16434005,Male Regular
02047,IET6a720c2a072674.74974349,Male Regular
02048,IET6a721ce45e7bb4.67101843,Male Regular
02049,IET6a7233961b0466.24449976,Male Regular
02050,IET6a728de704eab6.19742571,Male Regular
02051,IET6a72c030df3164.35289907,Male Regular
02052,IET6a739d56506c79.81376502,Male Regular
02053,IET6a74b1f82d89c0.54078532,Male Regular
02054,IET6a74c499cb3075.96744549,Male Regular
02055,IET6a753ae5994d90.18111331,Male Regular
02056,IET6a75f9d9e5fa01.32534955,Male Regular
02057,IET6a75fa3d7def36.99999042,Male Regular
02058,IET6a75ffc114bed3.44605815,Male Regular
02059,IET6a75ffc1151f18.84243078,Male Regular
02060,IET6a75ffc11564f4.89293191,Male Regular
02061,IET6a7604ea2d05c6.99412489,Male Regular
02062,IET6a7604ea2d5fb2.88459785,Male Regular
02063,IET6a7630616bbed9.85542631,Male Regular
02064,IET6a7771d18107c1.75727539,Male Regular
02065,IET6a779e624f1886.48616522,Male Regular
02066,IET6a77c9b2c32821.16667112,Male Regular
02067,IET6a77cc2c2acbb6.61234990,Male Regular
02068,IET6a78af41522329.91788248,Male Regular
02069,IET6a78ed8171eba1.93924700,Male Regular
02070,IET6a78ed81723137.84705215,Male Regular
02071,IET6a79daae57d499.89911376,Male Regular
02072,IET6a79f133e00e72.25521799,Male Regular
02073,IET6a7a1bd4eac088.23416609,Male Regular
02074,IET6a7a1c4597cfc7.53091927,Male Regular
02075,IET6a7a1c459820c9.77562056,Male Regular
02076,IET6a7a1f3e3d7268.29366914,Male Regular
02077,IET6a7af31ba64dd7.51204018,Male Regular
02078,IET6a7af8031546e7.65083265,Male Regular
02079,IET6a7b218b0ae259.19355874,Male Regular
02080,IET6a7b4960751213.90581612,Male Regular
02081,IET6a7b51b3c2f821.29736406,Male Regular
02082,IET6a7b6b52924789.38229090,Male Regular
02083,IET6a7bc1014f0048.94369853,Male Regular
02084,IET6a7c9b5ce07e05.41322099,Male Regular
02085,IET6a7c9ce70c3063.13207402,Male Regular
02086,IET6a7caad568ce12.95690778,Male Regular
02087,IET6a7cda67a19de9.51725601,Male Regular
02088,IET6a7ce322c7d1f5.36253097,Male Regular
02089,IET6a7d01bd11da27.03727723,Male Regular
02090,IET6a7d16f06c3769.62692470,Male Regular
02091,IET6a7daed874bd43.05530005,Male Regular
02092,IET6a7db8ea5e0824.32531844,Male Regular
02093,IET6a7ddbf48cb164.18065990,Male Regular
02094,IET6a7de84738d4f0.33947224,Male Regular
02095,IET6a7de9fbc1a6e5.27855874,Male Regular
02096,IET6a7debc06b0738.56349120,Male Regular
02097,IET6a7debc06b6e04.61593498,Male Regular
02098,IET6a7debc06bbba6.87498447,Male Regular
02099,IET6a7e1f9a127928.87435710,Male Regular
02100,IET6a7e1f9a12c869.75979826,Male Regular
02101,IET6a7e1f9a130a28.42340556,Male Regular
02102,IET6a7e78458ff154.32486629,Male Regular
02103,IET6a7e926d94ab29.97980071,Male Regular
02104,IET6a7f2eeaca19b4.63213846,Male Regular
02105,TK6a870ce76eb066.75051388,Comps
02106,TK6a83d775595884.25356556,Female Comp
02107,TK6a842f3ad60f41.18980620,Female Comp
02108,TK6a842f3ada05b2.06289380,Female Comp
02109,TK6a842f3addeae0.34989659,Female Comp
02110,TK6a8450efa4c031.58468925,Female Comp
02111,TK6a845d81527445.42103635,Female Comp
02112,TK6a8473febb8322.00397789,Female Comp
02113,TK6a8476e65277e8.89707638,Female Comp
02114,TK6a84898b3cc669.05346960,Female Comp
02115,TK6a8496ddd03e05.41783248,Female Comp
02116,TK6a84a2cb620ae7.16858726,Female Comp
02117,TK6a84a36e1ba383.59507296,Female Comp
02118,TK6a84b74193e8a2.85537591,Female Comp
02119,TK6a84b74197ebf8.04045659,Female Comp
02120,TK6a84bf163d7405.36585981,Female Comp
02121,TK6a84db272ebde1.64697851,Female Comp
02122,TK6a84dc237af213.52850023,Female Comp
02123,TK6a84dc237dc0b9.66149209,Female Comp
02124,TK6a8509902a9e32.51244618,Female Comp
02125,TK6a85b22182ddf3.92253946,Female Comp
02126,TK6a85c9a3283e51.96014397,Female Comp
02127,TK6a860547c53856.56598305,Female Comp
02128,TK6a8636fdc68eb9.47789487,Female Comp
02129,TK6a8640e862e717.24814671,Female Comp
02130,TK6a86418f289502.40403201,Female Comp
02131,TK6a86766e5894b9.50677732,Female Comp
02132,TK6a8749d3240743.56775719,Female Comp
02133,TK6a876047d63de6.63749047,Female Comp
02134,TK6a8779ceb6d764.38597236,Female Comp
02135,TK6a87ac9442dae0.85474910,Female Comp
02136,TK6a87b5503a09c0.22463624,Female Comp
02137,TK6a87b5507c4506.38116625,Female Comp
02138,TK6a87b550ab0bf2.60437004,Female Comp
02139,TK6a87b550db8ed5.50058749,Female Comp
02140,TK6a87b551151cc5.38649948,Female Comp
02141,TK6a87b9a33a0380.98329850,Female Comp
02142,TK6a88419e60ffb6.18084167,Female Comp
02143,TK6a8880918d5fd1.93914298,Female Comp
02144,TK6a888091c284c5.22068782,Female Comp
02145,TK6a888a8fab4d03.17864735,Female Comp
02146,TK6a888a8fe97eb8.34112157,Female Comp
02147,TK6a888a90340ac4.01819483,Female Comp
02148,TK6a888a906c1c61.25560699,Female Comp
02149,TK6a88cd7580f139.13327249,Female Comp
02150,TK6a89b4424cc7c7.63756917,Female Comp
02151,TK6a89f7b7f0d836.63683454,Female Comp
02152,TK6a89f7b83e7d18.35652171,Female Comp
02153,TK6a8a221f7e3499.14995330,Female Comp
02154,IET6a5f88d5bb02e6.69803709,Female Early Bird
02155,IET6a6a422ca0f5f9.50696571,Female Early Bird
02156,IET6a6a422ca191d1.48804334,Female Early Bird
02157,IET6a6e6a5b8a2f71.19976258,Female Early Bird
02158,IET6a6e6a5b8a9084.22696686,Female Early Bird
02159,IET6a6e6a5b8ad4a3.67639759,Female Early Bird
02160,IET6a6e9f5be2c059.36080498,Female Early Bird
02161,IET6a6fa41da93ae7.88387109,Female Early Bird
02162,IET6a726f4dbcd6a4.90948786,Female Early Bird
02163,IET6a726f4dbd3b25.17580373,Female Early Bird
02164,IET6a7349456fd619.40515462,Female Early Bird
02165,IET6a74e42c521af7.20648665,Female Early Bird
02166,IET6a751ffe514205.91054064,Female Early Bird
02167,IET6a75d704be77f9.32912390,Female Early Bird
02168,IET6a75d7b22de2f5.05308239,Female Early Bird
02169,IET6a75e7d800d680.73436445,Female Early Bird
02170,IET6a7755d36be8b2.57321480,Female Early Bird
02171,IET6a77bbcf379d67.51236045,Female Early Bird
02172,IET6a78f0d0c73e15.66685614,Female Early Bird
02173,IET6a78f0d0c794b5.55934551,Female Early Bird
02174,IET6a7a6fd3efdd33.01410510,Female Early Bird
02175,IET6a7b29413eee60.62076467,Female Early Bird
02176,IET6a7b569b4eb849.93163915,Female Early Bird
02177,IET6a7bd1b8acad83.01459986,Female Early Bird
02178,IET6a7bd24688e559.27436722,Female Early Bird
02179,IET6a7c8a44df4d76.84368094,Female Early Bird
02180,TK6a7d2cf9e048f3.32465821,Female Early Bird
02181,TK6a7d2cfa1fb312.96156296,Female Early Bird
02182,TK6a7d2cfa550da4.63017898,Female Early Bird
02183,TK6a7d2cfa7d4276.90788793,Female Early Bird
02184,IET6a7d33aae228b0.35930758,Female Early Bird
02185,IET6a7d33aae27b83.37916485,Female Early Bird
02186,IET6a7dd64e597667.48815894,Female Early Bird
02187,IET6a7e30db05d424.45125947,Female Early Bird
02188,IET6a7f27379b1414.80534573,Female Early Bird
02189,IET6a806b99b616f9.29545985,Female Early Bird
02190,IET6a80b697ed4681.54797975,Female Early Bird
02191,IET6a810c81858ef7.33440253,Female Early Bird
02192,IET6a8110c8ce19e8.03229623,Female Early Bird
02193,TK6a81a95d65ce94.04557820,Female Early Bird
02194,TK6a81a95d8fe744.51976333,Female Early Bird
02195,TK6a81a95dbdd391.33903627,Female Early Bird
02196,TK6a81a95de913e4.96881960,Female Early Bird
02197,IET6a81ebad9893c7.54998149,Female Early Bird
02198,IET6a830604775e94.48759969,Female Early Bird
02199,IET6a83060477d314.96632281,Female Early Bird
02200,IET6a831b6981d825.24229215,Female Early Bird
02201,IET6a832f1cd20f11.13612027,Female Early Bird
02202,IET6a839388424eb0.45416998,Female Early Bird
02203,IET6a844fe6746519.84547750,Female Early Bird
02204,IET6a84708a2bb233.29564609,Female Early Bird
02205,IET6a84a49639cef7.78717278,Female Early Bird
02206,IET6a84f41eb32f21.41867936,Female Early Bird
02207,IET6a864235332325.06479745,Female Early Bird
02208,IET6a8642353399e0.61673780,Female Early Bird
02209,IET6a86423533eb26.34218304,Female Early Bird
02210,IET6a86513566aea0.21466965,Female Early Bird
02211,IET6a8652cbac1735.16500777,Female Early Bird
02212,IET6a8652cbae31a9.85585784,Female Early Bird
02213,IET6a86fa68a06649.67441583,Female Early Bird
02214,IET6a870b40770c68.26340157,Female Early Bird
02215,TK6a8732128a6da0.03829520,Female Early Bird
02216,TK6a873212b71777.07196373,Female Early Bird
02217,TK6a873212e79963.38657375,Female Early Bird
02218,TK6a8732132105e7.80801325,Female Early Bird
02219,TK6a8732135bd8a3.63631969,Female Early Bird
02220,TK6a873213902782.29718633,Female Early Bird
02221,TK6a873213c33856.58400717,Female Early Bird
02222,IET6a876486ec6029.84682340,Female Early Bird
02223,IET6a87911da46989.38946279,Female Early Bird
02224,IET6a8796b8aa8856.42336918,Female Early Bird
02225,IET6a87dc7d06ee09.65057464,Female Early Bird
02226,IET6a87dc7d0754a6.25656124,Female Early Bird
02227,IET6a88556f4e55d7.49237128,Female Early Bird
02228,IET6a8857bba58fd3.84673253,Female Early Bird
02229,IET6a8889179ca223.94138234,Female Early Bird
02230,IET6a88bfc15dc038.99615137,Female Early Bird
02231,IET6a88d8444b32e7.90739424,Female Early Bird
02232,IET6a88d8444b8cb1.84660263,Female Early Bird
02233,IET6a88e4cd0f0a37.52482189,Female Early Bird
02234,IET6a88ea4beb64a1.13730221,Female Early Bird
02235,IET6a88ea4bebd256.74168833,Female Early Bird
02236,IET6a88ea4bec3a03.04056901,Female Early Bird
02237,IET6a8912cea52968.41369274,Female Early Bird
02238,IET6a89212713b399.72293952,Female Early Bird
02239,IET6a8990cd97fd01.82245344,Female Early Bird
02240,IET6a89a2a6d32af0.14262929,Female Early Bird
02241,IET6a89acf51413b9.59928530,Female Early Bird
02242,IET6a89c6b5b59f06.27012171,Female Early Bird
02243,IET6a89cdb79efd19.72438189,Female Early Bird
02244,IET6a89dbeb58a263.51677344,Female Early Bird
02245,IET6a89eaea7949c5.78959816,Female Early Bird
02246,IET6a89eaea799a37.76540474,Female Early Bird
02247,IET6a89f767173132.98544030,Female Early Bird
02248,IET6a8a04bca64735.76825029,Female Early Bird
02249,IET6a8a055186e771.63936992,Female Early Bird
02250,IET6a8a09d7284283.63503281,Female Early Bird
02251,IET6a8a0f4f630703.30829020,Female Early Bird
02252,IET6a8a1465a63e11.70238282,Female Early Bird
02253,IET6a8a1bc6bc0426.14769598,Female Early Bird
02254,IET6a8a1d64449b13.51808111,Female Early Bird
02255,IET6a8a1d6444f1f7.48360516,Female Early Bird
02256,IET6a8a254c187611.54424261,Female Early Bird
02257,IET6a8a254c18ca35.35451653,Female Early Bird
02258,IET6a8a278d4e7720.82589532,Female Early Bird
02259,IET6a8a2d441878e4.83646692,Female Early Bird
02260,IET6a8a2d4418cea7.92531927,Female Early Bird
02261,IET6a8a3484f34c89.48940175,Female Early Bird
02262,IET6a8a4152a884b1.53237168,Female Early Bird
02263,IET6a8a494405ba84.72940665,Female Early Bird
02264,IET6a8a544697d028.80763873,Female Early Bird
02265,IET6a8a5a0cd81430.77962749,Female Early Bird
02266,IET6a8a5a0cd88579.27589749,Female Early Bird
02267,IET6a8a5f9cd143d8.43395871,Female Early Bird
02268,IET6a8a6bade4c623.43080246,Female Early Bird
02269,IET6a20c03f5c5697.34605013,Female Family & Friends
02270,IET6a3ddce4714e31.47648739,Female Family & Friends
02271,IET6a4912923dbaa9.96162958,Female Family & Friends
02272,IET6a4b96081ba0d4.68145088,Female Family & Friends
02273,IET6a4cff63907908.47589300,Female Family & Friends
02274,IET6a4ed00f71a091.51740679,Female Family & Friends
02275,IET6a57aaec86dc73.08094099,Female Family & Friends
02276,IET6a5fc7ea678a64.79806162,Female Family & Friends
02277,IET6a6232a4a110e9.27006764,Female Family & Friends
02278,IET6a63a848611515.31497795,Female Family & Friends
02279,IET6a63c37538c829.46481002,Female Family & Friends
02280,IET6a63f95c0b9f90.40614970,Female Family & Friends
02281,IET6a647425d9af68.80530534,Female Family & Friends
02282,IET6a665580970bd8.25461482,Female Family & Friends
02283,IET6a679ac6b5c316.23059318,Female Family & Friends
02284,IET6a67b840c5eab9.57305421,Female Family & Friends
02285,IET6a67df8022c588.40759843,Female Family & Friends
02286,IET6a67e0c7b50131.41919717,Female Family & Friends
02287,IET6a6928406e3c78.25971519,Female Family & Friends
02288,IET6a6936ea20e926.87604468,Female Family & Friends
02289,IET6a6a35fdc870e1.46418833,Female Family & Friends
02290,IET6a6a35fdc8cba0.90290500,Female Family & Friends
02291,IET6a6aabe0df2a16.98995031,Female Family & Friends
02292,IET6a6bf0805d1021.14564313,Female Family & Friends
02293,IET6a6c1d86b7bb30.68263494,Female Family & Friends
02294,IET6a6d3fb2555708.82632555,Female Family & Friends
02295,IET6a6f9f01c7ad14.16152278,Female Family & Friends
02296,IET6a6fa41da8e4e6.17858111,Female Family & Friends
02297,IET6a709a9f06bd89.99957586,Female Family & Friends
02298,IET6a71f2055fdcf4.11247320,Female Family & Friends
02299,IET6a74a319874942.27249013,Female Family & Friends
02300,IET6a74caca11c4f5.93620283,Female Family & Friends
02301,IET6a75051e9d8689.31537690,Female Family & Friends
02302,IET6a75051e9deb95.40126743,Female Family & Friends
02303,IET6a77bc679a8297.04939022,Female Family & Friends
02304,IET6a7bb57a79cb83.58295902,Female Family & Friends
02305,TK6a7d0bf776cf77.64684871,Female Family & Friends
02306,TK6a7d0bf7a57a29.40988885,Female Family & Friends
02307,TK6a7d0bf809d5b4.57250506,Female Family & Friends
02308,IET6a7f60dfe61154.43040218,Female Family & Friends
02309,IET6a807dc8cb8345.31024449,Female Family & Friends
02310,TK6a81a95d0ae112.54280954,Female Family & Friends
02311,TK6a81a95d3b1f42.51893173,Female Family & Friends
02312,IET6a84b233d31853.13023394,Female Family & Friends
02313,TK6a84dc2386be88.42972951,Female Family & Friends
02314,TK6a84dc23892ac4.37620283,Female Family & Friends
02315,TK6a84dc238bce69.82218179,Female Family & Friends
02316,IET6a88a98e69cfc1.15848273,Female Family & Friends
02317,IET6a89c13781cf91.27811157,Female Family & Friends
02318,IET6a89ffcf089de7.72684797,Female Family & Friends
02319,TK6a83d775d925b0.84349027,Male Comp
02320,TK6a842f3b23a663.52809154,Male Comp
02321,TK6a842f3b27e0b8.51384264,Male Comp
02322,TK6a8450efdee421.92055668,Male Comp
02323,TK6a845d818d6039.53254626,Male Comp
02324,TK6a8473ff121232.51059692,Male Comp
02325,TK6a8476e6993910.20452779,Male Comp
02326,TK6a8496de21ebb6.91387775,Male Comp
02327,TK6a84a36e5688a9.94758700,Male Comp
02328,TK6a84b741d7c3e0.39197450,Male Comp
02329,TK6a84bf16790464.10318608,Male Comp
02330,TK6a84db276b5fd7.49017991,Male Comp
02331,TK6a84dc237ff997.02292544,Male Comp
02332,TK6a84dc23843b89.59469266,Male Comp
02333,TK6a859e829a8427.28486645,Male Comp
02334,TK6a859e829e79b7.10671884,Male Comp
02335,TK6a859e82a31943.46418554,Male Comp
02336,TK6a85d08c872c23.61608247,Male Comp
02337,TK6a85d40dbf8391.36463159,Male Comp
02338,TK6a8605480cfe87.04068171,Male Comp
02339,TK6a8636fe3d3396.76023087,Male Comp
02340,TK6a8640e8c98d96.36156851,Male Comp
02341,TK6a86418f900992.63215214,Male Comp
02342,TK6a86766ed43938.41340248,Male Comp
02343,TK6a86f942dfb808.54732940,Male Comp
02344,TK6a8749d3986f43.39164810,Male Comp
02345,TK6a8779cf5c1298.23451494,Male Comp
02346,TK6a87b5514c6606.86941749,Male Comp
02347,TK6a87b5517a3756.83567828,Male Comp
02348,TK6a87b551ae2d29.23773502,Male Comp
02349,TK6a87b9a3a7a4c8.22933757,Male Comp
02350,TK6a87bdf29056f4.47738069,Male Comp
02351,TK6a88419ec62d84.79423539,Male Comp
02352,TK6a887ae268e879.54799302,Male Comp
02353,TK6a887ae2befae9.88108082,Male Comp
02354,TK6a88cd75f22a28.25547483,Male Comp
02355,TK6a88d3b896c888.24528496,Male Comp
02356,TK6a8999d4a693c6.98021530,Male Comp
02357,TK6a89b0dea03d15.23229298,Male Comp
02358,TK6a89b0ff582972.60725660,Male Comp
02359,TK6a8a221fe879b1.89632692,Male Comp
02360,TK6a8a48d661d811.56220852,Male Comp
02361,TK6a8a6fabd46998.11575012,Male Comp
02362,IET6a11ebd7b39d47.19149165,Male Early Bird 
02363,IET6a1237659e8374.46862088,Male Early Bird 
02364,IET6a1237659ed380.66505405,Male Early Bird 
02365,IET6a1237659f1600.34358145,Male Early Bird 
02366,IET6a289a013836d7.57313233,Male Early Bird 
02367,IET6a289a013890b4.12912418,Male Early Bird 
02368,IET6a47acc33f4a69.71278890,Male Early Bird 
02369,IET6a4af6dcdd3c59.40339919,Male Early Bird 
02370,IET6a4bd34ea3d446.74050363,Male Early Bird 
02371,IET6a4e466163e630.76740318,Male Early Bird 
02372,IET6a5f88d5bb6560.84375693,Male Early Bird 
02373,IET6a6367dbe12220.64610827,Male Early Bird 
02374,IET6a648fde735e79.31039468,Male Early Bird 
02375,IET6a68effce49a28.21215331,Male Early Bird 
02376,IET6a6a7952a88509.98292478,Male Early Bird 
02377,IET6a6c1d86b80229.07164098,Male Early Bird 
02378,IET6a6cc5aabd2b90.00233966,Male Early Bird 
02379,IET6a6e9f5be31b96.29709643,Male Early Bird 
02380,IET6a70ca967fb3b4.82496418,Male Early Bird 
02381,IET6a70ca967ffb31.20664643,Male Early Bird 
02382,IET6a724339b34be7.34233770,Male Early Bird 
02383,IET6a725873f00a64.43225151,Male Early Bird 
02384,IET6a736180af3a53.89112271,Male Early Bird 
02385,IET6a736180af8920.39420197,Male Early Bird 
02386,IET6a73736f9aa650.82160395,Male Early Bird 
02387,IET6a741541eb4637.67275036,Male Early Bird 
02388,IET6a74c0b60febf3.94012424,Male Early Bird 
02389,IET6a74ecf5613144.97883397,Male Early Bird 
02390,IET6a761c751dfd27.91626830,Male Early Bird 
02391,IET6a762ba79b8065.98149042,Male Early Bird 
02392,IET6a7667e3a65da0.45504769,Male Early Bird 
02393,IET6a7667e3a6a5a0.27947247,Male Early Bird 
02394,IET6a776632bb3a27.84594500,Male Early Bird 
02395,IET6a7a6fd3f03b68.75998900,Male Early Bird 
02396,IET6a7b2636626d18.89983699,Male Early Bird 
02397,IET6a7b36a9e09ab4.15407000,Male Early Bird 
02398,IET6a7b544fb90fe1.29761627,Male Early Bird 
02399,IET6a7b569b4f03f9.58930578,Male Early Bird 
02400,IET6a7c792468d4d9.52052080,Male Early Bird 
02401,IET6a7ca8fb5d6cf4.36923256,Male Early Bird 
02402,IET6a7cdd979cd143.68650238,Male Early Bird 
02403,IET6a7cdefd16c293.62558517,Male Early Bird 
02404,TK6a7d0bf87b8d73.32241227,Male Early Bird 
02405,TK6a7d0bf8a928e6.14500267,Male Early Bird 
02406,TK6a7d0bf8d70016.98492399,Male Early Bird 
02407,TK6a7d0bf9107c12.02488240,Male Early Bird 
02408,IET6a7dae5c791782.33860572,Male Early Bird 
02409,IET6a7e5fe1ade3a6.55457765,Male Early Bird 
02410,IET6a7f4548d7c185.77788708,Male Early Bird 
02411,IET6a7f55a514cce5.24064746,Male Early Bird 
02412,IET6a7f55a5154765.15651123,Male Early Bird 
02413,IET6a7f88987ff938.73946760,Male Early Bird 
02414,IET6a806b99b66e10.28056991,Male Early Bird 
02415,IET6a806b99b6d173.23430790,Male Early Bird 
02416,IET6a80af28e4f6d2.36417636,Male Early Bird 
02417,IET6a80e44c3256f7.45509035,Male Early Bird 
02418,IET6a81ebad98ffb4.35202881,Male Early Bird 
02419,IET6a826c7d60aa81.83212630,Male Early Bird 
02420,IET6a8345ef4d89a3.54030366,Male Early Bird 
02421,IET6a8345ef4dd738.00318029,Male Early Bird 
02422,IET6a844d6d2ea529.80879366,Male Early Bird 
02423,IET6a844f877bcd04.80476514,Male Early Bird 
02424,IET6a847c6b117e62.02295518,Male Early Bird 
02425,IET6a847c6b16be91.06200650,Male Early Bird 
02426,IET6a84a6c5201db2.77433777,Male Early Bird 
02427,IET6a84abcd68b0c1.14635119,Male Early Bird 
02428,IET6a84abcd690536.61640871,Male Early Bird 
02429,IET6a84c5ef04f4f3.37069831,Male Early Bird 
02430,TK6a84dc238e8b31.59451267,Male Early Bird 
02431,TK6a84dc2390de39.82645147,Male Early Bird 
02432,TK6a84dc23934ee7.59602689,Male Early Bird 
02433,IET6a852a6b31ef01.23125380,Male Early Bird 
02434,IET6a859bc7e24810.49165897,Male Early Bird 
02435,IET6a85b2f1f31463.50922055,Male Early Bird 
02436,IET6a85baa8ba1c06.87540558,Male Early Bird 
02437,IET6a860dcf9c75e6.78812564,Male Early Bird 
02438,IET6a860dcf9cd8d0.20246797,Male Early Bird 
02439,IET6a8634705d8c75.17975785,Male Early Bird 
02440,IET6a8675510ef376.49119157,Male Early Bird 
02441,IET6a8683b7b2b4d0.93687220,Male Early Bird 
02442,TK6a8732140208f1.45016952,Male Early Bird 
02443,TK6a8732143d66e7.54050737,Male Early Bird 
02444,TK6a87321473a146.52220043,Male Early Bird 
02445,TK6a873214a88e65.00501190,Male Early Bird 
02446,TK6a873214d51d19.76296922,Male Early Bird 
02447,TK6a87321517a2f8.78138077,Male Early Bird 
02448,TK6a87321553d1c0.85941474,Male Early Bird 
02449,IET6a8745204e9896.67638699,Male Early Bird 
02450,IET6a87969aade0b6.01367454,Male Early Bird 
02451,IET6a879cefe910d2.32305287,Male Early Bird 
02452,IET6a87cb1a05c8e2.81777639,Male Early Bird 
02453,IET6a885b97748af4.38277208,Male Early Bird 
02454,IET6a8876d3c8e5c2.95726709,Male Early Bird 
02455,IET6a8888ea4954f5.13642947,Male Early Bird 
02456,IET6a88a8d309d639.15020184,Male Early Bird 
02457,IET6a88ca3507cbc2.12705001,Male Early Bird 
02458,IET6a88d8444bd572.89992166,Male Early Bird 
02459,IET6a88daf1e117a9.37189655,Male Early Bird 
02460,IET6a88e4cbbf2f36.66433474,Male Early Bird 
02461,IET6a88f2c562e2b8.36537180,Male Early Bird 
02462,IET6a890c5ed699b9.39194413,Male Early Bird 
02463,IET6a890e17516a96.65412842,Male Early Bird 
02464,IET6a891f976f05b9.92027620,Male Early Bird 
02465,IET6a891f976f5069.86184127,Male Early Bird 
02466,IET6a899eb50fb626.73428020,Male Early Bird 
02467,IET6a899f720acfa2.13086072,Male Early Bird 
02468,IET6a89a7d2cad833.59704922,Male Early Bird 
02469,IET6a89abed079cf2.45892975,Male Early Bird 
02470,IET6a89c970441c29.73874290,Male Early Bird 
02471,IET6a89c970447413.18041219,Male Early Bird 
02472,IET6a89ca09957ef8.16492829,Male Early Bird 
02473,IET6a89cdb79f6405.58327128,Male Early Bird 
02474,IET6a89d1573f4e99.63599289,Male Early Bird 
02475,IET6a89d59e7b8f15.20143404,Male Early Bird 
02476,IET6a89d61806c4f1.67083692,Male Early Bird 
02477,IET6a89e9e315cdd8.05218073,Male Early Bird 
02478,IET6a89f0529375f5.36493647,Male Early Bird 
02479,IET6a89f57fa94d86.18223846,Male Early Bird 
02480,IET6a89fefb8c81b5.03683935,Male Early Bird 
02481,IET6a8a01d867a553.61949605,Male Early Bird 
02482,IET6a8a01d86800c3.76954106,Male Early Bird 
02483,IET6a8a02571528a6.30293114,Male Early Bird 
02484,IET6a8a04bca6a7a6.70414311,Male Early Bird 
02485,IET6a8a05518754e2.87595084,Male Early Bird 
02486,IET6a8a0d23a63247.95061649,Male Early Bird 
02487,IET6a8a0f4f621785.69918071,Male Early Bird 
02488,IET6a8a0f4f6277c1.76025496,Male Early Bird 
02489,IET6a8a0f4f62c0d3.51801909,Male Early Bird 
02490,IET6a8a1835440268.12008434,Male Early Bird 
02491,IET6a8a1d64453ac9.69733320,Male Early Bird 
02492,IET6a8a1f94a8f7b3.19883117,Male Early Bird 
02493,IET6a8a2877d5d403.75131530,Male Early Bird 
02494,IET6a8a2d44191ef7.11805674,Male Early Bird 
02495,IET6a8a2e68d78821.09496358,Male Early Bird 
02496,IET6a8a31de17b718.12164206,Male Early Bird 
02497,IET6a8a33f2eef339.44920058,Male Early Bird 
02498,IET6a8a3484f2fe86.91213722,Male Early Bird 
02499,IET6a8a363f2b49e8.31746479,Male Early Bird 
02500,IET6a8a367d7edc53.62475063,Male Early Bird 
02501,IET6a8a38bdb8cff6.52929254,Male Early Bird 
02502,IET6a8a3d0d54e023.36804465,Male Early Bird 
02503,IET6a8a3ebbf32098.51664327,Male Early Bird 
02504,IET6a8a4360d117b4.37723530,Male Early Bird 
02505,IET6a8a4754d50315.96794493,Male Early Bird 
02506,IET6a8a4883011ee6.47939919,Male Early Bird 
02507,IET6a8a53f12d5130.32568763,Male Early Bird 
02508,IET6a8a5446981e09.03205983,Male Early Bird 
02509,IET6a8a5542c32cf6.63317882,Male Early Bird 
02510,IET6a8a581035d269.08257054,Male Early Bird 
02511,IET6a8a59fac05bb9.72376990,Male Early Bird 
02512,IET6a8a5c572d3b98.67476258,Male Early Bird 
02513,IET6a8a5c572d81b4.85973329,Male Early Bird 
02514,IET6a8a5d62de1119.14510836,Male Early Bird 
02515,IET6a8a5d9ad9cd60.41655954,Male Early Bird 
02516,IET6a8a61d84f9545.78185739,Male Early Bird 
02517,IET6a8a69fac15f27.68839289,Male Early Bird 
02518,IET6a8a6bade51191.35387722,Male Early Bird 
02519,IET6a8a776fa811a4.64157775,Male Early Bird 
02520,IET6a8a776fa861d3.88303440,Male Early Bird 
02521,IET6a8a78169052f3.07146587,Male Early Bird 
02522,IET6a45ec86957ab3.35507067,Male Family & Friends
02523,IET6a46f39dcae594.59287635,Male Family & Friends
02524,IET6a4af64cbd0aa5.25332523,Male Family & Friends
02525,IET6a4ed00f720436.29447951,Male Family & Friends
02526,IET6a4f8e967232e6.56434378,Male Family & Friends
02527,IET6a51246495ea81.76994221,Male Family & Friends
02528,IET6a63a8486172a0.71108291,Male Family & Friends
02529,IET6a63e70a6e63b3.01096823,Male Family & Friends
02530,IET6a6655809753d7.95417958,Male Family & Friends
02531,IET6a67b6f62278f0.66322644,Male Family & Friends
02532,IET6a68badba4afe4.88146655,Male Family & Friends
02533,IET6a6928406ea447.55541102,Male Family & Friends
02534,IET6a6936ea215db1.82967099,Male Family & Friends
02535,IET6a6a24ba2c46d0.49777244,Male Family & Friends
02536,IET6a6a35fdc93a40.20102854,Male Family & Friends
02537,IET6a6a35fdc98ed2.70919953,Male Family & Friends
02538,IET6a6a673e369ff9.60750379,Male Family & Friends
02539,IET6a6c1e5567b912.11969543,Male Family & Friends
02540,IET6a6cc5aabcdaf9.89195596,Male Family & Friends
02541,IET6a6d01fdbf2ba3.85720177,Male Family & Friends
02542,IET6a6f9f01d70482.97701267,Male Family & Friends
02543,IET6a6fbe48962fe8.75479486,Male Family & Friends
02544,IET6a6fc538a7c369.94091467,Male Family & Friends
02545,IET6a7218cf7d81f8.08246441,Male Family & Friends
02546,IET6a74caca1243f3.64822076,Male Family & Friends
02547,IET6a74deb97336d9.55119281,Male Family & Friends
02548,IET6a7cdefd1728b7.53884360,Male Family & Friends
02549,TK6a7d0bf84cd828.86493362,Male Family & Friends
02550,IET6a809586a86eb1.31540222,Male Family & Friends
02551,IET6a84b233d37413.71845603,Male Family & Friends
02552,IET6a8993df2043f6.15902649,Male Family & Friends
02553,IET6a440ccfcece03.14575460,male combo
02554,IET6a440ccfcf1834.61241240,male combo
02555,IET6a7736bb5c59d3.00244960,male combo
02556,IET6a788ae9558f99.36490595,male combo
