02001,64134929102001,pFemale
02002,84834929102002,pFemale
02003,52904929102003,pFemale
02004,97524929102004,pFemale
02005,89054929102005,pFemale
02006,92594929102006,pFemale
02007,74474929102007,pFemale
02008,10774929102008,pFemale
02009,77964929102009,pFemale
02010,62544929102010,pFemale
02011,17184929102011,pFemale
02012,17544929102012,pFemale
02013,35524929102013,pFemale
02014,98744929102014,pFemale
02015,24434929102015,pFemale
02016,30704929102016,pFemale
02017,93774929102017,pFemale
02018,13224929102018,pFemale
02019,35824929102019,pFemale
02020,34584929102020,pFemale
02021,80394929102021,pFemale
02022,81054929102022,pFemale
02023,41694929102023,pFemale
02024,41364929102024,pFemale
02025,99474929102025,pFemale
02026,18114929102026,pFemale
02027,90074929102027,pFemale
02028,69964929102028,pFemale
02029,54814929102029,pFemale
02030,51164929102030,pFemale
02031,46334929102031,pFemale
02032,57534929102032,pFemale
02033,95654929102033,pFemale
02034,30524929102034,pFemale
02035,95084929102035,pFemale
02036,63254929102036,pFemale
02037,95034929102037,pFemale
02038,95244929102038,pFemale
02039,94824929102039,pFemale
02040,44814929102040,pFemale
02041,50514929102041,pFemale
02042,10764929102042,pFemale
02043,34894929102043,pFemale
02044,17304929102044,pFemale
02045,57494929102045,pFemale
02046,59014929102046,pFemale
02047,65034929102047,pFemale
02048,54594929102048,pFemale
02049,34964929102049,pFemale
02050,61174929102050,pFemale
02051,97444929102051,pFemale
02052,43254929102052,pFemale
02053,13794929102053,pFemale
02054,42714929102054,pFemale
02055,61264929102055,pFemale
02056,88994929102056,pFemale
02057,87514929102057,pFemale
02058,21144929102058,pFemale
02059,89614929102059,pFemale
02060,45534929102060,pFemale
02061,25644929102061,pFemale
02062,86104929102062,pFemale
02063,99174929102063,pFemale
02064,55984929102064,pFemale
02065,79384929102065,pFemale
02066,52074929102066,pFemale
02067,22164929102067,pFemale
02068,36824929102068,pFemale
02069,99964929102069,pFemale
02070,33494929102070,pFemale
02071,60884929102071,pFemale
02072,84244929102072,pFemale
02073,29424929102073,pFemale
02074,52424929102074,pFemale
02075,64754929102075,pFemale
02076,93114929102076,pFemale
02077,53824929102077,pFemale
02078,28714929102078,pFemale
02079,99874929102079,pFemale
02080,28314929102080,pFemale
02081,59134929102081,pFemale
02082,62654929102082,pFemale
02083,50984929102083,pFemale
02084,38674929102084,pFemale
02085,99414929102085,pFemale
02086,20134929102086,pFemale
02087,56064929102087,pFemale
02088,53434929102088,pFemale
02089,77684929102089,pFemale
02090,40274929102090,pFemale
02091,63324929102091,pFemale
02092,31044929102092,pFemale
02093,79114929102093,pFemale
02094,75634929102094,pFemale
02095,40774929102095,pFemale
02096,50674929102096,pFemale
02097,96884929102097,pFemale
02098,84814929102098,pFemale
02099,28184929102099,pFemale
02100,66044929102100,pFemale
02101,50444929102101,pFemale
02102,67654929102102,pFemale
02103,31704929102103,pFemale
02104,41884929102104,pFemale
02105,96234929102105,pFemale
02106,32854929102106,pFemale
02107,30844929102107,pFemale
02108,22794929102108,pFemale
02109,61074929102109,pFemale
02110,78144929102110,pFemale
02111,97984929102111,pFemale
02112,44674929102112,pFemale
02113,67854929102113,pFemale
02114,42974929102114,pFemale
02115,90504929102115,pFemale
02116,68654929102116,pFemale
02117,13864929102117,pFemale
02118,83604929102118,pFemale
02119,85164929102119,pFemale
02120,27464929102120,pFemale
02121,61544929102121,pFemale
02122,10824929102122,pFemale
02123,25294929102123,pFemale
02124,74324929102124,pFemale
02125,71784929102125,pFemale
02126,90054929102126,pFemale
02127,20184929102127,pFemale
02128,44424929102128,pFemale
02129,49734929102129,pFemale
02130,64054929102130,pFemale
02131,37214929102131,pFemale
02132,18744929102132,pFemale
02133,73004929102133,pFemale
02134,88034929102134,pFemale
02135,66354929102135,pFemale
02136,10524929102136,pFemale
02137,62534929102137,pFemale
02138,67354929102138,pFemale
02139,37194929102139,pFemale
02140,34134929102140,pFemale
02141,25814929102141,pFemale
02142,97634929102142,pFemale
02143,28464929102143,pFemale
02144,16514929102144,pFemale
02145,52704929102145,pFemale
02146,27454929102146,pFemale
02147,50064929102147,pFemale
02148,91014929102148,pFemale
02149,63684929102149,pFemale
02150,33474929102150,pFemale
02151,27644929102151,pFemale
02152,13914929102152,pFemale
02153,30664929102153,pFemale
02154,48104929102154,pFemale
02155,79554929102155,pFemale
02156,43194929102156,pFemale
02157,40224929102157,pFemale
02158,19684929102158,pFemale
02159,96454929102159,pFemale
02160,40034929102160,pFemale
02161,19474929102161,pFemale
02162,15104929102162,pFemale
02163,63314929102163,pFemale
02164,32724929102164,pFemale
02165,24224929102165,pFemale
02166,74954929102166,pFemale
02167,43904929102167,pFemale
02168,82974929102168,pFemale
02169,99854929102169,pFemale
02170,91244929102170,pFemale
02171,97884929102171,pFemale
02172,84964929102172,pFemale
02173,74594929102173,pFemale
02174,67484929102174,pFemale
02175,40334929102175,pFemale
02176,36614929102176,pFemale
02177,95214929102177,pFemale
02178,41394929102178,pFemale
02179,33724929102179,pFemale
02180,63564929102180,pFemale
02181,15444929102181,pFemale
02182,30024929102182,pFemale
02183,32534929102183,pFemale
02184,15584929102184,pFemale
02185,66594929102185,pFemale
02186,87424929102186,pFemale
02187,60194929102187,pFemale
02188,75434929102188,pFemale
02189,20994929102189,pFemale
02190,24834929102190,pFemale
02191,58684929102191,pFemale
02192,40334929102192,pFemale
02193,87664929102193,pFemale
02194,53264929102194,pFemale
02195,30554929102195,pFemale
02196,65784929102196,pFemale
02197,30654929102197,pFemale
02198,98714929102198,pFemale
02199,23404929102199,pFemale
02200,82064929102200,pFemale
02201,19794929102201,pFemale
02202,39834929102202,pFemale
02203,46984929102203,pFemale
02204,43094929102204,pFemale
02205,63984929102205,pFemale
02206,58014929102206,pFemale
02207,12674929102207,pFemale
02208,17804929102208,pFemale
02209,96984929102209,pFemale
02210,20124929102210,pFemale
02211,55554929102211,pFemale
02212,34114929102212,pFemale
02213,85684929102213,pFemale
02214,53584929102214,pFemale
02215,68904929102215,pFemale
02216,35304929102216,pFemale
02217,70904929102217,pFemale
02218,64114929102218,pFemale
02219,71254929102219,pFemale
02220,38894929102220,pFemale
02221,50644929102221,pFemale
02222,85814929102222,pFemale
02223,55914929102223,pFemale
02224,48124929102224,pFemale
02225,65884929102225,pFemale
02226,23864929102226,pFemale
02227,42994929102227,pFemale
02228,75764929102228,pFemale
02229,38864929102229,pFemale
02230,49644929102230,pFemale
02231,63924929102231,pFemale
02232,10614929102232,pFemale
02233,83884929102233,pFemale
02234,28434929102234,pFemale
02235,78534929102235,pFemale
02236,46334929102236,pFemale
02237,30544929102237,pFemale
02238,49534929102238,pFemale
02239,94544929102239,pFemale
02240,52894929102240,pFemale
02241,49554929102241,pFemale
02242,78924929102242,pFemale
02243,39614929102243,pFemale
02244,50474929102244,pFemale
02245,41004929102245,pFemale
02246,84454929102246,pFemale
02247,15834929102247,pFemale
02248,75864929102248,pFemale
02249,35164929102249,pFemale
02250,93464929102250,pFemale
02251,36824929102251,pFemale
02252,71364929102252,pFemale
02253,75744929102253,pFemale
02254,92944929102254,pFemale
02255,57214929102255,pFemale
02256,66214929102256,pFemale
02257,35684929102257,pFemale
02258,42214929102258,pFemale
02259,24684929102259,pFemale
02260,20464929102260,pFemale
02261,85414929102261,pFemale
02262,88044929102262,pFemale
02263,44524929102263,pFemale
02264,51404929102264,pFemale
02265,13704929102265,pFemale
02266,82364929102266,pFemale
02267,26624929102267,pFemale
02268,52484929102268,pFemale
02269,10834929102269,pFemale
02270,22354929102270,pFemale
02271,75024929102271,pFemale
02272,54694929102272,pFemale
02273,34484929102273,pFemale
02274,63134929102274,pFemale
02275,89954929102275,pFemale
02276,70454929102276,pFemale
02277,97934929102277,pFemale
02278,12964929102278,pFemale
02279,22374929102279,pFemale
02280,50094929102280,pFemale
02281,40934929102281,pFemale
02282,20794929102282,pFemale
02283,60944929102283,pFemale
02284,40664929102284,pFemale
02285,42864929102285,pFemale
02286,26534929102286,pFemale
02287,31634929102287,pFemale
02288,97424929102288,pFemale
02289,78634929102289,pFemale
02290,43624929102290,pFemale
02291,79704929102291,pFemale
02292,37694929102292,pFemale
02293,26884929102293,pFemale
02294,14234929102294,pFemale
02295,24274929102295,pFemale
02296,27274929102296,pFemale
02297,70804929102297,pFemale
02298,46924929102298,pFemale
02299,85294929102299,pFemale
02300,19384929102300,pFemale
02301,41424929102301,pFemale
02302,46784929102302,pFemale
02303,13164929102303,pFemale
02304,26014929102304,pFemale
02305,43334929102305,pFemale
02306,88064929102306,pFemale
02307,40664929102307,pFemale
02308,51884929102308,pFemale
02309,23064929102309,pFemale
02310,89404929102310,pFemale
02311,57584929102311,pFemale
02312,50804929102312,pFemale
02313,79764929102313,pFemale
02314,51424929102314,pFemale
02315,67684929102315,pFemale
02316,84604929102316,pFemale
02317,78554929102317,pFemale
02318,46884929102318,pFemale
02319,38244929102319,pFemale
02320,54564929102320,pFemale
02321,96284929102321,pFemale
02322,53394929102322,pFemale
02323,42114929102323,pFemale
02324,85254929102324,pFemale
02325,79804929102325,pFemale
02326,78514929102326,pFemale
02327,62214929102327,pFemale
02328,31024929102328,pFemale
02329,66764929102329,pFemale
02330,37444929102330,pFemale
02331,88614929102331,pFemale
02332,84824929102332,pFemale
02333,68864929102333,pFemale
02334,13144929102334,pFemale
02335,58014929102335,pFemale
02336,59674929102336,pFemale
02337,67684929102337,pFemale
02338,89014929102338,pFemale
02339,85784929102339,pFemale
02340,42554929102340,pFemale
02341,32934929102341,pFemale
02342,24114929102342,pFemale
02343,90534929102343,pFemale
02344,80794929102344,pFemale
02345,53234929102345,pFemale
02346,30654929102346,pFemale
02347,71104929102347,pFemale
02348,71004929102348,pFemale
02349,39394929102349,pFemale
02350,44324929102350,pFemale
02351,46104929102351,pFemale
02352,30454929102352,pFemale
02353,80214929102353,pFemale
02354,96854929102354,pFemale
02355,15964929102355,pFemale
02356,30994929102356,pFemale
02357,10774929102357,pFemale
02358,81214929102358,pFemale
02359,37434929102359,pFemale
02360,65474929102360,pFemale
02361,83124929102361,pFemale
02362,79214929102362,pFemale
02363,50654929102363,pFemale
02364,26624929102364,pFemale
02365,39734929102365,pFemale
02366,81734929102366,pFemale
02367,88644929102367,pFemale
02368,68484929102368,pFemale
02369,99084929102369,pFemale
02370,91314929102370,pFemale
02371,59384929102371,pFemale
02372,90294929102372,pFemale
02373,74114929102373,pFemale
02374,67374929102374,pFemale
02375,90284929102375,pFemale
02376,52894929102376,pFemale
02377,42894929102377,pFemale
02378,73794929102378,pFemale
02379,85264929102379,pFemale
02380,47664929102380,pFemale
02381,51934929102381,pFemale
02382,89154929102382,pFemale
02383,24284929102383,pFemale
02384,27894929102384,pFemale
02385,21994929102385,pFemale
02386,19324929102386,pFemale
02387,15324929102387,pFemale
02388,12694929102388,pFemale
02389,36314929102389,pFemale
02390,92624929102390,pFemale
02391,98974929102391,pFemale
02392,43424929102392,pFemale
02393,21474929102393,pFemale
02394,17574929102394,pFemale
02395,75464929102395,pFemale
02396,72594929102396,pFemale
02397,80574929102397,pFemale
02398,52884929102398,pFemale
02399,74134929102399,pFemale
02400,55254929102400,pFemale
02401,39114929102401,pFemale
02402,30274929102402,pFemale
02403,65524929102403,pFemale
02404,62904929102404,pFemale
02405,93174929102405,pFemale
02406,19524929102406,pFemale
02407,25904929102407,pFemale
02408,59914929102408,pFemale
02409,40314929102409,pFemale
02410,26184929102410,pFemale
02411,34244929102411,pFemale
02412,62404929102412,pFemale
02413,62734929102413,pFemale
02414,71694929102414,pFemale
02415,31844929102415,pFemale
02416,49694929102416,pFemale
02417,93144929102417,pFemale
02418,26084929102418,pFemale
02419,54254929102419,pFemale
02420,78164929102420,pFemale
02421,13024929102421,pFemale
02422,93074929102422,pFemale
02423,35924929102423,pFemale
02424,57704929102424,pFemale
02425,53354929102425,pFemale
02426,57804929102426,pFemale
02427,87114929102427,pFemale
02428,90554929102428,pFemale
02429,47974929102429,pFemale
02430,86884929102430,pFemale
02431,73524929102431,pFemale
02432,22804929102432,pFemale
02433,59304929102433,pFemale
02434,21184929102434,pFemale
02435,28274929102435,pFemale
02436,98204929102436,pFemale
02437,36674929102437,pFemale
02438,40864929102438,pFemale
02439,46434929102439,pFemale
02440,14654929102440,pFemale
02441,37044929102441,pFemale
02442,93094929102442,pFemale
02443,22094929102443,pFemale
02444,73034929102444,pFemale
02445,18364929102445,pFemale
02446,62254929102446,pFemale
02447,37834929102447,pFemale
02448,98674929102448,pFemale
02449,15274929102449,pFemale
02450,52474929102450,pFemale
02451,56824929102451,pFemale
02452,95244929102452,pFemale
02453,67444929102453,pFemale
02454,62884929102454,pFemale
02455,87314929102455,pFemale
02456,21114929102456,pFemale
02457,80334929102457,pFemale
02458,45244929102458,pFemale
02459,99664929102459,pFemale
02460,38314929102460,pFemale
02461,68474929102461,pFemale
02462,74074929102462,pFemale
02463,55894929102463,pFemale
02464,63934929102464,pFemale
02465,61244929102465,pFemale
02466,89374929102466,pFemale
02467,51684929102467,pFemale
02468,64004929102468,pFemale
02469,31164929102469,pFemale
02470,21704929102470,pFemale
02471,30954929102471,pFemale
02472,99924929102472,pFemale
02473,24664929102473,pFemale
02474,29884929102474,pFemale
02475,62864929102475,pFemale
02476,37374929102476,pFemale
02477,45374929102477,pFemale
02478,41154929102478,pFemale
02479,11334929102479,pFemale
02480,87654929102480,pFemale
02481,49914929102481,pFemale
02482,33804929102482,pFemale
02483,37094929102483,pFemale
02484,21724929102484,pFemale
02485,56144929102485,pFemale
02486,72344929102486,pFemale
02487,42234929102487,pFemale
02488,26464929102488,pFemale
02489,93974929102489,pFemale
02490,95184929102490,pFemale
02491,37184929102491,pFemale
02492,53684929102492,pFemale
02493,88644929102493,pFemale
02494,84754929102494,pFemale
02495,80284929102495,pFemale
02496,91464929102496,pFemale
02497,36484929102497,pFemale
02498,80154929102498,pFemale
02499,59824929102499,pFemale
02500,98114929102500,pFemale
02501,23214929102501,pFemale
02502,32364929102502,pFemale
02503,38534929102503,pFemale
02504,48564929102504,pFemale
02505,84714929102505,pFemale
02506,41834929102506,pFemale
02507,80634929102507,pFemale
02508,93214929102508,pFemale
02509,90344929102509,pFemale
02510,78684929102510,pFemale
02511,11394929102511,pFemale
02512,19454929102512,pFemale
02513,98634929102513,pFemale
02514,85364929102514,pFemale
02515,99124929102515,pFemale
02516,85424929102516,pFemale
02517,15694929102517,pFemale
02518,11784929102518,pFemale
02519,49724929102519,pFemale
02520,76574929102520,pFemale
02521,85844929102521,pFemale
02522,52964929102522,pFemale
02523,93714929102523,pFemale
02524,94464929102524,pFemale
02525,55044929102525,pFemale
02526,99224929102526,pFemale
02527,25784929102527,pFemale
02528,18214929102528,pFemale
02529,66584929102529,pFemale
02530,18844929102530,pFemale
02531,66754929102531,pFemale
02532,68364929102532,pFemale
02533,49384929102533,pFemale
02534,53154929102534,pFemale
02535,38214929102535,pFemale
02536,43364929102536,pFemale
02537,28794929102537,pFemale
02538,64254929102538,pFemale
02539,89454929102539,pFemale
02540,18404929102540,pFemale
02541,99824929102541,pFemale
02542,65184929102542,pFemale
02543,97074929102543,pFemale
02544,76844929102544,pFemale
02545,63014929102545,pFemale
02546,52494929102546,pFemale
02547,76974929102547,pFemale
02548,64154929102548,pFemale
02549,72634929102549,pFemale
02550,41504929102550,pFemale
02551,78864929102551,pFemale
02552,84254929102552,pFemale
02553,47504929102553,pFemale
02554,33874929102554,pFemale
02555,13354929102555,pFemale
02556,28494929102556,pFemale
02557,94244929102557,pFemale
02558,97814929102558,pFemale
02559,41434929102559,pFemale
02560,26974929102560,pFemale
02561,53124929102561,pFemale
02562,20744929102562,pFemale
02563,86534929102563,pFemale
02564,22544929102564,pFemale
02565,56254929102565,pFemale
02566,64384929102566,pFemale
02567,89064929102567,pFemale
02568,87134929102568,pFemale
02569,28424929102569,pFemale
02570,32484929102570,pFemale
02571,13414929102571,pFemale
02572,40724929102572,pFemale
02573,20384929102573,pFemale
02574,70944929102574,pFemale
02575,57464929102575,pFemale
02576,82674929102576,pFemale
02577,24604929102577,pFemale
02578,50494929102578,pFemale
02579,74714929102579,pFemale
02580,95724929102580,pFemale
02581,83544929102581,pFemale
02582,51824929102582,pFemale
02583,98704929102583,pFemale
02584,52324929102584,pFemale
02585,60504929102585,pFemale
02586,63234929102586,pFemale
02587,80124929102587,pFemale
02588,83554929102588,pFemale
02589,62804929102589,pFemale
02590,60844929102590,pFemale
02591,96304929102591,pFemale
02592,30574929102592,pFemale
02593,77644929102593,pFemale
02594,21174929102594,pFemale
02595,43244929102595,pFemale
02596,98464929102596,pFemale
02597,80354929102597,pFemale
02598,46364929102598,pFemale
02599,70164929102599,pFemale
02600,92694929102600,pFemale
02601,75184929102601,pFemale
02602,61804929102602,pFemale
02603,46534929102603,pFemale
02604,27994929102604,pFemale
02605,68584929102605,pFemale
02606,76294929102606,pFemale
02607,41594929102607,pFemale
02608,39754929102608,pFemale
02609,64954929102609,pFemale
02610,14684929102610,pFemale
02611,16404929102611,pFemale
02612,47964929102612,pFemale
02613,84994929102613,pFemale
02614,23054929102614,pFemale
02615,78314929102615,pFemale
02616,73594929102616,pFemale
02617,26424929102617,pFemale
02618,76354929102618,pFemale
02619,38124929102619,pFemale
02620,37494929102620,pFemale
02621,87284929102621,pFemale
02622,58594929102622,pFemale
02623,69464929102623,pFemale
02624,31824929102624,pFemale
02625,41724929102625,pFemale
02626,45444929102626,pFemale
02627,40924929102627,pFemale
02628,73954929102628,pFemale
02629,68284929102629,pFemale
02630,69414929102630,pFemale
02631,40564929102631,pFemale
02632,62864929102632,pFemale
02633,70654929102633,pFemale
02634,87554929102634,pFemale
02635,22914929102635,pFemale
02636,28034929102636,pFemale
02637,10984929102637,pFemale
02638,61534929102638,pFemale
02639,18544929102639,pFemale
02640,40884929102640,pFemale
02641,85644929102641,pFemale
02642,60364929102642,pFemale
02643,96084929102643,pFemale
02644,58664929102644,pFemale
02645,23534929102645,pFemale
02646,25504929102646,pFemale
02647,76764929102647,pFemale
02648,60864929102648,pFemale
02649,26824929102649,pFemale
02650,98554929102650,pFemale
02651,81394929102651,pFemale
02652,28094929102652,pFemale
02653,24254929102653,pFemale
02654,71404929102654,pFemale
02655,19974929102655,pFemale
02656,33544929102656,pFemale
02657,26924929102657,pFemale
02658,28864929102658,pFemale
02659,93644929102659,pFemale
02660,86824929102660,pFemale
02661,56574929102661,pFemale
02662,23854929102662,pFemale
02663,59314929102663,pFemale
02664,90434929102664,pFemale
02665,96364929102665,pFemale
02666,45034929102666,pFemale
02667,46594929102667,pFemale
02668,88644929102668,pFemale
02669,64144929102669,pFemale
02670,96984929102670,pFemale
02671,47364929102671,pFemale
02672,88884929102672,pFemale
02673,78234929102673,pFemale
02674,32854929102674,pFemale
02675,57854929102675,pFemale
02676,85644929102676,pFemale
02677,25734929102677,pFemale
02678,39494929102678,pFemale
02679,63094929102679,pFemale
02680,16954929102680,pFemale
02681,53254929102681,pFemale
02682,65144929102682,pFemale
02683,44004929102683,pFemale
02684,13184929102684,pFemale
02685,90244929102685,pFemale
02686,79574929102686,pFemale
02687,96874929102687,pFemale
02688,38524929102688,pFemale
02689,24794929102689,pFemale
02690,86744929102690,pFemale
02691,35474929102691,pFemale
02692,94874929102692,pFemale
02693,81804929102693,pFemale
02694,69974929102694,pFemale
02695,95494929102695,pFemale
02696,88244929102696,pFemale
02697,53904929102697,pFemale
02698,49554929102698,pFemale
02699,41644929102699,pFemale
02700,77664929102700,pFemale
02701,84634929102701,pFemale
02702,72954929102702,pFemale
02703,97124929102703,pFemale
02704,96554929102704,pFemale
02705,34284929102705,pFemale
02706,47464929102706,pFemale
02707,95754929102707,pFemale
02708,86724929102708,pFemale
02709,38144929102709,pFemale
02710,45334929102710,pFemale
02711,96384929102711,pFemale
02712,34684929102712,pFemale
02713,97274929102713,pFemale
02714,91424929102714,pFemale
02715,30014929102715,pFemale
02716,40564929102716,pFemale
02717,51864929102717,pFemale
02718,63424929102718,pFemale
02719,89254929102719,pFemale
02720,49594929102720,pFemale
02721,26904929102721,pFemale
02722,64414929102722,pFemale
02723,60464929102723,pFemale
02724,55934929102724,pFemale
02725,90534929102725,pFemale
02726,98094929102726,pFemale
02727,28164929102727,pFemale
02728,59094929102728,pFemale
02729,24824929102729,pFemale
02730,36434929102730,pFemale
02731,22124929102731,pFemale
02732,42874929102732,pFemale
02733,19024929102733,pFemale
02734,59764929102734,pFemale
02735,46904929102735,pFemale
02736,66734929102736,pFemale
02737,35354929102737,pFemale
02738,39514929102738,pFemale
02739,43864929102739,pFemale
02740,19724929102740,pFemale
02741,97324929102741,pFemale
02742,23334929102742,pFemale
02743,55694929102743,pFemale
02744,26854929102744,pFemale
02745,60474929102745,pFemale
02746,22734929102746,pFemale
02747,53484929102747,pFemale
02748,68064929102748,pFemale
02749,35654929102749,pFemale
02750,93254929102750,pFemale
02751,56174929102751,pFemale
02752,69564929102752,pFemale
02753,24824929102753,pFemale
02754,77164929102754,pFemale
02755,92684929102755,pFemale
02756,17804929102756,pFemale
02757,29334929102757,pFemale
02758,88544929102758,pFemale
02759,96374929102759,pFemale
02760,95794929102760,pFemale
02761,90684929102761,pFemale
02762,30974929102762,pFemale
02763,92094929102763,pFemale
02764,32104929102764,pFemale
02765,83844929102765,pFemale
02766,37714929102766,pFemale
02767,45734929102767,pFemale
02768,92204929102768,pFemale
02769,73004929102769,pFemale
02770,34304929102770,pFemale
02771,96214929102771,pFemale
02772,22424929102772,pFemale
02773,59854929102773,pFemale
02774,43794929102774,pFemale
02775,90084929102775,pFemale
02776,86274929102776,pFemale
02777,24394929102777,pFemale
02778,64344929102778,pFemale
02779,38484929102779,pFemale
02780,53484929102780,pFemale
02781,78164929102781,pFemale
02782,59394929102782,pFemale
02783,56694929102783,pFemale
02784,11254929102784,pFemale
02785,10104929102785,pFemale
02786,60324929102786,pFemale
02787,56204929102787,pFemale
02788,28294929102788,pFemale
02789,24744929102789,pFemale
02790,21624929102790,pFemale
02791,89204929102791,pFemale
02792,21164929102792,pFemale
02793,63054929102793,pFemale
02794,58504929102794,pFemale
02795,85624929102795,pFemale
02796,93154929102796,pFemale
02797,45694929102797,pFemale
02798,77114929102798,pFemale
02799,62694929102799,pFemale
02800,85804929102800,pFemale
02801,48804929102801,pFemale
02802,57154929102802,pFemale
02803,86904929102803,pFemale
02804,52654929102804,pFemale
02805,52294929102805,pFemale
02806,87054929102806,pFemale
02807,78614929102807,pFemale
02808,35784929102808,pFemale
02809,70594929102809,pFemale
02810,61604929102810,pFemale
02811,89064929102811,pFemale
02812,44634929102812,pFemale
02813,35984929102813,pFemale
02814,32154929102814,pFemale
02815,59864929102815,pFemale
02816,57464929102816,pFemale
02817,64314929102817,pFemale
02818,39204929102818,pFemale
02819,55074929102819,pFemale
02820,45224929102820,pFemale
02821,23344929102821,pFemale
02822,57634929102822,pFemale
02823,65704929102823,pFemale
02824,18004929102824,pFemale
02825,23494929102825,pFemale
02826,54324929102826,pFemale
02827,16794929102827,pFemale
02828,93854929102828,pFemale
02829,31114929102829,pFemale
02830,68284929102830,pFemale
02831,66844929102831,pFemale
02832,50324929102832,pFemale
02833,44314929102833,pFemale
02834,43384929102834,pFemale
02835,29974929102835,pFemale
02836,68234929102836,pFemale
02837,21204929102837,pFemale
02838,43414929102838,pFemale
02839,80354929102839,pFemale
02840,58164929102840,pFemale
02841,10664929102841,pFemale
02842,39814929102842,pFemale
02843,39304929102843,pFemale
02844,89324929102844,pFemale
02845,35654929102845,pFemale
02846,81824929102846,pFemale
02847,34764929102847,pFemale
02848,31004929102848,pFemale
02849,89014929102849,pFemale
02850,39104929102850,pFemale
02851,13364929102851,pFemale
02852,26414929102852,pFemale
02853,61694929102853,pFemale
02854,86904929102854,pFemale
02855,84944929102855,pFemale
02856,89124929102856,pFemale
02857,53554929102857,pFemale
02858,43754929102858,pFemale
02859,79614929102859,pFemale
02860,82014929102860,pFemale
02861,76674929102861,pFemale
02862,81544929102862,pFemale
02863,27244929102863,pFemale
02864,78594929102864,pFemale
02865,51104929102865,pFemale
02866,18294929102866,pFemale
02867,29494929102867,pFemale
02868,26974929102868,pFemale
02869,93134929102869,pFemale
02870,73174929102870,pFemale
02871,64364929102871,pFemale
02872,66244929102872,pFemale
02873,16134929102873,pFemale
02874,24294929102874,pFemale
02875,83244929102875,pFemale
02876,55394929102876,pFemale
02877,23754929102877,pFemale
02878,98734929102878,pFemale
02879,40434929102879,pFemale
02880,24704929102880,pFemale
02881,75764929102881,pFemale
02882,85344929102882,pFemale
02883,35124929102883,pFemale
02884,19654929102884,pFemale
02885,86344929102885,pFemale
02886,89744929102886,pFemale
02887,25994929102887,pFemale
02888,57364929102888,pFemale
02889,54814929102889,pFemale
02890,52094929102890,pFemale
02891,18204929102891,pFemale
02892,15434929102892,pFemale
02893,38944929102893,pFemale
02894,97194929102894,pFemale
02895,92954929102895,pFemale
02896,83414929102896,pFemale
02897,60714929102897,pFemale
02898,97184929102898,pFemale
02899,99504929102899,pFemale
02900,66674929102900,pFemale
02901,34664929102901,pFemale
02902,66664929102902,pFemale
02903,89694929102903,pFemale
02904,62834929102904,pFemale
02905,78564929102905,pFemale
02906,40334929102906,pFemale
02907,54974929102907,pFemale
02908,80614929102908,pFemale
02909,36824929102909,pFemale
02910,63204929102910,pFemale
02911,45954929102911,pFemale
02912,41354929102912,pFemale
02913,16144929102913,pFemale
02914,23244929102914,pFemale
02915,44424929102915,pFemale
02916,72774929102916,pFemale
02917,43884929102917,pFemale
02918,46464929102918,pFemale
02919,37884929102919,pFemale
02920,15514929102920,pFemale
02921,18834929102921,pFemale
02922,14674929102922,pFemale
02923,26594929102923,pFemale
02924,31934929102924,pFemale
02925,44464929102925,pFemale
02926,95554929102926,pFemale
02927,53054929102927,pFemale
02928,67604929102928,pFemale
02929,64724929102929,pFemale
02930,35404929102930,pFemale
02931,74114929102931,pFemale
02932,55164929102932,pFemale
02933,62344929102933,pFemale
02934,94184929102934,pFemale
02935,35434929102935,pFemale
02936,50744929102936,pFemale
02937,99544929102937,pFemale
02938,23264929102938,pFemale
02939,58544929102939,pFemale
02940,32844929102940,pFemale
02941,21444929102941,pFemale
02942,45544929102942,pFemale
02943,20394929102943,pFemale
02944,83774929102944,pFemale
02945,81684929102945,pFemale
02946,58094929102946,pFemale
02947,55334929102947,pFemale
02948,53584929102948,pFemale
02949,60854929102949,pFemale
02950,27374929102950,pFemale
02951,89704929102951,pFemale
02952,56384929102952,pFemale
02953,27174929102953,pFemale
02954,46784929102954,pFemale
02955,28854929102955,pFemale
02956,89314929102956,pFemale
02957,39824929102957,pFemale
02958,56944929102958,pFemale
02959,56584929102959,pFemale
02960,33974929102960,pFemale
02961,54704929102961,pFemale
02962,38244929102962,pFemale
02963,57344929102963,pFemale
02964,40254929102964,pFemale
02965,32744929102965,pFemale
02966,46054929102966,pFemale
02967,50614929102967,pFemale
02968,32784929102968,pFemale
02969,70634929102969,pFemale
02970,88394929102970,pFemale
02971,18014929102971,pFemale
02972,49854929102972,pFemale
02973,14174929102973,pFemale
02974,26054929102974,pFemale
02975,22794929102975,pFemale
02976,64794929102976,pFemale
02977,83974929102977,pFemale
02978,35234929102978,pFemale
02979,81904929102979,pFemale
02980,99884929102980,pFemale
02981,83814929102981,pFemale
02982,12784929102982,pFemale
02983,60524929102983,pFemale
02984,92784929102984,pFemale
02985,71384929102985,pFemale
02986,83754929102986,pFemale
02987,39034929102987,pFemale
02988,55414929102988,pFemale
02989,61564929102989,pFemale
02990,51654929102990,pFemale
02991,72624929102991,pFemale
02992,75334929102992,pFemale
02993,22204929102993,pFemale
02994,41004929102994,pFemale
02995,63274929102995,pFemale
02996,69734929102996,pFemale
02997,72414929102997,pFemale
02998,82584929102998,pFemale
02999,14324929102999,pFemale
03000,11774929103000,pFemale
03001,73374929103001,pFemale
03002,81044929103002,pFemale
03003,37434929103003,pFemale
03004,89474929103004,pFemale
03005,51564929103005,pFemale
03006,75044929103006,pFemale
03007,22234929103007,pFemale
03008,77204929103008,pFemale
03009,14574929103009,pFemale
03010,69964929103010,pFemale
03011,48214929103011,pFemale
03012,79514929103012,pFemale
03013,59344929103013,pFemale
03014,73014929103014,pFemale
03015,99384929103015,pFemale
03016,37564929103016,pFemale
03017,53054929103017,pFemale
03018,60904929103018,pFemale
03019,71214929103019,pFemale
03020,68014929103020,pFemale
03021,56254929103021,pFemale
03022,60014929103022,pFemale
03023,70224929103023,pFemale
03024,14514929103024,pFemale
03025,48774929103025,pFemale
03026,69024929103026,pFemale
03027,15974929103027,pFemale
03028,11454929103028,pFemale
03029,37944929103029,pFemale
03030,94094929103030,pFemale
03031,75604929103031,pFemale
03032,80514929103032,pFemale
03033,99344929103033,pFemale
03034,26514929103034,pFemale
03035,40894929103035,pFemale
03036,19524929103036,pFemale
03037,80194929103037,pFemale
03038,82844929103038,pFemale
03039,77754929103039,pFemale
03040,33834929103040,pFemale
03041,45024929103041,pFemale
03042,97594929103042,pFemale
03043,58314929103043,pFemale
03044,40264929103044,pFemale
03045,24004929103045,pFemale
03046,98364929103046,pFemale
03047,85354929103047,pFemale
03048,73484929103048,pFemale
03049,53724929103049,pFemale
03050,93524929103050,pFemale
03051,49464929103051,pFemale
03052,84954929103052,pFemale
03053,60464929103053,pFemale
03054,62324929103054,pFemale
03055,18464929103055,pFemale
03056,34294929103056,pFemale
03057,36004929103057,pFemale
03058,57594929103058,pFemale
03059,19494929103059,pFemale
03060,93184929103060,pFemale
03061,55864929103061,pFemale
03062,60884929103062,pFemale
03063,23534929103063,pFemale
03064,61834929103064,pFemale
03065,50104929103065,pFemale
03066,40124929103066,pFemale
03067,42434929103067,pFemale
03068,67804929103068,pFemale
03069,46624929103069,pFemale
03070,29754929103070,pFemale
03071,68454929103071,pFemale
03072,27484929103072,pFemale
03073,76904929103073,pFemale
03074,53444929103074,pFemale
03075,36264929103075,pFemale
03076,29944929103076,pFemale
03077,14344929103077,pFemale
03078,69174929103078,pFemale
03079,77504929103079,pFemale
03080,23394929103080,pFemale
03081,64954929103081,pFemale
03082,26954929103082,pFemale
03083,77814929103083,pFemale
03084,64034929103084,pFemale
03085,20754929103085,pFemale
03086,38914929103086,pFemale
03087,66374929103087,pFemale
03088,47504929103088,pFemale
03089,65434929103089,pFemale
03090,32044929103090,pFemale
03091,87884929103091,pFemale
03092,92764929103092,pFemale
03093,72754929103093,pFemale
03094,53274929103094,pFemale
03095,97154929103095,pFemale
03096,48534929103096,pFemale
03097,97214929103097,pFemale
03098,57174929103098,pFemale
03099,56124929103099,pFemale
03100,12134929103100,pFemale
03101,77404929103101,pFemale
03102,76094929103102,pFemale
03103,53364929103103,pFemale
03104,60964929103104,pFemale
03105,11794929103105,pFemale
03106,52814929103106,pFemale
03107,86124929103107,pFemale
03108,96374929103108,pFemale
03109,66924929103109,pFemale
03110,55734929103110,pFemale
03111,44884929103111,pFemale
03112,70084929103112,pFemale
03113,78324929103113,pFemale
03114,66464929103114,pFemale
03115,80364929103115,pFemale
03116,53064929103116,pFemale
03117,63674929103117,pFemale
03118,60084929103118,pFemale
03119,93044929103119,pFemale
03120,56964929103120,pFemale
03121,38654929103121,pFemale
03122,17674929103122,pFemale
03123,55234929103123,pFemale
03124,58014929103124,pFemale
03125,35174929103125,pFemale
03126,51574929103126,pFemale
03127,85564929103127,pFemale
03128,43424929103128,pFemale
03129,52234929103129,pFemale
03130,12994929103130,pFemale
03131,96034929103131,pFemale
03132,80314929103132,pFemale
03133,29114929103133,pFemale
03134,22174929103134,pFemale
03135,91554929103135,pFemale
03136,47104929103136,pFemale
03137,21224929103137,pFemale
03138,31034929103138,pFemale
03139,41974929103139,pFemale
03140,17384929103140,pFemale
03141,38324929103141,pFemale
03142,38354929103142,pFemale
03143,46574929103143,pFemale
03144,36394929103144,pFemale
03145,85384929103145,pFemale
03146,57414929103146,pFemale
03147,71154929103147,pFemale
03148,99864929103148,pFemale
03149,45804929103149,pFemale
03150,16144929103150,pFemale
03151,67534929103151,pFemale
03152,65474929103152,pFemale
03153,37194929103153,pFemale
03154,39804929103154,pFemale
03155,25594929103155,pFemale
03156,36724929103156,pFemale
03157,69694929103157,pFemale
03158,36104929103158,pFemale
03159,47794929103159,pFemale
03160,49334929103160,pFemale
03161,86724929103161,pFemale
03162,22894929103162,pFemale
03163,86214929103163,pFemale
03164,50184929103164,pFemale
03165,28304929103165,pFemale
03166,28304929103166,pFemale
03167,62104929103167,pFemale
03168,78694929103168,pFemale
03169,96754929103169,pFemale
03170,13404929103170,pFemale
03171,97854929103171,pFemale
03172,20764929103172,pFemale
03173,55094929103173,pFemale
03174,87354929103174,pFemale
03175,51614929103175,pFemale
03176,15104929103176,pFemale
03177,77704929103177,pFemale
03178,25084929103178,pFemale
03179,64244929103179,pFemale
03180,72244929103180,pFemale
03181,93684929103181,pFemale
03182,67414929103182,pFemale
03183,48894929103183,pFemale
03184,75854929103184,pFemale
03185,52634929103185,pFemale
03186,33734929103186,pFemale
03187,13034929103187,pFemale
03188,76714929103188,pFemale
03189,32864929103189,pFemale
03190,77154929103190,pFemale
03191,42924929103191,pFemale
03192,69054929103192,pFemale
03193,12264929103193,pFemale
03194,22174929103194,pFemale
03195,40744929103195,pFemale
03196,59524929103196,pFemale
03197,21544929103197,pFemale
03198,74784929103198,pFemale
03199,24054929103199,pFemale
03200,68564929103200,pFemale
03201,49984929203201,pMale
03202,25234929203202,pMale
03203,87844929203203,pMale
03204,64314929203204,pMale
03205,63804929203205,pMale
03206,93044929203206,pMale
03207,29084929203207,pMale
03208,99034929203208,pMale
03209,46844929203209,pMale
03210,84794929203210,pMale
03211,73704929203211,pMale
03212,18014929203212,pMale
03213,63904929203213,pMale
03214,14214929203214,pMale
03215,96194929203215,pMale
03216,90914929203216,pMale
03217,76524929203217,pMale
03218,24794929203218,pMale
03219,31594929203219,pMale
03220,45804929203220,pMale
03221,51244929203221,pMale
03222,65064929203222,pMale
03223,40004929203223,pMale
03224,15414929203224,pMale
03225,90394929203225,pMale
03226,36154929203226,pMale
03227,63664929203227,pMale
03228,66164929203228,pMale
03229,45374929203229,pMale
03230,51954929203230,pMale
03231,36474929203231,pMale
03232,19524929203232,pMale
03233,52454929203233,pMale
03234,91834929203234,pMale
03235,26014929203235,pMale
03236,15884929203236,pMale
03237,11014929203237,pMale
03238,35744929203238,pMale
03239,38044929203239,pMale
03240,21024929203240,pMale
03241,74364929203241,pMale
03242,81874929203242,pMale
03243,23614929203243,pMale
03244,74974929203244,pMale
03245,83014929203245,pMale
03246,16834929203246,pMale
03247,88504929203247,pMale
03248,23474929203248,pMale
03249,10454929203249,pMale
03250,38284929203250,pMale
03251,95354929203251,pMale
03252,81784929203252,pMale
03253,71414929203253,pMale
03254,70134929203254,pMale
03255,98094929203255,pMale
03256,71214929203256,pMale
03257,42694929203257,pMale
03258,90134929203258,pMale
03259,79044929203259,pMale
03260,27924929203260,pMale
03261,46394929203261,pMale
03262,30114929203262,pMale
03263,68434929203263,pMale
03264,24374929203264,pMale
03265,95714929203265,pMale
03266,58544929203266,pMale
03267,16394929203267,pMale
03268,13264929203268,pMale
03269,23284929203269,pMale
03270,75754929203270,pMale
03271,47544929203271,pMale
03272,53854929203272,pMale
03273,61824929203273,pMale
03274,41614929203274,pMale
03275,18004929203275,pMale
03276,20974929203276,pMale
03277,97564929203277,pMale
03278,55594929203278,pMale
03279,84874929203279,pMale
03280,56334929203280,pMale
03281,25954929203281,pMale
03282,99514929203282,pMale
03283,38384929203283,pMale
03284,52504929203284,pMale
03285,39924929203285,pMale
03286,72674929203286,pMale
03287,96274929203287,pMale
03288,59274929203288,pMale
03289,40714929203289,pMale
03290,29464929203290,pMale
03291,10964929203291,pMale
03292,82594929203292,pMale
03293,61134929203293,pMale
03294,79564929203294,pMale
03295,88984929203295,pMale
03296,85934929203296,pMale
03297,81354929203297,pMale
03298,40644929203298,pMale
03299,73074929203299,pMale
03300,14264929203300,pMale
03301,47164929203301,pMale
03302,13414929203302,pMale
03303,26664929203303,pMale
03304,20354929203304,pMale
03305,90794929203305,pMale
03306,79334929203306,pMale
03307,70944929203307,pMale
03308,83784929203308,pMale
03309,54144929203309,pMale
03310,20824929203310,pMale
03311,54374929203311,pMale
03312,12314929203312,pMale
03313,24614929203313,pMale
03314,53824929203314,pMale
03315,54724929203315,pMale
03316,95744929203316,pMale
03317,83334929203317,pMale
03318,53004929203318,pMale
03319,93594929203319,pMale
03320,72414929203320,pMale
03321,76014929203321,pMale
03322,59414929203322,pMale
03323,53464929203323,pMale
03324,98004929203324,pMale
03325,36174929203325,pMale
03326,90634929203326,pMale
03327,67194929203327,pMale
03328,27034929203328,pMale
03329,90914929203329,pMale
03330,63464929203330,pMale
03331,30104929203331,pMale
03332,66694929203332,pMale
03333,29244929203333,pMale
03334,98984929203334,pMale
03335,34454929203335,pMale
03336,13324929203336,pMale
03337,62834929203337,pMale
03338,40354929203338,pMale
03339,16514929203339,pMale
03340,41244929203340,pMale
03341,79294929203341,pMale
03342,72814929203342,pMale
03343,56064929203343,pMale
03344,74214929203344,pMale
03345,87964929203345,pMale
03346,16494929203346,pMale
03347,68454929203347,pMale
03348,79334929203348,pMale
03349,58214929203349,pMale
03350,81424929203350,pMale
03351,59124929203351,pMale
03352,23434929203352,pMale
03353,50174929203353,pMale
03354,25324929203354,pMale
03355,40614929203355,pMale
03356,31964929203356,pMale
03357,98064929203357,pMale
03358,43644929203358,pMale
03359,62124929203359,pMale
03360,30464929203360,pMale
03361,25974929203361,pMale
03362,62304929203362,pMale
03363,81544929203363,pMale
03364,38384929203364,pMale
03365,96064929203365,pMale
03366,42834929203366,pMale
03367,39984929203367,pMale
03368,35584929203368,pMale
03369,59504929203369,pMale
03370,39974929203370,pMale
03371,48764929203371,pMale
03372,31154929203372,pMale
03373,29584929203373,pMale
03374,11904929203374,pMale
03375,59004929203375,pMale
03376,64864929203376,pMale
03377,27604929203377,pMale
03378,12844929203378,pMale
03379,93634929203379,pMale
03380,51084929203380,pMale
03381,91124929203381,pMale
03382,48264929203382,pMale
03383,51914929203383,pMale
03384,95134929203384,pMale
03385,44754929203385,pMale
03386,42484929203386,pMale
03387,76474929203387,pMale
03388,22284929203388,pMale
03389,13394929203389,pMale
03390,98874929203390,pMale
03391,42844929203391,pMale
03392,99024929203392,pMale
03393,58074929203393,pMale
03394,62494929203394,pMale
03395,61474929203395,pMale
03396,67134929203396,pMale
03397,14214929203397,pMale
03398,95234929203398,pMale
03399,12314929203399,pMale
03400,89944929203400,pMale
03401,72364929203401,pMale
03402,13514929203402,pMale
03403,91754929203403,pMale
03404,11334929203404,pMale
03405,31574929203405,pMale
03406,88364929203406,pMale
03407,32264929203407,pMale
03408,77064929203408,pMale
03409,15074929203409,pMale
03410,68184929203410,pMale
03411,54334929203411,pMale
03412,58794929203412,pMale
03413,38634929203413,pMale
03414,23824929203414,pMale
03415,41044929203415,pMale
03416,20364929203416,pMale
03417,51294929203417,pMale
03418,46224929203418,pMale
03419,85114929203419,pMale
03420,26774929203420,pMale
03421,88684929203421,pMale
03422,56664929203422,pMale
03423,68404929203423,pMale
03424,55574929203424,pMale
03425,88794929203425,pMale
03426,89334929203426,pMale
03427,73944929203427,pMale
03428,20774929203428,pMale
03429,90214929203429,pMale
03430,56524929203430,pMale
03431,10504929203431,pMale
03432,89224929203432,pMale
03433,92984929203433,pMale
03434,76284929203434,pMale
03435,69554929203435,pMale
03436,29584929203436,pMale
03437,31824929203437,pMale
03438,12554929203438,pMale
03439,34904929203439,pMale
03440,23644929203440,pMale
03441,41934929203441,pMale
03442,27854929203442,pMale
03443,54594929203443,pMale
03444,60284929203444,pMale
03445,27294929203445,pMale
03446,78404929203446,pMale
03447,85564929203447,pMale
03448,71904929203448,pMale
03449,61374929203449,pMale
03450,61854929203450,pMale
03451,80594929203451,pMale
03452,93244929203452,pMale
03453,90534929203453,pMale
03454,77314929203454,pMale
03455,17874929203455,pMale
03456,82874929203456,pMale
03457,19694929203457,pMale
03458,78134929203458,pMale
03459,43024929203459,pMale
03460,37084929203460,pMale
03461,90654929203461,pMale
03462,87004929203462,pMale
03463,93614929203463,pMale
03464,36234929203464,pMale
03465,22924929203465,pMale
03466,73594929203466,pMale
03467,86224929203467,pMale
03468,43734929203468,pMale
03469,66904929203469,pMale
03470,34754929203470,pMale
03471,35974929203471,pMale
03472,87394929203472,pMale
03473,99754929203473,pMale
03474,97124929203474,pMale
03475,18494929203475,pMale
03476,13384929203476,pMale
03477,93654929203477,pMale
03478,12354929203478,pMale
03479,64534929203479,pMale
03480,72574929203480,pMale
03481,66564929203481,pMale
03482,24684929203482,pMale
03483,76974929203483,pMale
03484,89514929203484,pMale
03485,55494929203485,pMale
03486,51144929203486,pMale
03487,40314929203487,pMale
03488,93774929203488,pMale
03489,22334929203489,pMale
03490,54224929203490,pMale
03491,72754929203491,pMale
03492,73894929203492,pMale
03493,52104929203493,pMale
03494,76984929203494,pMale
03495,50714929203495,pMale
03496,23784929203496,pMale
03497,33744929203497,pMale
03498,30764929203498,pMale
03499,65834929203499,pMale
03500,11584929203500,pMale
03501,83364929203501,pMale
03502,45284929203502,pMale
03503,94544929203503,pMale
03504,91134929203504,pMale
03505,90104929203505,pMale
03506,31344929203506,pMale
03507,50084929203507,pMale
03508,55874929203508,pMale
03509,94314929203509,pMale
03510,75954929203510,pMale
03511,37034929203511,pMale
03512,25204929203512,pMale
03513,58404929203513,pMale
03514,50024929203514,pMale
03515,88314929203515,pMale
03516,63394929203516,pMale
03517,20124929203517,pMale
03518,48464929203518,pMale
03519,14794929203519,pMale
03520,91074929203520,pMale
03521,88274929203521,pMale
03522,42894929203522,pMale
03523,87224929203523,pMale
03524,89024929203524,pMale
03525,11114929203525,pMale
03526,96784929203526,pMale
03527,30864929203527,pMale
03528,54674929203528,pMale
03529,27004929203529,pMale
03530,63104929203530,pMale
03531,22434929203531,pMale
03532,70944929203532,pMale
03533,27794929203533,pMale
03534,24464929203534,pMale
03535,89684929203535,pMale
03536,37694929203536,pMale
03537,94534929203537,pMale
03538,35804929203538,pMale
03539,73444929203539,pMale
03540,55594929203540,pMale
03541,65814929203541,pMale
03542,69534929203542,pMale
03543,62104929203543,pMale
03544,22574929203544,pMale
03545,28484929203545,pMale
03546,73184929203546,pMale
03547,38684929203547,pMale
03548,62704929203548,pMale
03549,20974929203549,pMale
03550,49584929203550,pMale
03551,90364929203551,pMale
03552,77584929203552,pMale
03553,29084929203553,pMale
03554,69474929203554,pMale
03555,10494929203555,pMale
03556,40284929203556,pMale
03557,94234929203557,pMale
03558,36724929203558,pMale
03559,93124929203559,pMale
03560,41744929203560,pMale
03561,84274929203561,pMale
03562,15924929203562,pMale
03563,60084929203563,pMale
03564,89634929203564,pMale
03565,26734929203565,pMale
03566,42604929203566,pMale
03567,80454929203567,pMale
03568,19864929203568,pMale
03569,14624929203569,pMale
03570,45824929203570,pMale
03571,12624929203571,pMale
03572,60334929203572,pMale
03573,44714929203573,pMale
03574,63394929203574,pMale
03575,18824929203575,pMale
03576,67524929203576,pMale
03577,58334929203577,pMale
03578,29494929203578,pMale
03579,32144929203579,pMale
03580,45244929203580,pMale
03581,94624929203581,pMale
03582,34814929203582,pMale
03583,56094929203583,pMale
03584,56114929203584,pMale
03585,16324929203585,pMale
03586,69264929203586,pMale
03587,36604929203587,pMale
03588,65474929203588,pMale
03589,68054929203589,pMale
03590,57094929203590,pMale
03591,26564929203591,pMale
03592,77774929203592,pMale
03593,17114929203593,pMale
03594,94534929203594,pMale
03595,12864929203595,pMale
03596,25484929203596,pMale
03597,26744929203597,pMale
03598,80004929203598,pMale
03599,35914929203599,pMale
03600,40454929203600,pMale
03601,21904929203601,pMale
03602,86714929203602,pMale
03603,61684929203603,pMale
03604,27934929203604,pMale
03605,67584929203605,pMale
03606,37854929203606,pMale
03607,56244929203607,pMale
03608,72854929203608,pMale
03609,49544929203609,pMale
03610,34244929203610,pMale
03611,82744929203611,pMale
03612,58824929203612,pMale
03613,97634929203613,pMale
03614,74464929203614,pMale
03615,61044929203615,pMale
03616,29484929203616,pMale
03617,41554929203617,pMale
03618,67584929203618,pMale
03619,89634929203619,pMale
03620,32424929203620,pMale
03621,59114929203621,pMale
03622,48214929203622,pMale
03623,70234929203623,pMale
03624,75604929203624,pMale
03625,87084929203625,pMale
03626,54254929203626,pMale
03627,74814929203627,pMale
03628,16274929203628,pMale
03629,64394929203629,pMale
03630,26994929203630,pMale
03631,15124929203631,pMale
03632,12304929203632,pMale
03633,17964929203633,pMale
03634,93784929203634,pMale
03635,54704929203635,pMale
03636,96174929203636,pMale
03637,80974929203637,pMale
03638,63224929203638,pMale
03639,53434929203639,pMale
03640,41384929203640,pMale
03641,83664929203641,pMale
03642,22754929203642,pMale
03643,24574929203643,pMale
03644,61274929203644,pMale
03645,66564929203645,pMale
03646,58864929203646,pMale
03647,74274929203647,pMale
03648,90494929203648,pMale
03649,96324929203649,pMale
03650,89744929203650,pMale
03651,93634929203651,pMale
03652,78924929203652,pMale
03653,13994929203653,pMale
03654,80404929203654,pMale
03655,13214929203655,pMale
03656,38044929203656,pMale
03657,15754929203657,pMale
03658,10394929203658,pMale
03659,80014929203659,pMale
03660,19824929203660,pMale
03661,86244929203661,pMale
03662,43874929203662,pMale
03663,77144929203663,pMale
03664,28194929203664,pMale
03665,84354929203665,pMale
03666,92354929203666,pMale
03667,95714929203667,pMale
03668,42894929203668,pMale
03669,31474929203669,pMale
03670,29824929203670,pMale
03671,69454929203671,pMale
03672,65924929203672,pMale
03673,62264929203673,pMale
03674,20344929203674,pMale
03675,51674929203675,pMale
03676,10394929203676,pMale
03677,37984929203677,pMale
03678,58314929203678,pMale
03679,64864929203679,pMale
03680,61974929203680,pMale
03681,82224929203681,pMale
03682,71054929203682,pMale
03683,62694929203683,pMale
03684,72814929203684,pMale
03685,59244929203685,pMale
03686,43984929203686,pMale
03687,94534929203687,pMale
03688,57884929203688,pMale
03689,64664929203689,pMale
03690,78254929203690,pMale
03691,42534929203691,pMale
03692,83954929203692,pMale
03693,38864929203693,pMale
03694,20974929203694,pMale
03695,11054929203695,pMale
03696,90954929203696,pMale
03697,32654929203697,pMale
03698,17744929203698,pMale
03699,18824929203699,pMale
03700,95894929203700,pMale
03701,45624929203701,pMale
03702,97944929203702,pMale
03703,73364929203703,pMale
03704,59274929203704,pMale
03705,66894929203705,pMale
03706,52314929203706,pMale
03707,88104929203707,pMale
03708,43994929203708,pMale
03709,48444929203709,pMale
03710,53124929203710,pMale
03711,91844929203711,pMale
03712,36734929203712,pMale
03713,80804929203713,pMale
03714,36834929203714,pMale
03715,10854929203715,pMale
03716,61884929203716,pMale
03717,51424929203717,pMale
03718,99244929203718,pMale
03719,13304929203719,pMale
03720,47954929203720,pMale
03721,45404929203721,pMale
03722,13174929203722,pMale
03723,66404929203723,pMale
03724,76474929203724,pMale
03725,48804929203725,pMale
03726,28584929203726,pMale
03727,55894929203727,pMale
03728,23404929203728,pMale
03729,34404929203729,pMale
03730,75244929203730,pMale
03731,18054929203731,pMale
03732,32994929203732,pMale
03733,69984929203733,pMale
03734,67924929203734,pMale
03735,34234929203735,pMale
03736,24274929203736,pMale
03737,89134929203737,pMale
03738,53994929203738,pMale
03739,57944929203739,pMale
03740,29894929203740,pMale
03741,44514929203741,pMale
03742,23614929203742,pMale
03743,34314929203743,pMale
03744,17574929203744,pMale
03745,83614929203745,pMale
03746,12394929203746,pMale
03747,42174929203747,pMale
03748,93944929203748,pMale
03749,27114929203749,pMale
03750,46514929203750,pMale
03751,98544929203751,pMale
03752,11074929203752,pMale
03753,39524929203753,pMale
03754,20444929203754,pMale
03755,75714929203755,pMale
03756,45214929203756,pMale
03757,62634929203757,pMale
03758,47024929203758,pMale
03759,90734929203759,pMale
03760,98334929203760,pMale
03761,81164929203761,pMale
03762,20184929203762,pMale
03763,17484929203763,pMale
03764,81984929203764,pMale
03765,51124929203765,pMale
03766,10064929203766,pMale
03767,11124929203767,pMale
03768,53704929203768,pMale
03769,30534929203769,pMale
03770,50684929203770,pMale
03771,65244929203771,pMale
03772,15904929203772,pMale
03773,62744929203773,pMale
03774,40094929203774,pMale
03775,41314929203775,pMale
03776,97304929203776,pMale
03777,82234929203777,pMale
03778,23034929203778,pMale
03779,80714929203779,pMale
03780,36834929203780,pMale
03781,22854929203781,pMale
03782,46104929203782,pMale
03783,49344929203783,pMale
03784,40034929203784,pMale
03785,38594929203785,pMale
03786,35374929203786,pMale
03787,84524929203787,pMale
03788,37954929203788,pMale
03789,26924929203789,pMale
03790,56614929203790,pMale
03791,84644929203791,pMale
03792,48574929203792,pMale
03793,74524929203793,pMale
03794,57864929203794,pMale
03795,31164929203795,pMale
03796,20714929203796,pMale
03797,25614929203797,pMale
03798,84664929203798,pMale
03799,63084929203799,pMale
03800,60404929203800,pMale
03801,62654929203801,pMale
03802,67694929203802,pMale
03803,34074929203803,pMale
03804,49834929203804,pMale
03805,49724929203805,pMale
03806,82864929203806,pMale
03807,81894929203807,pMale
03808,98754929203808,pMale
03809,68224929203809,pMale
03810,94084929203810,pMale
03811,50564929203811,pMale
03812,28344929203812,pMale
03813,75214929203813,pMale
03814,78314929203814,pMale
03815,14754929203815,pMale
03816,47664929203816,pMale
03817,34164929203817,pMale
03818,83294929203818,pMale
03819,16894929203819,pMale
03820,12534929203820,pMale
03821,68214929203821,pMale
03822,37654929203822,pMale
03823,96684929203823,pMale
03824,56934929203824,pMale
03825,96024929203825,pMale
03826,33614929203826,pMale
03827,73174929203827,pMale
03828,76964929203828,pMale
03829,30004929203829,pMale
03830,92064929203830,pMale
03831,69194929203831,pMale
03832,47164929203832,pMale
03833,87064929203833,pMale
03834,40344929203834,pMale
03835,68484929203835,pMale
03836,89504929203836,pMale
03837,41984929203837,pMale
03838,42264929203838,pMale
03839,35154929203839,pMale
03840,24734929203840,pMale
03841,33144929203841,pMale
03842,70844929203842,pMale
03843,55754929203843,pMale
03844,26294929203844,pMale
03845,40774929203845,pMale
03846,33474929203846,pMale
03847,53824929203847,pMale
03848,36774929203848,pMale
03849,17804929203849,pMale
03850,99494929203850,pMale
03851,66864929203851,pMale
03852,16744929203852,pMale
03853,43094929203853,pMale
03854,60474929203854,pMale
03855,95914929203855,pMale
03856,36224929203856,pMale
03857,47244929203857,pMale
03858,62724929203858,pMale
03859,67574929203859,pMale
03860,28564929203860,pMale
03861,10864929203861,pMale
03862,12564929203862,pMale
03863,88514929203863,pMale
03864,16824929203864,pMale
03865,95314929203865,pMale
03866,83934929203866,pMale
03867,92544929203867,pMale
03868,92714929203868,pMale
03869,76114929203869,pMale
03870,78574929203870,pMale
03871,50124929203871,pMale
03872,58034929203872,pMale
03873,58544929203873,pMale
03874,68634929203874,pMale
03875,20374929203875,pMale
03876,78484929203876,pMale
03877,46074929203877,pMale
03878,71884929203878,pMale
03879,45644929203879,pMale
03880,10164929203880,pMale
03881,71074929203881,pMale
03882,19324929203882,pMale
03883,68534929203883,pMale
03884,98404929203884,pMale
03885,78104929203885,pMale
03886,15374929203886,pMale
03887,51394929203887,pMale
03888,79254929203888,pMale
03889,99724929203889,pMale
03890,80514929203890,pMale
03891,28414929203891,pMale
03892,13314929203892,pMale
03893,94734929203893,pMale
03894,96464929203894,pMale
03895,90094929203895,pMale
03896,62164929203896,pMale
03897,78994929203897,pMale
03898,43804929203898,pMale
03899,30324929203899,pMale
03900,17294929203900,pMale
03901,98654929203901,pMale
03902,82134929203902,pMale
03903,95874929203903,pMale
03904,21494929203904,pMale
03905,46004929203905,pMale
03906,22774929203906,pMale
03907,48464929203907,pMale
03908,52754929203908,pMale
03909,37684929203909,pMale
03910,83854929203910,pMale
03911,49264929203911,pMale
03912,60664929203912,pMale
03913,95534929203913,pMale
03914,48054929203914,pMale
03915,35944929203915,pMale
03916,35344929203916,pMale
03917,29824929203917,pMale
03918,62664929203918,pMale
03919,22194929203919,pMale
03920,98844929203920,pMale
03921,65044929203921,pMale
03922,22314929203922,pMale
03923,59774929203923,pMale
03924,79034929203924,pMale
03925,48224929203925,pMale
03926,54094929203926,pMale
03927,43014929203927,pMale
03928,96014929203928,pMale
03929,29644929203929,pMale
03930,35244929203930,pMale
03931,75874929203931,pMale
03932,91034929203932,pMale
03933,56184929203933,pMale
03934,33244929203934,pMale
03935,51474929203935,pMale
03936,97914929203936,pMale
03937,77074929203937,pMale
03938,48554929203938,pMale
03939,64094929203939,pMale
03940,86884929203940,pMale
03941,52174929203941,pMale
03942,49724929203942,pMale
03943,33744929203943,pMale
03944,11074929203944,pMale
03945,82754929203945,pMale
03946,31024929203946,pMale
03947,73154929203947,pMale
03948,55364929203948,pMale
03949,24804929203949,pMale
03950,92664929203950,pMale
03951,67364929203951,pMale
03952,97794929203952,pMale
03953,24774929203953,pMale
03954,93414929203954,pMale
03955,85694929203955,pMale
03956,93534929203956,pMale
03957,87854929203957,pMale
03958,45764929203958,pMale
03959,96314929203959,pMale
03960,31194929203960,pMale
03961,28834929203961,pMale
03962,83564929203962,pMale
03963,63274929203963,pMale
03964,91774929203964,pMale
03965,75254929203965,pMale
03966,92214929203966,pMale
03967,65984929203967,pMale
03968,20114929203968,pMale
03969,53324929203969,pMale
03970,81304929203970,pMale
03971,81334929203971,pMale
03972,48714929203972,pMale
03973,36094929203973,pMale
03974,39774929203974,pMale
03975,58144929203975,pMale
03976,44214929203976,pMale
03977,24304929203977,pMale
03978,83524929203978,pMale
03979,14244929203979,pMale
03980,26264929203980,pMale
03981,99604929203981,pMale
03982,85684929203982,pMale
03983,65974929203983,pMale
03984,78934929203984,pMale
03985,60444929203985,pMale
03986,49144929203986,pMale
03987,30264929203987,pMale
03988,14634929203988,pMale
03989,70204929203989,pMale
03990,51774929203990,pMale
03991,39084929203991,pMale
03992,50494929203992,pMale
03993,68114929203993,pMale
03994,34084929203994,pMale
03995,96564929203995,pMale
03996,67304929203996,pMale
03997,12444929203997,pMale
03998,59364929203998,pMale
03999,18474929203999,pMale
04000,60884929204000,pMale
04001,60884929104001,pMale
04002,14254929104002,pMale
04003,78084929104003,pMale
04004,64174929104004,pMale
04005,84984929104005,pMale
04006,79694929104006,pMale
04007,31024929104007,pMale
04008,50114929104008,pMale
04009,75524929104009,pMale
04010,15564929104010,pMale
04011,73514929104011,pMale
04012,34864929104012,pMale
04013,77004929104013,pMale
04014,76454929104014,pMale
04015,77344929104015,pMale
04016,26304929104016,pMale
04017,26424929104017,pMale
04018,29494929104018,pMale
04019,26844929104019,pMale
04020,54534929104020,pMale
04021,64094929104021,pMale
04022,21884929104022,pMale
04023,25964929104023,pMale
04024,60804929104024,pMale
04025,56884929104025,pMale
04026,31134929104026,pMale
04027,57804929104027,pMale
04028,78924929104028,pMale
04029,44024929104029,pMale
04030,57694929104030,pMale
04031,36674929104031,pMale
04032,79154929104032,pMale
04033,75374929104033,pMale
04034,70104929104034,pMale
04035,62564929104035,pMale
04036,14594929104036,pMale
04037,72214929104037,pMale
04038,62664929104038,pMale
04039,68234929104039,pMale
04040,70124929104040,pMale
04041,70504929104041,pMale
04042,45554929104042,pMale
04043,28694929104043,pMale
04044,33824929104044,pMale
04045,36724929104045,pMale
04046,57554929104046,pMale
04047,13284929104047,pMale
04048,40804929104048,pMale
04049,66054929104049,pMale
04050,21154929104050,pMale
04051,80144929104051,pMale
04052,79704929104052,pMale
04053,63284929104053,pMale
04054,70204929104054,pMale
04055,13354929104055,pMale
04056,61544929104056,pMale
04057,75954929104057,pMale
04058,90104929104058,pMale
04059,72314929104059,pMale
04060,91124929104060,pMale
04061,20284929104061,pMale
04062,90444929104062,pMale
04063,53914929104063,pMale
04064,40974929104064,pMale
04065,59294929104065,pMale
04066,60154929104066,pMale
04067,86964929104067,pMale
04068,47724929104068,pMale
04069,13754929104069,pMale
04070,25174929104070,pMale
04071,99314929104071,pMale
04072,41034929104072,pMale
04073,55314929104073,pMale
04074,38584929104074,pMale
04075,27304929104075,pMale
04076,14954929104076,pMale
04077,72394929104077,pMale
04078,13284929104078,pMale
04079,47844929104079,pMale
04080,51904929104080,pMale
04081,48414929104081,pMale
04082,27164929104082,pMale
04083,22914929104083,pMale
04084,99004929104084,pMale
04085,12574929104085,pMale
04086,20734929104086,pMale
04087,46644929104087,pMale
04088,37074929104088,pMale
04089,13144929104089,pMale
04090,57254929104090,pMale
04091,24804929104091,pMale
04092,41904929104092,pMale
04093,23274929104093,pMale
04094,65474929104094,pMale
04095,86814929104095,pMale
04096,68294929104096,pMale
04097,49224929104097,pMale
04098,54714929104098,pMale
04099,30364929104099,pMale
04100,76404929104100,pMale
04101,81174929104101,pMale
04102,82534929104102,pMale
04103,48334929104103,pMale
04104,10644929104104,pMale
04105,66514929104105,pMale
04106,64934929104106,pMale
04107,38424929104107,pMale
04108,71074929104108,pMale
04109,85594929104109,pMale
04110,58944929104110,pMale
04111,15104929104111,pMale
04112,17404929104112,pMale
04113,10044929104113,pMale
04114,27844929104114,pMale
04115,94194929104115,pMale
04116,25264929104116,pMale
04117,83514929104117,pMale
04118,78764929104118,pMale
04119,49904929104119,pMale
04120,35214929104120,pMale
04121,84994929104121,pMale
04122,92884929104122,pMale
04123,64314929104123,pMale
04124,24084929104124,pMale
04125,44564929104125,pMale
04126,98094929104126,pMale
04127,59444929104127,pMale
04128,28944929104128,pMale
04129,81694929104129,pMale
04130,34084929104130,pMale
04131,41804929104131,pMale
04132,13444929104132,pMale
04133,86034929104133,pMale
04134,80064929104134,pMale
04135,19354929104135,pMale
04136,26764929104136,pMale
04137,50654929104137,pMale
04138,14934929104138,pMale
04139,31104929104139,pMale
04140,25014929104140,pMale
04141,67874929104141,pMale
04142,39854929104142,pMale
04143,19124929104143,pMale
04144,75124929104144,pMale
04145,77514929104145,pMale
04146,93484929104146,pMale
04147,83054929104147,pMale
04148,41274929104148,pMale
04149,87684929104149,pMale
04150,89614929104150,pMale
04151,37184929104151,pMale
04152,13774929104152,pMale
04153,58074929104153,pMale
04154,87324929104154,pMale
04155,69924929104155,pMale
04156,40474929104156,pMale
04157,75724929104157,pMale
04158,33614929104158,pMale
04159,75864929104159,pMale
04160,60704929104160,pMale
04161,13314929104161,pMale
04162,68584929104162,pMale
04163,90344929104163,pMale
04164,41634929104164,pMale
04165,19914929104165,pMale
04166,43084929104166,pMale
04167,26424929104167,pMale
04168,47214929104168,pMale
04169,44324929104169,pMale
04170,48884929104170,pMale
04171,64404929104171,pMale
04172,59564929104172,pMale
04173,10814929104173,pMale
04174,71314929104174,pMale
04175,73964929104175,pMale
04176,92884929104176,pMale
04177,17394929104177,pMale
04178,24424929104178,pMale
04179,48564929104179,pMale
04180,59854929104180,pMale
04181,16654929104181,pMale
04182,78614929104182,pMale
04183,22554929104183,pMale
04184,20574929104184,pMale
04185,58954929104185,pMale
04186,20884929104186,pMale
04187,10694929104187,pMale
04188,93884929104188,pMale
04189,18314929104189,pMale
04190,77354929104190,pMale
04191,60144929104191,pMale
04192,31404929104192,pMale
04193,60594929104193,pMale
04194,48524929104194,pMale
04195,55074929104195,pMale
04196,73804929104196,pMale
04197,54344929104197,pMale
04198,86894929104198,pMale
04199,83604929104199,pMale
04200,29814929104200,pMale
04201,84054929104201,pMale
04202,57114929104202,pMale
04203,17404929104203,pMale
04204,87544929104204,pMale
04205,85944929104205,pMale
04206,88644929104206,pMale
04207,13694929104207,pMale
04208,28484929104208,pMale
04209,46244929104209,pMale
04210,70944929104210,pMale
04211,49774929104211,pMale
04212,83824929104212,pMale
04213,41964929104213,pMale
04214,71064929104214,pMale
04215,20084929104215,pMale
04216,13414929104216,pMale
04217,34194929104217,pMale
04218,53864929104218,pMale
04219,35684929104219,pMale
04220,97134929104220,pMale
04221,43894929104221,pMale
04222,74614929104222,pMale
04223,26344929104223,pMale
04224,78854929104224,pMale
04225,80134929104225,pMale
04226,44224929104226,pMale
04227,85034929104227,pMale
04228,22774929104228,pMale
04229,90914929104229,pMale
04230,56804929104230,pMale
04231,24984929104231,pMale
04232,22354929104232,pMale
04233,26444929104233,pMale
04234,19924929104234,pMale
04235,39154929104235,pMale
04236,21774929104236,pMale
04237,14864929104237,pMale
04238,27174929104238,pMale
04239,32374929104239,pMale
04240,19744929104240,pMale
04241,20614929104241,pMale
04242,33394929104242,pMale
04243,55754929104243,pMale
04244,25984929104244,pMale
04245,65184929104245,pMale
04246,92274929104246,pMale
04247,43814929104247,pMale
04248,40114929104248,pMale
04249,20354929104249,pMale
04250,76574929104250,pMale
04251,23954929104251,pMale
04252,53034929104252,pMale
04253,54024929104253,pMale
04254,50724929104254,pMale
04255,78514929104255,pMale
04256,70864929104256,pMale
04257,18494929104257,pMale
04258,35984929104258,pMale
04259,59294929104259,pMale
04260,71324929104260,pMale
04261,31184929104261,pMale
04262,68134929104262,pMale
04263,44594929104263,pMale
04264,72664929104264,pMale
04265,88014929104265,pMale
04266,97624929104266,pMale
04267,98714929104267,pMale
04268,45044929104268,pMale
04269,59104929104269,pMale
04270,92184929104270,pMale
04271,54054929104271,pMale
04272,24464929104272,pMale
04273,67084929104273,pMale
04274,72054929104274,pMale
04275,35564929104275,pMale
04276,69154929104276,pMale
04277,77874929104277,pMale
04278,77554929104278,pMale
04279,17824929104279,pMale
04280,58494929104280,pMale
04281,53994929104281,pMale
04282,69344929104282,pMale
04283,34574929104283,pMale
04284,54394929104284,pMale
04285,40274929104285,pMale
04286,30984929104286,pMale
04287,50734929104287,pMale
04288,55254929104288,pMale
04289,92214929104289,pMale
04290,94124929104290,pMale
04291,36924929104291,pMale
04292,42314929104292,pMale
04293,46704929104293,pMale
04294,56204929104294,pMale
04295,66514929104295,pMale
04296,48564929104296,pMale
04297,35364929104297,pMale
04298,90534929104298,pMale
04299,75154929104299,pMale
04300,70194929104300,pMale
04301,30244929104301,pMale
04302,39014929104302,pMale
04303,92804929104303,pMale
04304,90464929104304,pMale
04305,42204929104305,pMale
04306,77244929104306,pMale
04307,48264929104307,pMale
04308,36144929104308,pMale
04309,71614929104309,pMale
04310,52234929104310,pMale
04311,46174929104311,pMale
04312,26354929104312,pMale
04313,81674929104313,pMale
04314,12484929104314,pMale
04315,36604929104315,pMale
04316,14034929104316,pMale
04317,84204929104317,pMale
04318,40704929104318,pMale
04319,47054929104319,pMale
04320,79834929104320,pMale
04321,67874929104321,pMale
04322,18964929104322,pMale
04323,76964929104323,pMale
04324,28514929104324,pMale
04325,39054929104325,pMale
04326,46314929104326,pMale
04327,14814929104327,pMale
04328,87844929104328,pMale
04329,85024929104329,pMale
04330,68964929104330,pMale
04331,27544929104331,pMale
04332,10024929104332,pMale
04333,99844929104333,pMale
04334,72964929104334,pMale
04335,72704929104335,pMale
04336,85574929104336,pMale
04337,72544929104337,pMale
04338,29304929104338,pMale
04339,62924929104339,pMale
04340,19774929104340,pMale
04341,37954929104341,pMale
04342,41604929104342,pMale
04343,52924929104343,pMale
04344,81504929104344,pMale
04345,49974929104345,pMale
04346,66284929104346,pMale
04347,89104929104347,pMale
04348,24754929104348,pMale
04349,87364929104349,pMale
04350,15204929104350,pMale
04351,81534929104351,pMale
04352,12414929104352,pMale
04353,72034929104353,pMale
04354,60804929104354,pMale
04355,58504929104355,pMale
04356,32764929104356,pMale
04357,89764929104357,pMale
04358,63774929104358,pMale
04359,83524929104359,pMale
04360,58334929104360,pMale
04361,93584929104361,pMale
04362,13234929104362,pMale
04363,14934929104363,pMale
04364,47344929104364,pMale
04365,79464929104365,pMale
04366,39344929104366,pMale
04367,97794929104367,pMale
04368,57584929104368,pMale
04369,14664929104369,pMale
04370,88504929104370,pMale
04371,48594929104371,pMale
04372,22844929104372,pMale
04373,58454929104373,pMale
04374,70984929104374,pMale
04375,52134929104375,pMale
04376,91774929104376,pMale
04377,85434929104377,pMale
04378,31084929104378,pMale
04379,71134929104379,pMale
04380,89374929104380,pMale
04381,41344929104381,pMale
04382,69794929104382,pMale
04383,78254929104383,pMale
04384,80804929104384,pMale
04385,51254929104385,pMale
04386,19964929104386,pMale
04387,40584929104387,pMale
04388,57854929104388,pMale
04389,10444929104389,pMale
04390,43904929104390,pMale
04391,16754929104391,pMale
04392,97824929104392,pMale
04393,97594929104393,pMale
04394,83634929104394,pMale
04395,96374929104395,pMale
04396,94964929104396,pMale
04397,50684929104397,pMale
04398,53474929104398,pMale
04399,92144929104399,pMale
04400,54314929104400,pMale
04401,85124929104401,pMale
04402,55184929104402,pMale
04403,64354929104403,pMale
04404,48164929104404,pMale
04405,34674929104405,pMale
04406,75694929104406,pMale
04407,57874929104407,pMale
04408,14974929104408,pMale
04409,44634929104409,pMale
04410,67184929104410,pMale
04411,41774929104411,pMale
04412,30714929104412,pMale
04413,27684929104413,pMale
04414,49794929104414,pMale
04415,51254929104415,pMale
04416,62824929104416,pMale
04417,42094929104417,pMale
04418,56744929104418,pMale
04419,82274929104419,pMale
04420,16624929104420,pMale
04421,62604929104421,pMale
04422,12024929104422,pMale
04423,98524929104423,pMale
04424,74164929104424,pMale
04425,43624929104425,pMale
04426,80504929104426,pMale
04427,60954929104427,pMale
04428,65704929104428,pMale
04429,95034929104429,pMale
04430,50664929104430,pMale
04431,69824929104431,pMale
04432,33574929104432,pMale
04433,50494929104433,pMale
04434,89654929104434,pMale
04435,79254929104435,pMale
04436,98564929104436,pMale
04437,48184929104437,pMale
04438,81034929104438,pMale
04439,84204929104439,pMale
04440,78894929104440,pMale
04441,54134929104441,pMale
04442,64894929104442,pMale
04443,60054929104443,pMale
04444,31564929104444,pMale
04445,37944929104445,pMale
04446,70494929104446,pMale
04447,14624929104447,pMale
04448,96274929104448,pMale
04449,81124929104449,pMale
04450,61464929104450,pMale
04451,62654929104451,pMale
04452,91854929104452,pMale
04453,57854929104453,pMale
04454,83424929104454,pMale
04455,72924929104455,pMale
04456,35144929104456,pMale
04457,58224929104457,pMale
04458,74144929104458,pMale
04459,57724929104459,pMale
04460,52384929104460,pMale
04461,24104929104461,pMale
04462,56224929104462,pMale
04463,44884929104463,pMale
04464,43174929104464,pMale
04465,37324929104465,pMale
04466,82214929104466,pMale
04467,62354929104467,pMale
04468,86844929104468,pMale
04469,90544929104469,pMale
04470,22334929104470,pMale
04471,55184929104471,pMale
04472,61364929104472,pMale
04473,60484929104473,pMale
04474,94534929104474,pMale
04475,95064929104475,pMale
04476,94754929104476,pMale
04477,63694929104477,pMale
04478,67234929104478,pMale
04479,72394929104479,pMale
04480,48984929104480,pMale
04481,24904929104481,pMale
04482,14454929104482,pMale
04483,40764929104483,pMale
04484,16394929104484,pMale
04485,77724929104485,pMale
04486,13444929104486,pMale
04487,44004929104487,pMale
04488,28564929104488,pMale
04489,87964929104489,pMale
04490,44864929104490,pMale
04491,55744929104491,pMale
04492,57794929104492,pMale
04493,99434929104493,pMale
04494,95454929104494,pMale
04495,31394929104495,pMale
04496,40934929104496,pMale
04497,82184929104497,pMale
04498,13204929104498,pMale
04499,72734929104499,pMale
04500,15824929104500,pMale
04501,63324929204501,pFemale
04502,14894929204502,pFemale
04503,74874929204503,pFemale
04504,10204929204504,pFemale
04505,10254929204505,pFemale
04506,46414929204506,pFemale
04507,25864929204507,pFemale
04508,43094929204508,pFemale
04509,96504929204509,pFemale
04510,65314929204510,pFemale
04511,58654929204511,pFemale
04512,58754929204512,pFemale
04513,89994929204513,pFemale
04514,75994929204514,pFemale
04515,75664929204515,pFemale
04516,63014929204516,pFemale
04517,23794929204517,pFemale
04518,97364929204518,pFemale
04519,25824929204519,pFemale
04520,12264929204520,pFemale
04521,79404929204521,pFemale
04522,62974929204522,pFemale
04523,24074929204523,pFemale
04524,84764929204524,pFemale
04525,42614929204525,pFemale
04526,13704929204526,pFemale
04527,43414929204527,pFemale
04528,74664929204528,pFemale
04529,41644929204529,pFemale
04530,42894929204530,pFemale
04531,79434929204531,pFemale
04532,68304929204532,pFemale
04533,48074929204533,pFemale
04534,84014929204534,pFemale
04535,67344929204535,pFemale
04536,63204929204536,pFemale
04537,30014929204537,pFemale
04538,80834929204538,pFemale
04539,91494929204539,pFemale
04540,59394929204540,pFemale
04541,37934929204541,pFemale
04542,90044929204542,pFemale
04543,77444929204543,pFemale
04544,83394929204544,pFemale
04545,42954929204545,pFemale
04546,46424929204546,pFemale
04547,46434929204547,pFemale
04548,54564929204548,pFemale
04549,67614929204549,pFemale
04550,90524929204550,pFemale
04551,32454929204551,pFemale
04552,34024929204552,pFemale
04553,69114929204553,pFemale
04554,18804929204554,pFemale
04555,21784929204555,pFemale
04556,46104929204556,pFemale
04557,25184929204557,pFemale
04558,16254929204558,pFemale
04559,95004929204559,pFemale
04560,12184929204560,pFemale
04561,42254929204561,pFemale
04562,61624929204562,pFemale
04563,51534929204563,pFemale
04564,67114929204564,pFemale
04565,36354929204565,pFemale
04566,75034929204566,pFemale
04567,46654929204567,pFemale
04568,88194929204568,pFemale
04569,66304929204569,pFemale
04570,88124929204570,pFemale
04571,81044929204571,pFemale
04572,56474929204572,pFemale
04573,59534929204573,pFemale
04574,76734929204574,pFemale
04575,52844929204575,pFemale
04576,80724929204576,pFemale
04577,10364929204577,pFemale
04578,86044929204578,pFemale
04579,12124929204579,pFemale
04580,83824929204580,pFemale
04581,20754929204581,pFemale
04582,18234929204582,pFemale
04583,77954929204583,pFemale
04584,51684929204584,pFemale
04585,93644929204585,pFemale
04586,72634929204586,pFemale
04587,17944929204587,pFemale
04588,34624929204588,pFemale
04589,38704929204589,pFemale
04590,38424929204590,pFemale
04591,20234929204591,pFemale
04592,81274929204592,pFemale
04593,30584929204593,pFemale
04594,49714929204594,pFemale
04595,48084929204595,pFemale
04596,15064929204596,pFemale
04597,19744929204597,pFemale
04598,13264929204598,pFemale
04599,26864929204599,pFemale
04600,42984929204600,pFemale
04601,65714929204601,pFemale
04602,48604929204602,pFemale
04603,53574929204603,pFemale
04604,37144929204604,pFemale
04605,62874929204605,pFemale
04606,50714929204606,pFemale
04607,88914929204607,pFemale
04608,98554929204608,pFemale
04609,28754929204609,pFemale
04610,85164929204610,pFemale
04611,31804929204611,pFemale
04612,63644929204612,pFemale
04613,54774929204613,pFemale
04614,85784929204614,pFemale
04615,86384929204615,pFemale
04616,23054929204616,pFemale
04617,99564929204617,pFemale
04618,24814929204618,pFemale
04619,71584929204619,pFemale
04620,53134929204620,pFemale
04621,74754929204621,pFemale
04622,15534929204622,pFemale
04623,13164929204623,pFemale
04624,59794929204624,pFemale
04625,43194929204625,pFemale
04626,77454929204626,pFemale
04627,38154929204627,pFemale
04628,94934929204628,pFemale
04629,79794929204629,pFemale
04630,13994929204630,pFemale
04631,22034929204631,pFemale
04632,65374929204632,pFemale
04633,64794929204633,pFemale
04634,32564929204634,pFemale
04635,68124929204635,pFemale
04636,94194929204636,pFemale
04637,39524929204637,pFemale
04638,37284929204638,pFemale
04639,19714929204639,pFemale
04640,94704929204640,pFemale
04641,44714929204641,pFemale
04642,24114929204642,pFemale
04643,74524929204643,pFemale
04644,86804929204644,pFemale
04645,71244929204645,pFemale
04646,48524929204646,pFemale
04647,71804929204647,pFemale
04648,85934929204648,pFemale
04649,33444929204649,pFemale
04650,35634929204650,pFemale
04651,61804929204651,pFemale
04652,14454929204652,pFemale
04653,34894929204653,pFemale
04654,62874929204654,pFemale
04655,87834929204655,pFemale
04656,85524929204656,pFemale
04657,26644929204657,pFemale
04658,35174929204658,pFemale
04659,80804929204659,pFemale
04660,39584929204660,pFemale
04661,28074929204661,pFemale
04662,12554929204662,pFemale
04663,46234929204663,pFemale
04664,23204929204664,pFemale
04665,10104929204665,pFemale
04666,20324929204666,pFemale
04667,93774929204667,pFemale
04668,50474929204668,pFemale
04669,71034929204669,pFemale
04670,61744929204670,pFemale
04671,39304929204671,pFemale
04672,26974929204672,pFemale
04673,94794929204673,pFemale
04674,63184929204674,pFemale
04675,19374929204675,pFemale
04676,66134929204676,pFemale
04677,61714929204677,pFemale
04678,21734929204678,pFemale
04679,48294929204679,pFemale
04680,18154929204680,pFemale
04681,21834929204681,pFemale
04682,85404929204682,pFemale
04683,47654929204683,pFemale
04684,11384929204684,pFemale
04685,90664929204685,pFemale
04686,25794929204686,pFemale
04687,78344929204687,pFemale
04688,26294929204688,pFemale
04689,17504929204689,pFemale
04690,83174929204690,pFemale
04691,55104929204691,pFemale
04692,31804929204692,pFemale
04693,36134929204693,pFemale
04694,34244929204694,pFemale
04695,23514929204695,pFemale
04696,54254929204696,pFemale
04697,28214929204697,pFemale
04698,82184929204698,pFemale
04699,99574929204699,pFemale
04700,88764929204700,pFemale
04701,58974929204701,pFemale
04702,59424929204702,pFemale
04703,71744929204703,pFemale
04704,33184929204704,pFemale
04705,35564929204705,pFemale
04706,92684929204706,pFemale
04707,15384929204707,pFemale
04708,94434929204708,pFemale
04709,17764929204709,pFemale
04710,30734929204710,pFemale
04711,29904929204711,pFemale
04712,47494929204712,pFemale
04713,11304929204713,pFemale
04714,64454929204714,pFemale
04715,88184929204715,pFemale
04716,46744929204716,pFemale
04717,53664929204717,pFemale
04718,19574929204718,pFemale
04719,88734929204719,pFemale
04720,19894929204720,pFemale
04721,52314929204721,pFemale
04722,21774929204722,pFemale
04723,20104929204723,pFemale
04724,74394929204724,pFemale
04725,95534929204725,pFemale
04726,14384929204726,pFemale
04727,57954929204727,pFemale
04728,26354929204728,pFemale
04729,65674929204729,pFemale
04730,18494929204730,pFemale
04731,54614929204731,pFemale
04732,31904929204732,pFemale
04733,84904929204733,pFemale
04734,55634929204734,pFemale
04735,41104929204735,pFemale
04736,71144929204736,pFemale
04737,83574929204737,pFemale
04738,92954929204738,pFemale
04739,31634929204739,pFemale
04740,84534929204740,pFemale
04741,20934929204741,pFemale
04742,10844929204742,pFemale
04743,30684929204743,pFemale
04744,41804929204744,pFemale
04745,38404929204745,pFemale
04746,43084929204746,pFemale
04747,62484929204747,pFemale
04748,33354929204748,pFemale
04749,95414929204749,pFemale
04750,69534929204750,pFemale
04751,43084929204751,pFemale
04752,24164929204752,pFemale
04753,77664929204753,pFemale
04754,11294929204754,pFemale
04755,34874929204755,pFemale
04756,80194929204756,pFemale
04757,17874929204757,pFemale
04758,68284929204758,pFemale
04759,73594929204759,pFemale
04760,77314929204760,pFemale
04761,69054929204761,pFemale
04762,79524929204762,pFemale
04763,17934929204763,pFemale
04764,62684929204764,pFemale
04765,50394929204765,pFemale
04766,75684929204766,pFemale
04767,51444929204767,pFemale
04768,98664929204768,pFemale
04769,95404929204769,pFemale
04770,44294929204770,pFemale
04771,37184929204771,pFemale
04772,39234929204772,pFemale
04773,62794929204773,pFemale
04774,77364929204774,pFemale
04775,64714929204775,pFemale
04776,48874929204776,pFemale
04777,49714929204777,pFemale
04778,91604929204778,pFemale
04779,29584929204779,pFemale
04780,64014929204780,pFemale
04781,27524929204781,pFemale
04782,21004929204782,pFemale
04783,45434929204783,pFemale
04784,86884929204784,pFemale
04785,40114929204785,pFemale
04786,32024929204786,pFemale
04787,68464929204787,pFemale
04788,51994929204788,pFemale
04789,64664929204789,pFemale
04790,41264929204790,pFemale
04791,84524929204791,pFemale
04792,74944929204792,pFemale
04793,74924929204793,pFemale
04794,65614929204794,pFemale
04795,48584929204795,pFemale
04796,93924929204796,pFemale
04797,36994929204797,pFemale
04798,54894929204798,pFemale
04799,26824929204799,pFemale
04800,73564929204800,pFemale
04801,17614929204801,pFemale
04802,17014929204802,pFemale
04803,91094929204803,pFemale
04804,51344929204804,pFemale
04805,44924929204805,pFemale
04806,75624929204806,pFemale
04807,56044929204807,pFemale
04808,26524929204808,pFemale
04809,81774929204809,pFemale
04810,10344929204810,pFemale
04811,48564929204811,pFemale
04812,51544929204812,pFemale
04813,21514929204813,pFemale
04814,79264929204814,pFemale
04815,19864929204815,pFemale
04816,75904929204816,pFemale
04817,66214929204817,pFemale
04818,64284929204818,pFemale
04819,89954929204819,pFemale
04820,82614929204820,pFemale
04821,47504929204821,pFemale
04822,48634929204822,pFemale
04823,14794929204823,pFemale
04824,67064929204824,pFemale
04825,29844929204825,pFemale
04826,47064929204826,pFemale
04827,25654929204827,pFemale
04828,38454929204828,pFemale
04829,36274929204829,pFemale
04830,18564929204830,pFemale
04831,71304929204831,pFemale
04832,43654929204832,pFemale
04833,66744929204833,pFemale
04834,81404929204834,pFemale
04835,72434929204835,pFemale
04836,33684929204836,pFemale
04837,48864929204837,pFemale
04838,30934929204838,pFemale
04839,18754929204839,pFemale
04840,22564929204840,pFemale
04841,81174929204841,pFemale
04842,49594929204842,pFemale
04843,88484929204843,pFemale
04844,88744929204844,pFemale
04845,68964929204845,pFemale
04846,89664929204846,pFemale
04847,70414929204847,pFemale
04848,39014929204848,pFemale
04849,12534929204849,pFemale
04850,88404929204850,pFemale
04851,68404929204851,pFemale
04852,84874929204852,pFemale
04853,47944929204853,pFemale
04854,25704929204854,pFemale
04855,58454929204855,pFemale
04856,11494929204856,pFemale
04857,60354929204857,pFemale
04858,94194929204858,pFemale
04859,98194929204859,pFemale
04860,79054929204860,pFemale
04861,39794929204861,pFemale
04862,82004929204862,pFemale
04863,18954929204863,pFemale
04864,56734929204864,pFemale
04865,99374929204865,pFemale
04866,37824929204866,pFemale
04867,40264929204867,pFemale
04868,79054929204868,pFemale
04869,66184929204869,pFemale
04870,58594929204870,pFemale
04871,56894929204871,pFemale
04872,84804929204872,pFemale
04873,84454929204873,pFemale
04874,99664929204874,pFemale
04875,28414929204875,pFemale
04876,88454929204876,pFemale
04877,71444929204877,pFemale
04878,77494929204878,pFemale
04879,31174929204879,pFemale
04880,24034929204880,pFemale
04881,95624929204881,pFemale
04882,84684929204882,pFemale
04883,62874929204883,pFemale
04884,61574929204884,pFemale
04885,57544929204885,pFemale
04886,87774929204886,pFemale
04887,49584929204887,pFemale
04888,46014929204888,pFemale
04889,23054929204889,pFemale
04890,97304929204890,pFemale
04891,55264929204891,pFemale
04892,38554929204892,pFemale
04893,39114929204893,pFemale
04894,90534929204894,pFemale
04895,63824929204895,pFemale
04896,70634929204896,pFemale
04897,62074929204897,pFemale
04898,46544929204898,pFemale
04899,53634929204899,pFemale
04900,10294929204900,pFemale
04901,88454929204901,pFemale
04902,93914929204902,pFemale
04903,94524929204903,pFemale
04904,81064929204904,pFemale
04905,38204929204905,pFemale
04906,50904929204906,pFemale
04907,17404929204907,pFemale
04908,53464929204908,pFemale
04909,20504929204909,pFemale
04910,68064929204910,pFemale
04911,96184929204911,pFemale
04912,78764929204912,pFemale
04913,82064929204913,pFemale
04914,33444929204914,pFemale
04915,42414929204915,pFemale
04916,15544929204916,pFemale
04917,67864929204917,pFemale
04918,80174929204918,pFemale
04919,92234929204919,pFemale
04920,38464929204920,pFemale
04921,44474929204921,pFemale
04922,36734929204922,pFemale
04923,45934929204923,pFemale
04924,99764929204924,pFemale
04925,25804929204925,pFemale
04926,69474929204926,pFemale
04927,40004929204927,pFemale
04928,43164929204928,pFemale
04929,81394929204929,pFemale
04930,87894929204930,pFemale
04931,81614929204931,pFemale
04932,10184929204932,pFemale
04933,17234929204933,pFemale
04934,72224929204934,pFemale
04935,55714929204935,pFemale
04936,59164929204936,pFemale
04937,68944929204937,pFemale
04938,63584929204938,pFemale
04939,24514929204939,pFemale
04940,76584929204940,pFemale
04941,87704929204941,pFemale
04942,86694929204942,pFemale
04943,99524929204943,pFemale
04944,71034929204944,pFemale
04945,98404929204945,pFemale
04946,94974929204946,pFemale
04947,66104929204947,pFemale
04948,39574929204948,pFemale
04949,70474929204949,pFemale
04950,28224929204950,pFemale
04951,20484929204951,pFemale
04952,36644929204952,pFemale
04953,71194929204953,pFemale
04954,72764929204954,pFemale
04955,39264929204955,pFemale
04956,85504929204956,pFemale
04957,81414929204957,pFemale
04958,44134929204958,pFemale
04959,51524929204959,pFemale
04960,22124929204960,pFemale
04961,13914929204961,pFemale
04962,52194929204962,pFemale
04963,93264929204963,pFemale
04964,81554929204964,pFemale
04965,24074929204965,pFemale
04966,18834929204966,pFemale
04967,44524929204967,pFemale
04968,66884929204968,pFemale
04969,33284929204969,pFemale
04970,28054929204970,pFemale
04971,18824929204971,pFemale
04972,70644929204972,pFemale
04973,84624929204973,pFemale
04974,68704929204974,pFemale
04975,55254929204975,pFemale
04976,48644929204976,pFemale
04977,91214929204977,pFemale
04978,69604929204978,pFemale
04979,13004929204979,pFemale
04980,46484929204980,pFemale
04981,56944929204981,pFemale
04982,47214929204982,pFemale
04983,28374929204983,pFemale
04984,88374929204984,pFemale
04985,49774929204985,pFemale
04986,95714929204986,pFemale
04987,94314929204987,pFemale
04988,88584929204988,pFemale
04989,17534929204989,pFemale
04990,39824929204990,pFemale
04991,22464929204991,pFemale
04992,55334929204992,pFemale
04993,76154929204993,pFemale
04994,99744929204994,pFemale
04995,57664929204995,pFemale
04996,47214929204996,pFemale
04997,10544929204997,pFemale
04998,49034929204998,pFemale
04999,75014929204999,pFemale
05000,62074929205000,pFemale
05001,35134929105001,pT2Male 
05002,43704929105002,pT2Male 
05003,43174929105003,pT2Male 
05004,98614929105004,pT2Male 
05005,12614929105005,pT2Male 
05006,24024929105006,pT2Male 
05007,26474929105007,pT2Male 
05008,38454929105008,pT2Male 
05009,96434929105009,pT2Male 
05010,84994929105010,pT2Male 
05011,98624929105011,pT2Male 
05012,69214929105012,pT2Male 
05013,94884929105013,pT2Male 
05014,19994929105014,pT2Male 
05015,75164929105015,pT2Male 
05016,97514929105016,pT2Male 
05017,68694929105017,pT2Male 
05018,34864929105018,pT2Male 
05019,64174929105019,pT2Male 
05020,52234929105020,pT2Male 
05021,11934929105021,pT2Male 
05022,85564929105022,pT2Male 
05023,23344929105023,pT2Male 
05024,43344929105024,pT2Male 
05025,95204929105025,pT2Male 
05026,48374929105026,pT2Male 
05027,59534929105027,pT2Male 
05028,93414929105028,pT2Male 
05029,31504929105029,pT2Male 
05030,92464929105030,pT2Male 
05031,30804929105031,pT2Male 
05032,71444929105032,pT2Male 
05033,84424929105033,pT2Male 
05034,85144929105034,pT2Male 
05035,70894929105035,pT2Male 
05036,99294929105036,pT2Male 
05037,29014929105037,pT2Male 
05038,99444929105038,pT2Male 
05039,56294929105039,pT2Male 
05040,80614929105040,pT2Male 
05041,24984929105041,pT2Male 
05042,44334929105042,pT2Male 
05043,85794929105043,pT2Male 
05044,62194929105044,pT2Male 
05045,72534929105045,pT2Male 
05046,37314929105046,pT2Male 
05047,82464929105047,pT2Male 
05048,77924929105048,pT2Male 
05049,30644929105049,pT2Male 
05050,79604929105050,pT2Male 
05051,48224929105051,pT2Male 
05052,15184929105052,pT2Male 
05053,17794929105053,pT2Male 
05054,23854929105054,pT2Male 
05055,70844929105055,pT2Male 
05056,43734929105056,pT2Male 
05057,25334929105057,pT2Male 
05058,14184929105058,pT2Male 
05059,83534929105059,pT2Male 
05060,77134929105060,pT2Male 
05061,93174929105061,pT2Male 
05062,48924929105062,pT2Male 
05063,96904929105063,pT2Male 
05064,66664929105064,pT2Male 
05065,58154929105065,pT2Male 
05066,15784929105066,pT2Male 
05067,93534929105067,pT2Male 
05068,47714929105068,pT2Male 
05069,44734929105069,pT2Male 
05070,19424929105070,pT2Male 
05071,35004929105071,pT2Male 
05072,28674929105072,pT2Male 
05073,78334929105073,pT2Male 
05074,11694929105074,pT2Male 
05075,71404929105075,pT2Male 
05076,82344929105076,pT2Male 
05077,81134929105077,pT2Male 
05078,74244929105078,pT2Male 
05079,53394929105079,pT2Male 
05080,99914929105080,pT2Male 
05081,70294929105081,pT2Male 
05082,93704929105082,pT2Male 
05083,56724929105083,pT2Male 
05084,17264929105084,pT2Male 
05085,18764929105085,pT2Male 
05086,89334929105086,pT2Male 
05087,29264929105087,pT2Male 
05088,63904929105088,pT2Male 
05089,98564929105089,pT2Male 
05090,23164929105090,pT2Male 
05091,90514929105091,pT2Male 
05092,44444929105092,pT2Male 
05093,46604929105093,pT2Male 
05094,82664929105094,pT2Male 
05095,43684929105095,pT2Male 
05096,82394929105096,pT2Male 
05097,82874929105097,pT2Male 
05098,85914929105098,pT2Male 
05099,80164929105099,pT2Male 
05100,36664929105100,pT2Male 
05101,51334929105101,pT2Male 
05102,79244929105102,pT2Male 
05103,66634929105103,pT2Male 
05104,20424929105104,pT2Male 
05105,23094929105105,pT2Male 
05106,57384929105106,pT2Male 
05107,24514929105107,pT2Male 
05108,42504929105108,pT2Male 
05109,22274929105109,pT2Male 
05110,66114929105110,pT2Male 
05111,92014929105111,pT2Male 
05112,31324929105112,pT2Male 
05113,44234929105113,pT2Male 
05114,57464929105114,pT2Male 
05115,58754929105115,pT2Male 
05116,61284929105116,pT2Male 
05117,96384929105117,pT2Male 
05118,37334929105118,pT2Male 
05119,92634929105119,pT2Male 
05120,61694929105120,pT2Male 
05121,81474929105121,pT2Male 
05122,55634929105122,pT2Male 
05123,49524929105123,pT2Male 
05124,88134929105124,pT2Male 
05125,63324929105125,pT2Male 
05126,38994929105126,pT2Male 
05127,65174929105127,pT2Male 
05128,76424929105128,pT2Male 
05129,15174929105129,pT2Male 
05130,95874929105130,pT2Male 
05131,89844929105131,pT2Male 
05132,68964929105132,pT2Male 
05133,40374929105133,pT2Male 
05134,34244929105134,pT2Male 
05135,75264929105135,pT2Male 
05136,13704929105136,pT2Male 
05137,75794929105137,pT2Male 
05138,71714929105138,pT2Male 
05139,94174929105139,pT2Male 
05140,35464929105140,pT2Male 
05141,67474929105141,pT2Male 
05142,38234929105142,pT2Male 
05143,32414929105143,pT2Male 
05144,99934929105144,pT2Male 
05145,79004929105145,pT2Male 
05146,41204929105146,pT2Male 
05147,23354929105147,pT2Male 
05148,60074929105148,pT2Male 
05149,62244929105149,pT2Male 
05150,73154929105150,pT2Male 
05151,95034929105151,pT2Male 
05152,84904929105152,pT2Male 
05153,10614929105153,pT2Male 
05154,91904929105154,pT2Male 
05155,19624929105155,pT2Male 
05156,31054929105156,pT2Male 
05157,44914929105157,pT2Male 
05158,33234929105158,pT2Male 
05159,85464929105159,pT2Male 
05160,96584929105160,pT2Male 
05161,71574929105161,pT2Male 
05162,25964929105162,pT2Male 
05163,91644929105163,pT2Male 
05164,57434929105164,pT2Male 
05165,93424929105165,pT2Male 
05166,89714929105166,pT2Male 
05167,74954929105167,pT2Male 
05168,56294929105168,pT2Male 
05169,93004929105169,pT2Male 
05170,35014929105170,pT2Male 
05171,69474929105171,pT2Male 
05172,64034929105172,pT2Male 
05173,28344929105173,pT2Male 
05174,15914929105174,pT2Male 
05175,68614929105175,pT2Male 
05176,83594929105176,pT2Male 
05177,31194929105177,pT2Male 
05178,25224929105178,pT2Male 
05179,99594929105179,pT2Male 
05180,16434929105180,pT2Male 
05181,87874929105181,pT2Male 
05182,42114929105182,pT2Male 
05183,50524929105183,pT2Male 
05184,91344929105184,pT2Male 
05185,12554929105185,pT2Male 
05186,22304929105186,pT2Male 
05187,59884929105187,pT2Male 
05188,55994929105188,pT2Male 
05189,72934929105189,pT2Male 
05190,90674929105190,pT2Male 
05191,28614929105191,pT2Male 
05192,10694929105192,pT2Male 
05193,18674929105193,pT2Male 
05194,36494929105194,pT2Male 
05195,54614929105195,pT2Male 
05196,94884929105196,pT2Male 
05197,22054929105197,pT2Male 
05198,90984929105198,pT2Male 
05199,79754929105199,pT2Male 
05200,16044929105200,pT2Male 
05201,21304929105201,pT2Male 
05202,17574929105202,pT2Male 
05203,99464929105203,pT2Male 
05204,41034929105204,pT2Male 
05205,76404929105205,pT2Male 
05206,24454929105206,pT2Male 
05207,34714929105207,pT2Male 
05208,30094929105208,pT2Male 
05209,27344929105209,pT2Male 
05210,79824929105210,pT2Male 
05211,76554929105211,pT2Male 
05212,23164929105212,pT2Male 
05213,74864929105213,pT2Male 
05214,59514929105214,pT2Male 
05215,63164929105215,pT2Male 
05216,38844929105216,pT2Male 
05217,33844929105217,pT2Male 
05218,97104929105218,pT2Male 
05219,49364929105219,pT2Male 
05220,75764929105220,pT2Male 
05221,48944929105221,pT2Male 
05222,56654929105222,pT2Male 
05223,88674929105223,pT2Male 
05224,46544929105224,pT2Male 
05225,73014929105225,pT2Male 
05226,17774929105226,pT2Male 
05227,37814929105227,pT2Male 
05228,94114929105228,pT2Male 
05229,87794929105229,pT2Male 
05230,63364929105230,pT2Male 
05231,13754929105231,pT2Male 
05232,30734929105232,pT2Male 
05233,77234929105233,pT2Male 
05234,89714929105234,pT2Male 
05235,63214929105235,pT2Male 
05236,59284929105236,pT2Male 
05237,23254929105237,pT2Male 
05238,89184929105238,pT2Male 
05239,34764929105239,pT2Male 
05240,77244929105240,pT2Male 
05241,14024929105241,pT2Male 
05242,95354929105242,pT2Male 
05243,13284929105243,pT2Male 
05244,83094929105244,pT2Male 
05245,14774929105245,pT2Male 
05246,60684929105246,pT2Male 
05247,57014929105247,pT2Male 
05248,65194929105248,pT2Male 
05249,21054929105249,pT2Male 
05250,26664929105250,pT2Male 
05251,47134929105251,pT2Male 
05252,93184929105252,pT2Male 
05253,54504929105253,pT2Male 
05254,46474929105254,pT2Male 
05255,99714929105255,pT2Male 
05256,71954929105256,pT2Male 
05257,91164929105257,pT2Male 
05258,40124929105258,pT2Male 
05259,10324929105259,pT2Male 
05260,57954929105260,pT2Male 
05261,12244929105261,pT2Male 
05262,32164929105262,pT2Male 
05263,70974929105263,pT2Male 
05264,58194929105264,pT2Male 
05265,27374929105265,pT2Male 
05266,51754929105266,pT2Male 
05267,19774929105267,pT2Male 
05268,31584929105268,pT2Male 
05269,40424929105269,pT2Male 
05270,55414929105270,pT2Male 
05271,82814929105271,pT2Male 
05272,92874929105272,pT2Male 
05273,27794929105273,pT2Male 
05274,52104929105274,pT2Male 
05275,58824929105275,pT2Male 
05276,19044929105276,pT2Male 
05277,79144929105277,pT2Male 
05278,70934929105278,pT2Male 
05279,46144929105279,pT2Male 
05280,38224929105280,pT2Male 
05281,10754929105281,pT2Male 
05282,61264929105282,pT2Male 
05283,22254929105283,pT2Male 
05284,21074929105284,pT2Male 
05285,81184929105285,pT2Male 
05286,85434929105286,pT2Male 
05287,75794929105287,pT2Male 
05288,44744929105288,pT2Male 
05289,19704929105289,pT2Male 
05290,83844929105290,pT2Male 
05291,31184929105291,pT2Male 
05292,79204929105292,pT2Male 
05293,56944929105293,pT2Male 
05294,22684929105294,pT2Male 
05295,85514929105295,pT2Male 
05296,56234929105296,pT2Male 
05297,88264929105297,pT2Male 
05298,64004929105298,pT2Male 
05299,28204929105299,pT2Male 
05300,50754929105300,pT2Male 
05301,29494929105301,pT2Male 
05302,38454929105302,pT2Male 
05303,12944929105303,pT2Male 
05304,34784929105304,pT2Male 
05305,15224929105305,pT2Male 
05306,20394929105306,pT2Male 
05307,92264929105307,pT2Male 
05308,13814929105308,pT2Male 
05309,79564929105309,pT2Male 
05310,25564929105310,pT2Male 
05311,44614929105311,pT2Male 
05312,95724929105312,pT2Male 
05313,39494929105313,pT2Male 
05314,91234929105314,pT2Male 
05315,33774929105315,pT2Male 
05316,42234929105316,pT2Male 
05317,30544929105317,pT2Male 
05318,18874929105318,pT2Male 
05319,30994929105319,pT2Male 
05320,12724929105320,pT2Male 
05321,75164929105321,pT2Male 
05322,39274929105322,pT2Male 
05323,69474929105323,pT2Male 
05324,70684929105324,pT2Male 
05325,33464929105325,pT2Male 
05326,60244929105326,pT2Male 
05327,71424929105327,pT2Male 
05328,72664929105328,pT2Male 
05329,26494929105329,pT2Male 
05330,16774929105330,pT2Male 
05331,57574929105331,pT2Male 
05332,29614929105332,pT2Male 
05333,72024929105333,pT2Male 
05334,63614929105334,pT2Male 
05335,19204929105335,pT2Male 
05336,40784929105336,pT2Male 
05337,12864929105337,pT2Male 
05338,70524929105338,pT2Male 
05339,82664929105339,pT2Male 
05340,70204929105340,pT2Male 
05341,97574929105341,pT2Male 
05342,39894929105342,pT2Male 
05343,66474929105343,pT2Male 
05344,15544929105344,pT2Male 
05345,53844929105345,pT2Male 
05346,96874929105346,pT2Male 
05347,50764929105347,pT2Male 
05348,69474929105348,pT2Male 
05349,74134929105349,pT2Male 
05350,52084929105350,pT2Male 
05351,69334929105351,pT2Male 
05352,23694929105352,pT2Male 
05353,24134929105353,pT2Male 
05354,66694929105354,pT2Male 
05355,94244929105355,pT2Male 
05356,35204929105356,pT2Male 
05357,23374929105357,pT2Male 
05358,80174929105358,pT2Male 
05359,42774929105359,pT2Male 
05360,65304929105360,pT2Male 
05361,58604929105361,pT2Male 
05362,70364929105362,pT2Male 
05363,76954929105363,pT2Male 
05364,60944929105364,pT2Male 
05365,69574929105365,pT2Male 
05366,66204929105366,pT2Male 
05367,25664929105367,pT2Male 
05368,68684929105368,pT2Male 
05369,57284929105369,pT2Male 
05370,92814929105370,pT2Male 
05371,89084929105371,pT2Male 
05372,11054929105372,pT2Male 
05373,34764929105373,pT2Male 
05374,49244929105374,pT2Male 
05375,35814929105375,pT2Male 
05376,25454929105376,pT2Male 
05377,90354929105377,pT2Male 
05378,58514929105378,pT2Male 
05379,42284929105379,pT2Male 
05380,15624929105380,pT2Male 
05381,23544929105381,pT2Male 
05382,30384929105382,pT2Male 
05383,24924929105383,pT2Male 
05384,35484929105384,pT2Male 
05385,83154929105385,pT2Male 
05386,56434929105386,pT2Male 
05387,74574929105387,pT2Male 
05388,65574929105388,pT2Male 
05389,18214929105389,pT2Male 
05390,17774929105390,pT2Male 
05391,13614929105391,pT2Male 
05392,81954929105392,pT2Male 
05393,41174929105393,pT2Male 
05394,25114929105394,pT2Male 
05395,55394929105395,pT2Male 
05396,57594929105396,pT2Male 
05397,13724929105397,pT2Male 
05398,71544929105398,pT2Male 
05399,46384929105399,pT2Male 
05400,76314929105400,pT2Male 
05401,95054929105401,pT2Male 
05402,67584929105402,pT2Male 
05403,80584929105403,pT2Male 
05404,19154929105404,pT2Male 
05405,62664929105405,pT2Male 
05406,78904929105406,pT2Male 
05407,56664929105407,pT2Male 
05408,83284929105408,pT2Male 
05409,95604929105409,pT2Male 
05410,46454929105410,pT2Male 
05411,67404929105411,pT2Male 
05412,63474929105412,pT2Male 
05413,50304929105413,pT2Male 
05414,69084929105414,pT2Male 
05415,91794929105415,pT2Male 
05416,95894929105416,pT2Male 
05417,18804929105417,pT2Male 
05418,78804929105418,pT2Male 
05419,69514929105419,pT2Male 
05420,74614929105420,pT2Male 
05421,99554929105421,pT2Male 
05422,78334929105422,pT2Male 
05423,87994929105423,pT2Male 
05424,80434929105424,pT2Male 
05425,10754929105425,pT2Male 
05426,41314929105426,pT2Male 
05427,51964929105427,pT2Male 
05428,22364929105428,pT2Male 
05429,76004929105429,pT2Male 
05430,14944929105430,pT2Male 
05431,95414929105431,pT2Male 
05432,21474929105432,pT2Male 
05433,72724929105433,pT2Male 
05434,65144929105434,pT2Male 
05435,26234929105435,pT2Male 
05436,97314929105436,pT2Male 
05437,82854929105437,pT2Male 
05438,64214929105438,pT2Male 
05439,53114929105439,pT2Male 
05440,56864929105440,pT2Male 
05441,16164929105441,pT2Male 
05442,41004929105442,pT2Male 
05443,95184929105443,pT2Male 
05444,35854929105444,pT2Male 
05445,56004929105445,pT2Male 
05446,13514929105446,pT2Male 
05447,14024929105447,pT2Male 
05448,72754929105448,pT2Male 
05449,47634929105449,pT2Male 
05450,24124929105450,pT2Male 
05451,48124929105451,pT2Male 
05452,65124929105452,pT2Male 
05453,78984929105453,pT2Male 
05454,17214929105454,pT2Male 
05455,10014929105455,pT2Male 
05456,18564929105456,pT2Male 
05457,93904929105457,pT2Male 
05458,99284929105458,pT2Male 
05459,35724929105459,pT2Male 
05460,48064929105460,pT2Male 
05461,67994929105461,pT2Male 
05462,11714929105462,pT2Male 
05463,96844929105463,pT2Male 
05464,41974929105464,pT2Male 
05465,26864929105465,pT2Male 
05466,65794929105466,pT2Male 
05467,75074929105467,pT2Male 
05468,68374929105468,pT2Male 
05469,86894929105469,pT2Male 
05470,30474929105470,pT2Male 
05471,39214929105471,pT2Male 
05472,83984929105472,pT2Male 
05473,68564929105473,pT2Male 
05474,22474929105474,pT2Male 
05475,94684929105475,pT2Male 
05476,25574929105476,pT2Male 
05477,32194929105477,pT2Male 
05478,68954929105478,pT2Male 
05479,75664929105479,pT2Male 
05480,13864929105480,pT2Male 
05481,26224929105481,pT2Male 
05482,52694929105482,pT2Male 
05483,69474929105483,pT2Male 
05484,39924929105484,pT2Male 
05485,38034929105485,pT2Male 
05486,39684929105486,pT2Male 
05487,63704929105487,pT2Male 
05488,34134929105488,pT2Male 
05489,57204929105489,pT2Male 
05490,89334929105490,pT2Male 
05491,65734929105491,pT2Male 
05492,47494929105492,pT2Male 
05493,71264929105493,pT2Male 
05494,87164929105494,pT2Male 
05495,64724929105495,pT2Male 
05496,95624929105496,pT2Male 
05497,84024929105497,pT2Male 
05498,49854929105498,pT2Male 
05499,16194929105499,pT2Male 
05500,25134929105500,pT2Male 
05501,66344929105501,pT2Male 
05502,92984929105502,pT2Male 
05503,29024929105503,pT2Male 
05504,32474929105504,pT2Male 
05505,19394929105505,pT2Male 
05506,61184929105506,pT2Male 
05507,34984929105507,pT2Male 
05508,35434929105508,pT2Male 
05509,60424929105509,pT2Male 
05510,80744929105510,pT2Male 
05511,20794929105511,pT2Male 
05512,57024929105512,pT2Male 
05513,81114929105513,pT2Male 
05514,54824929105514,pT2Male 
05515,12624929105515,pT2Male 
05516,91824929105516,pT2Male 
05517,58284929105517,pT2Male 
05518,81064929105518,pT2Male 
05519,83144929105519,pT2Male 
05520,84964929105520,pT2Male 
05521,27204929105521,pT2Male 
05522,81784929105522,pT2Male 
05523,21064929105523,pT2Male 
05524,23494929105524,pT2Male 
05525,77364929105525,pT2Male 
05526,86614929105526,pT2Male 
05527,13114929105527,pT2Male 
05528,50264929105528,pT2Male 
05529,10794929105529,pT2Male 
05530,87634929105530,pT2Male 
05531,88634929105531,pT2Male 
05532,60384929105532,pT2Male 
05533,12784929105533,pT2Male 
05534,97074929105534,pT2Male 
05535,36604929105535,pT2Male 
05536,40124929105536,pT2Male 
05537,85194929105537,pT2Male 
05538,47454929105538,pT2Male 
05539,65114929105539,pT2Male 
05540,68264929105540,pT2Male 
05541,42284929105541,pT2Male 
05542,74184929105542,pT2Male 
05543,43454929105543,pT2Male 
05544,70064929105544,pT2Male 
05545,68884929105545,pT2Male 
05546,10844929105546,pT2Male 
05547,26634929105547,pT2Male 
05548,43644929105548,pT2Male 
05549,41284929105549,pT2Male 
05550,76684929105550,pT2Male 
05551,82394929105551,pT2Male 
05552,38894929105552,pT2Male 
05553,40464929105553,pT2Male 
05554,56944929105554,pT2Male 
05555,50764929105555,pT2Male 
05556,68854929105556,pT2Male 
05557,77864929105557,pT2Male 
05558,35374929105558,pT2Male 
05559,46074929105559,pT2Male 
05560,43674929105560,pT2Male 
05561,23714929105561,pT2Male 
05562,69454929105562,pT2Male 
05563,81474929105563,pT2Male 
05564,86964929105564,pT2Male 
05565,97744929105565,pT2Male 
05566,68064929105566,pT2Male 
05567,76024929105567,pT2Male 
05568,64754929105568,pT2Male 
05569,32554929105569,pT2Male 
05570,51574929105570,pT2Male 
05571,64154929105571,pT2Male 
05572,36864929105572,pT2Male 
05573,59314929105573,pT2Male 
05574,74594929105574,pT2Male 
05575,67724929105575,pT2Male 
05576,10804929105576,pT2Male 
05577,26094929105577,pT2Male 
05578,81044929105578,pT2Male 
05579,80564929105579,pT2Male 
05580,78194929105580,pT2Male 
05581,68604929105581,pT2Male 
05582,51854929105582,pT2Male 
05583,75504929105583,pT2Male 
05584,33704929105584,pT2Male 
05585,43554929105585,pT2Male 
05586,85124929105586,pT2Male 
05587,33914929105587,pT2Male 
05588,96394929105588,pT2Male 
05589,64324929105589,pT2Male 
05590,48754929105590,pT2Male 
05591,87664929105591,pT2Male 
05592,33674929105592,pT2Male 
05593,69334929105593,pT2Male 
05594,65624929105594,pT2Male 
05595,53774929105595,pT2Male 
05596,17684929105596,pT2Male 
05597,42814929105597,pT2Male 
05598,31244929105598,pT2Male 
05599,71354929105599,pT2Male 
05600,64194929105600,pT2Male 
05601,78014929105601,pT2Male 
05602,53884929105602,pT2Male 
05603,91164929105603,pT2Male 
05604,34054929105604,pT2Male 
05605,13094929105605,pT2Male 
05606,17284929105606,pT2Male 
05607,17664929105607,pT2Male 
05608,17034929105608,pT2Male 
05609,79284929105609,pT2Male 
05610,65754929105610,pT2Male 
05611,53484929105611,pT2Male 
05612,18284929105612,pT2Male 
05613,41814929105613,pT2Male 
05614,31884929105614,pT2Male 
05615,76554929105615,pT2Male 
05616,27214929105616,pT2Male 
05617,73024929105617,pT2Male 
05618,56634929105618,pT2Male 
05619,29554929105619,pT2Male 
05620,18934929105620,pT2Male 
05621,28304929105621,pT2Male 
05622,62074929105622,pT2Male 
05623,61954929105623,pT2Male 
05624,68084929105624,pT2Male 
05625,94244929105625,pT2Male 
05626,56454929105626,pT2Male 
05627,64584929105627,pT2Male 
05628,35344929105628,pT2Male 
05629,19544929105629,pT2Male 
05630,11934929105630,pT2Male 
05631,36644929105631,pT2Male 
05632,86234929105632,pT2Male 
05633,78144929105633,pT2Male 
05634,34674929105634,pT2Male 
05635,25214929105635,pT2Male 
05636,62634929105636,pT2Male 
05637,75164929105637,pT2Male 
05638,17554929105638,pT2Male 
05639,87314929105639,pT2Male 
05640,46574929105640,pT2Male 
05641,85044929105641,pT2Male 
05642,35284929105642,pT2Male 
05643,94454929105643,pT2Male 
05644,46714929105644,pT2Male 
05645,42454929105645,pT2Male 
05646,42074929105646,pT2Male 
05647,99594929105647,pT2Male 
05648,67244929105648,pT2Male 
05649,75454929105649,pT2Male 
05650,41794929105650,pT2Male 
05651,96764929105651,pT2Male 
05652,19274929105652,pT2Male 
05653,51364929105653,pT2Male 
05654,10644929105654,pT2Male 
05655,73004929105655,pT2Male 
05656,14714929105656,pT2Male 
05657,45004929105657,pT2Male 
05658,22264929105658,pT2Male 
05659,82974929105659,pT2Male 
05660,52754929105660,pT2Male 
05661,19494929105661,pT2Male 
05662,35454929105662,pT2Male 
05663,75954929105663,pT2Male 
05664,88704929105664,pT2Male 
05665,69514929105665,pT2Male 
05666,64274929105666,pT2Male 
05667,15354929105667,pT2Male 
05668,35434929105668,pT2Male 
05669,57104929105669,pT2Male 
05670,10734929105670,pT2Male 
05671,20774929105671,pT2Male 
05672,57244929105672,pT2Male 
05673,79934929105673,pT2Male 
05674,59934929105674,pT2Male 
05675,82534929105675,pT2Male 
05676,76314929105676,pT2Male 
05677,62104929105677,pT2Male 
05678,17744929105678,pT2Male 
05679,68704929105679,pT2Male 
05680,21604929105680,pT2Male 
05681,87394929105681,pT2Male 
05682,20904929105682,pT2Male 
05683,24604929105683,pT2Male 
05684,10234929105684,pT2Male 
05685,35074929105685,pT2Male 
05686,99754929105686,pT2Male 
05687,44884929105687,pT2Male 
05688,11384929105688,pT2Male 
05689,48164929105689,pT2Male 
05690,33354929105690,pT2Male 
05691,78014929105691,pT2Male 
05692,72744929105692,pT2Male 
05693,34234929105693,pT2Male 
05694,37104929105694,pT2Male 
05695,23364929105695,pT2Male 
05696,29414929105696,pT2Male 
05697,88674929105697,pT2Male 
05698,32984929105698,pT2Male 
05699,30654929105699,pT2Male 
05700,45254929105700,pT2Male 
05701,40474929105701,pT2Male 
05702,22124929105702,pT2Male 
05703,12084929105703,pT2Male 
05704,96844929105704,pT2Male 
05705,10514929105705,pT2Male 
05706,30034929105706,pT2Male 
05707,76794929105707,pT2Male 
05708,19894929105708,pT2Male 
05709,92324929105709,pT2Male 
05710,74204929105710,pT2Male 
05711,87924929105711,pT2Male 
05712,28104929105712,pT2Male 
05713,55414929105713,pT2Male 
05714,64284929105714,pT2Male 
05715,52134929105715,pT2Male 
05716,84604929105716,pT2Male 
05717,60994929105717,pT2Male 
05718,84744929105718,pT2Male 
05719,81634929105719,pT2Male 
05720,15884929105720,pT2Male 
05721,50294929105721,pT2Male 
05722,70034929105722,pT2Male 
05723,18764929105723,pT2Male 
05724,98114929105724,pT2Male 
05725,55324929105725,pT2Male 
05726,42204929105726,pT2Male 
05727,72904929105727,pT2Male 
05728,46164929105728,pT2Male 
05729,82194929105729,pT2Male 
05730,11114929105730,pT2Male 
05731,40174929105731,pT2Male 
05732,94904929105732,pT2Male 
05733,16844929105733,pT2Male 
05734,77044929105734,pT2Male 
05735,75304929105735,pT2Male 
05736,33204929105736,pT2Male 
05737,93324929105737,pT2Male 
05738,15894929105738,pT2Male 
05739,46294929105739,pT2Male 
05740,60264929105740,pT2Male 
05741,34684929105741,pT2Male 
05742,56774929105742,pT2Male 
05743,81324929105743,pT2Male 
05744,44564929105744,pT2Male 
05745,16084929105745,pT2Male 
05746,62254929105746,pT2Male 
05747,58414929105747,pT2Male 
05748,65244929105748,pT2Male 
05749,30694929105749,pT2Male 
05750,80924929105750,pT2Male 
05751,17354929105751,pT2Male 
05752,76044929105752,pT2Male 
05753,87944929105753,pT2Male 
05754,22634929105754,pT2Male 
05755,54264929105755,pT2Male 
05756,41684929105756,pT2Male 
05757,74334929105757,pT2Male 
05758,76074929105758,pT2Male 
05759,58674929105759,pT2Male 
05760,96764929105760,pT2Male 
05761,86634929105761,pT2Male 
05762,68984929105762,pT2Male 
05763,12984929105763,pT2Male 
05764,97214929105764,pT2Male 
05765,67744929105765,pT2Male 
05766,20814929105766,pT2Male 
05767,44514929105767,pT2Male 
05768,94124929105768,pT2Male 
05769,94964929105769,pT2Male 
05770,87804929105770,pT2Male 
05771,50084929105771,pT2Male 
05772,20234929105772,pT2Male 
05773,60724929105773,pT2Male 
05774,80764929105774,pT2Male 
05775,62974929105775,pT2Male 
05776,28784929105776,pT2Male 
05777,95934929105777,pT2Male 
05778,85104929105778,pT2Male 
05779,12514929105779,pT2Male 
05780,44924929105780,pT2Male 
05781,25714929105781,pT2Male 
05782,23604929105782,pT2Male 
05783,46064929105783,pT2Male 
05784,59674929105784,pT2Male 
05785,17704929105785,pT2Male 
05786,51454929105786,pT2Male 
05787,63604929105787,pT2Male 
05788,86254929105788,pT2Male 
05789,82814929105789,pT2Male 
05790,74014929105790,pT2Male 
05791,84714929105791,pT2Male 
05792,49054929105792,pT2Male 
05793,48554929105793,pT2Male 
05794,96904929105794,pT2Male 
05795,98124929105795,pT2Male 
05796,54984929105796,pT2Male 
05797,94774929105797,pT2Male 
05798,58724929105798,pT2Male 
05799,23764929105799,pT2Male 
05800,57424929105800,pT2Male 
05801,51974929105801,pT2Male 
05802,46104929105802,pT2Male 
05803,57234929105803,pT2Male 
05804,82614929105804,pT2Male 
05805,72034929105805,pT2Male 
05806,81484929105806,pT2Male 
05807,46924929105807,pT2Male 
05808,28574929105808,pT2Male 
05809,61564929105809,pT2Male 
05810,23184929105810,pT2Male 
05811,63484929105811,pT2Male 
05812,26484929105812,pT2Male 
05813,37644929105813,pT2Male 
05814,28084929105814,pT2Male 
05815,91854929105815,pT2Male 
05816,14594929105816,pT2Male 
05817,56104929105817,pT2Male 
05818,46804929105818,pT2Male 
05819,15844929105819,pT2Male 
05820,54654929105820,pT2Male 
05821,72324929105821,pT2Male 
05822,61334929105822,pT2Male 
05823,75094929105823,pT2Male 
05824,40824929105824,pT2Male 
05825,94514929105825,pT2Male 
05826,75194929105826,pT2Male 
05827,84694929105827,pT2Male 
05828,61024929105828,pT2Male 
05829,89484929105829,pT2Male 
05830,36104929105830,pT2Male 
05831,27114929105831,pT2Male 
05832,60904929105832,pT2Male 
05833,90904929105833,pT2Male 
05834,51094929105834,pT2Male 
05835,36814929105835,pT2Male 
05836,70224929105836,pT2Male 
05837,60154929105837,pT2Male 
05838,84244929105838,pT2Male 
05839,47254929105839,pT2Male 
05840,91764929105840,pT2Male 
05841,39514929105841,pT2Male 
05842,36764929105842,pT2Male 
05843,90394929105843,pT2Male 
05844,12714929105844,pT2Male 
05845,58024929105845,pT2Male 
05846,29694929105846,pT2Male 
05847,78784929105847,pT2Male 
05848,78594929105848,pT2Male 
05849,59724929105849,pT2Male 
05850,79004929105850,pT2Male 
05851,60034929105851,pT2Male 
05852,39684929105852,pT2Male 
05853,34454929105853,pT2Male 
05854,63364929105854,pT2Male 
05855,43884929105855,pT2Male 
05856,29884929105856,pT2Male 
05857,81094929105857,pT2Male 
05858,74164929105858,pT2Male 
05859,31724929105859,pT2Male 
05860,28154929105860,pT2Male 
05861,43434929105861,pT2Male 
05862,68254929105862,pT2Male 
05863,68624929105863,pT2Male 
05864,62394929105864,pT2Male 
05865,68354929105865,pT2Male 
05866,83084929105866,pT2Male 
05867,47884929105867,pT2Male 
05868,75874929105868,pT2Male 
05869,16664929105869,pT2Male 
05870,24364929105870,pT2Male 
05871,78004929105871,pT2Male 
05872,86154929105872,pT2Male 
05873,66354929105873,pT2Male 
05874,16194929105874,pT2Male 
05875,62314929105875,pT2Male 
05876,96434929105876,pT2Male 
05877,78424929105877,pT2Male 
05878,53724929105878,pT2Male 
05879,20914929105879,pT2Male 
05880,29514929105880,pT2Male 
05881,65124929105881,pT2Male 
05882,38374929105882,pT2Male 
05883,75234929105883,pT2Male 
05884,44164929105884,pT2Male 
05885,50724929105885,pT2Male 
05886,15414929105886,pT2Male 
05887,95124929105887,pT2Male 
05888,64064929105888,pT2Male 
05889,44844929105889,pT2Male 
05890,74114929105890,pT2Male 
05891,88284929105891,pT2Male 
05892,49174929105892,pT2Male 
05893,38194929105893,pT2Male 
05894,90504929105894,pT2Male 
05895,72374929105895,pT2Male 
05896,19694929105896,pT2Male 
05897,20854929105897,pT2Male 
05898,32404929105898,pT2Male 
05899,59494929105899,pT2Male 
05900,12384929105900,pT2Male 
05901,23104929105901,pT2Male 
05902,17154929105902,pT2Male 
05903,63254929105903,pT2Male 
05904,59564929105904,pT2Male 
05905,88644929105905,pT2Male 
05906,31754929105906,pT2Male 
05907,38294929105907,pT2Male 
05908,10474929105908,pT2Male 
05909,90414929105909,pT2Male 
05910,35514929105910,pT2Male 
05911,22294929105911,pT2Male 
05912,95144929105912,pT2Male 
05913,18874929105913,pT2Male 
05914,85214929105914,pT2Male 
05915,30534929105915,pT2Male 
05916,70894929105916,pT2Male 
05917,22734929105917,pT2Male 
05918,32774929105918,pT2Male 
05919,62894929105919,pT2Male 
05920,11164929105920,pT2Male 
05921,22324929105921,pT2Male 
05922,55374929105922,pT2Male 
05923,43454929105923,pT2Male 
05924,36914929105924,pT2Male 
05925,65304929105925,pT2Male 
05926,38154929105926,pT2Male 
05927,52414929105927,pT2Male 
05928,70614929105928,pT2Male 
05929,74974929105929,pT2Male 
05930,59344929105930,pT2Male 
05931,40724929105931,pT2Male 
05932,62554929105932,pT2Male 
05933,71054929105933,pT2Male 
05934,87914929105934,pT2Male 
05935,17064929105935,pT2Male 
05936,59804929105936,pT2Male 
05937,52954929105937,pT2Male 
05938,63774929105938,pT2Male 
05939,77394929105939,pT2Male 
05940,27624929105940,pT2Male 
05941,85554929105941,pT2Male 
05942,90354929105942,pT2Male 
05943,96994929105943,pT2Male 
05944,53314929105944,pT2Male 
05945,47514929105945,pT2Male 
05946,19844929105946,pT2Male 
05947,74954929105947,pT2Male 
05948,32704929105948,pT2Male 
05949,32024929105949,pT2Male 
05950,50774929105950,pT2Male 
05951,51254929105951,pT2Male 
05952,98984929105952,pT2Male 
05953,50094929105953,pT2Male 
05954,88234929105954,pT2Male 
05955,46274929105955,pT2Male 
05956,84174929105956,pT2Male 
05957,26354929105957,pT2Male 
05958,26524929105958,pT2Male 
05959,22804929105959,pT2Male 
05960,82974929105960,pT2Male 
05961,87284929105961,pT2Male 
05962,54224929105962,pT2Male 
05963,50624929105963,pT2Male 
05964,49194929105964,pT2Male 
05965,62074929105965,pT2Male 
05966,81984929105966,pT2Male 
05967,43494929105967,pT2Male 
05968,44684929105968,pT2Male 
05969,85834929105969,pT2Male 
05970,92564929105970,pT2Male 
05971,58694929105971,pT2Male 
05972,60694929105972,pT2Male 
05973,55404929105973,pT2Male 
05974,63564929105974,pT2Male 
05975,79084929105975,pT2Male 
05976,41824929105976,pT2Male 
05977,97624929105977,pT2Male 
05978,92554929105978,pT2Male 
05979,87594929105979,pT2Male 
05980,22394929105980,pT2Male 
05981,70164929105981,pT2Male 
05982,94714929105982,pT2Male 
05983,74264929105983,pT2Male 
05984,15374929105984,pT2Male 
05985,74724929105985,pT2Male 
05986,63034929105986,pT2Male 
05987,65814929105987,pT2Male 
05988,13784929105988,pT2Male 
05989,92884929105989,pT2Male 
05990,80914929105990,pT2Male 
05991,87604929105991,pT2Male 
05992,14594929105992,pT2Male 
05993,94344929105993,pT2Male 
05994,87364929105994,pT2Male 
05995,58254929105995,pT2Male 
05996,65134929105996,pT2Male 
05997,77734929105997,pT2Male 
05998,24654929105998,pT2Male 
05999,66594929105999,pT2Male 
06000,62014929106000,pT2Male 
06001,43854929106001,pT2Male 
06002,98434929106002,pT2Male 
06003,41254929106003,pT2Male 
06004,22524929106004,pT2Male 
06005,81514929106005,pT2Male 
06006,70464929106006,pT2Male 
06007,72624929106007,pT2Male 
06008,18494929106008,pT2Male 
06009,25774929106009,pT2Male 
06010,13694929106010,pT2Male 
06011,37504929106011,pT2Male 
06012,42774929106012,pT2Male 
06013,38724929106013,pT2Male 
06014,99934929106014,pT2Male 
06015,55994929106015,pT2Male 
06016,78104929106016,pT2Male 
06017,42784929106017,pT2Male 
06018,50074929106018,pT2Male 
06019,71134929106019,pT2Male 
06020,98514929106020,pT2Male 
06021,76474929106021,pT2Male 
06022,46654929106022,pT2Male 
06023,80894929106023,pT2Male 
06024,93254929106024,pT2Male 
06025,42724929106025,pT2Male 
06026,49074929106026,pT2Male 
06027,32694929106027,pT2Male 
06028,23174929106028,pT2Male 
06029,19584929106029,pT2Male 
06030,31244929106030,pT2Male 
06031,10454929106031,pT2Male 
06032,69614929106032,pT2Male 
06033,53584929106033,pT2Male 
06034,61714929106034,pT2Male 
06035,84114929106035,pT2Male 
06036,95884929106036,pT2Male 
06037,65474929106037,pT2Male 
06038,46364929106038,pT2Male 
06039,91674929106039,pT2Male 
06040,31124929106040,pT2Male 
06041,48514929106041,pT2Male 
06042,33544929106042,pT2Male 
06043,73734929106043,pT2Male 
06044,96664929106044,pT2Male 
06045,19254929106045,pT2Male 
06046,91724929106046,pT2Male 
06047,10494929106047,pT2Male 
06048,65014929106048,pT2Male 
06049,80814929106049,pT2Male 
06050,29654929106050,pT2Male 
06051,31314929106051,pT2Male 
06052,71234929106052,pT2Male 
06053,58684929106053,pT2Male 
06054,39034929106054,pT2Male 
06055,16734929106055,pT2Male 
06056,96804929106056,pT2Male 
06057,58964929106057,pT2Male 
06058,99654929106058,pT2Male 
06059,32994929106059,pT2Male 
06060,16124929106060,pT2Male 
06061,59184929106061,pT2Male 
06062,37054929106062,pT2Male 
06063,69114929106063,pT2Male 
06064,25294929106064,pT2Male 
06065,61564929106065,pT2Male 
06066,52694929106066,pT2Male 
06067,66354929106067,pT2Male 
06068,13644929106068,pT2Male 
06069,88814929106069,pT2Male 
06070,16574929106070,pT2Male 
06071,60304929106071,pT2Male 
06072,37544929106072,pT2Male 
06073,22404929106073,pT2Male 
06074,42434929106074,pT2Male 
06075,75364929106075,pT2Male 
06076,96874929106076,pT2Male 
06077,93314929106077,pT2Male 
06078,95394929106078,pT2Male 
06079,41834929106079,pT2Male 
06080,23914929106080,pT2Male 
06081,45404929106081,pT2Male 
06082,72104929106082,pT2Male 
06083,95384929106083,pT2Male 
06084,24714929106084,pT2Male 
06085,31074929106085,pT2Male 
06086,83384929106086,pT2Male 
06087,89154929106087,pT2Male 
06088,73044929106088,pT2Male 
06089,89644929106089,pT2Male 
06090,39434929106090,pT2Male 
06091,28224929106091,pT2Male 
06092,46794929106092,pT2Male 
06093,98104929106093,pT2Male 
06094,67414929106094,pT2Male 
06095,76644929106095,pT2Male 
06096,66864929106096,pT2Male 
06097,14384929106097,pT2Male 
06098,51684929106098,pT2Male 
06099,47044929106099,pT2Male 
06100,48564929106100,pT2Male 
06101,53134929106101,pT2Male 
06102,96394929106102,pT2Male 
06103,82554929106103,pT2Male 
06104,85554929106104,pT2Male 
06105,74014929106105,pT2Male 
06106,20674929106106,pT2Male 
06107,11454929106107,pT2Male 
06108,46224929106108,pT2Male 
06109,72484929106109,pT2Male 
06110,46274929106110,pT2Male 
06111,74064929106111,pT2Male 
06112,92604929106112,pT2Male 
06113,63084929106113,pT2Male 
06114,67724929106114,pT2Male 
06115,52444929106115,pT2Male 
06116,51784929106116,pT2Male 
06117,75194929106117,pT2Male 
06118,25024929106118,pT2Male 
06119,42254929106119,pT2Male 
06120,69784929106120,pT2Male 
06121,81324929106121,pT2Male 
06122,28714929106122,pT2Male 
06123,77424929106123,pT2Male 
06124,28014929106124,pT2Male 
06125,37914929106125,pT2Male 
06126,57634929106126,pT2Male 
06127,47104929106127,pT2Male 
06128,62134929106128,pT2Male 
06129,38584929106129,pT2Male 
06130,39014929106130,pT2Male 
06131,85224929106131,pT2Male 
06132,23484929106132,pT2Male 
06133,39964929106133,pT2Male 
06134,41164929106134,pT2Male 
06135,82514929106135,pT2Male 
06136,42974929106136,pT2Male 
06137,59904929106137,pT2Male 
06138,38574929106138,pT2Male 
06139,31054929106139,pT2Male 
06140,37524929106140,pT2Male 
06141,38324929106141,pT2Male 
06142,59664929106142,pT2Male 
06143,31274929106143,pT2Male 
06144,48914929106144,pT2Male 
06145,80444929106145,pT2Male 
06146,86834929106146,pT2Male 
06147,51524929106147,pT2Male 
06148,65254929106148,pT2Male 
06149,92614929106149,pT2Male 
06150,69234929106150,pT2Male 
06151,70084929106151,pT2Male 
06152,44834929106152,pT2Male 
06153,70564929106153,pT2Male 
06154,47804929106154,pT2Male 
06155,59684929106155,pT2Male 
06156,52584929106156,pT2Male 
06157,50164929106157,pT2Male 
06158,33024929106158,pT2Male 
06159,84564929106159,pT2Male 
06160,58924929106160,pT2Male 
06161,80734929106161,pT2Male 
06162,84984929106162,pT2Male 
06163,59974929106163,pT2Male 
06164,31204929106164,pT2Male 
06165,40874929106165,pT2Male 
06166,56164929106166,pT2Male 
06167,74224929106167,pT2Male 
06168,47614929106168,pT2Male 
06169,16634929106169,pT2Male 
06170,76444929106170,pT2Male 
06171,13234929106171,pT2Male 
06172,73564929106172,pT2Male 
06173,72374929106173,pT2Male 
06174,70874929106174,pT2Male 
06175,17504929106175,pT2Male 
06176,30644929106176,pT2Male 
06177,44044929106177,pT2Male 
06178,19764929106178,pT2Male 
06179,61704929106179,pT2Male 
06180,67934929106180,pT2Male 
06181,74914929106181,pT2Male 
06182,61364929106182,pT2Male 
06183,96704929106183,pT2Male 
06184,46014929106184,pT2Male 
06185,93924929106185,pT2Male 
06186,77034929106186,pT2Male 
06187,34064929106187,pT2Male 
06188,33324929106188,pT2Male 
06189,36414929106189,pT2Male 
06190,18884929106190,pT2Male 
06191,23084929106191,pT2Male 
06192,15044929106192,pT2Male 
06193,87404929106193,pT2Male 
06194,79924929106194,pT2Male 
06195,30354929106195,pT2Male 
06196,74534929106196,pT2Male 
06197,47434929106197,pT2Male 
06198,76734929106198,pT2Male 
06199,71764929106199,pT2Male 
06200,57284929106200,pT2Male 
06201,70764929106201,pT2Male 
06202,24614929106202,pT2Male 
06203,17064929106203,pT2Male 
06204,67184929106204,pT2Male 
06205,76214929106205,pT2Male 
06206,15224929106206,pT2Male 
06207,46814929106207,pT2Male 
06208,85594929106208,pT2Male 
06209,80424929106209,pT2Male 
06210,26784929106210,pT2Male 
06211,52044929106211,pT2Male 
06212,62634929106212,pT2Male 
06213,13644929106213,pT2Male 
06214,26704929106214,pT2Male 
06215,46174929106215,pT2Male 
06216,31134929106216,pT2Male 
06217,97974929106217,pT2Male 
06218,96694929106218,pT2Male 
06219,59604929106219,pT2Male 
06220,63024929106220,pT2Male 
06221,78234929106221,pT2Male 
06222,40544929106222,pT2Male 
06223,56714929106223,pT2Male 
06224,68294929106224,pT2Male 
06225,95154929106225,pT2Male 
06226,94124929106226,pT2Male 
06227,55424929106227,pT2Male 
06228,66314929106228,pT2Male 
06229,51214929106229,pT2Male 
06230,38174929106230,pT2Male 
06231,89184929106231,pT2Male 
06232,29794929106232,pT2Male 
06233,78864929106233,pT2Male 
06234,43364929106234,pT2Male 
06235,11594929106235,pT2Male 
06236,21194929106236,pT2Male 
06237,41414929106237,pT2Male 
06238,98014929106238,pT2Male 
06239,43284929106239,pT2Male 
06240,81604929106240,pT2Male 
06241,46174929106241,pT2Male 
06242,88234929106242,pT2Male 
06243,81604929106243,pT2Male 
06244,52174929106244,pT2Male 
06245,80344929106245,pT2Male 
06246,80564929106246,pT2Male 
06247,22574929106247,pT2Male 
06248,47994929106248,pT2Male 
06249,29274929106249,pT2Male 
06250,87124929106250,pT2Male 
06251,15394929106251,pT2Male 
06252,54534929106252,pT2Male 
06253,77184929106253,pT2Male 
06254,33314929106254,pT2Male 
06255,19534929106255,pT2Male 
06256,86504929106256,pT2Male 
06257,50544929106257,pT2Male 
06258,17914929106258,pT2Male 
06259,14244929106259,pT2Male 
06260,99314929106260,pT2Male 
06261,43754929106261,pT2Male 
06262,55794929106262,pT2Male 
06263,50564929106263,pT2Male 
06264,12964929106264,pT2Male 
06265,77504929106265,pT2Male 
06266,23034929106266,pT2Male 
06267,55884929106267,pT2Male 
06268,28394929106268,pT2Male 
06269,49514929106269,pT2Male 
06270,74574929106270,pT2Male 
06271,20964929106271,pT2Male 
06272,66474929106272,pT2Male 
06273,67834929106273,pT2Male 
06274,94434929106274,pT2Male 
06275,29454929106275,pT2Male 
06276,39364929106276,pT2Male 
06277,86614929106277,pT2Male 
06278,68274929106278,pT2Male 
06279,39934929106279,pT2Male 
06280,54424929106280,pT2Male 
06281,14384929106281,pT2Male 
06282,28614929106282,pT2Male 
06283,50464929106283,pT2Male 
06284,10634929106284,pT2Male 
06285,24844929106285,pT2Male 
06286,22494929106286,pT2Male 
06287,15594929106287,pT2Male 
06288,27484929106288,pT2Male 
06289,80124929106289,pT2Male 
06290,11594929106290,pT2Male 
06291,55874929106291,pT2Male 
06292,86384929106292,pT2Male 
06293,16634929106293,pT2Male 
06294,64914929106294,pT2Male 
06295,59944929106295,pT2Male 
06296,54604929106296,pT2Male 
06297,13234929106297,pT2Male 
06298,33924929106298,pT2Male 
06299,29014929106299,pT2Male 
06300,91594929106300,pT2Male 
06301,92094929106301,pT2Male 
06302,60214929106302,pT2Male 
06303,83914929106303,pT2Male 
06304,88014929106304,pT2Male 
06305,91984929106305,pT2Male 
06306,25684929106306,pT2Male 
06307,44644929106307,pT2Male 
06308,27014929106308,pT2Male 
06309,24004929106309,pT2Male 
06310,15134929106310,pT2Male 
06311,22354929106311,pT2Male 
06312,98224929106312,pT2Male 
06313,89864929106313,pT2Male 
06314,81484929106314,pT2Male 
06315,43914929106315,pT2Male 
06316,24154929106316,pT2Male 
06317,92734929106317,pT2Male 
06318,33414929106318,pT2Male 
06319,58954929106319,pT2Male 
06320,29044929106320,pT2Male 
06321,40484929106321,pT2Male 
06322,55484929106322,pT2Male 
06323,59384929106323,pT2Male 
06324,30334929106324,pT2Male 
06325,51404929106325,pT2Male 
06326,90834929106326,pT2Male 
06327,41404929106327,pT2Male 
06328,22524929106328,pT2Male 
06329,12614929106329,pT2Male 
06330,56344929106330,pT2Male 
06331,80034929106331,pT2Male 
06332,33634929106332,pT2Male 
06333,70714929106333,pT2Male 
06334,80234929106334,pT2Male 
06335,66214929106335,pT2Male 
06336,14044929106336,pT2Male 
06337,65184929106337,pT2Male 
06338,42294929106338,pT2Male 
06339,96234929106339,pT2Male 
06340,17944929106340,pT2Male 
06341,64054929106341,pT2Male 
06342,36454929106342,pT2Male 
06343,73854929106343,pT2Male 
06344,47224929106344,pT2Male 
06345,22284929106345,pT2Male 
06346,46044929106346,pT2Male 
06347,54784929106347,pT2Male 
06348,97894929106348,pT2Male 
06349,92464929106349,pT2Male 
06350,91364929106350,pT2Male 
06351,73694929106351,pT2Male 
06352,48984929106352,pT2Male 
06353,58154929106353,pT2Male 
06354,39894929106354,pT2Male 
06355,83834929106355,pT2Male 
06356,23944929106356,pT2Male 
06357,49644929106357,pT2Male 
06358,68884929106358,pT2Male 
06359,98984929106359,pT2Male 
06360,54544929106360,pT2Male 
06361,22214929106361,pT2Male 
06362,70614929106362,pT2Male 
06363,88014929106363,pT2Male 
06364,37294929106364,pT2Male 
06365,66934929106365,pT2Male 
06366,69964929106366,pT2Male 
06367,71914929106367,pT2Male 
06368,72364929106368,pT2Male 
06369,23984929106369,pT2Male 
06370,34574929106370,pT2Male 
06371,63314929106371,pT2Male 
06372,14954929106372,pT2Male 
06373,18364929106373,pT2Male 
06374,67554929106374,pT2Male 
06375,28544929106375,pT2Male 
06376,39214929106376,pT2Male 
06377,28204929106377,pT2Male 
06378,82604929106378,pT2Male 
06379,52134929106379,pT2Male 
06380,54684929106380,pT2Male 
06381,15574929106381,pT2Male 
06382,41684929106382,pT2Male 
06383,73864929106383,pT2Male 
06384,45144929106384,pT2Male 
06385,79724929106385,pT2Male 
06386,35134929106386,pT2Male 
06387,98294929106387,pT2Male 
06388,70054929106388,pT2Male 
06389,92894929106389,pT2Male 
06390,24374929106390,pT2Male 
06391,66774929106391,pT2Male 
06392,18464929106392,pT2Male 
06393,78584929106393,pT2Male 
06394,57054929106394,pT2Male 
06395,22014929106395,pT2Male 
06396,15404929106396,pT2Male 
06397,72314929106397,pT2Male 
06398,54694929106398,pT2Male 
06399,25074929106399,pT2Male 
06400,40794929106400,pT2Male 
06401,94954929106401,pT2Male 
06402,72844929106402,pT2Male 
06403,94914929106403,pT2Male 
06404,20864929106404,pT2Male 
06405,58464929106405,pT2Male 
06406,43754929106406,pT2Male 
06407,80444929106407,pT2Male 
06408,32024929106408,pT2Male 
06409,54174929106409,pT2Male 
06410,81494929106410,pT2Male 
06411,95034929106411,pT2Male 
06412,77314929106412,pT2Male 
06413,33624929106413,pT2Male 
06414,89664929106414,pT2Male 
06415,73524929106415,pT2Male 
06416,65304929106416,pT2Male 
06417,51744929106417,pT2Male 
06418,21514929106418,pT2Male 
06419,71814929106419,pT2Male 
06420,81464929106420,pT2Male 
06421,82734929106421,pT2Male 
06422,72604929106422,pT2Male 
06423,48824929106423,pT2Male 
06424,52104929106424,pT2Male 
06425,38304929106425,pT2Male 
06426,85964929106426,pT2Male 
06427,31094929106427,pT2Male 
06428,60774929106428,pT2Male 
06429,78424929106429,pT2Male 
06430,59754929106430,pT2Male 
06431,29754929106431,pT2Male 
06432,57144929106432,pT2Male 
06433,44664929106433,pT2Male 
06434,47424929106434,pT2Male 
06435,70114929106435,pT2Male 
06436,38484929106436,pT2Male 
06437,85924929106437,pT2Male 
06438,80344929106438,pT2Male 
06439,63654929106439,pT2Male 
06440,73444929106440,pT2Male 
06441,46784929106441,pT2Male 
06442,23004929106442,pT2Male 
06443,62554929106443,pT2Male 
06444,78614929106444,pT2Male 
06445,48174929106445,pT2Male 
06446,80624929106446,pT2Male 
06447,86744929106447,pT2Male 
06448,67304929106448,pT2Male 
06449,10784929106449,pT2Male 
06450,69354929106450,pT2Male 
06451,63464929106451,pT2Male 
06452,60994929106452,pT2Male 
06453,10734929106453,pT2Male 
06454,58894929106454,pT2Male 
06455,59194929106455,pT2Male 
06456,23284929106456,pT2Male 
06457,27934929106457,pT2Male 
06458,47654929106458,pT2Male 
06459,84304929106459,pT2Male 
06460,86204929106460,pT2Male 
06461,76814929106461,pT2Male 
06462,20454929106462,pT2Male 
06463,10034929106463,pT2Male 
06464,79234929106464,pT2Male 
06465,89654929106465,pT2Male 
06466,28614929106466,pT2Male 
06467,47974929106467,pT2Male 
06468,70624929106468,pT2Male 
06469,92324929106469,pT2Male 
06470,22664929106470,pT2Male 
06471,82204929106471,pT2Male 
06472,31324929106472,pT2Male 
06473,42574929106473,pT2Male 
06474,67454929106474,pT2Male 
06475,13744929106475,pT2Male 
06476,61394929106476,pT2Male 
06477,50804929106477,pT2Male 
06478,39884929106478,pT2Male 
06479,37594929106479,pT2Male 
06480,98934929106480,pT2Male 
06481,83384929106481,pT2Male 
06482,68964929106482,pT2Male 
06483,42304929106483,pT2Male 
06484,11464929106484,pT2Male 
06485,48424929106485,pT2Male 
06486,98544929106486,pT2Male 
06487,21954929106487,pT2Male 
06488,69794929106488,pT2Male 
06489,84014929106489,pT2Male 
06490,12454929106490,pT2Male 
06491,60734929106491,pT2Male 
06492,94524929106492,pT2Male 
06493,59064929106493,pT2Male 
06494,52094929106494,pT2Male 
06495,69954929106495,pT2Male 
06496,64874929106496,pT2Male 
06497,86514929106497,pT2Male 
06498,86724929106498,pT2Male 
06499,87554929106499,pT2Male 
06500,30104929106500,pT2Male 
06501,69214929206501,Pt2fem
06502,75994929206502,Pt2fem
06503,60184929206503,Pt2fem
06504,43434929206504,Pt2fem
06505,78104929206505,Pt2fem
06506,15174929206506,Pt2fem
06507,97664929206507,Pt2fem
06508,28464929206508,Pt2fem
06509,33054929206509,Pt2fem
06510,82744929206510,Pt2fem
06511,30124929206511,Pt2fem
06512,28034929206512,Pt2fem
06513,36134929206513,Pt2fem
06514,90664929206514,Pt2fem
06515,67384929206515,Pt2fem
06516,25664929206516,Pt2fem
06517,97394929206517,Pt2fem
06518,36904929206518,Pt2fem
06519,41154929206519,Pt2fem
06520,59474929206520,Pt2fem
06521,63144929206521,Pt2fem
06522,50654929206522,Pt2fem
06523,19434929206523,Pt2fem
06524,88544929206524,Pt2fem
06525,16724929206525,Pt2fem
06526,90004929206526,Pt2fem
06527,43594929206527,Pt2fem
06528,61874929206528,Pt2fem
06529,71794929206529,Pt2fem
06530,22084929206530,Pt2fem
06531,67924929206531,Pt2fem
06532,99724929206532,Pt2fem
06533,98154929206533,Pt2fem
06534,85674929206534,Pt2fem
06535,11634929206535,Pt2fem
06536,67614929206536,Pt2fem
06537,99944929206537,Pt2fem
06538,26444929206538,Pt2fem
06539,13404929206539,Pt2fem
06540,72624929206540,Pt2fem
06541,76504929206541,Pt2fem
06542,54534929206542,Pt2fem
06543,78384929206543,Pt2fem
06544,82384929206544,Pt2fem
06545,85584929206545,Pt2fem
06546,24764929206546,Pt2fem
06547,17794929206547,Pt2fem
06548,16424929206548,Pt2fem
06549,59204929206549,Pt2fem
06550,79234929206550,Pt2fem
06551,40874929206551,Pt2fem
06552,40114929206552,Pt2fem
06553,91854929206553,Pt2fem
06554,52574929206554,Pt2fem
06555,19454929206555,Pt2fem
06556,71064929206556,Pt2fem
06557,31354929206557,Pt2fem
06558,69484929206558,Pt2fem
06559,35004929206559,Pt2fem
06560,28044929206560,Pt2fem
06561,82064929206561,Pt2fem
06562,84984929206562,Pt2fem
06563,48134929206563,Pt2fem
06564,12334929206564,Pt2fem
06565,80714929206565,Pt2fem
06566,77004929206566,Pt2fem
06567,40624929206567,Pt2fem
06568,61674929206568,Pt2fem
06569,54674929206569,Pt2fem
06570,81594929206570,Pt2fem
06571,89984929206571,Pt2fem
06572,16714929206572,Pt2fem
06573,82704929206573,Pt2fem
06574,70544929206574,Pt2fem
06575,16464929206575,Pt2fem
06576,39824929206576,Pt2fem
06577,88294929206577,Pt2fem
06578,31554929206578,Pt2fem
06579,42574929206579,Pt2fem
06580,76544929206580,Pt2fem
06581,15404929206581,Pt2fem
06582,70884929206582,Pt2fem
06583,35154929206583,Pt2fem
06584,59534929206584,Pt2fem
06585,26724929206585,Pt2fem
06586,88534929206586,Pt2fem
06587,29874929206587,Pt2fem
06588,44914929206588,Pt2fem
06589,94514929206589,Pt2fem
06590,15864929206590,Pt2fem
06591,58254929206591,Pt2fem
06592,11204929206592,Pt2fem
06593,63874929206593,Pt2fem
06594,75754929206594,Pt2fem
06595,87244929206595,Pt2fem
06596,40694929206596,Pt2fem
06597,98444929206597,Pt2fem
06598,75304929206598,Pt2fem
06599,71214929206599,Pt2fem
06600,73424929206600,Pt2fem
06601,68824929206601,Pt2fem
06602,70944929206602,Pt2fem
06603,26504929206603,Pt2fem
06604,43524929206604,Pt2fem
06605,43234929206605,Pt2fem
06606,66104929206606,Pt2fem
06607,38404929206607,Pt2fem
06608,38144929206608,Pt2fem
06609,80834929206609,Pt2fem
06610,91364929206610,Pt2fem
06611,20804929206611,Pt2fem
06612,28854929206612,Pt2fem
06613,47564929206613,Pt2fem
06614,37164929206614,Pt2fem
06615,38074929206615,Pt2fem
06616,75554929206616,Pt2fem
06617,84304929206617,Pt2fem
06618,48844929206618,Pt2fem
06619,19744929206619,Pt2fem
06620,12904929206620,Pt2fem
06621,17794929206621,Pt2fem
06622,44434929206622,Pt2fem
06623,37414929206623,Pt2fem
06624,59144929206624,Pt2fem
06625,53784929206625,Pt2fem
06626,64694929206626,Pt2fem
06627,64344929206627,Pt2fem
06628,97634929206628,Pt2fem
06629,52924929206629,Pt2fem
06630,15884929206630,Pt2fem
06631,27484929206631,Pt2fem
06632,60674929206632,Pt2fem
06633,88984929206633,Pt2fem
06634,64794929206634,Pt2fem
06635,61994929206635,Pt2fem
06636,65874929206636,Pt2fem
06637,39644929206637,Pt2fem
06638,66514929206638,Pt2fem
06639,68284929206639,Pt2fem
06640,35174929206640,Pt2fem
06641,99764929206641,Pt2fem
06642,94514929206642,Pt2fem
06643,11524929206643,Pt2fem
06644,56154929206644,Pt2fem
06645,57244929206645,Pt2fem
06646,93364929206646,Pt2fem
06647,63694929206647,Pt2fem
06648,45984929206648,Pt2fem
06649,31174929206649,Pt2fem
06650,93814929206650,Pt2fem
06651,48134929206651,Pt2fem
06652,67814929206652,Pt2fem
06653,62724929206653,Pt2fem
06654,90504929206654,Pt2fem
06655,76524929206655,Pt2fem
06656,39714929206656,Pt2fem
06657,88364929206657,Pt2fem
06658,32134929206658,Pt2fem
06659,38464929206659,Pt2fem
06660,95994929206660,Pt2fem
06661,25714929206661,Pt2fem
06662,14044929206662,Pt2fem
06663,13484929206663,Pt2fem
06664,71224929206664,Pt2fem
06665,61704929206665,Pt2fem
06666,43464929206666,Pt2fem
06667,75544929206667,Pt2fem
06668,86574929206668,Pt2fem
06669,63484929206669,Pt2fem
06670,97084929206670,Pt2fem
06671,30154929206671,Pt2fem
06672,78714929206672,Pt2fem
06673,91654929206673,Pt2fem
06674,21324929206674,Pt2fem
06675,73804929206675,Pt2fem
06676,71254929206676,Pt2fem
06677,36014929206677,Pt2fem
06678,84814929206678,Pt2fem
06679,36074929206679,Pt2fem
06680,18634929206680,Pt2fem
06681,83874929206681,Pt2fem
06682,23764929206682,Pt2fem
06683,84104929206683,Pt2fem
06684,32504929206684,Pt2fem
06685,40884929206685,Pt2fem
06686,89414929206686,Pt2fem
06687,99664929206687,Pt2fem
06688,90684929206688,Pt2fem
06689,24194929206689,Pt2fem
06690,48364929206690,Pt2fem
06691,68684929206691,Pt2fem
06692,38554929206692,Pt2fem
06693,98344929206693,Pt2fem
06694,95104929206694,Pt2fem
06695,43264929206695,Pt2fem
06696,62914929206696,Pt2fem
06697,23544929206697,Pt2fem
06698,77254929206698,Pt2fem
06699,36204929206699,Pt2fem
06700,18454929206700,Pt2fem
06701,16344929206701,Pt2fem
06702,93154929206702,Pt2fem
06703,28084929206703,Pt2fem
06704,36594929206704,Pt2fem
06705,93044929206705,Pt2fem
06706,32074929206706,Pt2fem
06707,86724929206707,Pt2fem
06708,76984929206708,Pt2fem
06709,65424929206709,Pt2fem
06710,36834929206710,Pt2fem
06711,59274929206711,Pt2fem
06712,41314929206712,Pt2fem
06713,98994929206713,Pt2fem
06714,88984929206714,Pt2fem
06715,96714929206715,Pt2fem
06716,89754929206716,Pt2fem
06717,33824929206717,Pt2fem
06718,66464929206718,Pt2fem
06719,30904929206719,Pt2fem
06720,79904929206720,Pt2fem
06721,77804929206721,Pt2fem
06722,93714929206722,Pt2fem
06723,34064929206723,Pt2fem
06724,18144929206724,Pt2fem
06725,82424929206725,Pt2fem
06726,14404929206726,Pt2fem
06727,40894929206727,Pt2fem
06728,83534929206728,Pt2fem
06729,11074929206729,Pt2fem
06730,56494929206730,Pt2fem
06731,93034929206731,Pt2fem
06732,44294929206732,Pt2fem
06733,69764929206733,Pt2fem
06734,80004929206734,Pt2fem
06735,76124929206735,Pt2fem
06736,46614929206736,Pt2fem
06737,50524929206737,Pt2fem
06738,17094929206738,Pt2fem
06739,19334929206739,Pt2fem
06740,76134929206740,Pt2fem
06741,47054929206741,Pt2fem
06742,64714929206742,Pt2fem
06743,57364929206743,Pt2fem
06744,71824929206744,Pt2fem
06745,23074929206745,Pt2fem
06746,89814929206746,Pt2fem
06747,55044929206747,Pt2fem
06748,62394929206748,Pt2fem
06749,33124929206749,Pt2fem
06750,46954929206750,Pt2fem
06751,64284929206751,Pt2fem
06752,55174929206752,Pt2fem
06753,15784929206753,Pt2fem
06754,58494929206754,Pt2fem
06755,83664929206755,Pt2fem
06756,37564929206756,Pt2fem
06757,59494929206757,Pt2fem
06758,67204929206758,Pt2fem
06759,20454929206759,Pt2fem
06760,90904929206760,Pt2fem
06761,60844929206761,Pt2fem
06762,51484929206762,Pt2fem
06763,35114929206763,Pt2fem
06764,76924929206764,Pt2fem
06765,35324929206765,Pt2fem
06766,82964929206766,Pt2fem
06767,98354929206767,Pt2fem
06768,66574929206768,Pt2fem
06769,90634929206769,Pt2fem
06770,46704929206770,Pt2fem
06771,20694929206771,Pt2fem
06772,71534929206772,Pt2fem
06773,62444929206773,Pt2fem
06774,13784929206774,Pt2fem
06775,44404929206775,Pt2fem
06776,68004929206776,Pt2fem
06777,72684929206777,Pt2fem
06778,96544929206778,Pt2fem
06779,18134929206779,Pt2fem
06780,43234929206780,Pt2fem
06781,30334929206781,Pt2fem
06782,56214929206782,Pt2fem
06783,33874929206783,Pt2fem
06784,64304929206784,Pt2fem
06785,54664929206785,Pt2fem
06786,13014929206786,Pt2fem
06787,96544929206787,Pt2fem
06788,99634929206788,Pt2fem
06789,21114929206789,Pt2fem
06790,98854929206790,Pt2fem
06791,85984929206791,Pt2fem
06792,42844929206792,Pt2fem
06793,29424929206793,Pt2fem
06794,42554929206794,Pt2fem
06795,11484929206795,Pt2fem
06796,29164929206796,Pt2fem
06797,84574929206797,Pt2fem
06798,37354929206798,Pt2fem
06799,18834929206799,Pt2fem
06800,54314929206800,Pt2fem
06801,69944929206801,Pt2fem
06802,11204929206802,Pt2fem
06803,59864929206803,Pt2fem
06804,65984929206804,Pt2fem
06805,13174929206805,Pt2fem
06806,89344929206806,Pt2fem
06807,34454929206807,Pt2fem
06808,77654929206808,Pt2fem
06809,14394929206809,Pt2fem
06810,89514929206810,Pt2fem
06811,45044929206811,Pt2fem
06812,35074929206812,Pt2fem
06813,17014929206813,Pt2fem
06814,29544929206814,Pt2fem
06815,43744929206815,Pt2fem
06816,65094929206816,Pt2fem
06817,51044929206817,Pt2fem
06818,27574929206818,Pt2fem
06819,41774929206819,Pt2fem
06820,27174929206820,Pt2fem
06821,48844929206821,Pt2fem
06822,44664929206822,Pt2fem
06823,71554929206823,Pt2fem
06824,77154929206824,Pt2fem
06825,43384929206825,Pt2fem
06826,99984929206826,Pt2fem
06827,81214929206827,Pt2fem
06828,83804929206828,Pt2fem
06829,29084929206829,Pt2fem
06830,58464929206830,Pt2fem
06831,31624929206831,Pt2fem
06832,57624929206832,Pt2fem
06833,25034929206833,Pt2fem
06834,70904929206834,Pt2fem
06835,15924929206835,Pt2fem
06836,62304929206836,Pt2fem
06837,70804929206837,Pt2fem
06838,46724929206838,Pt2fem
06839,41564929206839,Pt2fem
06840,58584929206840,Pt2fem
06841,64744929206841,Pt2fem
06842,49014929206842,Pt2fem
06843,14864929206843,Pt2fem
06844,40734929206844,Pt2fem
06845,74724929206845,Pt2fem
06846,82264929206846,Pt2fem
06847,17964929206847,Pt2fem
06848,15384929206848,Pt2fem
06849,41464929206849,Pt2fem
06850,82494929206850,Pt2fem
06851,68414929206851,Pt2fem
06852,92974929206852,Pt2fem
06853,44254929206853,Pt2fem
06854,19934929206854,Pt2fem
06855,81234929206855,Pt2fem
06856,61654929206856,Pt2fem
06857,49284929206857,Pt2fem
06858,24124929206858,Pt2fem
06859,33374929206859,Pt2fem
06860,63684929206860,Pt2fem
06861,40404929206861,Pt2fem
06862,81614929206862,Pt2fem
06863,60764929206863,Pt2fem
06864,34334929206864,Pt2fem
06865,82424929206865,Pt2fem
06866,26144929206866,Pt2fem
06867,37914929206867,Pt2fem
06868,63294929206868,Pt2fem
06869,46884929206869,Pt2fem
06870,91214929206870,Pt2fem
06871,79814929206871,Pt2fem
06872,58604929206872,Pt2fem
06873,80314929206873,Pt2fem
06874,45354929206874,Pt2fem
06875,76624929206875,Pt2fem
06876,63024929206876,Pt2fem
06877,15054929206877,Pt2fem
06878,59684929206878,Pt2fem
06879,60564929206879,Pt2fem
06880,52964929206880,Pt2fem
06881,62494929206881,Pt2fem
06882,68104929206882,Pt2fem
06883,55524929206883,Pt2fem
06884,29874929206884,Pt2fem
06885,88904929206885,Pt2fem
06886,49984929206886,Pt2fem
06887,39084929206887,Pt2fem
06888,44164929206888,Pt2fem
06889,83674929206889,Pt2fem
06890,65254929206890,Pt2fem
06891,17014929206891,Pt2fem
06892,61604929206892,Pt2fem
06893,20114929206893,Pt2fem
06894,42124929206894,Pt2fem
06895,30354929206895,Pt2fem
06896,32244929206896,Pt2fem
06897,98724929206897,Pt2fem
06898,37204929206898,Pt2fem
06899,94894929206899,Pt2fem
06900,71784929206900,Pt2fem
06901,23004929206901,Pt2fem
06902,68144929206902,Pt2fem
06903,73274929206903,Pt2fem
06904,35544929206904,Pt2fem
06905,97664929206905,Pt2fem
06906,58864929206906,Pt2fem
06907,19414929206907,Pt2fem
06908,14774929206908,Pt2fem
06909,99524929206909,Pt2fem
06910,77104929206910,Pt2fem
06911,95634929206911,Pt2fem
06912,45654929206912,Pt2fem
06913,60694929206913,Pt2fem
06914,54704929206914,Pt2fem
06915,62164929206915,Pt2fem
06916,20664929206916,Pt2fem
06917,84354929206917,Pt2fem
06918,70114929206918,Pt2fem
06919,49154929206919,Pt2fem
06920,72474929206920,Pt2fem
06921,93124929206921,Pt2fem
06922,23714929206922,Pt2fem
06923,91204929206923,Pt2fem
06924,80374929206924,Pt2fem
06925,49764929206925,Pt2fem
06926,55304929206926,Pt2fem
06927,44434929206927,Pt2fem
06928,99164929206928,Pt2fem
06929,20474929206929,Pt2fem
06930,84404929206930,Pt2fem
06931,65964929206931,Pt2fem
06932,90584929206932,Pt2fem
06933,80684929206933,Pt2fem
06934,92814929206934,Pt2fem
06935,35984929206935,Pt2fem
06936,37194929206936,Pt2fem
06937,63364929206937,Pt2fem
06938,69834929206938,Pt2fem
06939,82274929206939,Pt2fem
06940,78764929206940,Pt2fem
06941,49744929206941,Pt2fem
06942,69864929206942,Pt2fem
06943,47234929206943,Pt2fem
06944,41264929206944,Pt2fem
06945,72624929206945,Pt2fem
06946,22604929206946,Pt2fem
06947,57404929206947,Pt2fem
06948,68164929206948,Pt2fem
06949,22184929206949,Pt2fem
06950,15664929206950,Pt2fem
06951,35524929206951,Pt2fem
06952,14414929206952,Pt2fem
06953,24214929206953,Pt2fem
06954,59794929206954,Pt2fem
06955,45014929206955,Pt2fem
06956,32804929206956,Pt2fem
06957,30924929206957,Pt2fem
06958,56464929206958,Pt2fem
06959,27074929206959,Pt2fem
06960,12924929206960,Pt2fem
06961,64224929206961,Pt2fem
06962,58064929206962,Pt2fem
06963,10154929206963,Pt2fem
06964,32504929206964,Pt2fem
06965,31534929206965,Pt2fem
06966,10564929206966,Pt2fem
06967,72014929206967,Pt2fem
06968,21374929206968,Pt2fem
06969,13974929206969,Pt2fem
06970,58604929206970,Pt2fem
06971,54284929206971,Pt2fem
06972,77834929206972,Pt2fem
06973,37244929206973,Pt2fem
06974,63254929206974,Pt2fem
06975,19434929206975,Pt2fem
06976,87604929206976,Pt2fem
06977,44854929206977,Pt2fem
06978,42104929206978,Pt2fem
06979,10314929206979,Pt2fem
06980,85194929206980,Pt2fem
06981,73924929206981,Pt2fem
06982,91914929206982,Pt2fem
06983,12244929206983,Pt2fem
06984,97784929206984,Pt2fem
06985,93464929206985,Pt2fem
06986,63814929206986,Pt2fem
06987,27494929206987,Pt2fem
06988,11724929206988,Pt2fem
06989,45144929206989,Pt2fem
06990,70914929206990,Pt2fem
06991,82314929206991,Pt2fem
06992,91314929206992,Pt2fem
06993,86564929206993,Pt2fem
06994,28504929206994,Pt2fem
06995,76524929206995,Pt2fem
06996,80344929206996,Pt2fem
06997,47074929206997,Pt2fem
06998,26664929206998,Pt2fem
06999,15444929206999,Pt2fem
07000,35894929207000,Pt2fem
07001,76034929207001,Pt2fem
07002,95464929207002,Pt2fem
07003,84494929207003,Pt2fem
07004,14794929207004,Pt2fem
07005,53584929207005,Pt2fem
07006,82594929207006,Pt2fem
07007,26264929207007,Pt2fem
07008,52504929207008,Pt2fem
07009,13944929207009,Pt2fem
07010,93534929207010,Pt2fem
07011,69924929207011,Pt2fem
07012,74554929207012,Pt2fem
07013,51174929207013,Pt2fem
07014,54204929207014,Pt2fem
07015,83374929207015,Pt2fem
07016,10424929207016,Pt2fem
07017,67484929207017,Pt2fem
07018,16094929207018,Pt2fem
07019,97704929207019,Pt2fem
07020,19924929207020,Pt2fem
07021,83994929207021,Pt2fem
07022,33974929207022,Pt2fem
07023,44264929207023,Pt2fem
07024,22164929207024,Pt2fem
07025,34044929207025,Pt2fem
07026,66014929207026,Pt2fem
07027,54154929207027,Pt2fem
07028,56934929207028,Pt2fem
07029,28904929207029,Pt2fem
07030,76444929207030,Pt2fem
07031,60304929207031,Pt2fem
07032,38574929207032,Pt2fem
07033,16134929207033,Pt2fem
07034,70734929207034,Pt2fem
07035,51984929207035,Pt2fem
07036,72444929207036,Pt2fem
07037,90334929207037,Pt2fem
07038,63204929207038,Pt2fem
07039,81814929207039,Pt2fem
07040,73764929207040,Pt2fem
07041,16444929207041,Pt2fem
07042,67214929207042,Pt2fem
07043,25334929207043,Pt2fem
07044,39074929207044,Pt2fem
07045,35464929207045,Pt2fem
07046,17834929207046,Pt2fem
07047,82984929207047,Pt2fem
07048,70104929207048,Pt2fem
07049,72804929207049,Pt2fem
07050,76934929207050,Pt2fem
07051,44724929207051,Pt2fem
07052,60214929207052,Pt2fem
07053,49054929207053,Pt2fem
07054,60954929207054,Pt2fem
07055,16944929207055,Pt2fem
07056,33284929207056,Pt2fem
07057,33224929207057,Pt2fem
07058,60924929207058,Pt2fem
07059,92094929207059,Pt2fem
07060,55074929207060,Pt2fem
07061,58554929207061,Pt2fem
07062,95234929207062,Pt2fem
07063,40684929207063,Pt2fem
07064,77224929207064,Pt2fem
07065,50824929207065,Pt2fem
07066,54734929207066,Pt2fem
07067,15804929207067,Pt2fem
07068,73594929207068,Pt2fem
07069,49074929207069,Pt2fem
07070,30384929207070,Pt2fem
07071,20144929207071,Pt2fem
07072,19194929207072,Pt2fem
07073,88924929207073,Pt2fem
07074,33444929207074,Pt2fem
07075,25584929207075,Pt2fem
07076,71544929207076,Pt2fem
07077,18374929207077,Pt2fem
07078,98094929207078,Pt2fem
07079,25154929207079,Pt2fem
07080,54674929207080,Pt2fem
07081,56004929207081,Pt2fem
07082,46664929207082,Pt2fem
07083,17604929207083,Pt2fem
07084,45434929207084,Pt2fem
07085,21864929207085,Pt2fem
07086,87154929207086,Pt2fem
07087,14434929207087,Pt2fem
07088,82464929207088,Pt2fem
07089,30664929207089,Pt2fem
07090,83544929207090,Pt2fem
07091,69414929207091,Pt2fem
07092,77584929207092,Pt2fem
07093,37614929207093,Pt2fem
07094,18334929207094,Pt2fem
07095,60634929207095,Pt2fem
07096,19664929207096,Pt2fem
07097,36674929207097,Pt2fem
07098,27764929207098,Pt2fem
07099,35004929207099,Pt2fem
07100,21084929207100,Pt2fem
07101,11354929207101,Pt2fem
07102,99444929207102,Pt2fem
07103,35314929207103,Pt2fem
07104,26604929207104,Pt2fem
07105,87964929207105,Pt2fem
07106,62524929207106,Pt2fem
07107,39744929207107,Pt2fem
07108,84794929207108,Pt2fem
07109,81454929207109,Pt2fem
07110,50344929207110,Pt2fem
07111,13914929207111,Pt2fem
07112,11934929207112,Pt2fem
07113,53634929207113,Pt2fem
07114,85574929207114,Pt2fem
07115,75394929207115,Pt2fem
07116,68374929207116,Pt2fem
07117,83984929207117,Pt2fem
07118,47914929207118,Pt2fem
07119,50794929207119,Pt2fem
07120,37554929207120,Pt2fem
07121,62924929207121,Pt2fem
07122,24184929207122,Pt2fem
07123,45174929207123,Pt2fem
07124,37274929207124,Pt2fem
07125,47624929207125,Pt2fem
07126,51054929207126,Pt2fem
07127,44224929207127,Pt2fem
07128,93684929207128,Pt2fem
07129,10234929207129,Pt2fem
07130,60144929207130,Pt2fem
07131,78664929207131,Pt2fem
07132,97684929207132,Pt2fem
07133,58714929207133,Pt2fem
07134,25714929207134,Pt2fem
07135,51374929207135,Pt2fem
07136,53814929207136,Pt2fem
07137,50104929207137,Pt2fem
07138,44794929207138,Pt2fem
07139,36864929207139,Pt2fem
07140,81624929207140,Pt2fem
07141,36284929207141,Pt2fem
07142,79864929207142,Pt2fem
07143,63334929207143,Pt2fem
07144,79674929207144,Pt2fem
07145,12274929207145,Pt2fem
07146,83994929207146,Pt2fem
07147,97184929207147,Pt2fem
07148,41864929207148,Pt2fem
07149,46994929207149,Pt2fem
07150,58514929207150,Pt2fem
07151,50084929207151,Pt2fem
07152,36344929207152,Pt2fem
07153,76584929207153,Pt2fem
07154,43154929207154,Pt2fem
07155,78434929207155,Pt2fem
07156,26964929207156,Pt2fem
07157,80154929207157,Pt2fem
07158,38704929207158,Pt2fem
07159,95504929207159,Pt2fem
07160,77124929207160,Pt2fem
07161,98064929207161,Pt2fem
07162,42184929207162,Pt2fem
07163,25854929207163,Pt2fem
07164,36254929207164,Pt2fem
07165,92744929207165,Pt2fem
07166,14494929207166,Pt2fem
07167,82404929207167,Pt2fem
07168,58624929207168,Pt2fem
07169,11924929207169,Pt2fem
07170,50554929207170,Pt2fem
07171,76024929207171,Pt2fem
07172,64864929207172,Pt2fem
07173,54414929207173,Pt2fem
07174,31984929207174,Pt2fem
07175,97484929207175,Pt2fem
07176,35744929207176,Pt2fem
07177,58464929207177,Pt2fem
07178,22244929207178,Pt2fem
07179,52024929207179,Pt2fem
07180,58694929207180,Pt2fem
07181,82434929207181,Pt2fem
07182,54294929207182,Pt2fem
07183,26364929207183,Pt2fem
07184,36644929207184,Pt2fem
07185,18194929207185,Pt2fem
07186,30774929207186,Pt2fem
07187,48274929207187,Pt2fem
07188,49444929207188,Pt2fem
07189,36774929207189,Pt2fem
07190,96594929207190,Pt2fem
07191,48554929207191,Pt2fem
07192,17784929207192,Pt2fem
07193,66754929207193,Pt2fem
07194,44194929207194,Pt2fem
07195,25614929207195,Pt2fem
07196,19564929207196,Pt2fem
07197,15014929207197,Pt2fem
07198,91084929207198,Pt2fem
07199,52464929207199,Pt2fem
07200,88864929207200,Pt2fem
07201,99964929207201,Pt2fem
07202,60104929207202,Pt2fem
07203,36294929207203,Pt2fem
07204,37304929207204,Pt2fem
07205,37414929207205,Pt2fem
07206,21994929207206,Pt2fem
07207,40444929207207,Pt2fem
07208,17944929207208,Pt2fem
07209,48784929207209,Pt2fem
07210,60604929207210,Pt2fem
07211,88974929207211,Pt2fem
07212,31704929207212,Pt2fem
07213,91894929207213,Pt2fem
07214,60554929207214,Pt2fem
07215,83704929207215,Pt2fem
07216,86274929207216,Pt2fem
07217,14314929207217,Pt2fem
07218,57344929207218,Pt2fem
07219,13724929207219,Pt2fem
07220,17554929207220,Pt2fem
07221,89034929207221,Pt2fem
07222,70054929207222,Pt2fem
07223,97414929207223,Pt2fem
07224,53464929207224,Pt2fem
07225,42844929207225,Pt2fem
07226,46494929207226,Pt2fem
07227,47014929207227,Pt2fem
07228,50454929207228,Pt2fem
07229,87054929207229,Pt2fem
07230,10834929207230,Pt2fem
07231,65604929207231,Pt2fem
07232,12354929207232,Pt2fem
07233,80804929207233,Pt2fem
07234,53774929207234,Pt2fem
07235,66704929207235,Pt2fem
07236,91774929207236,Pt2fem
07237,66834929207237,Pt2fem
07238,75214929207238,Pt2fem
07239,86234929207239,Pt2fem
07240,74064929207240,Pt2fem
07241,19784929207241,Pt2fem
07242,89414929207242,Pt2fem
07243,87094929207243,Pt2fem
07244,53674929207244,Pt2fem
07245,66924929207245,Pt2fem
07246,12604929207246,Pt2fem
07247,56174929207247,Pt2fem
07248,53054929207248,Pt2fem
07249,11514929207249,Pt2fem
07250,13194929207250,Pt2fem
07251,33874929207251,Pt2fem
07252,24084929207252,Pt2fem
07253,48514929207253,Pt2fem
07254,74384929207254,Pt2fem
07255,76164929207255,Pt2fem
07256,51994929207256,Pt2fem
07257,62904929207257,Pt2fem
07258,29394929207258,Pt2fem
07259,59114929207259,Pt2fem
07260,41724929207260,Pt2fem
07261,30454929207261,Pt2fem
07262,69024929207262,Pt2fem
07263,45904929207263,Pt2fem
07264,56874929207264,Pt2fem
07265,81004929207265,Pt2fem
07266,11874929207266,Pt2fem
07267,46344929207267,Pt2fem
07268,51084929207268,Pt2fem
07269,44254929207269,Pt2fem
07270,36974929207270,Pt2fem
07271,68954929207271,Pt2fem
07272,71954929207272,Pt2fem
07273,98024929207273,Pt2fem
07274,88974929207274,Pt2fem
07275,15464929207275,Pt2fem
07276,37444929207276,Pt2fem
07277,89084929207277,Pt2fem
07278,25764929207278,Pt2fem
07279,47814929207279,Pt2fem
07280,74774929207280,Pt2fem
07281,46354929207281,Pt2fem
07282,58614929207282,Pt2fem
07283,77764929207283,Pt2fem
07284,71864929207284,Pt2fem
07285,86754929207285,Pt2fem
07286,44904929207286,Pt2fem
07287,88864929207287,Pt2fem
07288,61174929207288,Pt2fem
07289,73484929207289,Pt2fem
07290,63204929207290,Pt2fem
07291,31004929207291,Pt2fem
07292,86184929207292,Pt2fem
07293,16764929207293,Pt2fem
07294,20974929207294,Pt2fem
07295,97404929207295,Pt2fem
07296,90254929207296,Pt2fem
07297,47124929207297,Pt2fem
07298,94694929207298,Pt2fem
07299,34274929207299,Pt2fem
07300,98034929207300,Pt2fem
07301,51224929207301,Pt2fem
07302,22574929207302,Pt2fem
07303,92654929207303,Pt2fem
07304,59394929207304,Pt2fem
07305,50094929207305,Pt2fem
07306,39604929207306,Pt2fem
07307,23124929207307,Pt2fem
07308,75804929207308,Pt2fem
07309,59934929207309,Pt2fem
07310,35334929207310,Pt2fem
07311,72704929207311,Pt2fem
07312,19274929207312,Pt2fem
07313,65394929207313,Pt2fem
07314,83934929207314,Pt2fem
07315,24484929207315,Pt2fem
07316,73694929207316,Pt2fem
07317,15344929207317,Pt2fem
07318,96904929207318,Pt2fem
07319,59574929207319,Pt2fem
07320,38834929207320,Pt2fem
07321,21174929207321,Pt2fem
07322,38234929207322,Pt2fem
07323,21704929207323,Pt2fem
07324,96654929207324,Pt2fem
07325,37544929207325,Pt2fem
07326,71994929207326,Pt2fem
07327,54194929207327,Pt2fem
07328,70304929207328,Pt2fem
07329,15734929207329,Pt2fem
07330,12594929207330,Pt2fem
07331,89534929207331,Pt2fem
07332,55454929207332,Pt2fem
07333,79304929207333,Pt2fem
07334,57324929207334,Pt2fem
07335,81394929207335,Pt2fem
07336,84214929207336,Pt2fem
07337,92524929207337,Pt2fem
07338,11624929207338,Pt2fem
07339,79134929207339,Pt2fem
07340,81594929207340,Pt2fem
07341,61044929207341,Pt2fem
07342,66634929207342,Pt2fem
07343,54904929207343,Pt2fem
07344,24344929207344,Pt2fem
07345,15204929207345,Pt2fem
07346,69464929207346,Pt2fem
07347,23074929207347,Pt2fem
07348,32404929207348,Pt2fem
07349,95814929207349,Pt2fem
07350,75724929207350,Pt2fem
07351,92354929207351,Pt2fem
07352,32774929207352,Pt2fem
07353,32504929207353,Pt2fem
07354,24804929207354,Pt2fem
07355,90304929207355,Pt2fem
07356,75954929207356,Pt2fem
07357,84364929207357,Pt2fem
07358,67414929207358,Pt2fem
07359,20324929207359,Pt2fem
07360,44854929207360,Pt2fem
07361,23374929207361,Pt2fem
07362,15844929207362,Pt2fem
07363,91214929207363,Pt2fem
07364,16144929207364,Pt2fem
07365,30074929207365,Pt2fem
07366,76534929207366,Pt2fem
07367,49234929207367,Pt2fem
07368,14224929207368,Pt2fem
07369,81894929207369,Pt2fem
07370,75314929207370,Pt2fem
07371,62584929207371,Pt2fem
07372,57604929207372,Pt2fem
07373,83964929207373,Pt2fem
07374,54984929207374,Pt2fem
07375,98464929207375,Pt2fem
07376,47804929207376,Pt2fem
07377,22334929207377,Pt2fem
07378,85504929207378,Pt2fem
07379,42604929207379,Pt2fem
07380,40784929207380,Pt2fem
07381,49754929207381,Pt2fem
07382,96664929207382,Pt2fem
07383,21284929207383,Pt2fem
07384,90794929207384,Pt2fem
07385,54054929207385,Pt2fem
07386,93214929207386,Pt2fem
07387,25864929207387,Pt2fem
07388,26884929207388,Pt2fem
07389,58794929207389,Pt2fem
07390,32524929207390,Pt2fem
07391,99834929207391,Pt2fem
07392,61684929207392,Pt2fem
07393,16634929207393,Pt2fem
07394,84764929207394,Pt2fem
07395,98364929207395,Pt2fem
07396,72914929207396,Pt2fem
07397,75074929207397,Pt2fem
07398,15534929207398,Pt2fem
07399,10254929207399,Pt2fem
07400,77224929207400,Pt2fem
07401,54774929207401,Pt2fem
07402,31024929207402,Pt2fem
07403,32524929207403,Pt2fem
07404,96644929207404,Pt2fem
07405,30284929207405,Pt2fem
07406,25694929207406,Pt2fem
07407,37464929207407,Pt2fem
07408,47474929207408,Pt2fem
07409,33354929207409,Pt2fem
07410,22394929207410,Pt2fem
07411,52134929207411,Pt2fem
07412,11654929207412,Pt2fem
07413,48714929207413,Pt2fem
07414,95034929207414,Pt2fem
07415,40394929207415,Pt2fem
07416,80734929207416,Pt2fem
07417,32384929207417,Pt2fem
07418,43794929207418,Pt2fem
07419,67434929207419,Pt2fem
07420,42264929207420,Pt2fem
07421,42374929207421,Pt2fem
07422,82644929207422,Pt2fem
07423,36834929207423,Pt2fem
07424,78634929207424,Pt2fem
07425,32054929207425,Pt2fem
07426,19684929207426,Pt2fem
07427,80044929207427,Pt2fem
07428,48594929207428,Pt2fem
07429,25884929207429,Pt2fem
07430,79614929207430,Pt2fem
07431,68484929207431,Pt2fem
07432,51054929207432,Pt2fem
07433,47704929207433,Pt2fem
07434,39054929207434,Pt2fem
07435,48004929207435,Pt2fem
07436,21554929207436,Pt2fem
07437,71524929207437,Pt2fem
07438,94064929207438,Pt2fem
07439,65954929207439,Pt2fem
07440,71154929207440,Pt2fem
07441,84814929207441,Pt2fem
07442,40414929207442,Pt2fem
07443,20734929207443,Pt2fem
07444,37834929207444,Pt2fem
07445,84254929207445,Pt2fem
07446,96154929207446,Pt2fem
07447,73764929207447,Pt2fem
07448,50394929207448,Pt2fem
07449,94054929207449,Pt2fem
07450,36844929207450,Pt2fem
07451,94084929207451,Pt2fem
07452,34894929207452,Pt2fem
07453,26684929207453,Pt2fem
07454,63104929207454,Pt2fem
07455,25344929207455,Pt2fem
07456,53504929207456,Pt2fem
07457,16214929207457,Pt2fem
07458,70894929207458,Pt2fem
07459,95324929207459,Pt2fem
07460,35984929207460,Pt2fem
07461,54054929207461,Pt2fem
07462,24104929207462,Pt2fem
07463,58014929207463,Pt2fem
07464,73494929207464,Pt2fem
07465,97254929207465,Pt2fem
07466,79694929207466,Pt2fem
07467,78094929207467,Pt2fem
07468,15124929207468,Pt2fem
07469,19294929207469,Pt2fem
07470,15424929207470,Pt2fem
07471,18014929207471,Pt2fem
07472,76664929207472,Pt2fem
07473,33304929207473,Pt2fem
07474,29904929207474,Pt2fem
07475,97454929207475,Pt2fem
07476,32134929207476,Pt2fem
07477,57954929207477,Pt2fem
07478,35344929207478,Pt2fem
07479,45464929207479,Pt2fem
07480,47584929207480,Pt2fem
07481,95624929207481,Pt2fem
07482,52674929207482,Pt2fem
07483,74884929207483,Pt2fem
07484,97594929207484,Pt2fem
07485,93274929207485,Pt2fem
07486,89184929207486,Pt2fem
07487,79444929207487,Pt2fem
07488,34114929207488,Pt2fem
07489,95664929207489,Pt2fem
07490,38724929207490,Pt2fem
07491,23264929207491,Pt2fem
07492,37894929207492,Pt2fem
07493,61154929207493,Pt2fem
07494,54304929207494,Pt2fem
07495,82894929207495,Pt2fem
07496,12384929207496,Pt2fem
07497,59994929207497,Pt2fem
07498,43294929207498,Pt2fem
07499,91854929207499,Pt2fem
07500,80164929207500,Pt2fem
07501,45114929207501,Pt2fem
07502,85064929207502,Pt2fem
07503,87674929207503,Pt2fem
07504,21824929207504,Pt2fem
07505,95364929207505,Pt2fem
07506,61154929207506,Pt2fem
07507,71374929207507,Pt2fem
07508,87354929207508,Pt2fem
07509,51354929207509,Pt2fem
07510,27894929207510,Pt2fem
07511,59554929207511,Pt2fem
07512,30124929207512,Pt2fem
07513,73674929207513,Pt2fem
07514,71604929207514,Pt2fem
07515,68894929207515,Pt2fem
07516,53184929207516,Pt2fem
07517,53724929207517,Pt2fem
07518,96224929207518,Pt2fem
07519,33204929207519,Pt2fem
07520,68264929207520,Pt2fem
07521,36984929207521,Pt2fem
07522,83474929207522,Pt2fem
07523,12924929207523,Pt2fem
07524,57134929207524,Pt2fem
07525,38744929207525,Pt2fem
07526,15534929207526,Pt2fem
07527,67194929207527,Pt2fem
07528,95514929207528,Pt2fem
07529,62484929207529,Pt2fem
07530,90134929207530,Pt2fem
07531,58364929207531,Pt2fem
07532,39504929207532,Pt2fem
07533,50574929207533,Pt2fem
07534,58324929207534,Pt2fem
07535,19034929207535,Pt2fem
07536,44424929207536,Pt2fem
07537,37574929207537,Pt2fem
07538,24494929207538,Pt2fem
07539,91534929207539,Pt2fem
07540,26334929207540,Pt2fem
07541,56024929207541,Pt2fem
07542,99124929207542,Pt2fem
07543,40084929207543,Pt2fem
07544,45814929207544,Pt2fem
07545,64754929207545,Pt2fem
07546,73944929207546,Pt2fem
07547,45164929207547,Pt2fem
07548,84464929207548,Pt2fem
07549,79584929207549,Pt2fem
07550,19524929207550,Pt2fem
07551,80664929207551,Pt2fem
07552,23784929207552,Pt2fem
07553,56714929207553,Pt2fem
07554,95474929207554,Pt2fem
07555,33364929207555,Pt2fem
07556,96524929207556,Pt2fem
07557,68394929207557,Pt2fem
07558,23104929207558,Pt2fem
07559,24974929207559,Pt2fem
07560,10724929207560,Pt2fem
07561,51284929207561,Pt2fem
07562,20564929207562,Pt2fem
07563,36674929207563,Pt2fem
07564,75934929207564,Pt2fem
07565,27224929207565,Pt2fem
07566,50494929207566,Pt2fem
07567,96114929207567,Pt2fem
07568,12304929207568,Pt2fem
07569,76474929207569,Pt2fem
07570,80214929207570,Pt2fem
07571,37024929207571,Pt2fem
07572,31854929207572,Pt2fem
07573,63534929207573,Pt2fem
07574,94354929207574,Pt2fem
07575,91124929207575,Pt2fem
07576,52464929207576,Pt2fem
07577,15424929207577,Pt2fem
07578,40014929207578,Pt2fem
07579,62764929207579,Pt2fem
07580,14254929207580,Pt2fem
07581,72424929207581,Pt2fem
07582,64394929207582,Pt2fem
07583,55904929207583,Pt2fem
07584,38464929207584,Pt2fem
07585,11434929207585,Pt2fem
07586,55024929207586,Pt2fem
07587,53654929207587,Pt2fem
07588,68884929207588,Pt2fem
07589,51654929207589,Pt2fem
07590,12334929207590,Pt2fem
07591,60294929207591,Pt2fem
07592,75784929207592,Pt2fem
07593,62964929207593,Pt2fem
07594,84854929207594,Pt2fem
07595,85834929207595,Pt2fem
07596,12284929207596,Pt2fem
07597,56634929207597,Pt2fem
07598,86894929207598,Pt2fem
07599,63024929207599,Pt2fem
07600,63244929207600,Pt2fem
07601,68634929207601,Pt2fem
07602,28664929207602,Pt2fem
07603,56884929207603,Pt2fem
07604,16744929207604,Pt2fem
07605,65434929207605,Pt2fem
07606,38904929207606,Pt2fem
07607,46744929207607,Pt2fem
07608,97904929207608,Pt2fem
07609,52244929207609,Pt2fem
07610,40114929207610,Pt2fem
07611,90754929207611,Pt2fem
07612,25374929207612,Pt2fem
07613,23804929207613,Pt2fem
07614,76154929207614,Pt2fem
07615,62984929207615,Pt2fem
07616,70134929207616,Pt2fem
07617,27694929207617,Pt2fem
07618,32434929207618,Pt2fem
07619,42854929207619,Pt2fem
07620,67014929207620,Pt2fem
07621,70084929207621,Pt2fem
07622,98504929207622,Pt2fem
07623,97214929207623,Pt2fem
07624,68554929207624,Pt2fem
07625,44074929207625,Pt2fem
07626,83334929207626,Pt2fem
07627,84924929207627,Pt2fem
07628,31364929207628,Pt2fem
07629,40364929207629,Pt2fem
07630,12854929207630,Pt2fem
07631,23804929207631,Pt2fem
07632,65084929207632,Pt2fem
07633,50634929207633,Pt2fem
07634,30124929207634,Pt2fem
07635,30184929207635,Pt2fem
07636,73814929207636,Pt2fem
07637,53304929207637,Pt2fem
07638,48064929207638,Pt2fem
07639,10994929207639,Pt2fem
07640,49944929207640,Pt2fem
07641,31784929207641,Pt2fem
07642,54564929207642,Pt2fem
07643,98204929207643,Pt2fem
07644,30614929207644,Pt2fem
07645,15274929207645,Pt2fem
07646,80114929207646,Pt2fem
07647,25974929207647,Pt2fem
07648,76594929207648,Pt2fem
07649,52054929207649,Pt2fem
07650,98014929207650,Pt2fem
07651,60014929207651,Pt2fem
07652,93734929207652,Pt2fem
07653,25274929207653,Pt2fem
07654,36984929207654,Pt2fem
07655,59814929207655,Pt2fem
07656,36814929207656,Pt2fem
07657,31184929207657,Pt2fem
07658,86324929207658,Pt2fem
07659,93004929207659,Pt2fem
07660,45974929207660,Pt2fem
07661,59964929207661,Pt2fem
07662,33654929207662,Pt2fem
07663,82504929207663,Pt2fem
07664,65634929207664,Pt2fem
07665,59014929207665,Pt2fem
07666,64904929207666,Pt2fem
07667,15994929207667,Pt2fem
07668,25884929207668,Pt2fem
07669,18694929207669,Pt2fem
07670,57164929207670,Pt2fem
07671,87934929207671,Pt2fem
07672,46384929207672,Pt2fem
07673,80594929207673,Pt2fem
07674,63674929207674,Pt2fem
07675,54184929207675,Pt2fem
07676,32804929207676,Pt2fem
07677,38404929207677,Pt2fem
07678,11594929207678,Pt2fem
07679,48914929207679,Pt2fem
07680,15684929207680,Pt2fem
07681,31094929207681,Pt2fem
07682,52094929207682,Pt2fem
07683,74214929207683,Pt2fem
07684,61854929207684,Pt2fem
07685,88744929207685,Pt2fem
07686,33034929207686,Pt2fem
07687,52134929207687,Pt2fem
07688,28394929207688,Pt2fem
07689,60844929207689,Pt2fem
07690,74134929207690,Pt2fem
07691,79124929207691,Pt2fem
07692,58944929207692,Pt2fem
07693,17024929207693,Pt2fem
07694,84614929207694,Pt2fem
07695,73204929207695,Pt2fem
07696,22704929207696,Pt2fem
07697,40354929207697,Pt2fem
07698,23344929207698,Pt2fem
07699,73354929207699,Pt2fem
07700,55754929207700,Pt2fem
07701,43164929207701,Pt2fem
07702,91504929207702,Pt2fem
07703,21654929207703,Pt2fem
07704,45044929207704,Pt2fem
07705,55254929207705,Pt2fem
07706,47764929207706,Pt2fem
07707,17734929207707,Pt2fem
07708,34754929207708,Pt2fem
07709,84764929207709,Pt2fem
07710,75884929207710,Pt2fem
07711,55884929207711,Pt2fem
07712,25174929207712,Pt2fem
07713,91364929207713,Pt2fem
07714,54964929207714,Pt2fem
07715,54514929207715,Pt2fem
07716,64184929207716,Pt2fem
07717,72094929207717,Pt2fem
07718,21994929207718,Pt2fem
07719,88234929207719,Pt2fem
07720,91084929207720,Pt2fem
07721,79634929207721,Pt2fem
07722,27084929207722,Pt2fem
07723,12374929207723,Pt2fem
07724,73074929207724,Pt2fem
07725,83074929207725,Pt2fem
07726,11074929207726,Pt2fem
07727,99954929207727,Pt2fem
07728,74084929207728,Pt2fem
07729,31204929207729,Pt2fem
07730,65734929207730,Pt2fem
07731,81344929207731,Pt2fem
07732,76234929207732,Pt2fem
07733,28274929207733,Pt2fem
07734,86404929207734,Pt2fem
07735,96174929207735,Pt2fem
07736,93734929207736,Pt2fem
07737,82324929207737,Pt2fem
07738,77124929207738,Pt2fem
07739,47924929207739,Pt2fem
07740,39274929207740,Pt2fem
07741,55914929207741,Pt2fem
07742,28324929207742,Pt2fem
07743,60944929207743,Pt2fem
07744,62904929207744,Pt2fem
07745,89434929207745,Pt2fem
07746,86954929207746,Pt2fem
07747,59974929207747,Pt2fem
07748,13534929207748,Pt2fem
07749,56874929207749,Pt2fem
07750,29174929207750,Pt2fem
07751,92204929207751,Pt2fem
07752,92724929207752,Pt2fem
07753,34124929207753,Pt2fem
07754,15464929207754,Pt2fem
07755,41784929207755,Pt2fem
07756,91184929207756,Pt2fem
07757,69704929207757,Pt2fem
07758,18324929207758,Pt2fem
07759,86834929207759,Pt2fem
07760,87614929207760,Pt2fem
07761,68124929207761,Pt2fem
07762,82404929207762,Pt2fem
07763,99024929207763,Pt2fem
07764,90154929207764,Pt2fem
07765,55604929207765,Pt2fem
07766,67184929207766,Pt2fem
07767,55594929207767,Pt2fem
07768,60274929207768,Pt2fem
07769,18364929207769,Pt2fem
07770,42094929207770,Pt2fem
07771,23824929207771,Pt2fem
07772,49174929207772,Pt2fem
07773,33414929207773,Pt2fem
07774,74204929207774,Pt2fem
07775,78144929207775,Pt2fem
07776,86684929207776,Pt2fem
07777,61854929207777,Pt2fem
07778,38374929207778,Pt2fem
07779,59654929207779,Pt2fem
07780,92714929207780,Pt2fem
07781,34644929207781,Pt2fem
07782,79864929207782,Pt2fem
07783,78084929207783,Pt2fem
07784,81114929207784,Pt2fem
07785,50844929207785,Pt2fem
07786,19594929207786,Pt2fem
07787,46434929207787,Pt2fem
07788,26084929207788,Pt2fem
07789,58464929207789,Pt2fem
07790,41674929207790,Pt2fem
07791,47894929207791,Pt2fem
07792,21104929207792,Pt2fem
07793,97684929207793,Pt2fem
07794,53644929207794,Pt2fem
07795,95464929207795,Pt2fem
07796,10324929207796,Pt2fem
07797,26704929207797,Pt2fem
07798,59144929207798,Pt2fem
07799,93954929207799,Pt2fem
07800,82464929207800,Pt2fem
07801,79914929207801,Pt2fem
07802,12984929207802,Pt2fem
07803,94484929207803,Pt2fem
07804,67274929207804,Pt2fem
07805,98814929207805,Pt2fem
07806,58854929207806,Pt2fem
07807,31574929207807,Pt2fem
07808,54334929207808,Pt2fem
07809,45204929207809,Pt2fem
07810,69524929207810,Pt2fem
07811,22614929207811,Pt2fem
07812,34564929207812,Pt2fem
07813,86964929207813,Pt2fem
07814,19414929207814,Pt2fem
07815,59954929207815,Pt2fem
07816,14074929207816,Pt2fem
07817,76384929207817,Pt2fem
07818,19794929207818,Pt2fem
07819,85374929207819,Pt2fem
07820,60584929207820,Pt2fem
07821,40924929207821,Pt2fem
07822,16444929207822,Pt2fem
07823,87194929207823,Pt2fem
07824,12354929207824,Pt2fem
07825,66454929207825,Pt2fem
07826,49794929207826,Pt2fem
07827,39724929207827,Pt2fem
07828,19544929207828,Pt2fem
07829,23134929207829,Pt2fem
07830,87594929207830,Pt2fem
07831,45334929207831,Pt2fem
07832,28134929207832,Pt2fem
07833,33574929207833,Pt2fem
07834,60074929207834,Pt2fem
07835,48984929207835,Pt2fem
07836,96374929207836,Pt2fem
07837,63704929207837,Pt2fem
07838,97574929207838,Pt2fem
07839,25274929207839,Pt2fem
07840,13654929207840,Pt2fem
07841,76034929207841,Pt2fem
07842,70734929207842,Pt2fem
07843,97914929207843,Pt2fem
07844,21864929207844,Pt2fem
07845,25404929207845,Pt2fem
07846,53104929207846,Pt2fem
07847,51854929207847,Pt2fem
07848,29394929207848,Pt2fem
07849,57294929207849,Pt2fem
07850,86364929207850,Pt2fem
07851,37694929207851,Pt2fem
07852,17504929207852,Pt2fem
07853,98624929207853,Pt2fem
07854,57934929207854,Pt2fem
07855,38814929207855,Pt2fem
07856,19184929207856,Pt2fem
07857,10994929207857,Pt2fem
07858,51144929207858,Pt2fem
07859,80844929207859,Pt2fem
07860,30624929207860,Pt2fem
07861,36464929207861,Pt2fem
07862,87854929207862,Pt2fem
07863,13784929207863,Pt2fem
07864,35084929207864,Pt2fem
07865,95874929207865,Pt2fem
07866,73714929207866,Pt2fem
07867,36374929207867,Pt2fem
07868,49304929207868,Pt2fem
07869,99624929207869,Pt2fem
07870,35684929207870,Pt2fem
07871,73304929207871,Pt2fem
07872,12444929207872,Pt2fem
07873,10914929207873,Pt2fem
07874,22304929207874,Pt2fem
07875,74634929207875,Pt2fem
07876,57434929207876,Pt2fem
07877,21524929207877,Pt2fem
07878,26274929207878,Pt2fem
07879,67854929207879,Pt2fem
07880,84904929207880,Pt2fem
07881,30154929207881,Pt2fem
07882,19644929207882,Pt2fem
07883,52424929207883,Pt2fem
07884,79644929207884,Pt2fem
07885,43154929207885,Pt2fem
07886,11484929207886,Pt2fem
07887,96784929207887,Pt2fem
07888,89404929207888,Pt2fem
07889,57844929207889,Pt2fem
07890,38014929207890,Pt2fem
07891,97914929207891,Pt2fem
07892,46384929207892,Pt2fem
07893,58254929207893,Pt2fem
07894,85244929207894,Pt2fem
07895,13364929207895,Pt2fem
07896,61114929207896,Pt2fem
07897,33414929207897,Pt2fem
07898,34204929207898,Pt2fem
07899,25724929207899,Pt2fem
07900,18874929207900,Pt2fem
07901,18154929207901,Pt2fem
07902,78494929207902,Pt2fem
07903,99744929207903,Pt2fem
07904,98534929207904,Pt2fem
07905,66384929207905,Pt2fem
07906,84544929207906,Pt2fem
07907,11834929207907,Pt2fem
07908,54084929207908,Pt2fem
07909,66874929207909,Pt2fem
07910,54204929207910,Pt2fem
07911,32034929207911,Pt2fem
07912,48424929207912,Pt2fem
07913,31494929207913,Pt2fem
07914,69914929207914,Pt2fem
07915,98644929207915,Pt2fem
07916,69824929207916,Pt2fem
07917,46064929207917,Pt2fem
07918,82384929207918,Pt2fem
07919,95194929207919,Pt2fem
07920,90824929207920,Pt2fem
07921,63594929207921,Pt2fem
07922,80704929207922,Pt2fem
07923,59994929207923,Pt2fem
07924,69644929207924,Pt2fem
07925,80064929207925,Pt2fem
07926,15074929207926,Pt2fem
07927,58134929207927,Pt2fem
07928,64064929207928,Pt2fem
07929,62714929207929,Pt2fem
07930,11844929207930,Pt2fem
07931,76084929207931,Pt2fem
07932,97874929207932,Pt2fem
07933,80834929207933,Pt2fem
07934,71314929207934,Pt2fem
07935,28654929207935,Pt2fem
07936,49744929207936,Pt2fem
07937,99034929207937,Pt2fem
07938,57784929207938,Pt2fem
07939,58544929207939,Pt2fem
07940,14654929207940,Pt2fem
07941,63024929207941,Pt2fem
07942,72234929207942,Pt2fem
07943,48434929207943,Pt2fem
07944,57754929207944,Pt2fem
07945,97894929207945,Pt2fem
07946,37514929207946,Pt2fem
07947,55414929207947,Pt2fem
07948,80854929207948,Pt2fem
07949,98914929207949,Pt2fem
07950,25954929207950,Pt2fem
07951,48104929207951,Pt2fem
07952,71264929207952,Pt2fem
07953,64794929207953,Pt2fem
07954,69554929207954,Pt2fem
07955,26134929207955,Pt2fem
07956,13204929207956,Pt2fem
07957,93454929207957,Pt2fem
07958,82624929207958,Pt2fem
07959,72174929207959,Pt2fem
07960,91724929207960,Pt2fem
07961,40364929207961,Pt2fem
07962,76964929207962,Pt2fem
07963,66524929207963,Pt2fem
07964,19144929207964,Pt2fem
07965,99244929207965,Pt2fem
07966,39464929207966,Pt2fem
07967,54074929207967,Pt2fem
07968,93864929207968,Pt2fem
07969,55424929207969,Pt2fem
07970,12324929207970,Pt2fem
07971,93864929207971,Pt2fem
07972,31914929207972,Pt2fem
07973,91544929207973,Pt2fem
07974,15674929207974,Pt2fem
07975,41134929207975,Pt2fem
07976,70714929207976,Pt2fem
07977,85934929207977,Pt2fem
07978,82734929207978,Pt2fem
07979,71804929207979,Pt2fem
07980,25564929207980,Pt2fem
07981,13284929207981,Pt2fem
07982,47504929207982,Pt2fem
07983,59574929207983,Pt2fem
07984,78534929207984,Pt2fem
07985,98004929207985,Pt2fem
07986,74854929207986,Pt2fem
07987,55394929207987,Pt2fem
07988,59884929207988,Pt2fem
07989,90004929207989,Pt2fem
07990,43254929207990,Pt2fem
07991,69544929207991,Pt2fem
07992,11934929207992,Pt2fem
07993,92914929207993,Pt2fem
07994,29874929207994,Pt2fem
07995,56114929207995,Pt2fem
07996,55474929207996,Pt2fem
07997,64954929207997,Pt2fem
07998,98234929207998,Pt2fem
07999,10094929207999,Pt2fem
08000,98734929208000,Pt2fem
08001,test1,test
08002,test2,test
08003,test3,test
08004,test4,test
08005,test5,test
08006,!37^A6ce8003,master
08007,vdlfrcxd93002,master
08008,hdsc6hbe8001,master
08009,oqsbey6h8005,master
08010,fr!4#cxd93004,master
08011,IET6a3026c36fc9e2.76889858,DISCOUNT f
08012,IET6a3026c3703414.42319987,DISCOUNT f
08013,IET6a3026c3708053.31142926,DISCOUNT f
08014,IET6a3076742f07a8.54490981,DISCOUNT f
08015,IET6a3076742f4b07.99235229,DISCOUNT f
08016,IET6a3076742f8a83.07593423,DISCOUNT f
08017,IET6a3076742fc8c6.00044618,DISCOUNT f
08018,IET6a315660f23ec6.86611824,DISCOUNT f
08019,IET6a315660f294e6.02068578,DISCOUNT f
08020,IET6a315660f2dec9.30541539,DISCOUNT f
08021,IET6a31e2c3dc8d79.89178014,DISCOUNT f
08022,IET6a31e2c3dcdae2.94973650,DISCOUNT f
08023,IET6a31e2c3dd22f7.79299368,DISCOUNT f
08024,IET6a330c86e59b38.32954623,DISCOUNT f
08025,IET6a330c86e5ea54.52975268,DISCOUNT f
08026,IET6a330c86e63143.18748548,DISCOUNT f
08027,IET6a3d55e59653d6.93951242,DISCOUNT f
08028,IET6a3d55e5969fb5.31916489,DISCOUNT f
08029,IET6a3d55e596dd99.28043061,DISCOUNT f
08030,IET6a42a641d0f630.68894209,DISCOUNT f
08031,IET6a42a641d135d5.56229503,DISCOUNT f
08032,IET6a42a641d179e1.86672441,DISCOUNT f
08033,IET6a45ac97d3aa87.58635182,DISCOUNT f
08034,IET6a45ac97d3f816.62748956,DISCOUNT f
08035,IET6a45ac97d438d1.70265645,DISCOUNT f
08036,IET6a482d10dbad24.39286034,DISCOUNT f
08037,IET6a482d10dbf6b2.04889446,DISCOUNT f
08038,IET6a482d10dc3ce0.63426517,DISCOUNT f
08039,IET6a482d10dc87d6.83049056,DISCOUNT f
08040,IET6a56e5cd0cec52.55241423,DISCOUNT f
08041,IET6a56e5cd0d2df7.11339019,DISCOUNT f
08042,IET6a56e5cd0d6c73.99139825,DISCOUNT f
08043,IET6a56e5cd0daa63.68696690,DISCOUNT f
08044,IET6a57e6377f5a02.36267873,DISCOUNT f
08045,IET6a57e6377fa5c5.09401029,DISCOUNT f
08046,IET6a57e6377fea98.34012242,DISCOUNT f
08047,IET6a596394766857.72440501,DISCOUNT f
08048,IET6a59639476c670.35070971,DISCOUNT f
08049,IET6a596394771064.65765293,DISCOUNT f
08050,IET6a5976c2a7fb21.00084992,DISCOUNT f
08051,IET6a5976c2a848d3.35090918,DISCOUNT f
08052,IET6a5976c2a88969.73539155,DISCOUNT f
08053,IET6a5a8e02c4e189.99132224,DISCOUNT f
08054,IET6a5a8e02c52af5.56089928,DISCOUNT f
08055,IET6a5a8e02c56dd5.78866235,DISCOUNT f
08056,IET6a5aa63f9b8923.78450920,DISCOUNT f
08057,IET6a5aa63f9be9c9.02613575,DISCOUNT f
08058,IET6a5aa63f9c33e7.09507449,DISCOUNT f
08059,IET6a5cb5871f1726.90603967,DISCOUNT f
08060,IET6a5cb5871f6114.63839886,DISCOUNT f
08061,IET6a5cb5871fabb3.72180613,DISCOUNT f
08062,IET6a5cb5871ff050.40150401,DISCOUNT f
08063,IET6a5e72de775d89.20399291,DISCOUNT f
08064,IET6a5e72de77c0b9.29931709,DISCOUNT f
08065,IET6a5e72de780969.10720365,DISCOUNT f
08066,IET6a5ea9e4efe3f7.71445685,DISCOUNT f
08067,IET6a5ea9e4f027b4.95316461,DISCOUNT f
08068,IET6a5ea9e4f072f4.25115618,DISCOUNT f
08069,IET6a5ea9e4f0bc52.98182808,DISCOUNT f
08070,IET6a5f6323792731.96002271,DISCOUNT f
08071,IET6a5f6323797e99.50230974,DISCOUNT f
08072,IET6a5f632379c642.54981172,DISCOUNT f
08073,IET6a6002c4542145.83025506,DISCOUNT f
08074,IET6a6002c4546dd2.84377427,DISCOUNT f
08075,IET6a6002c454bde1.72901423,DISCOUNT f
08076,IET6a626fe8a18cb0.72183544,DISCOUNT f
08077,IET6a626fe8a1e7a1.73854710,DISCOUNT f
08078,IET6a626fe8a22d55.04946713,DISCOUNT f
08079,IET6a6418660955e3.15879866,DISCOUNT f
08080,IET6a64186609a886.42169702,DISCOUNT f
08081,IET6a64186609e5a8.49530226,DISCOUNT f
08082,IET6a67cfda6dc4a8.48825510,DISCOUNT f
08083,IET6a67cfda6e19d5.51541698,DISCOUNT f
08084,IET6a67cfda6e5d69.49774713,DISCOUNT f
08085,IET6a68a4cff08ae2.14124531,DISCOUNT f
08086,IET6a68a4cff0f569.88955663,DISCOUNT f
08087,IET6a68a4cff156e7.56993250,DISCOUNT f
08088,IET6a68a4cff1b9b0.69093007,DISCOUNT f
08089,IET6a68b0831a7e32.21736536,DISCOUNT f
08090,IET6a68b0831ac4b2.57404652,DISCOUNT f
08091,IET6a68b0831b0616.06927952,DISCOUNT f
08092,IET6a68d3148dd414.05253986,DISCOUNT f
08093,IET6a68d3148e39b0.15887334,DISCOUNT f
08094,IET6a68d3148e9536.94688094,DISCOUNT f
08095,IET6a68da3fc06979.79992128,DISCOUNT f
08096,IET6a68da3fc0b296.07119818,DISCOUNT f
08097,IET6a68da3fc0f466.04477636,DISCOUNT f
08098,IET6a691d0e8da4b7.45723409,DISCOUNT f
08099,IET6a691d0e8de474.94222213,DISCOUNT f
08100,IET6a691d0e8e2072.98106888,DISCOUNT f
08101,IET6a691d0e8e6011.07593182,DISCOUNT f
08102,IET6a6944e44f3629.10003987,DISCOUNT f
08103,IET6a6944e44f87c2.57935924,DISCOUNT f
08104,IET6a6944e44fd685.16505969,DISCOUNT f
08105,IET6a69c7bf339ff5.34087795,DISCOUNT f
08106,IET6a69c7bf33ff95.73812334,DISCOUNT f
08107,IET6a69c7bf3445e0.85291668,DISCOUNT f
08108,IET6a6a224638d395.04550084,DISCOUNT f
08109,IET6a6a2246391e55.66998591,DISCOUNT f
08110,IET6a6a22463959c7.08617713,DISCOUNT f
08111,IET6a6a7199014481.94850116,DISCOUNT f
08112,IET6a6a7199019259.76533098,DISCOUNT f
08113,IET6a6a719901e2f5.49292637,DISCOUNT f
08114,IET6a6a7199022fc6.24853526,DISCOUNT f
08115,IET6a6a7642a13f15.92425473,DISCOUNT f
08116,IET6a6a7642a18047.18284131,DISCOUNT f
08117,IET6a6a7642a1c6b4.05933596,DISCOUNT f
08118,IET6a6a7642a20625.18786691,DISCOUNT f
08119,IET6a6a7fa912bef2.18465486,DISCOUNT f
08120,IET6a6a7fa9130b22.17664595,DISCOUNT f
08121,IET6a6a7fa9135816.60035082,DISCOUNT f
08122,IET6a6ae3cbb791d0.90444216,DISCOUNT f
08123,IET6a6ae3cbb95868.64960221,DISCOUNT f
08124,IET6a6ae3cbb9a206.53974677,DISCOUNT f
08125,IET6a6b63e00688c5.62858332,DISCOUNT f
08126,IET6a6b63e006e1e2.50378026,DISCOUNT f
08127,IET6a6b63e0072e68.29572005,DISCOUNT f
08128,IET6a6b6c468739d5.39267937,DISCOUNT f
08129,IET6a6b6c46877985.55657797,DISCOUNT f
08130,IET6a6b6c4687b935.78584032,DISCOUNT f
08131,IET6a6b6c4687fa57.77596042,DISCOUNT f
08132,IET6a6b74fd0693e0.23505089,DISCOUNT f
08133,IET6a6b74fd06d4f8.66085491,DISCOUNT f
08134,IET6a6b74fd071317.77530180,DISCOUNT f
08135,IET6a6b74fd074fe4.05276653,DISCOUNT f
08136,IET6a6b7f667124d0.07970918,DISCOUNT f
08137,IET6a6b7f66717837.71656024,DISCOUNT f
08138,IET6a6b7f6671bc66.46938312,DISCOUNT f
08139,IET6a6bead2cba1a4.65063354,DISCOUNT f
08140,IET6a6bead2cbfc38.96028684,DISCOUNT f
08141,IET6a6bead2cc3d72.50908129,DISCOUNT f
08142,IET6a6cf00a2df849.57650142,DISCOUNT f
08143,IET6a6cf00a2e5360.57278307,DISCOUNT f
08144,IET6a6cf00a2e9818.68916319,DISCOUNT f
08145,IET6a6d25bf7a4b79.98723307,DISCOUNT f
08146,IET6a6d25bf7aaa42.88576363,DISCOUNT f
08147,IET6a6d25bf7afaf2.48157045,DISCOUNT f
08148,IET6a6df5ea5d71e1.76998449,DISCOUNT f
08149,IET6a6df5ea5dc402.23817578,DISCOUNT f
08150,IET6a6df5ea5e0b47.65508158,DISCOUNT f
08151,IET6a6e0440d66b48.61329538,DISCOUNT f
08152,IET6a6e0440e15585.60057461,DISCOUNT f
08153,IET6a6e04411cea49.23594582,DISCOUNT f
08154,IET6a6e6939f1b6c7.69695783,DISCOUNT f
08155,IET6a6e6939f21495.14503057,DISCOUNT f
08156,IET6a6e6939f258e3.25283379,DISCOUNT f
08157,IET6a6e875764c942.94403277,DISCOUNT f
08158,IET6a6e87576510c5.43465774,DISCOUNT f
08159,IET6a6e8757656877.09744089,DISCOUNT f
08160,IET6a6e8aebab4e02.57628395,DISCOUNT f
08161,IET6a6e8aebaba786.08388697,DISCOUNT f
08162,IET6a6e8aebabf4c0.25646076,DISCOUNT f
08163,IET6a6f645609a588.76746241,DISCOUNT f
08164,IET6a6f645609ee80.36779761,DISCOUNT f
08165,IET6a6f64560a2ae7.72610928,DISCOUNT f
08166,IET6a6fb0fe022c51.40198072,DISCOUNT f
08167,IET6a6fb0fe027b03.57201561,DISCOUNT f
08168,IET6a6fb0fe02bbb3.36504416,DISCOUNT f
08169,IET6a6fb23c3a4a75.67678582,DISCOUNT f
08170,IET6a6fb23c3a9059.57366005,DISCOUNT f
08171,IET6a6fb23c3ad191.47283280,DISCOUNT f
08172,IET6a6fb23c3b11c9.90099835,DISCOUNT f
08173,IET6a6fff6b8eff75.20279586,DISCOUNT f
08174,IET6a6fff6b8f3e64.80964844,DISCOUNT f
08175,IET6a6fff6b8f8268.67397747,DISCOUNT f
08176,IET6a6fff6b8fc279.61035495,DISCOUNT f
08177,IET6a70053dca3a54.48329072,DISCOUNT f
08178,IET6a70053dca7a86.55943133,DISCOUNT f
08179,IET6a70053dcac054.89270640,DISCOUNT f
08180,IET6a70053dcb0017.51299174,DISCOUNT f
08181,IET6a70ac47f38a97.19204562,DISCOUNT f
08182,IET6a70ac47f3cfc3.27400990,DISCOUNT f
08183,IET6a70ac47f41143.74589683,DISCOUNT f
08184,IET6a71166ed135a7.70292997,DISCOUNT f
08185,IET6a71166ed18086.72312466,DISCOUNT f
08186,IET6a71166ed1c273.48589567,DISCOUNT f
08187,IET6a712be815eff5.56150749,DISCOUNT f
08188,IET6a712be8164019.95645808,DISCOUNT f
08189,IET6a712be816a6c9.45716830,DISCOUNT f
08190,IET6a712be816f783.18553350,DISCOUNT f
08191,IET6a71341b4e6304.94576595,DISCOUNT f
08192,IET6a71341b4eb4d7.01481014,DISCOUNT f
08193,IET6a71341b4ef557.79571071,DISCOUNT f
08194,IET6a7136242069e4.44581661,DISCOUNT f
08195,IET6a71362420be67.93750860,DISCOUNT f
08196,IET6a713624210020.29849522,DISCOUNT f
08197,IET6a71bf0b10a083.77581147,DISCOUNT f
08198,IET6a71bf0b10f059.40671936,DISCOUNT f
08199,IET6a71bf0b113715.15341408,DISCOUNT f
08200,IET6a71d1b500ea55.33707989,DISCOUNT f
08201,IET6a71d1b5013da8.10616859,DISCOUNT f
08202,IET6a71d1b50186a2.36274801,DISCOUNT f
08203,IET6a71eaecec7718.53011144,DISCOUNT f
08204,IET6a71eaececbf11.36598612,DISCOUNT f
08205,IET6a71eaececfaf5.94153051,DISCOUNT f
08206,IET6a71eaf1ab5271.26788739,DISCOUNT f
08207,IET6a71eaf1ab99f1.49291938,DISCOUNT f
08208,IET6a71eaf1abd6b7.80365913,DISCOUNT f
08209,IET6a7228e75faea8.74424305,DISCOUNT f
08210,IET6a7228e75ffc16.63096968,DISCOUNT f
08211,IET6a7228e7604074.18360788,DISCOUNT f
08212,IET6a7239818fa587.19758320,DISCOUNT f
08213,IET6a7239818fecd2.07036570,DISCOUNT f
08214,IET6a723981902bb7.90984802,DISCOUNT f
08215,IET6a726abd87ae99.01630933,DISCOUNT f
08216,IET6a726abd87f766.88019637,DISCOUNT f
08217,IET6a726abd883650.16962343,DISCOUNT f
08218,IET6a726abd8874c4.91870315,DISCOUNT f
08219,IET6a72a4f22f9e55.73486531,DISCOUNT f
08220,IET6a72a4f22fea09.65808007,DISCOUNT f
08221,IET6a72a4f2302913.86093765,DISCOUNT f
08222,IET6a72ab2a17bb89.09724690,DISCOUNT f
08223,IET6a72ab2a17f868.00947748,DISCOUNT f
08224,IET6a72ab2a183478.40939092,DISCOUNT f
08225,IET6a72ab2a186e41.56196651,DISCOUNT f
08226,IET6a72b96165a5f1.18113640,DISCOUNT f
08227,IET6a72b96165fb86.05838612,DISCOUNT f
08228,IET6a72b961663da2.39585985,DISCOUNT f
08229,IET6a737251996ed8.67467424,DISCOUNT f
08230,IET6a73725199b841.71315800,DISCOUNT f
08231,IET6a73725199fe94.90707302,DISCOUNT f
08232,IET6a7389499e2b67.27665947,DISCOUNT f
08233,IET6a7389499e8a91.78804080,DISCOUNT f
08234,IET6a7389499ed6e4.74485173,DISCOUNT f
08235,IET6a73a57b6a9fe2.10680516,DISCOUNT f
08236,IET6a73a57b6ae602.71545033,DISCOUNT f
08237,IET6a73a57b6b2d73.54069435,DISCOUNT f
08238,IET6a73a57b6b74e8.77421105,DISCOUNT f
08239,IET6a73ac7daa1e43.48833723,DISCOUNT f
08240,IET6a73ac7daa6bb5.88008839,DISCOUNT f
08241,IET6a73ac7daaaa60.29402309,DISCOUNT f
08242,IET6a73bf9602f178.86890463,DISCOUNT f
08243,IET6a73bf96034270.79366760,DISCOUNT f
08244,IET6a73bf960386a3.78582901,DISCOUNT f
08245,IET6a73d915670436.55589520,DISCOUNT f
08246,IET6a73d915674689.14834671,DISCOUNT f
08247,IET6a73d9156781d3.50079685,DISCOUNT f
08248,IET6a74917acab2e4.17355183,DISCOUNT f
08249,IET6a74917acb1149.58239058,DISCOUNT f
08250,IET6a74917acb5ab8.60498089,DISCOUNT f
08251,IET6a74a5187967a9.85019138,DISCOUNT f
08252,IET6a74a51879c610.15715624,DISCOUNT f
08253,IET6a74a5187a12a2.04631806,DISCOUNT f
08254,IET6a74b07c7042f9.67122531,DISCOUNT f
08255,IET6a74b07c7094f2.16392347,DISCOUNT f
08256,IET6a74b07c70e185.37159309,DISCOUNT f
08257,IET6a74cc6570be69.01493855,DISCOUNT f
08258,IET6a74cc65710f25.26891727,DISCOUNT f
08259,IET6a74cc65715a51.51797692,DISCOUNT f
08260,IET6a74cc6571af49.30721679,DISCOUNT f
08261,IET6a74d437483248.79258652,DISCOUNT f
08262,IET6a74d437489cd6.87717181,DISCOUNT f
08263,IET6a74d43748e3a1.43982541,DISCOUNT f
08264,IET6a3076742ebb42.05516301,DISCOUNT f
08265,IET6a482d10db63d2.69690482,DISCOUNT f
08266,IET6a56e5cd0c99c3.47772912,DISCOUNT f
08267,IET6a5cb5871ec371.31947799,DISCOUNT f
08268,IET6a5ea9e4ef9034.29995406,DISCOUNT f
08269,IET6a68a4cfefe3b3.37681169,DISCOUNT f
08270,IET6a691d0e8d58d2.38916857,DISCOUNT f
08271,IET6a6a719900e772.27161559,DISCOUNT f
08272,IET6a6a7642a0f9f1.98762861,DISCOUNT f
08273,IET6a6b6c4686e8b4.23323325,DISCOUNT f
08274,IET6a6b74fd064067.72961180,DISCOUNT f
08275,IET6a6fb23c39f3f0.79178589,DISCOUNT f
08276,IET6a6fff6b8e9f59.55964827,DISCOUNT f
08277,IET6a70053dc9ead2.83546502,DISCOUNT f
08278,IET6a712be8159e69.59066752,DISCOUNT f
08279,IET6a726abd8740a8.47584524,DISCOUNT f
08280,IET6a72ab2a1768b7.86931558,DISCOUNT f
08281,IET6a73a57b6a49b6.49301077,DISCOUNT f
08282,IET6a74cc65704e02.61916358,DISCOUNT f
08283,IET6a7535caccd2f0.48635490,Final Fem
08284,IET6a7535cacd37e6.43491461,Final Fem
08285,IET6a7535cacd9094.14149915,Final Fem
08286,IET6a753c1d884b33.59257514,Final Fem
08287,IET6a76335b3a9407.09971175,Final Fem
08288,IET6a76339da4f751.28543545,Final Fem
08289,IET6a7633dc4d31d5.97403699,Final Fem
08290,IET6a7633dc4d76e5.96893129,Final Fem
08291,IET6a7636b2f03d00.80666933,Final Fem
08292,IET6a7636d231e131.57084791,Final Fem
08293,IET6a763d15f06008.58014860,Final Fem
08294,IET6a764b4fb2c9b2.76486613,Final Fem
08295,IET6a765d7c52f6b4.48178201,Final Fem
08296,IET6a76703f49e3d1.14162027,Final Fem
08297,IET6a769a40de2057.36605658,Final Fem
08298,IET6a771803afcc82.68458574,Final Fem
08299,IET6a7721ebb4eee8.89356429,Final Fem
08300,IET6a7721ebb54327.36703448,Final Fem
08301,IET6a772235399e87.06997765,Final Fem
08302,IET6a772760d85033.39505463,Final Fem
08303,IET6a773535512433.57337282,Final Fem
08304,IET6a775aa8a493d6.87806672,Final Fem
08305,IET6a775aa8a4e7c7.66049532,Final Fem
08306,IET6a777afd0a8537.28878112,Final Fem
08307,IET6a778d8c54ffc6.98248642,Final Fem
08308,IET6a77957fbc3581.54367932,Final Fem
08309,IET6a77957fbc8a05.78101600,Final Fem
08310,IET6a77aa5bac2085.08858302,Final Fem
08311,IET6a77cbfc908669.98494352,Final Fem
08312,IET6a77cbfc90f626.26696178,Final Fem
08313,IET6a77dbca53fb17.62418505,Final Fem
08314,IET6a77f73376ba72.05288930,Final Fem
08315,IET6a7089e8b1e432.54804654,FINAL FEMA
08316,IET6a721e136118f5.69945250,FINAL FEMA
08317,IET6a728d3c23d333.62518428,FINAL FEMA
08318,IET6a7290ea21cdf8.15180331,FINAL FEMA
08319,IET6a72a9cfba36f7.38227269,FINAL FEMA
08320,IET6a72a9cfee1107.55135020,FINAL FEMA
08321,IET6a7335a4e5f6e2.19592362,FINAL FEMA
08322,IET6a734e6f848b72.74046849,FINAL FEMA
08323,IET6a7352776baac3.02086544,FINAL FEMA
08324,IET6a7352776c09d4.40651977,FINAL FEMA
08325,IET6a73670c05a388.96725814,FINAL FEMA
08326,IET6a7376ec4ac245.84630864,FINAL FEMA
08327,IET6a737b444c1ab7.68700720,FINAL FEMA
08328,IET6a73b4ad4093e7.04309507,FINAL FEMA
08329,IET6a73b7cbbc4149.53543677,FINAL FEMA
08330,IET6a73bdf49280c0.43701651,FINAL FEMA
08331,IET6a73c3b4464019.35868225,FINAL FEMA
08332,IET6a73f9f96fd9b8.64923316,FINAL FEMA
08333,IET6a74661d866413.68168528,FINAL FEMA
08334,IET6a74661d86af49.79646311,FINAL FEMA
08335,IET6a74a2f88acb59.68213938,FINAL FEMA
08336,IET6a74a2f88b1d77.86640086,FINAL FEMA
08337,IET6a74d07908dbc2.38074745,FINAL FEMA
08338,IET6a74d5587d39d3.99540377,FINAL FEMA
08339,IET6a750044ac6c21.80065230,FINAL FEMA
08340,IET6a750ac3100e18.79443160,FINAL FEMA
08341,IET6a750b5a9eb950.81521898,FINAL FEMA
08342,IET6a7526c161c917.44658973,FINAL FEMA
08343,IET6a756601d4b2a7.48949640,FINAL FEMA
08344,IET6a756601d52264.31000754,FINAL FEMA
08345,IET6a7604dad34471.45966118,FINAL FEMA
08346,IET6a76e569c85599.11512647,FINAL FEMA
08347,IET6a6ec355ce3946.43541395,FINAL MALE 
08348,IET6a6ec8af817244.12114746,FINAL MALE 
08349,IET6a6f16397e1850.35790974,FINAL MALE 
08350,IET6a6f59367a14e2.63918390,FINAL MALE 
08351,IET6a6f5b7fa22fe8.49327365,FINAL MALE 
08352,IET6a6f6a4d887bc7.74809717,FINAL MALE 
08353,IET6a6f6dfa98dcd9.66527690,FINAL MALE 
08354,IET6a6f6dfa994e14.50157773,FINAL MALE 
08355,IET6a6f6dfa999b57.31770687,FINAL MALE 
08356,IET6a6f7a7fabb4e6.29667371,FINAL MALE 
08357,IET6a6f986eabccb9.10103999,FINAL MALE 
08358,IET6a6f9b3a434167.59919639,FINAL MALE 
08359,IET6a6fb12d94bb09.69032714,FINAL MALE 
08360,IET6a6fcb96aa21e1.40786772,FINAL MALE 
08361,IET6a6fcc83bf85e4.68557862,FINAL MALE 
08362,IET6a6fcd7c6d5bb2.65157686,FINAL MALE 
08363,IET6a6fd672954836.14157672,FINAL MALE 
08364,IET6a6ffdd5949a60.00425710,FINAL MALE 
08365,IET6a7007041935e0.40731030,FINAL MALE 
08366,IET6a70228f689720.00856584,FINAL MALE 
08367,IET6a7095e02f3bb7.00332043,FINAL MALE 
08368,IET6a709686d20930.92174925,FINAL MALE 
08369,IET6a709e259f2722.35829789,FINAL MALE 
08370,IET6a70b0789d2153.23428849,FINAL MALE 
08371,IET6a70b6a8b90f76.97790928,FINAL MALE 
08372,IET6a70b6a8b95887.68861176,FINAL MALE 
08373,IET6a70b6a8b99707.42981946,FINAL MALE 
08374,IET6a70c345470512.95189764,FINAL MALE 
08375,IET6a70e5844145e9.37520178,FINAL MALE 
08376,IET6a70eee9d42946.74739609,FINAL MALE 
08377,IET6a712975b98968.86210088,FINAL MALE 
08378,IET6a712a98234a91.58347650,FINAL MALE 
08379,IET6a712d0fc45b53.24194363,FINAL MALE 
08380,IET6a71440e4aa741.02611254,FINAL MALE 
08381,IET6a71451a8930b0.92585035,FINAL MALE 
08382,IET6a7145253d9421.68649732,FINAL MALE 
08383,IET6a7145253de433.68093448,FINAL MALE 
08384,IET6a7145253e2237.13332260,FINAL MALE 
08385,IET6a71589e55dc33.02679235,FINAL MALE 
08386,IET6a716c73f02ad7.03020740,FINAL MALE 
08387,IET6a71d83b7a45c3.03130106,FINAL MALE 
08388,IET6a71da93284e33.02132282,FINAL MALE 
08389,IET6a71dc417fa3b2.24802750,FINAL MALE 
08390,IET6a71dc417ff723.46552849,FINAL MALE 
08391,IET6a720f3dd24061.11845640,FINAL MALE 
08392,IET6a720f3dd2a965.51564354,FINAL MALE 
08393,IET6a720f3dd2fa24.69795011,FINAL MALE 
08394,IET6a720f3dd34699.19080115,FINAL MALE 
08395,IET6a721e13616501.61460567,FINAL MALE 
08396,IET6a72228b7e7df4.24871609,FINAL MALE 
08397,IET6a72274dd949f5.30841162,FINAL MALE 
08398,IET6a72276bc5e1c8.02448554,FINAL MALE 
08399,IET6a72286cef5aa2.44164182,FINAL MALE 
08400,IET6a72392b9b8903.22970757,FINAL MALE 
08401,IET6a723cd6b9fd98.78765000,FINAL MALE 
08402,IET6a724082aa3281.92883929,FINAL MALE 
08403,IET6a724082aa8ab3.44237674,FINAL MALE 
08404,IET6a724ed55c79f9.25525368,FINAL MALE 
08405,IET6a7257706c4210.24459440,FINAL MALE 
08406,IET6a725c213414c8.67068855,FINAL MALE 
08407,IET6a725c21349251.78230624,FINAL MALE 
08408,IET6a72658c171612.91045879,FINAL MALE 
08409,IET6a727fc85a0413.93637529,FINAL MALE 
08410,IET6a727fc85a4fd2.09153999,FINAL MALE 
08411,IET6a728de3ac6a59.91003923,FINAL MALE 
08412,IET6a729518e89760.44377077,FINAL MALE 
08413,IET6a7296f1449ae5.42334137,FINAL MALE 
08414,IET6a72988dd2de36.17662644,FINAL MALE 
08415,IET6a72988dd35142.61389645,FINAL MALE 
08416,IET6a72a9cfedb4c2.57017502,FINAL MALE 
08417,IET6a72a9cfee5c04.20083227,FINAL MALE 
08418,IET6a72a9cfeea4a1.69008230,FINAL MALE 
08419,IET6a72b68460bc04.09390893,FINAL MALE 
08420,IET6a730c3fc9db31.32634224,FINAL MALE 
08421,IET6a73326aea79a7.48768131,FINAL MALE 
08422,IET6a7335a4e647c4.39174680,FINAL MALE 
08423,IET6a73360c25a087.52267377,FINAL MALE 
08424,IET6a733d42810508.52262721,FINAL MALE 
08425,IET6a7345bf385f90.98991646,FINAL MALE 
08426,IET6a7345c4937f52.13380280,FINAL MALE 
08427,IET6a734e6f84f711.94062134,FINAL MALE 
08428,IET6a7352776c7003.92064261,FINAL MALE 
08429,IET6a7352776cc7b8.78709575,FINAL MALE 
08430,IET6a7352b3de5c95.79097162,FINAL MALE 
08431,IET6a735d19435f54.85458979,FINAL MALE 
08432,IET6a7365443b7266.14636458,FINAL MALE 
08433,IET6a738026e14189.22731081,FINAL MALE 
08434,IET6a738026e18da8.29968977,FINAL MALE 
08435,IET6a738730520596.95416561,FINAL MALE 
08436,IET6a73a657c34944.68492408,FINAL MALE 
08437,IET6a73a80e042dd9.28521361,FINAL MALE 
08438,IET6a73b4a8bb1725.91569455,FINAL MALE 
08439,IET6a73b4d77d7548.96144432,FINAL MALE 
08440,IET6a73b4d77dc0b2.94399892,FINAL MALE 
08441,IET6a73b8afa2f3e2.45424959,FINAL MALE 
08442,IET6a73b8afa34b83.47953654,FINAL MALE 
08443,IET6a73b93d6258a0.41231251,FINAL MALE 
08444,IET6a73bdf49237c9.49575407,FINAL MALE 
08445,IET6a73be44806756.60529176,FINAL MALE 
08446,IET6a73c42b212404.81816784,FINAL MALE 
08447,IET6a73ce0c207000.34877345,FINAL MALE 
08448,IET6a73cf527eaad0.04239946,FINAL MALE 
08449,IET6a73deed8a6034.36386448,FINAL MALE 
08450,IET6a73df466aea08.86467413,FINAL MALE 
08451,IET6a73eb13071c93.91357921,FINAL MALE 
08452,IET6a73f12c599841.15879191,FINAL MALE 
08453,IET6a73f7c51db762.94528903,FINAL MALE 
08454,IET6a746786500591.96857072,FINAL MALE 
08455,IET6a74a25e9a1de4.12378583,FINAL MALE 
08456,IET6a74bc108e7004.81982202,FINAL MALE 
08457,IET6a74bc108ec883.70144923,FINAL MALE 
08458,IET6a74bc108f30d8.33706563,FINAL MALE 
08459,IET6a74f094a24e86.43573958,FINAL MALE 
08460,IET6a750c0b41ed07.45931488,FINAL MALE 
08461,IET6a752eca95f5c8.93136620,FINAL MALE 
08462,IET6a75324a534566.21101348,FINAL MALE 
08463,IET6a7536ab82ced8.52231967,FINAL MALE 
08464,IET6a7537cf91c311.31502131,FINAL MALE 
08465,IET6a7538a7477328.03254730,FINAL MALE 
08466,IET6a753bc826b9a4.75672151,FINAL MALE 
08467,IET6a7552924c7de2.39743618,FINAL MALE 
08468,IET6a75557c82e9f5.97583902,FINAL MALE 
08469,IET6a755618d60ab4.59723403,FINAL MALE 
08470,IET6a755ce2d31157.05542741,FINAL MALE 
08471,IET6a755e9561e112.00455060,FINAL MALE 
08472,IET6a75c92a7aa764.88176020,FINAL MALE 
08473,IET6a75e2b060b314.20987648,FINAL MALE 
08474,IET6a75e7d116f9f0.24961311,FINAL MALE 
08475,IET6a75ef74bf1940.00231661,FINAL MALE 
08476,IET6a75ef74bf6374.44276120,FINAL MALE 
08477,IET6a75ef74bfa864.92969667,FINAL MALE 
08478,IET6a75ef74bfea01.45548899,FINAL MALE 
08479,IET6a760294509113.59035887,FINAL MALE 
08480,IET6a7604695407c2.46730159,FINAL MALE 
08481,IET6a7604dad397d7.22706264,FINAL MALE 
08482,IET6a760e4e598248.44182382,FINAL MALE 
08483,IET6a7612b7f395e7.54726754,FINAL MALE 
08484,IET6a761ca01555d7.59243668,FINAL MALE 
08485,IET6a7640fa5340c4.82191622,FINAL MALE 
08486,IET6a76464a95bfc8.30025408,FINAL MALE 
08487,IET6a76464a960fd7.97566228,FINAL MALE 
08488,IET6a76464a965338.07186700,FINAL MALE 
08489,IET6a7649d6e9e3d5.81398098,FINAL MALE 
08490,IET6a7649d6ea4943.60492127,FINAL MALE 
08491,IET6a767608a38bd4.71431251,FINAL MALE 
08492,IET6a769660e34234.73371624,FINAL MALE 
08493,IET6a76cf3c4677f6.06051821,FINAL MALE 
08494,IET6a76cf3c46cce3.16552084,FINAL MALE 
08495,IET6a772d98991175.39480360,FINAL MALE 
08496,IET6a772d98995636.02407755,FINAL MALE 
08497,IET6a774d2477a3e8.06954323,FINAL MALE 
08498,IET6a774d2477ec83.49212127,FINAL MALE 
08499,IET6a7760ee36da52.38168656,FINAL MALE 
08500,IET6a777d069fd7b8.71883386,FINAL MALE 
08501,IET6a777d06a027f2.54973392,FINAL MALE 
08502,IET6a77b087853121.78558077,FINAL MALE 
08503,IET6a77b08785a660.27812354,FINAL MALE 
08504,IET6a77b0878616e6.19931340,FINAL MALE 
08505,IET6a77b0878671b1.06339994,FINAL MALE 
08506,IET6a77b80ed26919.81306247,FINAL MALE 
08507,IET6a77c88a224064.29528398,FINAL MALE 
08508,IET6a77e20f520431.09917456,FINAL MALE 
08509,IET6a77e20f526e94.38024897,FINAL MALE 
08510,TK6a1e3b5a434fe6.65308748,JUNGLE BOY 
08511,TK6a42aa88e569a5.00559713,JUNGLE BOY 
08512,TK6a519230978634.20924296,JUNGLE BOY 
08513,TK6a5589e8304731.57638798,JUNGLE BOY 
08514,TK6a57bfa3e1bff0.19703882,JUNGLE BOY 
08515,TK6a57bfa46e9f19.70471035,JUNGLE BOY 
08516,TK6a582950367985.45902473,JUNGLE BOY 
08517,TK6a58295079cd81.00543325,JUNGLE BOY 
08518,TK6a582950aacba4.33166295,JUNGLE BOY 
08519,TK6a5abb96c04db7.11147415,JUNGLE BOY 
08520,TK6a5ba7cfcaec09.94404337,JUNGLE BOY 
08521,TK6a5ba7d0003ab9.08537019,JUNGLE BOY 
08522,TK6a60c840cf7342.09828246,JUNGLE BOY 
08523,TK6a60c841130c16.88840781,JUNGLE BOY 
08524,TK6a61e69b8b5115.85920985,JUNGLE BOY 
08525,TK6a623fd5697d15.21830489,JUNGLE BOY 
08526,TK6a623fd59d5990.70173611,JUNGLE BOY 
08527,TK6a634b96480969.77200919,JUNGLE BOY 
08528,TK6a634b9673cea1.92736419,JUNGLE BOY 
08529,TK6a634b969b81d4.63705694,JUNGLE BOY 
08530,TK6a634b96bc2032.70383440,JUNGLE BOY 
08531,TK6a634b96dbddd3.52973312,JUNGLE BOY 
08532,TK6a634b9708c476.95424985,JUNGLE BOY 
08533,TK6a64bf5a37cb67.02546126,JUNGLE BOY 
08534,TK6a64bf5a7ca2b2.63169385,JUNGLE BOY 
08535,TK6a64e5c549c875.93476036,JUNGLE BOY 
08536,TK6a653bb18503a2.01115951,JUNGLE BOY 
08537,TK6a67535925c192.06994691,JUNGLE BOY 
08538,TK6a67593f731670.21188516,JUNGLE BOY 
08539,TK6a6786c6474318.61721126,JUNGLE BOY 
08540,TK6a6786c67867d8.90478815,JUNGLE BOY 
08541,TK6a6786c6ab2eb0.21395154,JUNGLE BOY 
08542,TK6a6786c6ddbcb1.84047377,JUNGLE BOY 
08543,TK6a6786c71dd2e9.00623497,JUNGLE BOY 
08544,TK6a6786c750a891.73335862,JUNGLE BOY 
08545,TK6a6786c782bba0.40690282,JUNGLE BOY 
08546,TK6a6786c7b57470.44413314,JUNGLE BOY 
08547,TK6a6786c7e623b9.10632612,JUNGLE BOY 
08548,TK6a6786c82174f5.15210714,JUNGLE BOY 
08549,TK6a678cda695bd8.70009101,JUNGLE BOY 
08550,TK6a678cda9ae618.76443294,JUNGLE BOY 
08551,TK6a678cdacba2a6.15261673,JUNGLE BOY 
08552,TK6a678cdb09b8a5.47296579,JUNGLE BOY 
08553,TK6a678cdb3ac779.25104574,JUNGLE BOY 
08554,TK6a68f6c48602a7.04367858,JUNGLE BOY 
08555,TK6a68f6c4b979a2.53304131,JUNGLE BOY 
08556,TK6a68f6c4ee29c1.61931144,JUNGLE BOY 
08557,TK6a69020b3d8d61.49001071,JUNGLE BOY 
08558,TK6a690f71263677.33333291,JUNGLE BOY 
08559,TK6a690fc66eb6c2.81140056,JUNGLE BOY 
08560,TK6a690fc6c2b696.33231977,JUNGLE BOY 
08561,TK6a690fc6f24db9.58908528,JUNGLE BOY 
08562,TK6a690fc72cbd62.00724706,JUNGLE BOY 
08563,TK6a6963f9562c46.34805480,JUNGLE BOY 
08564,TK6a696e5ca5eed7.75974992,JUNGLE BOY 
08565,TK6a696e5cea99c3.74351582,JUNGLE BOY 
08566,TK6a6a3d2c1b51c2.21710265,JUNGLE BOY 
08567,TK6a6a4b29de32a9.80278409,JUNGLE BOY 
08568,TK6a6a4b2a197540.42667751,JUNGLE BOY 
08569,TK6a6a4b2a49bc19.55312402,JUNGLE BOY 
08570,TK6a6a4b2a79ee75.28031144,JUNGLE BOY 
08571,TK6a6a4b2aa8fbc5.27881379,JUNGLE BOY 
08572,TK6a6a4bde643d02.53121871,JUNGLE BOY 
08573,TK6a6ab0439fc496.71301305,JUNGLE BOY 
08574,TK6a6b2bde9037e9.37776093,JUNGLE BOY 
08575,TK6a6b2bdec37481.50549260,JUNGLE BOY 
08576,TK6a6b2bdf124982.42808435,JUNGLE BOY 
08577,TK6a6b2bdf3a2bd6.59308456,JUNGLE BOY 
08578,TK6a6b2bdf637430.83074194,JUNGLE BOY 
08579,TK6a6b2bdf93e900.86591688,JUNGLE BOY 
08580,TK6a6b2bdfc2ffc4.79053312,JUNGLE BOY 
08581,TK6a6b2be0034866.67177572,JUNGLE BOY 
08582,TK6a6b2be0336868.44417520,JUNGLE BOY 
08583,TK6a6b2be0668eb5.83349743,JUNGLE BOY 
08584,TK6a6b2be097b285.25503478,JUNGLE BOY 
08585,TK6a6b2be0c35876.79241692,JUNGLE BOY 
08586,TK6a6b2be0eea246.55867255,JUNGLE BOY 
08587,TK6a6b2be12610d6.09142657,JUNGLE BOY 
08588,TK6a6b2be152b3e3.61568374,JUNGLE BOY 
08589,TK6a6b2be17d9c20.64175656,JUNGLE BOY 
08590,TK6a6b88b338bf41.67473939,JUNGLE BOY 
08591,TK6a6b8b8254cfe1.15290184,JUNGLE BOY 
08592,TK6a6bb82a1c4d77.41004524,JUNGLE BOY 
08593,TK6a6bb82a4ef0f4.09787480,JUNGLE BOY 
08594,TK6a6bbfbe81ecf5.40406700,JUNGLE BOY 
08595,TK6a6bbfbec00553.14950697,JUNGLE BOY 
08596,TK6a6bbfbf125c64.23153004,JUNGLE BOY 
08597,TK6a6bbfbf3dc803.64461369,JUNGLE BOY 
08598,TK6a6bbfbf6e6420.49726793,JUNGLE BOY 
08599,TK6a6bd662c60ba3.63295278,JUNGLE BOY 
08600,TK6a6bd66302c318.86085587,JUNGLE BOY 
08601,TK6a6bd6632ddc31.66115716,JUNGLE BOY 
08602,TK6a6bd66357bd14.70896604,JUNGLE BOY 
08603,TK6a6bd66380bec9.07925554,JUNGLE BOY 
08604,TK6a6bd663abf0a8.58086673,JUNGLE BOY 
08605,TK6a6d0239330956.52743050,JUNGLE BOY 
08606,TK6a6d02395c1da9.12605784,JUNGLE BOY 
08607,TK6a6d023985e5b4.11445347,JUNGLE BOY 
08608,TK6a6d56b24fbc53.77685718,JUNGLE BOY 
08609,TK6a6dda4d646170.90143958,JUNGLE BOY 
08610,TK6a6ddad1025107.74577423,JUNGLE BOY 
08611,TK6a6e25f331ab39.89333236,JUNGLE BOY 
08612,TK6a6eefda335e02.51696586,JUNGLE BOY 
08613,TK6a6f7b64dcf551.71270045,JUNGLE BOY 
08614,TK6a6f9793273cd8.91889267,JUNGLE BOY 
08615,TK6a6fa0421ba672.06153299,JUNGLE BOY 
08616,TK6a6fa56a6de702.15736963,JUNGLE BOY 
08617,TK6a6fb92c004b22.89734544,JUNGLE BOY 
08618,TK6a6fc7caeba2a8.82924406,JUNGLE BOY 
08619,TK6a6fe16343b0d2.49074228,JUNGLE BOY 
08620,TK6a6fec42aca984.05413115,JUNGLE BOY 
08621,TK6a6fec430efb64.63506245,JUNGLE BOY 
08622,TK6a6fecda7b2355.34248572,JUNGLE BOY 
08623,TK6a6ffb4c129340.53502696,JUNGLE BOY 
08624,TK6a6ffda80b9050.47083245,JUNGLE BOY 
08625,TK6a70005adb39d6.60431213,JUNGLE BOY 
08626,TK6a70005b208a35.05618180,JUNGLE BOY 
08627,TK6a707a79920d26.04515102,JUNGLE BOY 
08628,TK6a708195d825b5.11606975,JUNGLE BOY 
08629,TK6a70a7e284e588.91537093,JUNGLE BOY 
08630,TK6a71051609e305.42517661,JUNGLE BOY 
08631,TK6a710516360a23.07693951,JUNGLE BOY 
08632,TK6a7106bce3a3b4.95847273,JUNGLE BOY 
08633,TK6a7106bd21c216.57729213,JUNGLE BOY 
08634,TK6a710abb734f15.85069967,JUNGLE BOY 
08635,TK6a710abbb584f9.83201639,JUNGLE BOY 
08636,TK6a710abc14ee33.69509110,JUNGLE BOY 
08637,TK6a711585f3a622.66239687,JUNGLE BOY 
08638,TK6a7115862b9285.99565521,JUNGLE BOY 
08639,TK6a71336824caa5.90000339,JUNGLE BOY 
08640,TK6a7133684ff5a4.19628330,JUNGLE BOY 
08641,TK6a714d9680ae37.63168366,JUNGLE BOY 
08642,TK6a714ecbc84c31.38596109,JUNGLE BOY 
08643,TK6a71ccceaf9f49.05478585,JUNGLE BOY 
08644,TK6a71d1d1ba14f2.84846234,JUNGLE BOY 
08645,TK6a71d1d1ed4893.55069243,JUNGLE BOY 
08646,TK6a71d514af0a42.59301425,JUNGLE BOY 
08647,TK6a71d514da56b6.90361503,JUNGLE BOY 
08648,TK6a72065f5e4dc0.79612803,JUNGLE BOY 
08649,TK6a721cc5950977.05405895,JUNGLE BOY 
08650,TK6a7242281f7ca6.42656351,JUNGLE BOY 
08651,TK6a72457b301295.27908771,JUNGLE BOY 
08652,TK6a72457b5c8692.17621130,JUNGLE BOY 
08653,TK6a72457b96acd7.75381872,JUNGLE BOY 
08654,TK6a726969db2652.63212018,JUNGLE BOY 
08655,TK6a72b6f27fc626.21372186,JUNGLE BOY 
08656,TK6a7332f29309e7.84724463,JUNGLE BOY 
08657,TK6a73806d0ef166.43162385,JUNGLE BOY 
08658,TK6a73806d41acb4.96433308,JUNGLE BOY 
08659,TK6a73806d85a355.16867727,JUNGLE BOY 
08660,TK6a7384331e10b9.99386481,JUNGLE BOY 
08661,TK6a738b4511c986.52622814,JUNGLE BOY 
08662,TK6a739ef62b3895.77801282,JUNGLE BOY 
08663,TK6a73cd6b2631d0.81477929,JUNGLE BOY 
08664,TK6a73cd6b5ebbe9.53828896,JUNGLE BOY 
08665,TK6a73e35bbe3641.10732407,JUNGLE BOY 
08666,TK6a73fa8b001f07.04447464,JUNGLE BOY 
08667,TK6a73fa8b49e280.32649278,JUNGLE BOY 
08668,TK6a73fa8b89b763.66403164,JUNGLE BOY 
08669,TK6a73fdb7e99786.85200807,JUNGLE BOY 
08670,TK6a73ff8df0c929.79086887,JUNGLE BOY 
08671,TK6a73ff8e3eec14.41735804,JUNGLE BOY 
08672,TK6a7472514765d5.41891275,JUNGLE BOY 
08673,TK6a747251905040.08148736,JUNGLE BOY 
08674,TK6a747251dceb35.60104158,JUNGLE BOY 
08675,TK6a7472521a0b05.26378052,JUNGLE BOY 
08676,TK6a747252444bb9.10598599,JUNGLE BOY 
08677,TK6a7472526f86f7.90223341,JUNGLE BOY 
08678,TK6a7472529a6768.60938392,JUNGLE BOY 
08679,TK6a747725369168.37000860,JUNGLE BOY 
08680,TK6a748548d75b75.79683452,JUNGLE BOY 
08681,TK6a7485491c94c5.88790942,JUNGLE BOY 
08682,TK6a748549486773.55064446,JUNGLE BOY 
08683,TK6a74854975db13.91438187,JUNGLE BOY 
08684,TK6a749f8dc4d974.09330314,JUNGLE BOY 
08685,TK6a74b47946f0c3.06014267,JUNGLE BOY 
08686,TK6a74b479859614.40715466,JUNGLE BOY 
08687,TK6a74b479b22704.05161974,JUNGLE BOY 
08688,TK6a74c155871e33.14595719,JUNGLE BOY 
08689,TK6a74cc7f3a07e4.88446255,JUNGLE BOY 
08690,TK6a74cdb880eed0.02581024,JUNGLE BOY 
08691,TK6a74cdb8c6aca4.53388123,JUNGLE BOY 
08692,TK6a74dd2254caa4.14597227,JUNGLE BOY 
08693,TK6a74dd228995c0.49382136,JUNGLE BOY 
08694,TK6a74dd22c4cf55.94191440,JUNGLE BOY 
08695,TK6a74dd22f22482.29414451,JUNGLE BOY 
08696,TK6a74dd232a16a6.10105477,JUNGLE BOY 
08697,TK6a74dd235589e7.67186244,JUNGLE BOY 
08698,TK6a74deafd9f630.13683556,JUNGLE BOY 
08699,TK6a74dfa5e26823.34861755,JUNGLE BOY 
08700,TK6a74e0ddbd08c2.66881286,JUNGLE BOY 
08701,TK6a74e0ddec2b28.22615615,JUNGLE BOY 
08702,TK6a74e0de23acd2.37711796,JUNGLE BOY 
08703,TK6a74e0de4e5920.20314798,JUNGLE BOY 
08704,TK6a74e20b1f6e74.23384809,JUNGLE BOY 
08705,TK6a74ecac6c4788.08514326,JUNGLE BOY 
08706,TK6a74fc3993a516.15983105,JUNGLE BOY 
08707,TK6a74fc39c5f4c0.82195221,JUNGLE BOY 
08708,TK6a74fc39f0e3c6.07882581,JUNGLE BOY 
08709,TK6a74fc3a2987d3.56689468,JUNGLE BOY 
08710,TK6a74fc3a55b2f6.71127453,JUNGLE BOY 
08711,TK6a74fc3a8200e4.78940527,JUNGLE BOY 
08712,TK6a7500228a6514.08453573,JUNGLE BOY 
08713,TK6a7500c5d73bc0.14834929,JUNGLE BOY 
08714,TK6a750d45a2a2d3.97273606,JUNGLE BOY 
08715,TK6a750f480a2865.79067715,JUNGLE BOY 
08716,TK6a750f4834fe79.95733321,JUNGLE BOY 
08717,TK6a752066cd6037.75821545,JUNGLE BOY 
08718,TK6a75264947d324.40275863,JUNGLE BOY 
08719,TK6a7526497f70d7.43456947,JUNGLE BOY 
08720,TK6a752649a9fd21.26895703,JUNGLE BOY 
08721,TK6a752a24286336.27443013,JUNGLE BOY 
08722,TK6a752a245a4687.55530050,JUNGLE BOY 
08723,TK6a752a2499aba8.20103025,JUNGLE BOY 
08724,TK6a752a24cb72f3.65467697,JUNGLE BOY 
08725,TK6a752a2509c5d5.67380644,JUNGLE BOY 
08726,TK6a752a25343aa9.81882484,JUNGLE BOY 
08727,TK6a752a255eec85.43796414,JUNGLE BOY 
08728,TK6a752a25897a26.96709031,JUNGLE BOY 
08729,TK6a752a25b670e2.30111177,JUNGLE BOY 
08730,TK6a752a25e3ad83.57499777,JUNGLE BOY 
08731,TK6a752a261aa882.40072562,JUNGLE BOY 
08732,TK6a752a264743b0.28598077,JUNGLE BOY 
08733,TK6a752a2671d488.13909109,JUNGLE BOY 
08734,TK6a752a26a44b82.72373320,JUNGLE BOY 
08735,TK6a752a26d870a7.06989935,JUNGLE BOY 
08736,TK6a752a271698e3.45711663,JUNGLE BOY 
08737,TK6a753108d4ddf7.46525937,JUNGLE BOY 
08738,TK6a7531091b8d60.22165673,JUNGLE BOY 
08739,TK6a7531094d9408.59942170,JUNGLE BOY 
08740,TK6a753109801200.07946654,JUNGLE BOY 
08741,TK6a753109ad51d6.79376076,JUNGLE BOY 
08742,TK6a753109d9b851.58131444,JUNGLE BOY 
08743,TK6a75310a0fc6a6.64788904,JUNGLE BOY 
08744,TK6a75310a3c4713.49394307,JUNGLE BOY 
08745,TK6a75310a684430.47376579,JUNGLE BOY 
08746,TK6a75310a93dac1.14331702,JUNGLE BOY 
08747,TK6a75310abf8ba5.92459601,JUNGLE BOY 
08748,TK6a75310aebd959.82362810,JUNGLE BOY 
08749,TK6a75310b22f4e8.84565783,JUNGLE BOY 
08750,TK6a75310b4e0188.19329216,JUNGLE BOY 
08751,TK6a75310b78f386.06992350,JUNGLE BOY 
08752,TK6a75312e8078b9.59728914,JUNGLE BOY 
08753,TK6a75312eb20f29.02443311,JUNGLE BOY 
08754,TK6a75312ee1e417.59142657,JUNGLE BOY 
08755,TK6a75312f207c17.35868413,JUNGLE BOY 
08756,TK6a75312f50c692.81165979,JUNGLE BOY 
08757,TK6a75312f8207c5.19553628,JUNGLE BOY 
08758,TK6a75312fadf573.68588309,JUNGLE BOY 
08759,TK6a75312fd9a289.56792632,JUNGLE BOY 
08760,TK6a7531301030e5.33667008,JUNGLE BOY 
08761,TK6a7531303dee78.67900546,JUNGLE BOY 
08762,TK6a753130691709.86882787,JUNGLE BOY 
08763,TK6a75313095afa5.47356875,JUNGLE BOY 
08764,TK6a753130c07c55.66069538,JUNGLE BOY 
08765,TK6a753130eb1180.69154637,JUNGLE BOY 
08766,TK6a7531312189a3.52722227,JUNGLE BOY 
08767,TK6a75315a175122.33834727,JUNGLE BOY 
08768,TK6a75315a497826.08421560,JUNGLE BOY 
08769,TK6a75315a759ca0.50408517,JUNGLE BOY 
08770,TK6a75315aa0afc4.02629127,JUNGLE BOY 
08771,TK6a75315ad209c3.64290178,JUNGLE BOY 
08772,TK6a7533e3d4ad17.81556700,JUNGLE BOY 
08773,TK6a7533e4192989.63981782,JUNGLE BOY 
08774,TK6a753649e764a6.75967567,JUNGLE BOY 
08775,TK6a75364a2d3315.63664245,JUNGLE BOY 
08776,TK6a75364a684571.97914402,JUNGLE BOY 
08777,TK6a7555fa956157.49281335,JUNGLE BOY 
08778,TK6a7555fad51300.26972106,JUNGLE BOY 
08779,TK6a75ba06085be2.60388159,JUNGLE BOY 
08780,TK6a75ba063a4c59.80793123,JUNGLE BOY 
08781,TK6a75ba066f3144.61281844,JUNGLE BOY 
08782,TK6a75bb4552b3e4.00611368,JUNGLE BOY 
08783,TK6a75bf5023bf64.77659794,JUNGLE BOY 
08784,TK6a75bf50500640.09879346,JUNGLE BOY 
08785,TK6a75bf50804646.89083131,JUNGLE BOY 
08786,TK6a75c0c6b6bac0.64925271,JUNGLE BOY 
08787,TK6a75c0c7117df5.28588559,JUNGLE BOY 
08788,TK6a75c0c7456528.31977733,JUNGLE BOY 
08789,TK6a75c55bd9fd12.45779658,JUNGLE BOY 
08790,TK6a75c8832dc999.08766995,JUNGLE BOY 
08791,TK6a75c974d41125.85156145,JUNGLE BOY 
08792,TK6a75c97511b298.65948978,JUNGLE BOY 
08793,TK6a75cc00486f78.99879179,JUNGLE BOY 
08794,TK6a75cc009cd9c3.85981152,JUNGLE BOY 
08795,TK6a75db513196f3.21178664,JUNGLE BOY 
08796,TK6a75db51641164.62746454,JUNGLE BOY 
08797,TK6a75db518f6c91.49164999,JUNGLE BOY 
08798,TK6a75db51c32182.66956311,JUNGLE BOY 
08799,TK6a75db5204f950.59231150,JUNGLE BOY 
08800,TK6a75db523c6129.00197533,JUNGLE BOY 
08801,TK6a75db526ea1a2.52786420,JUNGLE BOY 
08802,TK6a75e38f424320.00597208,JUNGLE BOY 
08803,TK6a75e610cc0457.26351866,JUNGLE BOY 
08804,TK6a75e6db6efe05.49798063,JUNGLE BOY 
08805,TK6a75f79f2745f3.23163179,JUNGLE BOY 
08806,TK6a75fcccc56806.90178842,JUNGLE BOY 
08807,TK6a75fcccf41808.31578778,JUNGLE BOY 
08808,TK6a75fccd3e3579.47990999,JUNGLE BOY 
08809,TK6a75fccda49638.20593377,JUNGLE BOY 
08810,TK6a75fcce1849a5.81356484,JUNGLE BOY 
08811,TK6a75fcce7f90d4.91482933,JUNGLE BOY 
08812,TK6a75fccee542b9.84991189,JUNGLE BOY 
08813,TK6a75fccf573842.42143126,JUNGLE BOY 
08814,TK6a75fccfbd3bb0.89386528,JUNGLE BOY 
08815,TK6a7602e853fd92.04215551,JUNGLE BOY 
08816,TK6a761567b9f417.06194397,JUNGLE BOY 
08817,TK6a7623cfbe3e85.96856452,JUNGLE BOY 
08818,TK6a762ab6d26e79.95149429,JUNGLE BOY 
08819,TK6a762ab71faee7.36782530,JUNGLE BOY 
08820,TK6a763208ce51c3.94922541,JUNGLE BOY 
08821,TK6a76368fd04228.54969451,JUNGLE BOY 
08822,TK6a763a2cc81b03.75350694,JUNGLE BOY 
08823,TK6a763a2d0defc2.13194602,JUNGLE BOY 
08824,TK6a763a2d3fb9e3.77237579,JUNGLE BOY 
08825,TK6a7640d78f9e09.46263793,JUNGLE BOY 
08826,TK6a764478972db4.90795796,JUNGLE BOY 
08827,TK6a76599690feb1.79368095,JUNGLE BOY 
08828,TK6a765996bcb380.29864463,JUNGLE BOY 
08829,TK6a765a4b7a43c1.19278354,JUNGLE BOY 
08830,TK6a765a4bb36eb8.76199688,JUNGLE BOY 
08831,TK6a765a4c14f708.84210102,JUNGLE BOY 
08832,TK6a765b0f647d51.72456099,JUNGLE BOY 
08833,TK6a765b0fa01848.18625483,JUNGLE BOY 
08834,TK6a7660674c23e9.07028448,JUNGLE BOY 
08835,TK6a76606792d3b5.81881990,JUNGLE BOY 
08836,TK6a7666be3b5856.35275533,JUNGLE BOY 
08837,TK6a7666eee59aa6.13005853,JUNGLE BOY 
08838,TK6a766a0e55e621.65875018,JUNGLE BOY 
08839,TK6a766a3d12a3e3.48510933,JUNGLE BOY 
08840,TK6a766b6783fed0.83624618,JUNGLE BOY 
08841,TK6a766b67c0c196.64856662,JUNGLE BOY 
08842,TK6a766b6809e965.29417582,JUNGLE BOY 
08843,TK6a766b6835de45.01349786,JUNGLE BOY 
08844,TK6a766b6861c2f2.36281311,JUNGLE BOY 
08845,TK6a766b688d12e3.94271193,JUNGLE BOY 
08846,TK6a7670949c3239.05625058,JUNGLE BOY 
08847,TK6a7670c8510d35.49611965,JUNGLE BOY 
08848,TK6a7671937ae173.31526163,JUNGLE BOY 
08849,TK6a7675208e2135.04410987,JUNGLE BOY 
08850,TK6a7676f8a20a71.46255331,JUNGLE BOY 
08851,TK6a767ca3eb17a5.27903140,JUNGLE BOY 
08852,TK6a767ca421c8e5.40108016,JUNGLE BOY 
08853,TK6a767ca44d68a2.80020017,JUNGLE BOY 
08854,TK6a767d370d79f5.33504942,JUNGLE BOY 
08855,TK6a767d374d3e17.79344474,JUNGLE BOY 
08856,TK6a767d377af6f3.26898047,JUNGLE BOY 
08857,TK6a767d37a72559.78553058,JUNGLE BOY 
08858,TK6a767d37d3f3d8.02301578,JUNGLE BOY 
08859,TK6a767d380e0a33.42638702,JUNGLE BOY 
08860,TK6a767d383aa097.96394927,JUNGLE BOY 
08861,TK6a767d386832d7.62672034,JUNGLE BOY 
08862,TK6a767e313d6891.30250090,JUNGLE BOY 
08863,TK6a767e3168bf40.19929837,JUNGLE BOY 
08864,TK6a767e31941fb6.15609282,JUNGLE BOY 
08865,TK6a767e31bf9006.17558507,JUNGLE BOY 
08866,TK6a7685ac9e6688.08450879,JUNGLE BOY 
08867,TK6a7685ace295a4.60079056,JUNGLE BOY 
08868,TK6a7685ad490ce3.88725756,JUNGLE BOY 
08869,TK6a768cfc024404.54434528,JUNGLE BOY 
08870,TK6a768cfc73ff79.33343745,JUNGLE BOY 
08871,TK6a768cfca9d8f0.00857843,JUNGLE BOY 
08872,TK6a769020915c14.09644718,JUNGLE BOY 
08873,TK6a7691fade5ee0.51088527,JUNGLE BOY 
08874,TK6a7691fb205755.53879492,JUNGLE BOY 
08875,TK6a769216ddc067.23319320,JUNGLE BOY 
08876,TK6a76936b602d55.31896520,JUNGLE BOY 
08877,TK6a76936b9798a3.61747277,JUNGLE BOY 
08878,TK6a76936bd96ce9.21875601,JUNGLE BOY 
08879,TK6a76936c144cb2.11951942,JUNGLE BOY 
08880,TK6a76936c40d3e6.30659968,JUNGLE BOY 
08881,TK6a76942e8a9547.10371234,JUNGLE BOY 
08882,TK6a76942eb6b253.11637381,JUNGLE BOY 
08883,TK6a76942eefa8a1.84493677,JUNGLE BOY 
08884,TK6a769629969e66.55008002,JUNGLE BOY 
08885,TK6a7698751bfa69.84613710,JUNGLE BOY 
08886,TK6a76987553abb4.47692626,JUNGLE BOY 
08887,TK6a7698757d6284.48249079,JUNGLE BOY 
08888,TK6a76a35b761151.32813415,JUNGLE BOY 
08889,TK6a76a35bbc9094.00779650,JUNGLE BOY 
08890,TK6a76a35bf02877.18362601,JUNGLE BOY 
08891,TK6a76ab164a5417.08802211,JUNGLE BOY 
08892,TK6a76fe606fdad7.47325810,JUNGLE BOY 
08893,TK6a7703381e6795.92773061,JUNGLE BOY 
08894,TK6a77049862a8f8.93525654,JUNGLE BOY 
08895,TK6a7720a9719ed3.26520603,JUNGLE BOY 
08896,TK6a7720a9c6c5b7.32041292,JUNGLE BOY 
08897,TK6a7722701d3099.06791198,JUNGLE BOY 
08898,TK6a7722705f4477.33798918,JUNGLE BOY 
08899,TK6a772270947210.73186617,JUNGLE BOY 
08900,TK6a772270c61900.39500083,JUNGLE BOY 
08901,TK6a772271047480.56931850,JUNGLE BOY 
08902,TK6a77227135ba19.95435835,JUNGLE BOY 
08903,TK6a7722716989b6.38187506,JUNGLE BOY 
08904,TK6a7722719c5420.41195243,JUNGLE BOY 
08905,TK6a772271cea253.22496910,JUNGLE BOY 
08906,TK6a7722fc4ef5b1.54229201,JUNGLE BOY 
08907,TK6a7722fc8f8db9.28379803,JUNGLE BOY 
08908,TK6a7722fcc2aa93.54964055,JUNGLE BOY 
08909,TK6a77242aaa3310.23366651,JUNGLE BOY 
08910,TK6a77242aee8528.43397414,JUNGLE BOY 
08911,TK6a77266fcd8ec1.72362259,JUNGLE BOY 
08912,TK6a7726a00c7e57.30678387,JUNGLE BOY 
08913,TK6a772b2e590006.49527356,JUNGLE BOY 
08914,TK6a772b2e8d0154.88191276,JUNGLE BOY 
08915,TK6a772b2ecfa8a3.21865400,JUNGLE BOY 
08916,TK6a772b2f07d207.07344049,JUNGLE BOY 
08917,TK6a772b2f3625f0.93342186,JUNGLE BOY 
08918,TK6a772b2f630793.03982031,JUNGLE BOY 
08919,TK6a772b2f906e44.89365969,JUNGLE BOY 
08920,TK6a772b2fbe9618.71947255,JUNGLE BOY 
08921,TK6a772b30095aa0.93955953,JUNGLE BOY 
08922,TK6a772b303c30e6.39208016,JUNGLE BOY 
08923,TK6a772bf7cd4013.67017131,JUNGLE BOY 
08924,TK6a7732e97cdb46.64889515,JUNGLE BOY 
08925,TK6a773402b53064.93658491,JUNGLE BOY 
08926,TK6a773402e1b601.12453787,JUNGLE BOY 
08927,TK6a77351cbf5a77.33082474,JUNGLE BOY 
08928,TK6a77351d071c54.82409205,JUNGLE BOY 
08929,TK6a77366ed67056.67538108,JUNGLE BOY 
08930,TK6a77366f1fbd24.39310403,JUNGLE BOY 
08931,TK6a77366f525148.32337225,JUNGLE BOY 
08932,TK6a77366f8353b4.35051474,JUNGLE BOY 
08933,TK6a773774ba3ff9.21480655,JUNGLE BOY 
08934,TK6a7737f75a4ae3.98578003,JUNGLE BOY 
08935,TK6a77392e9a9094.46221839,JUNGLE BOY 
08936,TK6a77392ec8fab7.59296064,JUNGLE BOY 
08937,TK6a77392f074774.05462738,JUNGLE BOY 
08938,TK6a7739c9aa2be5.29724712,JUNGLE BOY 
08939,TK6a7739c9dca7c4.25624807,JUNGLE BOY 
08940,TK6a7739ca19f933.96120576,JUNGLE BOY 
08941,TK6a7739ca4a46b4.17642076,JUNGLE BOY 
08942,TK6a7739ca7b80a1.86129582,JUNGLE BOY 
08943,TK6a7739caacd804.35598893,JUNGLE BOY 
08944,TK6a7739cade3696.28468561,JUNGLE BOY 
08945,TK6a773e26310bd3.04939313,JUNGLE BOY 
08946,TK6a77405427dcc8.41375576,JUNGLE BOY 
08947,TK6a77405453c830.26940789,JUNGLE BOY 
08948,TK6a77405480a9d6.30407972,JUNGLE BOY 
08949,TK6a7741b5ab9ad1.48352159,JUNGLE BOY 
08950,TK6a774330c14bd3.91848520,JUNGLE BOY 
08951,TK6a7743310b3ca3.79352615,JUNGLE BOY 
08952,TK6a7743313748a3.23659240,JUNGLE BOY 
08953,TK6a774361be0717.39337375,JUNGLE BOY 
08954,TK6a774361e702f5.02817569,JUNGLE BOY 
08955,TK6a774362231be6.06244113,JUNGLE BOY 
08956,TK6a774362534b44.77879580,JUNGLE BOY 
08957,TK6a7743628333c0.19102718,JUNGLE BOY 
08958,TK6a774362b36d17.96740628,JUNGLE BOY 
08959,TK6a7744dcd822b3.71050406,JUNGLE BOY 
08960,TK6a77454d801eb3.50257816,JUNGLE BOY 
08961,TK6a77454db355f5.80145936,JUNGLE BOY 
08962,TK6a774683efd8c5.75434074,JUNGLE BOY 
08963,TK6a774684362d36.51549269,JUNGLE BOY 
08964,TK6a77477bc97eb0.60170480,JUNGLE BOY 
08965,TK6a77480860d582.24020558,JUNGLE BOY 
08966,TK6a774be6951501.61608629,JUNGLE BOY 
08967,TK6a7757f72f23c9.60804894,JUNGLE BOY 
08968,TK6a775a24444e80.16119599,JUNGLE BOY 
08969,TK6a775a29452928.93657553,JUNGLE BOY 
08970,TK6a775e72c9ac29.88963334,JUNGLE BOY 
08971,TK6a77603af02ab3.84171532,JUNGLE BOY 
08972,TK6a7762f1cfe400.81635284,JUNGLE BOY 
08973,TK6a776a6ec769e3.70050622,JUNGLE BOY 
08974,TK6a776b407a35f4.60817257,JUNGLE BOY 
08975,TK6a776b40a55062.92234853,JUNGLE BOY 
08976,TK6a77707d685476.79813762,JUNGLE BOY 
08977,TK6a777080625d15.32079742,JUNGLE BOY 
08978,TK6a7770809744e9.06435343,JUNGLE BOY 
08979,TK6a77757a9397f8.69447961,JUNGLE BOY 
08980,TK6a7777fec3dd87.82609889,JUNGLE BOY 
08981,TK6a7777ff3a51a5.71316272,JUNGLE BOY 
08982,TK6a7777ff79cf87.16917281,JUNGLE BOY 
08983,TK6a7777ffa29190.74651819,JUNGLE BOY 
08984,TK6a7779bc342640.20124949,JUNGLE BOY 
08985,TK6a7779bc6e0b40.94887671,JUNGLE BOY 
08986,TK6a7779bcda23b1.20132556,JUNGLE BOY 
08987,TK6a7779bd41cc03.74623796,JUNGLE BOY 
08988,TK6a7779bd6b0639.05173339,JUNGLE BOY 
08989,TK6a77835277ef91.82204859,JUNGLE BOY 
08990,TK6a778352a26952.28358248,JUNGLE BOY 
08991,TK6a778352cb79f9.53780777,JUNGLE BOY 
08992,TK6a778353031250.58413114,JUNGLE BOY 
08993,TK6a7783532da5c4.07645707,JUNGLE BOY 
08994,TK6a7786ae5597b8.64105945,JUNGLE BOY 
08995,TK6a7786ae9232a1.67724213,JUNGLE BOY 
08996,TK6a7786aec5aca6.66074818,JUNGLE BOY 
08997,TK6a7786af04d059.51904335,JUNGLE BOY 
08998,TK6a7786af36a4e8.35163927,JUNGLE BOY 
08999,TK6a7786af69a475.78318808,JUNGLE BOY 
09000,TK6a7786af9641e7.84691405,JUNGLE BOY 
09001,TK6a7786afc19371.16142206,JUNGLE BOY 
09002,TK6a7786afed6120.84151374,JUNGLE BOY 
09003,TK6a7786b023d597.86341738,JUNGLE BOY 
09004,TK6a7786b0508ae6.46862264,JUNGLE BOY 
09005,TK6a7786b07b6328.06385978,JUNGLE BOY 
09006,TK6a778736941c43.73855679,JUNGLE BOY 
09007,TK6a778cf9a61f12.99983988,JUNGLE BOY 
09008,TK6a778dbaae7b00.99157974,JUNGLE BOY 
09009,TK6a778f26a4ec68.53519979,JUNGLE BOY 
09010,TK6a778f26d7ab91.62239028,JUNGLE BOY 
09011,TK6a778f2716ba77.79369187,JUNGLE BOY 
09012,TK6a778fa8526e30.99743851,JUNGLE BOY 
09013,TK6a7790d3d0ac14.62199033,JUNGLE BOY 
09014,TK6a7790d40e6575.13886711,JUNGLE BOY 
09015,TK6a7793475ef223.60009409,JUNGLE BOY 
09016,TK6a779347a01a71.70240996,JUNGLE BOY 
09017,TK6a779458e77dd8.09239448,JUNGLE BOY 
09018,TK6a7798c5e939f5.09846260,JUNGLE BOY 
09019,TK6a7798c633fb51.87056781,JUNGLE BOY 
09020,TK6a7798c65f0002.60673569,JUNGLE BOY 
09021,TK6a7798c68a6f91.92566439,JUNGLE BOY 
09022,TK6a779d397b6592.80878694,JUNGLE BOY 
09023,TK6a779eb1ef7205.40999242,JUNGLE BOY 
09024,TK6a779eb2367010.59870449,JUNGLE BOY 
09025,TK6a77a07947b754.64773106,JUNGLE BOY 
09026,TK6a77a106b6de84.80583421,JUNGLE BOY 
09027,TK6a77a25e8560a4.59361671,JUNGLE BOY 
09028,TK6a77a335380af4.50963051,JUNGLE BOY 
09029,TK6a77a3af4a8396.06258631,JUNGLE BOY 
09030,TK6a77a3af760f67.75844380,JUNGLE BOY 
09031,TK6a77a5f639bca0.68775531,JUNGLE BOY 
09032,TK6a77a5f671ded7.12771949,JUNGLE BOY 
09033,TK6a77a5f6a69cc9.29824934,JUNGLE BOY 
09034,TK6a77aabc605258.27237437,JUNGLE BOY 
09035,TK6a77aabc97d634.78229019,JUNGLE BOY 
09036,TK6a77ab72915730.59337797,JUNGLE BOY 
09037,TK6a77ab72e140c9.77006954,JUNGLE BOY 
09038,TK6a77abad7e0037.05905911,JUNGLE BOY 
09039,TK6a77b383c56602.38063861,JUNGLE BOY 
09040,TK6a77b3841bd377.08337375,JUNGLE BOY 
09041,TK6a77b384446aa2.38161708,JUNGLE BOY 
09042,TK6a77b525040a09.53559146,JUNGLE BOY 
09043,TK6a77bee74d5ad4.43784585,JUNGLE BOY 
09044,TK6a77bee780c512.58586448,JUNGLE BOY 
09045,TK6a77bee7b4d081.71868387,JUNGLE BOY 
09046,TK6a77bee7e7a3c2.43321834,JUNGLE BOY 
09047,TK6a77bee8261176.34794317,JUNGLE BOY 
09048,TK6a77c913655c87.49009721,JUNGLE BOY 
09049,TK6a77c96c0da261.60299462,JUNGLE BOY 
09050,TK6a77d056d636e6.19601397,JUNGLE BOY 
09051,TK6a77d057122460.33878269,JUNGLE BOY 
09052,TK6a77d057456be0.84436783,JUNGLE BOY 
09053,TK6a77d1e1b50149.64910340,JUNGLE BOY 
09054,TK6a77d1e1e16cd3.46992154,JUNGLE BOY 
09055,TK6a77d83bcd7c97.90988688,JUNGLE BOY 
09056,TK6a77d83c045c89.91595186,JUNGLE BOY 
09057,TK6a77d83c2f2744.46108398,JUNGLE BOY 
09058,TK6a77da08b03871.87326863,JUNGLE BOY 
09059,TK6a77da08e3b158.74853360,JUNGLE BOY 
09060,TK6a77da092ce9d5.29050160,JUNGLE BOY 
09061,TK6a77da095f00c9.91939419,JUNGLE BOY 
09062,TK6a77da09909844.99456749,JUNGLE BOY 
09063,TK6a77da09c23869.15018501,JUNGLE BOY 
09064,TK6a77da0a002a71.56167336,JUNGLE BOY 
09065,TK6a77da0a3340d9.19722028,JUNGLE BOY 
09066,TK6a77dde29eaa26.48531604,JUNGLE BOY 
09067,TK6a77dde2cbff24.36537191,JUNGLE BOY 
09068,TK6a77dde30413d3.10931373,JUNGLE BOY 
09069,TK6a77e14a008dc1.18285526,JUNGLE BOY 
09070,TK6a77e14a3c5761.35926090,JUNGLE BOY 
09071,TK6a77e14a6883e7.90808749,JUNGLE BOY 
09072,TK6a77e14a92b878.68570506,JUNGLE BOY 
09073,TK6a77e14abd9102.25766406,JUNGLE BOY 
09074,TK6a77e14ae78535.31438598,JUNGLE BOY 
09075,TK6a77e14b1cd237.46191772,JUNGLE BOY 
09076,TK6a77e14b4744d7.55145624,JUNGLE BOY 
09077,TK6a77e3779b10b9.98396352,JUNGLE BOY 
09078,TK6a77e377c74984.43237713,JUNGLE BOY 
09079,TK6a77e378042521.10810922,JUNGLE BOY 
09080,TK6a77e3980b5494.03828435,JUNGLE BOY 
09081,TK6a77e3983d1f87.45807791,JUNGLE BOY 
09082,TK6a77e3986e54d2.27002885,JUNGLE BOY 
09083,TK6a77e398981274.78044789,JUNGLE BOY 
09084,TK6a77e398c36aa1.45230209,JUNGLE BOY 
09085,TK6a77e398edd718.96061234,JUNGLE BOY 
09086,TK6a77e399264e28.56643018,JUNGLE BOY 
09087,TK6a77e4238768b5.36290482,JUNGLE BOY 
09088,TK6a77e423bd98f4.03839553,JUNGLE BOY 
09089,TK6a77e6629ba7b0.91060086,JUNGLE BOY 
09090,TK6a77e7cd8c47a7.98228465,JUNGLE BOY 
09091,TK6a77efcb4f03c0.26531152,JUNGLE BOY 
09092,TK6a77f433ec6c92.30395153,JUNGLE BOY 
09093,TK6a1e3b5abb07d3.62546544,JUNGLE GIRL
09094,TK6a316ac4d3aec1.97082818,JUNGLE GIRL
09095,TK6a316ad62a9842.41800839,JUNGLE GIRL
09096,TK6a316ad68d1494.81499054,JUNGLE GIRL
09097,TK6a316ad6cbc3e8.18507639,JUNGLE GIRL
09098,TK6a3438ea7769f4.99179002,JUNGLE GIRL
09099,TK6a3dfe3b104183.52254697,JUNGLE GIRL
09100,TK6a3dfe3b58d530.51724423,JUNGLE GIRL
09101,TK6a3dfe3b817081.42401097,JUNGLE GIRL
09102,TK6a3dfe3ba94d81.46323805,JUNGLE GIRL
09103,TK6a3dfe3bd11684.53733749,JUNGLE GIRL
09104,TK6a3dfe3c064356.13314788,JUNGLE GIRL
09105,TK6a3dfe3c2dfd17.08628006,JUNGLE GIRL
09106,TK6a3dfe3c565178.40777849,JUNGLE GIRL
09107,TK6a3dfe3c7df504.61088352,JUNGLE GIRL
09108,TK6a3dfe3ca5c8c9.42487279,JUNGLE GIRL
09109,TK6a3dfe3cce1d32.52907626,JUNGLE GIRL
09110,TK6a3dfe3d020785.30238096,JUNGLE GIRL
09111,TK6a415e3a847a37.70138643,JUNGLE GIRL
09112,TK6a415e3ab31f53.92124435,JUNGLE GIRL
09113,TK6a42aa8956f5f9.15188643,JUNGLE GIRL
09114,TK6a43e6c7ddab38.41491901,JUNGLE GIRL
09115,TK6a4599e909f563.95848915,JUNGLE GIRL
09116,TK6a4599e93a5516.48987132,JUNGLE GIRL
09117,TK6a4599e96906d8.48435743,JUNGLE GIRL
09118,TK6a45d0a21bcbe3.95094592,JUNGLE GIRL
09119,TK6a48552e0d8512.57535886,JUNGLE GIRL
09120,TK6a491ed46f34f2.88679231,JUNGLE GIRL
09121,TK6a4944144b8964.79507794,JUNGLE GIRL
09122,TK6a4967b392d9d9.04402606,JUNGLE GIRL
09123,TK6a499d9fe79f29.33747268,JUNGLE GIRL
09124,TK6a4e87bf71c9e8.01015374,JUNGLE GIRL
09125,TK6a4e87bfba6366.69590780,JUNGLE GIRL
09126,TK6a4e87c00323c0.47682166,JUNGLE GIRL
09127,TK6a4e87c02da160.57767897,JUNGLE GIRL
09128,TK6a50289dee48a5.83307483,JUNGLE GIRL
09129,TK6a511518e4a6d9.90520633,JUNGLE GIRL
09130,TK6a52948c003ec7.62206388,JUNGLE GIRL
09131,TK6a52948c396a46.71736707,JUNGLE GIRL
09132,TK6a529d81bed319.94309855,JUNGLE GIRL
09133,TK6a5553244dd9f9.74619953,JUNGLE GIRL
09134,TK6a5553248d55d9.63211545,JUNGLE GIRL
09135,TK6a555324c950c9.19221229,JUNGLE GIRL
09136,TK6a555324f3d910.53964011,JUNGLE GIRL
09137,TK6a55532528e317.61214867,JUNGLE GIRL
09138,TK6a557cc78cba95.81362269,JUNGLE GIRL
09139,TK6a5589e8a54ee1.95153089,JUNGLE GIRL
09140,TK6a5589e8ce8847.93299965,JUNGLE GIRL
09141,TK6a5589e90ae738.51543288,JUNGLE GIRL
09142,TK6a56be1b90c591.89339858,JUNGLE GIRL
09143,TK6a56be1be12929.64785517,JUNGLE GIRL
09144,TK6a56dad7c34fb9.70727798,JUNGLE GIRL
09145,TK6a5782f8efd0b6.98439571,JUNGLE GIRL
09146,TK6a57bfa4d95dc6.53516330,JUNGLE GIRL
09147,TK6a57bfa549bec1.05218583,JUNGLE GIRL
09148,TK6a57bfa5afa436.70239306,JUNGLE GIRL
09149,TK6a582951193d17.87626606,JUNGLE GIRL
09150,TK6a5829514a6c94.11030840,JUNGLE GIRL
09151,TK6a582951798493.10757307,JUNGLE GIRL
09152,TK6a582951aa4804.85928500,JUNGLE GIRL
09153,TK6a582951db4207.11144926,JUNGLE GIRL
09154,TK6a582952173168.89447197,JUNGLE GIRL
09155,TK6a582952465951.02587718,JUNGLE GIRL
09156,TK6a582952766a14.87796296,JUNGLE GIRL
09157,TK6a582952a06e15.92428135,JUNGLE GIRL
09158,TK6a58fc4ed77761.54902983,JUNGLE GIRL
09159,TK6a5948ffbdef02.04443229,JUNGLE GIRL
09160,TK6a594cb04124d7.83961831,JUNGLE GIRL
09161,TK6a5a6ca0d9f4a3.27144588,JUNGLE GIRL
09162,TK6a5a6ec9699bd1.92746443,JUNGLE GIRL
09163,TK6a5a985c21a732.82124846,JUNGLE GIRL
09164,TK6a5ab190360068.29146499,JUNGLE GIRL
09165,TK6a5abb97407115.10948045,JUNGLE GIRL
09166,TK6a5b97e0201b48.43668440,JUNGLE GIRL
09167,TK6a5bb8f02874e3.27900232,JUNGLE GIRL
09168,TK6a5bcd2640aad8.94248482,JUNGLE GIRL
09169,TK6a5c4b134d4a87.92100025,JUNGLE GIRL
09170,TK6a5d5ab42f2634.39402324,JUNGLE GIRL
09171,TK6a5d5ab481a5f1.48717638,JUNGLE GIRL
09172,TK6a5d5ab4b34b21.61228281,JUNGLE GIRL
09173,TK6a5d5ab4e5ca79.24664015,JUNGLE GIRL
09174,TK6a5d5ab525b929.65267744,JUNGLE GIRL
09175,TK6a5e47d0dc48f6.71198032,JUNGLE GIRL
09176,TK6a5e6e5d161f95.10128483,JUNGLE GIRL
09177,TK6a5e6e5d628de1.71836348,JUNGLE GIRL
09178,TK6a5e706367dd85.82282688,JUNGLE GIRL
09179,TK6a5e71a6447426.16576025,JUNGLE GIRL
09180,TK6a5e71a68b1c42.06036137,JUNGLE GIRL
09181,TK6a5e71a6b3a1e2.69076405,JUNGLE GIRL
09182,TK6a5e71a6dc6c64.24756776,JUNGLE GIRL
09183,TK6a5ea1f35c0b92.49307088,JUNGLE GIRL
09184,TK6a5f277292ed37.68135089,JUNGLE GIRL
09185,TK6a5f916eb27625.03162274,JUNGLE GIRL
09186,TK6a5f941a676882.40016078,JUNGLE GIRL
09187,TK6a5fd3b6e267f4.13311076,JUNGLE GIRL
09188,TK6a5fd4748807b9.05754272,JUNGLE GIRL
09189,TK6a5fde0626d755.69023314,JUNGLE GIRL
09190,TK6a5fde066d40b2.74620320,JUNGLE GIRL
09191,TK6a5fde06b60189.09011448,JUNGLE GIRL
09192,TK6a5ffbc62f9d91.65736861,JUNGLE GIRL
09193,TK6a601090c4db74.20944346,JUNGLE GIRL
09194,TK6a6010910fcb96.20827936,JUNGLE GIRL
09195,TK6a601091403eb6.22029909,JUNGLE GIRL
09196,TK6a602485d0c989.08216884,JUNGLE GIRL
09197,TK6a60c2ce364135.64734071,JUNGLE GIRL
09198,TK6a60c2ce8f5ec0.73043646,JUNGLE GIRL
09199,TK6a6161b8bd9a77.93436194,JUNGLE GIRL
09200,TK6a6161b91e4ac4.51765153,JUNGLE GIRL
09201,TK6a6161d97b62e0.63076453,JUNGLE GIRL
09202,TK6a6161d9a673f5.79890294,JUNGLE GIRL
09203,TK6a6161f58fe951.02865859,JUNGLE GIRL
09204,TK6a6161f5bb5e05.02784333,JUNGLE GIRL
09205,TK6a61ff667d94f6.14268259,JUNGLE GIRL
09206,TK6a61ff66ae4c62.50792667,JUNGLE GIRL
09207,TK6a61ff66e12641.61168800,JUNGLE GIRL
09208,TK6a61ff671ee056.57502177,JUNGLE GIRL
09209,TK6a6208965705c1.07414468,JUNGLE GIRL
09210,TK6a6241fb7c8df9.33740871,JUNGLE GIRL
09211,TK6a6241fbbf34d9.45464469,JUNGLE GIRL
09212,TK6a6241fbf1e3b0.31143178,JUNGLE GIRL
09213,TK6a63ad314e9732.34590917,JUNGLE GIRL
09214,TK6a63b91831b4c4.46874235,JUNGLE GIRL
09215,TK6a63b9188727f0.98474209,JUNGLE GIRL
09216,TK6a63c71cd57a82.61612859,JUNGLE GIRL
09217,TK6a63d02a6a83b9.14779839,JUNGLE GIRL
09218,TK6a63d02a9f1501.80578452,JUNGLE GIRL
09219,TK6a63d683c4e619.76051819,JUNGLE GIRL
09220,TK6a63f61e285b69.33906871,JUNGLE GIRL
09221,TK6a640236bfb3d4.54207161,JUNGLE GIRL
09222,TK6a6408f94ca509.84625204,JUNGLE GIRL
09223,TK6a6408f993a6d1.03739936,JUNGLE GIRL
09224,TK6a6408f9c6ec05.22832862,JUNGLE GIRL
09225,TK6a640f587d7083.48232562,JUNGLE GIRL
09226,TK6a64103e9ed6b1.91106685,JUNGLE GIRL
09227,TK6a64103ed15801.97743527,JUNGLE GIRL
09228,TK6a64103f0e5cb7.55674773,JUNGLE GIRL
09229,TK6a64103f3fc1f9.15026030,JUNGLE GIRL
09230,TK6a64103f707ed3.21865160,JUNGLE GIRL
09231,TK6a649c185af475.10714615,JUNGLE GIRL
09232,TK6a649c8e321a22.65663152,JUNGLE GIRL
09233,TK6a64bf5b040231.08047765,JUNGLE GIRL
09234,TK6a64bf5b37b644.59917260,JUNGLE GIRL
09235,TK6a64bf5b698866.06411776,JUNGLE GIRL
09236,TK6a64bf5b9d7c35.93298920,JUNGLE GIRL
09237,TK6a64bf5bd0b225.01173921,JUNGLE GIRL
09238,TK6a64cbef4090d7.83003859,JUNGLE GIRL
09239,TK6a64cbef76d617.32677797,JUNGLE GIRL
09240,TK6a64cbefa84d34.18052816,JUNGLE GIRL
09241,TK6a64cbefda7ae1.58134538,JUNGLE GIRL
09242,TK6a64f484edc159.52741099,JUNGLE GIRL
09243,TK6a64f850d89af5.90411981,JUNGLE GIRL
09244,TK6a64fe874ac5e0.25892561,JUNGLE GIRL
09245,TK6a64fe8791af98.92573321,JUNGLE GIRL
09246,TK6a64fe87c5b8c1.65260791,JUNGLE GIRL
09247,TK6a64fe88030872.95357198,JUNGLE GIRL
09248,TK6a64ff952b3c27.55318516,JUNGLE GIRL
09249,TK6a64ff9f57b169.13957049,JUNGLE GIRL
09250,TK6a650285c297f4.11616299,JUNGLE GIRL
09251,TK6a65047cdada83.28972930,JUNGLE GIRL
09252,TK6a650803c93063.82582110,JUNGLE GIRL
09253,TK6a650ad0c63d37.66865342,JUNGLE GIRL
09254,TK6a6514b2e507b6.61282886,JUNGLE GIRL
09255,TK6a6516f2b90972.54463015,JUNGLE GIRL
09256,TK6a6522a2cc6eb9.14165706,JUNGLE GIRL
09257,TK6a652ee3df92c4.98526125,JUNGLE GIRL
09258,TK6a654b81217146.91523966,JUNGLE GIRL
09259,TK6a655205705e91.22073779,JUNGLE GIRL
09260,TK6a655206109c55.30207361,JUNGLE GIRL
09261,TK6a655206d95118.29139252,JUNGLE GIRL
09262,TK6a6552076d2e75.64006250,JUNGLE GIRL
09263,TK6a65520828d3b1.31174584,JUNGLE GIRL
09264,TK6a655a4068a356.46465512,JUNGLE GIRL
09265,TK6a655a40ce24f3.54240497,JUNGLE GIRL
09266,TK6a660c4f086dd1.63336239,JUNGLE GIRL
09267,TK6a660c4f39b863.78277379,JUNGLE GIRL
09268,TK6a660c4f6a1a16.28773768,JUNGLE GIRL
09269,TK6a660c4f997ce9.69081865,JUNGLE GIRL
09270,TK6a660c4fca6387.27495055,JUNGLE GIRL
09271,TK6a66400d1d9379.48548718,JUNGLE GIRL
09272,TK6a6642ce424285.74453607,JUNGLE GIRL
09273,TK6a6642cf58a0c6.73046017,JUNGLE GIRL
09274,TK6a6663fe489cf0.55825807,JUNGLE GIRL
09275,TK6a667381bc9687.25377319,JUNGLE GIRL
09276,TK6a6673820fc981.56249139,JUNGLE GIRL
09277,TK6a66b35aa9c525.25302442,JUNGLE GIRL
09278,TK6a6753599ffaf9.28293308,JUNGLE GIRL
09279,TK6a675359db9f32.87357206,JUNGLE GIRL
09280,TK6a67535a1a9556.78024148,JUNGLE GIRL
09281,TK6a67535a4d6f64.18177320,JUNGLE GIRL
09282,TK6a67593fa915c2.21660935,JUNGLE GIRL
09283,TK6a6770636707c1.17213473,JUNGLE GIRL
09284,TK6a678838d04ae7.67822469,JUNGLE GIRL
09285,TK6a678cdba2f4b3.73649690,JUNGLE GIRL
09286,TK6a678cdbd68101.47732079,JUNGLE GIRL
09287,TK6a678cdc14cb26.84396377,JUNGLE GIRL
09288,TK6a678cdc462c20.76415710,JUNGLE GIRL
09289,TK6a678cdc7843b5.33041772,JUNGLE GIRL
09290,TK6a678cdcab91a5.56111840,JUNGLE GIRL
09291,TK6a678cdcdcd751.67926002,JUNGLE GIRL
09292,TK6a678cdd1bf543.44664340,JUNGLE GIRL
09293,TK6a678cdd4d6674.64555387,JUNGLE GIRL
09294,TK6a67a20b23f195.93570075,JUNGLE GIRL
09295,TK6a67be68b978c5.92997946,JUNGLE GIRL
09296,TK6a67bf24dc6070.55230980,JUNGLE GIRL
09297,TK6a67d137c0b857.41942965,JUNGLE GIRL
09298,TK6a67d29cd72585.11349340,JUNGLE GIRL
09299,TK6a68d61200fd87.98354627,JUNGLE GIRL
09300,TK6a68d6123386d1.92060611,JUNGLE GIRL
09301,TK6a68d61265e3b3.51538774,JUNGLE GIRL
09302,TK6a68d612971d37.42717987,JUNGLE GIRL
09303,TK6a68dff623ae06.37898512,JUNGLE GIRL
09304,TK6a68e18aafa445.19234597,JUNGLE GIRL
09305,TK6a68e18ae16a83.63544558,JUNGLE GIRL
09306,TK6a68e6615f76e4.94279437,JUNGLE GIRL
09307,TK6a68e661950873.34719064,JUNGLE GIRL
09308,TK6a68e661d5bbd4.48085885,JUNGLE GIRL
09309,TK6a68e662160256.69019903,JUNGLE GIRL
09310,TK6a68f0afed63e0.23318156,JUNGLE GIRL
09311,TK6a68f0b0510b99.93548292,JUNGLE GIRL
09312,TK6a68f0b081e3f4.75103847,JUNGLE GIRL
09313,TK6a68f0b0b29547.48102041,JUNGLE GIRL
09314,TK6a68f0b0e62855.97376068,JUNGLE GIRL
09315,TK6a68f422b9e9b2.14784805,JUNGLE GIRL
09316,TK6a68f4230a2b17.28138503,JUNGLE GIRL
09317,TK6a68f4236c3605.14947921,JUNGLE GIRL
09318,TK6a68f4239e1877.29188956,JUNGLE GIRL
09319,TK6a690244c13941.27207551,JUNGLE GIRL
09320,TK6a690fc7933352.39389753,JUNGLE GIRL
09321,TK6a690fc7c3e7d4.81435400,JUNGLE GIRL
09322,TK6a690fc800b479.83830969,JUNGLE GIRL
09323,TK6a690fc8365064.99920603,JUNGLE GIRL
09324,TK6a690fc8687e97.12150143,JUNGLE GIRL
09325,TK6a690fc89ace79.90105678,JUNGLE GIRL
09326,TK6a690fc8ce05a0.27851112,JUNGLE GIRL
09327,TK6a6963fa04fac2.57578753,JUNGLE GIRL
09328,TK6a69665be3bcf2.91066783,JUNGLE GIRL
09329,TK6a69711f084fe0.52508793,JUNGLE GIRL
09330,TK6a69711f39e684.82301307,JUNGLE GIRL
09331,TK6a6a1ae6e17018.76299922,JUNGLE GIRL
09332,TK6a6a3b9db191f2.09246141,JUNGLE GIRL
09333,TK6a6a3d2c91b796.43420989,JUNGLE GIRL
09334,TK6a6a3d2cc3c247.45612557,JUNGLE GIRL
09335,TK6a6a3e4fa94d73.59815905,JUNGLE GIRL
09336,TK6a6a4b2b1dc5b3.75374111,JUNGLE GIRL
09337,TK6a6a4b2b4f2288.37503565,JUNGLE GIRL
09338,TK6a6a4b2b819f19.65413126,JUNGLE GIRL
09339,TK6a6a4b2bb30748.35145049,JUNGLE GIRL
09340,TK6a6a4b2be450d8.18002195,JUNGLE GIRL
09341,TK6a6a4bde96d798.21345759,JUNGLE GIRL
09342,TK6a6a509cd36ed5.36037331,JUNGLE GIRL
09343,TK6a6a6a2f6862a8.79105041,JUNGLE GIRL
09344,TK6a6a8069b21f54.05369757,JUNGLE GIRL
09345,TK6a6a8069eb6016.58528238,JUNGLE GIRL
09346,TK6a6a806a319ec4.79748023,JUNGLE GIRL
09347,TK6a6a806a6852f0.03781245,JUNGLE GIRL
09348,TK6a6ab07384a421.82860970,JUNGLE GIRL
09349,TK6a6b37d49abac6.20309304,JUNGLE GIRL
09350,TK6a6b4839db6ed6.75967088,JUNGLE GIRL
09351,TK6a6b483a1858e8.07158427,JUNGLE GIRL
09352,TK6a6b483a4c6927.50939826,JUNGLE GIRL
09353,TK6a6b483a7f46a1.00584616,JUNGLE GIRL
09354,TK6a6b762f2bb025.12964909,JUNGLE GIRL
09355,TK6a6b88b39cc052.30906313,JUNGLE GIRL
09356,TK6a6b932c1bfba9.13767387,JUNGLE GIRL
09357,TK6a6b94167340f2.23218542,JUNGLE GIRL
09358,TK6a6b9532a5d3b2.11211308,JUNGLE GIRL
09359,TK6a6b9532e6b695.12913344,JUNGLE GIRL
09360,TK6a6b9a8856fbd5.84961680,JUNGLE GIRL
09361,TK6a6ba716e63a53.54740216,JUNGLE GIRL
09362,TK6a6ba7171e7bc4.21934338,JUNGLE GIRL
09363,TK6a6ba71748d5b7.06251593,JUNGLE GIRL
09364,TK6a6ba7177c10b2.36311654,JUNGLE GIRL
09365,TK6a6bb82ac4cd74.33350984,JUNGLE GIRL
09366,TK6a6bb82b038964.89677952,JUNGLE GIRL
09367,TK6a6bb82b36b229.69475769,JUNGLE GIRL
09368,TK6a6bb82b698af8.63500370,JUNGLE GIRL
09369,TK6a6bbfbf9aebe3.83915899,JUNGLE GIRL
09370,TK6a6bbfbfc85388.08273840,JUNGLE GIRL
09371,TK6a6bbfc0005989.41425761,JUNGLE GIRL
09372,TK6a6bbfc02f4c43.26776884,JUNGLE GIRL
09373,TK6a6bbfc05c0429.95375369,JUNGLE GIRL
09374,TK6a6bc1cd76e3d6.86212788,JUNGLE GIRL
09375,TK6a6bc42e07d538.78859235,JUNGLE GIRL
09376,TK6a6bd2e70ca356.94492969,JUNGLE GIRL
09377,TK6a6bd6641e49a9.18010113,JUNGLE GIRL
09378,TK6a6bd6644b79b7.83866107,JUNGLE GIRL
09379,TK6a6bd664764b91.35450604,JUNGLE GIRL
09380,TK6a6bd664a05070.96105804,JUNGLE GIRL
09381,TK6a6bd664ca5862.43208461,JUNGLE GIRL
09382,TK6a6bd6650f7d70.69876938,JUNGLE GIRL
09383,TK6a6bd6653c3053.05341641,JUNGLE GIRL
09384,TK6a6bd665654a48.17724234,JUNGLE GIRL
09385,TK6a6bd6658ee270.32906001,JUNGLE GIRL
09386,TK6a6bea82ceaa76.80199169,JUNGLE GIRL
09387,TK6a6bea830bc456.25804331,JUNGLE GIRL
09388,TK6a6bea833c57b7.68929979,JUNGLE GIRL
09389,TK6a6bea836bc3d6.16246806,JUNGLE GIRL
09390,TK6a6c01dcadd1e8.01403480,JUNGLE GIRL
09391,TK6a6c01dcde60a9.71382271,JUNGLE GIRL
09392,TK6a6c01dd1a3b94.66748889,JUNGLE GIRL
09393,TK6a6c01dd4bc275.74055868,JUNGLE GIRL
09394,TK6a6c05159b9667.30171752,JUNGLE GIRL
09395,TK6a6c06439fa8d1.54026922,JUNGLE GIRL
09396,TK6a6c0643cb48b6.20776692,JUNGLE GIRL
09397,TK6a6c0683ae6107.12022790,JUNGLE GIRL
09398,TK6a6cb8cc070b48.19055697,JUNGLE GIRL
09399,TK6a6cda8ec836d8.34258085,JUNGLE GIRL
09400,TK6a6ce79e4cdf65.89954508,JUNGLE GIRL
09401,TK6a6ceb49b9efe5.98753698,JUNGLE GIRL
09402,TK6a6ceb49f3bce7.99578445,JUNGLE GIRL
09403,TK6a6ceb4a2eddb6.48147526,JUNGLE GIRL
09404,TK6a6cf2ad073d79.23279165,JUNGLE GIRL
09405,TK6a6cf2ad49b378.49681167,JUNGLE GIRL
09406,TK6a6d0239ecc225.08959310,JUNGLE GIRL
09407,TK6a6d023a2c41e3.67059492,JUNGLE GIRL
09408,TK6a6d023a5dd1f3.89063752,JUNGLE GIRL
09409,TK6a6d023a8d7d26.58164182,JUNGLE GIRL
09410,TK6a6d023ac107f9.02133697,JUNGLE GIRL
09411,TK6a6d023af22d03.13586740,JUNGLE GIRL
09412,TK6a6d023b2ebf09.89587849,JUNGLE GIRL
09413,TK6a6d023b5ed733.38082727,JUNGLE GIRL
09414,TK6a6d023b8ba3b5.90023930,JUNGLE GIRL
09415,TK6a6d0ad01d1681.82201879,JUNGLE GIRL
09416,TK6a6d11afb678e3.72500190,JUNGLE GIRL
09417,TK6a6d15abc7bb47.20811940,JUNGLE GIRL
09418,TK6a6d22f22cafc8.88604090,JUNGLE GIRL
09419,TK6a6d2d49dfef81.89852643,JUNGLE GIRL
09420,TK6a6d56b2ddf017.79538787,JUNGLE GIRL
09421,TK6a6dda4de5e777.85368717,JUNGLE GIRL
09422,TK6a6ddad1761c68.07239596,JUNGLE GIRL
09423,TK6a6ddad1ec3270.47531703,JUNGLE GIRL
09424,TK6a6ddb9cd19a68.77930759,JUNGLE GIRL
09425,TK6a6ddb9d54abb0.37075357,JUNGLE GIRL
09426,TK6a6ddbfd41f362.21052943,JUNGLE GIRL
09427,TK6a6ddbfdb2d754.24291964,JUNGLE GIRL
09428,TK6a6ddbfe3ac0e4.51790853,JUNGLE GIRL
09429,TK6a6ddbfea6e057.89683739,JUNGLE GIRL
09430,TK6a6ddbff1d3b47.06110387,JUNGLE GIRL
09431,TK6a6ddbff86bfc3.98253944,JUNGLE GIRL
09432,TK6a6ddbfff070b6.55600880,JUNGLE GIRL
09433,TK6a6ddc0066a338.76682294,JUNGLE GIRL
09434,TK6a6ddc00cfba62.06370631,JUNGLE GIRL
09435,TK6a6de3f954cc48.00354593,JUNGLE GIRL
09436,TK6a6e090ad030c6.49989378,JUNGLE GIRL
09437,TK6a6e090b0dfa68.48250366,JUNGLE GIRL
09438,TK6a6e090b3f6297.69913247,JUNGLE GIRL
09439,TK6a6e090b70d4a2.93753474,JUNGLE GIRL
09440,TK6a6e090ba49d91.19445227,JUNGLE GIRL
09441,TK6a6e090bd53461.25573650,JUNGLE GIRL
09442,TK6a6e090c1362d5.42344701,JUNGLE GIRL
09443,TK6a6e090c4530e6.55208035,JUNGLE GIRL
09444,TK6a6e200cb20263.65225895,JUNGLE GIRL
09445,TK6a6e200ce1e863.86578659,JUNGLE GIRL
09446,TK6a6e200d172922.85085976,JUNGLE GIRL
09447,TK6a6e200d484da6.49873206,JUNGLE GIRL
09448,TK6a6e200d78b589.73775159,JUNGLE GIRL
09449,TK6a6e200da89945.10332679,JUNGLE GIRL
09450,TK6a6e200dd86545.82379911,JUNGLE GIRL
09451,TK6a6e200e169528.58135465,JUNGLE GIRL
09452,TK6a6e200e46f283.80012369,JUNGLE GIRL
09453,TK6a6e200e777ab3.04558429,JUNGLE GIRL
09454,TK6a6e3e1437a273.60526067,JUNGLE GIRL
09455,TK6a6e3eccde4b93.47847863,JUNGLE GIRL
09456,TK6a6e4e9880dec5.26297965,JUNGLE GIRL
09457,TK6a6e4e98aae404.00360173,JUNGLE GIRL
09458,TK6a6e50e024a624.91177068,JUNGLE GIRL
09459,TK6a6e56a5dafe40.48206560,JUNGLE GIRL
09460,TK6a6e6b2780c0d4.19768444,JUNGLE GIRL
09461,TK6a6e6c50105253.29208107,JUNGLE GIRL
09462,TK6a6e6c504556e9.07468351,JUNGLE GIRL
09463,TK6a6e6c507b43a7.91065480,JUNGLE GIRL
09464,TK6a6e768744a8b7.49934725,JUNGLE GIRL
09465,TK6a6e7b768bd213.53413307,JUNGLE GIRL
09466,TK6a6e88a14a31c7.34973832,JUNGLE GIRL
09467,TK6a6e8e7869a464.98659466,JUNGLE GIRL
09468,TK6a6e901fc46b41.10970513,JUNGLE GIRL
09469,TK6a6e971c60ba44.35976329,JUNGLE GIRL
09470,TK6a6e971c9379a1.64029850,JUNGLE GIRL
09471,TK6a6ed3e557ff16.72639325,JUNGLE GIRL
09472,TK6a6f6cbd5b5262.26057925,JUNGLE GIRL
09473,TK6a6f6cbd8df4e3.34208333,JUNGLE GIRL
09474,TK6a6f7b654cb315.52416461,JUNGLE GIRL
09475,TK6a6f7b65789bc7.51340649,JUNGLE GIRL
09476,TK6a6f7b65a42709.28886311,JUNGLE GIRL
09477,TK6a6f7b65cf6bf0.21520897,JUNGLE GIRL
09478,TK6a6f8fe3eeab58.50237795,JUNGLE GIRL
09479,TK6a6f954c1def12.72132774,JUNGLE GIRL
09480,TK6a6f9a730e92b6.59413370,JUNGLE GIRL
09481,TK6a6fa0424dec55.38828485,JUNGLE GIRL
09482,TK6a6fa100019293.36701982,JUNGLE GIRL
09483,TK6a6fa1c8b83ab2.60887896,JUNGLE GIRL
09484,TK6a6fa1c8e57c62.01188163,JUNGLE GIRL
09485,TK6a6fa1c91c2742.60726426,JUNGLE GIRL
09486,TK6a6fa56ad033e3.92479915,JUNGLE GIRL
09487,TK6a6fa56b0e1cb5.15299258,JUNGLE GIRL
09488,TK6a6fa56b3fb7f1.27957848,JUNGLE GIRL
09489,TK6a6fb92c6ea398.96131477,JUNGLE GIRL
09490,TK6a6fb92ca0b1d3.44492984,JUNGLE GIRL
09491,TK6a6fcac259a2f2.10941340,JUNGLE GIRL
09492,TK6a6fcac28d9226.28038164,JUNGLE GIRL
09493,TK6a6fcac2bf4171.72801445,JUNGLE GIRL
09494,TK6a6fcac2eb5271.84084202,JUNGLE GIRL
09495,TK6a6fcac3299586.32551022,JUNGLE GIRL
09496,TK6a6fcac35a87b8.55449033,JUNGLE GIRL
09497,TK6a6fedca42e339.56592181,JUNGLE GIRL
09498,TK6a6fedca812906.26474828,JUNGLE GIRL
09499,TK6a6ffda869b419.99324359,JUNGLE GIRL
09500,TK6a6ffda8cbea35.76257008,JUNGLE GIRL
09501,TK6a6ffda906dde6.55892095,JUNGLE GIRL
09502,TK6a70005b4f0a73.84759100,JUNGLE GIRL
09503,TK6a70005b7f38f5.11014792,JUNGLE GIRL
09504,TK6a70005ba64b31.97461057,JUNGLE GIRL
09505,TK6a7000dec156f2.80167249,JUNGLE GIRL
09506,TK6a7000df082996.28612332,JUNGLE GIRL
09507,TK6a7000df4a3072.83684921,JUNGLE GIRL
09508,TK6a7000df784404.69783357,JUNGLE GIRL
09509,TK6a707a7a18f027.22461184,JUNGLE GIRL
09510,TK6a707a7a411884.87843509,JUNGLE GIRL
09511,TK6a70a0ca7031f1.48065219,JUNGLE GIRL
09512,TK6a70a0cab8fd31.37154100,JUNGLE GIRL
09513,TK6a70a0cb0c73b7.96265367,JUNGLE GIRL
09514,TK6a70a146ea5590.20710906,JUNGLE GIRL
09515,TK6a70a1e4277758.69818606,JUNGLE GIRL
09516,TK6a70a2f87a1de5.95396775,JUNGLE GIRL
09517,TK6a70a9770426d8.63104872,JUNGLE GIRL
09518,TK6a70ab302e1a65.74769102,JUNGLE GIRL
09519,TK6a70ab305e7942.60983859,JUNGLE GIRL
09520,TK6a70ab3089ddc5.31643055,JUNGLE GIRL
09521,TK6a70ab30b7d192.69493568,JUNGLE GIRL
09522,TK6a70ab30e2cd90.44645067,JUNGLE GIRL
09523,TK6a70ab311a89b1.23227563,JUNGLE GIRL
09524,TK6a70ab3148a908.47932588,JUNGLE GIRL
09525,TK6a70ab317473c0.41205960,JUNGLE GIRL
09526,TK6a70ab31a1dc05.81560651,JUNGLE GIRL
09527,TK6a70ab31d05382.53058473,JUNGLE GIRL
09528,TK6a70d135eac5a4.23130482,JUNGLE GIRL
09529,TK6a70d1363cc117.24445289,JUNGLE GIRL
09530,TK6a70d1367d7a21.62348078,JUNGLE GIRL
09531,TK6a70d136a9ce63.01396835,JUNGLE GIRL
09532,TK6a70d4f2bc6025.40068309,JUNGLE GIRL
09533,TK6a70d7b0caa2e8.60096149,JUNGLE GIRL
09534,TK6a70dbca4243b8.40234131,JUNGLE GIRL
09535,TK6a70dc5a1202e6.62132851,JUNGLE GIRL
09536,TK6a70dc5a401857.29483341,JUNGLE GIRL
09537,TK6a70dc5a6e7668.71472998,JUNGLE GIRL
09538,TK6a70deaa373298.88589022,JUNGLE GIRL
09539,TK6a70deaa77d3c1.83526378,JUNGLE GIRL
09540,TK6a70e38897c7b6.72509034,JUNGLE GIRL
09541,TK6a70e746267b32.23573944,JUNGLE GIRL
09542,TK6a70eb48de6985.88205550,JUNGLE GIRL
09543,TK6a70eb492cbd49.52647969,JUNGLE GIRL
09544,TK6a70eb49625f41.46382747,JUNGLE GIRL
09545,TK6a70f01f9279f7.03947315,JUNGLE GIRL
09546,TK6a70f6a5e26d71.77428837,JUNGLE GIRL
09547,TK6a70f6a6305919.32192029,JUNGLE GIRL
09548,TK6a70f6a67a9743.69438253,JUNGLE GIRL
09549,TK6a70f6a6a6b430.23148717,JUNGLE GIRL
09550,TK6a70f6a6d1d728.21345279,JUNGLE GIRL
09551,TK6a70f794cf9425.50338821,JUNGLE GIRL
09552,TK6a70f7950f9256.06353215,JUNGLE GIRL
09553,TK6a70f795452465.42428493,JUNGLE GIRL
09554,TK6a70f79578e872.19783333,JUNGLE GIRL
09555,TK6a70f795a96408.61849374,JUNGLE GIRL
09556,TK6a71004f165f75.77063401,JUNGLE GIRL
09557,TK6a710516b18e23.39375111,JUNGLE GIRL
09558,TK6a710516e2ab54.46568214,JUNGLE GIRL
09559,TK6a7106bd743399.77269131,JUNGLE GIRL
09560,TK6a7106bda55066.78383479,JUNGLE GIRL
09561,TK6a7106bdd1a320.22323673,JUNGLE GIRL
09562,TK6a710abc869423.46211294,JUNGLE GIRL
09563,TK6a710abcba1272.77446494,JUNGLE GIRL
09564,TK6a710abced2712.55022724,JUNGLE GIRL
09565,TK6a710abd2c8302.11767558,JUNGLE GIRL
09566,TK6a710abd5f7be5.20111638,JUNGLE GIRL
09567,TK6a710abd921044.01939748,JUNGLE GIRL
09568,TK6a710abdc53456.25411305,JUNGLE GIRL
09569,TK6a710abe03e665.53453774,JUNGLE GIRL
09570,TK6a710abe37e458.17015411,JUNGLE GIRL
09571,TK6a710e42585db3.77297625,JUNGLE GIRL
09572,TK6a7116b6e131a5.44315061,JUNGLE GIRL
09573,TK6a711da5359bf5.29577932,JUNGLE GIRL
09574,TK6a711da56d59e6.02749636,JUNGLE GIRL
09575,TK6a711fa802bbf9.67247203,JUNGLE GIRL
09576,TK6a7121c833d349.18275359,JUNGLE GIRL
09577,TK6a7121c8788a76.20407618,JUNGLE GIRL
09578,TK6a71293d05b3f6.23639713,JUNGLE GIRL
09579,TK6a712a198f86f6.09098406,JUNGLE GIRL
09580,TK6a712bf2422733.79667256,JUNGLE GIRL
09581,TK6a7147d18fd0f6.36203777,JUNGLE GIRL
09582,TK6a7154192c57e0.38534002,JUNGLE GIRL
09583,TK6a715e5a920119.62228920,JUNGLE GIRL
09584,TK6a715e5aeb3d11.05076138,JUNGLE GIRL
09585,TK6a715e5b20b9d5.50108048,JUNGLE GIRL
09586,TK6a71cccf257c18.00496587,JUNGLE GIRL
09587,TK6a71d15ae1fa90.03383725,JUNGLE GIRL
09588,TK6a71d1d22e2bf8.19867688,JUNGLE GIRL
09589,TK6a71d1d2726ae5.60592159,JUNGLE GIRL
09590,TK6a71d1d2a52421.64176780,JUNGLE GIRL
09591,TK6a71d1d2dc2559.54425854,JUNGLE GIRL
09592,TK6a71d1d31a0138.62937085,JUNGLE GIRL
09593,TK6a71d1d34db012.81747730,JUNGLE GIRL
09594,TK6a71d1d37fa939.80716382,JUNGLE GIRL
09595,TK6a71d1d3b1e218.28802441,JUNGLE GIRL
09596,TK6a71d515134637.68416102,JUNGLE GIRL
09597,TK6a71d5153e52f7.53204108,JUNGLE GIRL
09598,TK6a71dd04185135.57027980,JUNGLE GIRL
09599,TK6a71dd044f0b44.67879357,JUNGLE GIRL
09600,TK6a71dd0479f0e9.16536474,JUNGLE GIRL
09601,TK6a71faec444235.33019093,JUNGLE GIRL
09602,TK6a71faec7a3285.62461174,JUNGLE GIRL
09603,TK6a71faeca9a793.21211845,JUNGLE GIRL
09604,TK6a71fb9e4a5a27.77124159,JUNGLE GIRL
09605,TK6a71fb9eb1c7d2.95916482,JUNGLE GIRL
09606,TK6a71fb9ee36de8.91476688,JUNGLE GIRL
09607,TK6a71fb9f201502.45673724,JUNGLE GIRL
09608,TK6a71fb9f513cb4.72724326,JUNGLE GIRL
09609,TK6a71fcc9ea5fc8.94290991,JUNGLE GIRL
09610,TK6a71fcca2c5118.76048908,JUNGLE GIRL
09611,TK6a720197d5be57.22697766,JUNGLE GIRL
09612,TK6a72035bd0aed3.44726176,JUNGLE GIRL
09613,TK6a72035c183bb6.39867112,JUNGLE GIRL
09614,TK6a72035c448f47.17890656,JUNGLE GIRL
09615,TK6a72035c766d50.23774075,JUNGLE GIRL
09616,TK6a72035ca9c202.22057779,JUNGLE GIRL
09617,TK6a72035ce14120.10759876,JUNGLE GIRL
09618,TK6a72035d19aed0.71402764,JUNGLE GIRL
09619,TK6a72035d45ed10.56536886,JUNGLE GIRL
09620,TK6a72035d71bb05.68691520,JUNGLE GIRL
09621,TK6a72035d9e0109.85126776,JUNGLE GIRL
09622,TK6a72065fc43885.90644335,JUNGLE GIRL
09623,TK6a72065ff10b48.77941806,JUNGLE GIRL
09624,TK6a7206602b4e24.03485218,JUNGLE GIRL
09625,TK6a72066057a887.98781905,JUNGLE GIRL
09626,TK6a720660856d24.73084154,JUNGLE GIRL
09627,TK6a72187d84eca1.22787464,JUNGLE GIRL
09628,TK6a72187dae5a00.92820570,JUNGLE GIRL
09629,TK6a72187dd8d859.23144099,JUNGLE GIRL
09630,TK6a72187e136637.16888653,JUNGLE GIRL
09631,TK6a72187e4436e3.65597819,JUNGLE GIRL
09632,TK6a721a70141387.91245102,JUNGLE GIRL
09633,TK6a7232ce2f1435.53587230,JUNGLE GIRL
09634,TK6a7242288f0f59.15217088,JUNGLE GIRL
09635,TK6a724228be9cf2.52396478,JUNGLE GIRL
09636,TK6a724228eab1d1.32080449,JUNGLE GIRL
09637,TK6a724229216482.31731203,JUNGLE GIRL
09638,TK6a7242294d7354.87602496,JUNGLE GIRL
09639,TK6a7242297aa572.27196775,JUNGLE GIRL
09640,TK6a7242794371c6.51890892,JUNGLE GIRL
09641,TK6a72457bd012c1.86031902,JUNGLE GIRL
09642,TK6a7255e6510fb8.73751140,JUNGLE GIRL
09643,TK6a725839133b04.37385780,JUNGLE GIRL
09644,TK6a7258be5a2b82.95853675,JUNGLE GIRL
09645,TK6a725c14c8ca29.54019603,JUNGLE GIRL
09646,TK6a726971e07955.33314374,JUNGLE GIRL
09647,TK6a727411471923.90415016,JUNGLE GIRL
09648,TK6a72741178f580.30148716,JUNGLE GIRL
09649,TK6a727411c39ea3.97665567,JUNGLE GIRL
09650,TK6a7274418f4006.33103781,JUNGLE GIRL
09651,TK6a7293b114ee80.47906428,JUNGLE GIRL
09652,TK6a7296e3b71bc5.41446519,JUNGLE GIRL
09653,TK6a7296e3e81154.55308306,JUNGLE GIRL
09654,TK6a7296e446a093.40292117,JUNGLE GIRL
09655,TK6a7296e46ef2f7.07609001,JUNGLE GIRL
09656,TK6a72a4f685fa33.63525404,JUNGLE GIRL
09657,TK6a72b6f324ca61.00799601,JUNGLE GIRL
09658,TK6a72cd0de27456.35273303,JUNGLE GIRL
09659,TK6a72cd0e2d90e8.68651332,JUNGLE GIRL
09660,TK6a72cd0e6c8c99.67225585,JUNGLE GIRL
09661,TK6a72cd0e9c77e3.27136499,JUNGLE GIRL
09662,TK6a72cd0ec78118.07164054,JUNGLE GIRL
09663,TK6a72cd0f019799.92370275,JUNGLE GIRL
09664,TK6a72cd0f2e2181.61134235,JUNGLE GIRL
09665,TK6a72cd0f590470.44012544,JUNGLE GIRL
09666,TK6a72cd0f860309.92148072,JUNGLE GIRL
09667,TK6a7332f3152ed1.17982719,JUNGLE GIRL
09668,TK6a735baf88d148.76482781,JUNGLE GIRL
09669,TK6a735bafb584e0.16517564,JUNGLE GIRL
09670,TK6a735bafe17034.69663292,JUNGLE GIRL
09671,TK6a7365016e6421.65718248,JUNGLE GIRL
09672,TK6a7365f806a870.18889447,JUNGLE GIRL
09673,TK6a7365f839e2a5.50944975,JUNGLE GIRL
09674,TK6a7365f8910135.72677168,JUNGLE GIRL
09675,TK6a7365f8bcb014.59710129,JUNGLE GIRL
09676,TK6a7365f8e885a9.96064223,JUNGLE GIRL
09677,TK6a7365f928cb31.90133100,JUNGLE GIRL
09678,TK6a736bf40cd5b1.53170686,JUNGLE GIRL
09679,TK6a736db158e364.30121191,JUNGLE GIRL
09680,TK6a738411b5dd68.52868204,JUNGLE GIRL
09681,TK6a73843380e9e1.77291554,JUNGLE GIRL
09682,TK6a738440d487c5.57851155,JUNGLE GIRL
09683,TK6a738441239339.86948212,JUNGLE GIRL
09684,TK6a738441553d41.23539115,JUNGLE GIRL
09685,TK6a73844184b036.92069108,JUNGLE GIRL
09686,TK6a738b457685a8.70249974,JUNGLE GIRL
09687,TK6a738d255a9176.44903397,JUNGLE GIRL
09688,TK6a738f06e87603.03894553,JUNGLE GIRL
09689,TK6a7398e97ac112.49796795,JUNGLE GIRL
09690,TK6a739e952f7c34.77271646,JUNGLE GIRL
09691,TK6a73a5523aabd9.87617469,JUNGLE GIRL
09692,TK6a73a9db24cf27.63557350,JUNGLE GIRL
09693,TK6a73ad98cbe3d3.63688748,JUNGLE GIRL
09694,TK6a73ad990ece11.38898355,JUNGLE GIRL
09695,TK6a73b33248f885.95466529,JUNGLE GIRL
09696,TK6a73d2f7dbd323.70798632,JUNGLE GIRL
09697,TK6a73d2f826af36.98091872,JUNGLE GIRL
09698,TK6a73d2f8593723.76374216,JUNGLE GIRL
09699,TK6a73d2f88a3652.63149603,JUNGLE GIRL
09700,TK6a73d2f8b58a70.04772429,JUNGLE GIRL
09701,TK6a73d2f8e7c085.78521324,JUNGLE GIRL
09702,TK6a73d2f91f7e92.20566957,JUNGLE GIRL
09703,TK6a73d2f94af086.55413213,JUNGLE GIRL
09704,TK6a73d2f976b717.80857696,JUNGLE GIRL
09705,TK6a73d2f9a81f55.24398843,JUNGLE GIRL
09706,TK6a73d7d50a1b74.79978412,JUNGLE GIRL
09707,TK6a73f84e9a9fd3.60255788,JUNGLE GIRL
09708,TK6a73f84ecdf9c9.04002165,JUNGLE GIRL
09709,TK6a73f84f030f17.67504354,JUNGLE GIRL
09710,TK6a73f84f33f0c5.13102346,JUNGLE GIRL
09711,TK6a73f84f5c9674.58011574,JUNGLE GIRL
09712,TK6a73f84f86c840.94951009,JUNGLE GIRL
09713,TK6a73f84fb13213.92077996,JUNGLE GIRL
09714,TK6a73f84fdb5104.31364483,JUNGLE GIRL
09715,TK6a73f850105401.11023408,JUNGLE GIRL
09716,TK6a73fa8c015af3.60864104,JUNGLE GIRL
09717,TK6a73fa8c327441.75963631,JUNGLE GIRL
09718,TK6a73fdec92ac15.09374664,JUNGLE GIRL
09719,TK6a73fdecde19f3.03394580,JUNGLE GIRL
09720,TK6a747253110ec1.21321688,JUNGLE GIRL
09721,TK6a7472533dfd96.59151256,JUNGLE GIRL
09722,TK6a747253688524.80288392,JUNGLE GIRL
09723,TK6a74725394c227.99211622,JUNGLE GIRL
09724,TK6a747642f39c88.28902016,JUNGLE GIRL
09725,TK6a747643324ab2.58813489,JUNGLE GIRL
09726,TK6a74764389aca3.82724757,JUNGLE GIRL
09727,TK6a747643bdf398.35310391,JUNGLE GIRL
09728,TK6a747643f00321.90233511,JUNGLE GIRL
09729,TK6a747725747f34.93696066,JUNGLE GIRL
09730,TK6a748549a21f30.19434147,JUNGLE GIRL
09731,TK6a748549ce3ac0.36193892,JUNGLE GIRL
09732,TK6a74854a067321.78335744,JUNGLE GIRL
09733,TK6a74a0a33da683.61844773,JUNGLE GIRL
09734,TK6a74a0f9315d50.04334233,JUNGLE GIRL
09735,TK6a74a1822185d3.19327388,JUNGLE GIRL
09736,TK6a74ac2087dc02.23165158,JUNGLE GIRL
09737,TK6a74ac20e52345.34543082,JUNGLE GIRL
09738,TK6a74ac211c3a15.04270093,JUNGLE GIRL
09739,TK6a74ac21469547.82644505,JUNGLE GIRL
09740,TK6a74ac2178d3d0.96842715,JUNGLE GIRL
09741,TK6a74b47a3a6ba3.63119684,JUNGLE GIRL
09742,TK6a74b47a657b62.43985369,JUNGLE GIRL
09743,TK6a74b47a8fe650.40629559,JUNGLE GIRL
09744,TK6a74bd851f46f6.30459445,JUNGLE GIRL
09745,TK6a74c1561c6bb2.79815327,JUNGLE GIRL
09746,TK6a74c49a3c8e31.33728397,JUNGLE GIRL
09747,TK6a74cbde002b72.41924445,JUNGLE GIRL
09748,TK6a74d7aab699e6.78838490,JUNGLE GIRL
09749,TK6a74db5153e447.42256541,JUNGLE GIRL
09750,TK6a74dbced53a31.40157553,JUNGLE GIRL
09751,TK6a74dc1e8b8c75.01152359,JUNGLE GIRL
09752,TK6a74dc1ed7fa92.87100898,JUNGLE GIRL
09753,TK6a74dd23814b03.52513541,JUNGLE GIRL
09754,TK6a74dd23ad1892.03198568,JUNGLE GIRL
09755,TK6a74dd23d88276.25412443,JUNGLE GIRL
09756,TK6a74dd24109607.54157169,JUNGLE GIRL
09757,TK6a74dd243c33e0.16709160,JUNGLE GIRL
09758,TK6a74dd24687145.34523500,JUNGLE GIRL
09759,TK6a74deb02d14c7.62122659,JUNGLE GIRL
09760,TK6a74df07d67498.24917711,JUNGLE GIRL
09761,TK6a74df555d86a9.45704279,JUNGLE GIRL
09762,TK6a74df7d2e9904.58094623,JUNGLE GIRL
09763,TK6a74dfa62044a1.66649867,JUNGLE GIRL
09764,TK6a74dfa663c951.85572991,JUNGLE GIRL
09765,TK6a74e087742864.98115350,JUNGLE GIRL
09766,TK6a74e087aa3d43.20022838,JUNGLE GIRL
09767,TK6a74e0880b6f52.42482341,JUNGLE GIRL
09768,TK6a74e0883bf091.16607942,JUNGLE GIRL
09769,TK6a74e08869c4d9.46203387,JUNGLE GIRL
09770,TK6a74e088964264.40213601,JUNGLE GIRL
09771,TK6a74e088c36b42.12646594,JUNGLE GIRL
09772,TK6a74e088ef19e9.27430898,JUNGLE GIRL
09773,TK6a74e089260409.71245599,JUNGLE GIRL
09774,TK6a74e08952caa2.53402155,JUNGLE GIRL
09775,TK6a74e0de7b3972.60500370,JUNGLE GIRL
09776,TK6a74e0dea66343.57501121,JUNGLE GIRL
09777,TK6a74e0ded19fd2.45058037,JUNGLE GIRL
09778,TK6a74e0df0a2be3.26753051,JUNGLE GIRL
09779,TK6a74e0df3624d8.00238956,JUNGLE GIRL
09780,TK6a74e0df68dfa7.55590859,JUNGLE GIRL
09781,TK6a74e7680eeb45.84348019,JUNGLE GIRL
09782,TK6a74e768507c81.73727208,JUNGLE GIRL
09783,TK6a74e7688094e1.53740251,JUNGLE GIRL
09784,TK6a74e768b24735.89565602,JUNGLE GIRL
09785,TK6a74e768e2d840.73658144,JUNGLE GIRL
09786,TK6a74e9c51da9d8.60251176,JUNGLE GIRL
09787,TK6a74e9c54e1929.73428181,JUNGLE GIRL
09788,TK6a74e9c57771e2.69467820,JUNGLE GIRL
09789,TK6a74e9c5a17fe2.66684285,JUNGLE GIRL
09790,TK6a74e9c60a4371.77664003,JUNGLE GIRL
09791,TK6a74e9e134bb79.46870627,JUNGLE GIRL
09792,TK6a74e9e1665b63.35097075,JUNGLE GIRL
09793,TK6a74e9e1a1ea08.74415236,JUNGLE GIRL
09794,TK6a74ed1da5f766.73103253,JUNGLE GIRL
09795,TK6a74ed1deb2378.89395677,JUNGLE GIRL
09796,TK6a74ed1e210390.82463207,JUNGLE GIRL
09797,TK6a74ed1e4b33a0.81756064,JUNGLE GIRL
09798,TK6a74ed1e75f8f6.37688940,JUNGLE GIRL
09799,TK6a74ed1ea13991.92513692,JUNGLE GIRL
09800,TK6a74ed1ecc15a5.82312767,JUNGLE GIRL
09801,TK6a74ed1f012266.26525121,JUNGLE GIRL
09802,TK6a74ed1f2c40f9.66924569,JUNGLE GIRL
09803,TK6a74ed1f57d0b6.48842996,JUNGLE GIRL
09804,TK6a74f33a9111e1.15583754,JUNGLE GIRL
09805,TK6a74f9d644c173.56365921,JUNGLE GIRL
09806,TK6a74fbea9cd974.99631255,JUNGLE GIRL
09807,TK6a74fbeaf1a5e7.68240767,JUNGLE GIRL
09808,TK6a74fbeb3ecc79.95019511,JUNGLE GIRL
09809,TK6a74fbeb6f19a4.45868645,JUNGLE GIRL
09810,TK6a74fbeb9983a6.51941820,JUNGLE GIRL
09811,TK6a74fc3aae9511.99191401,JUNGLE GIRL
09812,TK6a74fc3ada8504.38962670,JUNGLE GIRL
09813,TK6a7500c6657e29.51828807,JUNGLE GIRL
09814,TK6a75073dc33bb0.83946606,JUNGLE GIRL
09815,TK6a7507e343b8f8.14176846,JUNGLE GIRL
09816,TK6a750ac82b7f36.89023497,JUNGLE GIRL
09817,TK6a750b60e2ab80.12693350,JUNGLE GIRL
09818,TK6a750b611b84c0.46998776,JUNGLE GIRL
09819,TK6a750d45de10c8.91089490,JUNGLE GIRL
09820,TK6a750e346d2478.32775091,JUNGLE GIRL
09821,TK6a750e34989760.75367147,JUNGLE GIRL
09822,TK6a75105d63fef7.61172400,JUNGLE GIRL
09823,TK6a7520677203e8.55573973,JUNGLE GIRL
09824,TK6a752067a08107.11106536,JUNGLE GIRL
09825,TK6a75264a1793a5.92197398,JUNGLE GIRL
09826,TK6a75264a460442.78446940,JUNGLE GIRL
09827,TK6a752984ce1997.38025968,JUNGLE GIRL
09828,TK6a7529850cd473.26118745,JUNGLE GIRL
09829,TK6a7529853fb3c5.10244843,JUNGLE GIRL
09830,TK6a752985739193.03336654,JUNGLE GIRL
09831,TK6a752985a79533.97236404,JUNGLE GIRL
09832,TK6a752985da9d51.32945463,JUNGLE GIRL
09833,TK6a752986188182.64948694,JUNGLE GIRL
09834,TK6a7529864dabd7.11511643,JUNGLE GIRL
09835,TK6a75298682f406.26417876,JUNGLE GIRL
09836,TK6a752986b7ba73.61514811,JUNGLE GIRL
09837,TK6a752986eaed69.21783559,JUNGLE GIRL
09838,TK6a7529872844f6.30870242,JUNGLE GIRL
09839,TK6a7529875b2524.14813768,JUNGLE GIRL
09840,TK6a7529878e43e7.35606779,JUNGLE GIRL
09841,TK6a752987c1bf97.92517759,JUNGLE GIRL
09842,TK6a7529b3652373.63784999,JUNGLE GIRL
09843,TK6a7529b398a3e8.17938783,JUNGLE GIRL
09844,TK6a7529b3c51009.12470770,JUNGLE GIRL
09845,TK6a7529b3f365c2.63254125,JUNGLE GIRL
09846,TK6a7529b42d72f5.10917145,JUNGLE GIRL
09847,TK6a7529b45a3a48.35555460,JUNGLE GIRL
09848,TK6a7529b488ac12.04654991,JUNGLE GIRL
09849,TK6a7529b4b5b408.65603929,JUNGLE GIRL
09850,TK6a7529b4e9b252.88828981,JUNGLE GIRL
09851,TK6a7529b52896b8.00916783,JUNGLE GIRL
09852,TK6a7529b55bda02.89292612,JUNGLE GIRL
09853,TK6a7529b5903d30.54138550,JUNGLE GIRL
09854,TK6a7529b5c36947.08582529,JUNGLE GIRL
09855,TK6a7529b60465b2.50631415,JUNGLE GIRL
09856,TK6a7529b6387fe3.75154241,JUNGLE GIRL
09857,TK6a7529d530dc18.91556468,JUNGLE GIRL
09858,TK6a7529d57db722.43678504,JUNGLE GIRL
09859,TK6a7529d5b15a81.08457868,JUNGLE GIRL
09860,TK6a7529d5e486e9.49004850,JUNGLE GIRL
09861,TK6a7529d6235e60.80979194,JUNGLE GIRL
09862,TK6a7529d655eb42.29714991,JUNGLE GIRL
09863,TK6a7529d68893c1.06185392,JUNGLE GIRL
09864,TK6a7529d6bab449.07948632,JUNGLE GIRL
09865,TK6a7529d6ed6410.11714942,JUNGLE GIRL
09866,TK6a7529d72ad396.70310041,JUNGLE GIRL
09867,TK6a7529d75e4ba3.75571871,JUNGLE GIRL
09868,TK6a7529d7914fa4.94216417,JUNGLE GIRL
09869,TK6a7529d7c35528.92143990,JUNGLE GIRL
09870,TK6a7529d7ef7ec6.26061670,JUNGLE GIRL
09871,TK6a7529d82747a2.93460603,JUNGLE GIRL
09872,TK6a752a0474f281.77485121,JUNGLE GIRL
09873,TK6a752a04a81dc3.95318599,JUNGLE GIRL
09874,TK6a752a04dc5360.57178942,JUNGLE GIRL
09875,TK6a752a051a4ea0.05977748,JUNGLE GIRL
09876,TK6a752a054d4040.33346308,JUNGLE GIRL
09877,TK6a752a058d9e04.14748605,JUNGLE GIRL
09878,TK6a752a05c0b955.21907555,JUNGLE GIRL
09879,TK6a752a06018b60.80618044,JUNGLE GIRL
09880,TK6a752a062e0aa5.09704209,JUNGLE GIRL
09881,TK6a752a065b14f9.38311606,JUNGLE GIRL
09882,TK6a752a0685e001.87659550,JUNGLE GIRL
09883,TK6a752a06b85e60.83048445,JUNGLE GIRL
09884,TK6a752a06e38549.13449000,JUNGLE GIRL
09885,TK6a752a071b4083.36847447,JUNGLE GIRL
09886,TK6a752a07474242.53333853,JUNGLE GIRL
09887,TK6a752adca17c58.01783998,JUNGLE GIRL
09888,TK6a752adcdf4fc0.08593201,JUNGLE GIRL
09889,TK6a752add1c3341.13809483,JUNGLE GIRL
09890,TK6a752add4dc6b6.63700515,JUNGLE GIRL
09891,TK6a752add805203.95453669,JUNGLE GIRL
09892,TK6a752addb27d37.18474642,JUNGLE GIRL
09893,TK6a752adddf3679.12900463,JUNGLE GIRL
09894,TK6a752ade16ed65.57306736,JUNGLE GIRL
09895,TK6a752ade425617.70590107,JUNGLE GIRL
09896,TK6a752ade6cdf81.17816525,JUNGLE GIRL
09897,TK6a752ee7391c34.54701498,JUNGLE GIRL
09898,TK6a752ee76bc9c3.92434113,JUNGLE GIRL
09899,TK6a752ee7ad3635.11849985,JUNGLE GIRL
09900,TK6a7533b0608d30.58141456,JUNGLE GIRL
09901,TK6a75344abeb200.93683713,JUNGLE GIRL
09902,TK6a753659e7f1d1.82825154,JUNGLE GIRL
09903,TK6a75365a263976.62363075,JUNGLE GIRL
09904,TK6a75365a578ec6.50710682,JUNGLE GIRL
09905,TK6a75365a892197.50388487,JUNGLE GIRL
09906,TK6a75365ac2d023.38979303,JUNGLE GIRL
09907,TK6a75365b00f9d6.74659619,JUNGLE GIRL
09908,TK6a75365b32a149.92639725,JUNGLE GIRL
09909,TK6a75365b65b772.79117151,JUNGLE GIRL
09910,TK6a75365ba17909.94343503,JUNGLE GIRL
09911,TK6a753d9a25d8d6.05551695,JUNGLE GIRL
09912,TK6a753d9a59dab1.23976692,JUNGLE GIRL
09913,TK6a753d9a8d24c5.98606738,JUNGLE GIRL
09914,TK6a753d9abefe01.48484611,JUNGLE GIRL
09915,TK6a753d9aea83b0.02076264,JUNGLE GIRL
09916,TK6a753f63653fb9.58785030,JUNGLE GIRL
09917,TK6a7555fb568737.93946167,JUNGLE GIRL
09918,TK6a7555fb8c1bc3.26384125,JUNGLE GIRL
09919,TK6a75ba06e735e4.46376907,JUNGLE GIRL
09920,TK6a75ba07274c48.39318558,JUNGLE GIRL
09921,TK6a75ba07596442.78357677,JUNGLE GIRL
09922,TK6a75bc746578e0.93733629,JUNGLE GIRL
09923,TK6a75bc74a6b9c4.99679712,JUNGLE GIRL
09924,TK6a75bc750314f7.80826137,JUNGLE GIRL
09925,TK6a75bc753508f8.21132686,JUNGLE GIRL
09926,TK6a75bc7566afa5.96079954,JUNGLE GIRL
09927,TK6a75bc759a2be4.76474130,JUNGLE GIRL
09928,TK6a75bc75ccd943.57302884,JUNGLE GIRL
09929,TK6a75bc76042446.97022044,JUNGLE GIRL
09930,TK6a75bcbeaadc32.40301634,JUNGLE GIRL
09931,TK6a75bfac28ffb3.37505029,JUNGLE GIRL
09932,TK6a75bfac543436.29685281,JUNGLE GIRL
09933,TK6a75bfac7eaba3.73319114,JUNGLE GIRL
09934,TK6a75bfaca9d8f4.52364135,JUNGLE GIRL
09935,TK6a75bfacd52126.73852037,JUNGLE GIRL
09936,TK6a75c55c51c6f3.76898906,JUNGLE GIRL
09937,TK6a75c8754edfa5.51669027,JUNGLE GIRL
09938,TK6a75d809ca7952.64027002,JUNGLE GIRL
09939,TK6a75d80a26e118.95898381,JUNGLE GIRL
09940,TK6a75d80a5b5b18.62723159,JUNGLE GIRL
09941,TK6a75d80a8e8e53.82982817,JUNGLE GIRL
09942,TK6a75da4a190928.44092166,JUNGLE GIRL
09943,TK6a75db52a615e2.26297575,JUNGLE GIRL
09944,TK6a75db52db3fb9.05811934,JUNGLE GIRL
09945,TK6a75db53202ae0.15760233,JUNGLE GIRL
09946,TK6a75db53544e98.41159018,JUNGLE GIRL
09947,TK6a75db538a7fd6.96455908,JUNGLE GIRL
09948,TK6a75db53bfe576.39018388,JUNGLE GIRL
09949,TK6a75db53ed7273.59094583,JUNGLE GIRL
09950,TK6a75db54265fa4.22329202,JUNGLE GIRL
09951,TK6a75e31a9c5b62.58210485,JUNGLE GIRL
09952,TK6a75e31ac92555.71754707,JUNGLE GIRL
09953,TK6a75e31b02ba31.32514452,JUNGLE GIRL
09954,TK6a75e38f76af40.84934913,JUNGLE GIRL
09955,TK6a75e6dbefb544.00785897,JUNGLE GIRL
09956,TK6a75e6dc2addf3.95130821,JUNGLE GIRL
09957,TK6a75e6dc5893d2.15056246,JUNGLE GIRL
09958,TK6a75e6dc862b88.79428542,JUNGLE GIRL
09959,TK6a75f39498ccb1.48790847,JUNGLE GIRL
09960,TK6a76006e8a6368.41769116,JUNGLE GIRL
09961,TK6a76006ebca007.02722136,JUNGLE GIRL
09962,TK6a76006f0d8af5.91740320,JUNGLE GIRL
09963,TK6a76055b48cfd3.26370260,JUNGLE GIRL
09964,TK6a7605b02319a5.21112143,JUNGLE GIRL
09965,TK6a7605b04dd448.17361526,JUNGLE GIRL
09966,TK6a7605b078ae53.21575338,JUNGLE GIRL
09967,TK6a7605b0a497a4.55739178,JUNGLE GIRL
09968,TK6a7605b0d01fe7.02084988,JUNGLE GIRL
09969,TK6a760e9b91d0b6.42886424,JUNGLE GIRL
09970,TK6a760e9bbd1616.82736446,JUNGLE GIRL
09971,TK6a7613f003eb28.83253812,JUNGLE GIRL
09972,TK6a7629dda08b74.63276343,JUNGLE GIRL
09973,TK6a762ab78f8676.30852643,JUNGLE GIRL
09974,TK6a762ab7c51906.88302331,JUNGLE GIRL
09975,TK6a762ab7f3c9a9.65410458,JUNGLE GIRL
09976,TK6a763022ecdd43.18235804,JUNGLE GIRL
09977,TK6a7630233ab8d8.18649773,JUNGLE GIRL
09978,TK6a7630237049c4.13293229,JUNGLE GIRL
09979,TK6a763023a723d4.27085975,JUNGLE GIRL
09980,TK6a76320905a666.19276760,JUNGLE GIRL
09981,TK6a76324ad0fb52.89034898,JUNGLE GIRL
09982,TK6a76327b099f77.76949438,JUNGLE GIRL
09983,TK6a7632e52ed600.37381871,JUNGLE GIRL
09984,TK6a7632e55ab6d9.55108566,JUNGLE GIRL
09985,TK6a7632e58eea77.14837713,JUNGLE GIRL
09986,TK6a7632e5c253d6.07094305,JUNGLE GIRL
09987,TK6a763571090ff5.11895333,JUNGLE GIRL
09988,TK6a763690159cb1.77472110,JUNGLE GIRL
09989,TK6a7639dae21783.96952136,JUNGLE GIRL
09990,TK6a763a2d7311b4.54016042,JUNGLE GIRL
09991,TK6a763a2da4ed44.49569111,JUNGLE GIRL
09992,TK6a763a2dd804d3.20807170,JUNGLE GIRL
09993,TK6a763a2e160f23.12334180,JUNGLE GIRL
09994,TK6a763a2e496cc2.05223750,JUNGLE GIRL
09995,TK6a763a2e7aba44.64535197,JUNGLE GIRL
09996,TK6a763a2ead14f3.98059422,JUNGLE GIRL
09997,TK6a763a2ee01085.42158545,JUNGLE GIRL
09998,TK6a763a2f205fd3.83082554,JUNGLE GIRL
09999,TK6a763ef7a7fc98.50892438,JUNGLE GIRL
10000,TK6a763ef7e55ba3.38673514,JUNGLE GIRL
10001,TK6a763ef8262b13.83441081,JUNGLE GIRL
10002,TK6a763ef8505957.50314037,JUNGLE GIRL
10003,TK6a763ef880db97.99433466,JUNGLE GIRL
10004,TK6a76411b389c12.78330241,JUNGLE GIRL
10005,TK6a76411b674b42.94939580,JUNGLE GIRL
10006,TK6a76411b9b3814.48099118,JUNGLE GIRL
10007,TK6a764b61ad32a4.08798747,JUNGLE GIRL
10008,TK6a764d5a3d7fa3.70153216,JUNGLE GIRL
10009,TK6a764d5a7a0c58.18909656,JUNGLE GIRL
10010,TK6a764df69f6643.00992638,JUNGLE GIRL
10011,TK6a764df6d26625.45460229,JUNGLE GIRL
10012,TK6a764df70913b5.33083422,JUNGLE GIRL
10013,TK6a764df73361a4.17406367,JUNGLE GIRL
10014,TK6a764df75f6238.74644821,JUNGLE GIRL
10015,TK6a764df78ae8a5.37202611,JUNGLE GIRL
10016,TK6a764df7b49b05.96948008,JUNGLE GIRL
10017,TK6a764df7deaac9.32723037,JUNGLE GIRL
10018,TK6a764df8160a37.06034287,JUNGLE GIRL
10019,TK6a764df848f132.44189925,JUNGLE GIRL
10020,TK6a76507be93792.35766845,JUNGLE GIRL
10021,TK6a76507c29e4e5.40251931,JUNGLE GIRL
10022,TK6a7651bae55908.48250895,JUNGLE GIRL
10023,TK6a7651f391e8b7.57181749,JUNGLE GIRL
10024,TK6a76532303b804.34327992,JUNGLE GIRL
10025,TK6a765323330707.95418223,JUNGLE GIRL
10026,TK6a765374881728.92881028,JUNGLE GIRL
10027,TK6a76555154f9a2.52597845,JUNGLE GIRL
10028,TK6a76573a757682.26763344,JUNGLE GIRL
10029,TK6a765996ea0146.87323211,JUNGLE GIRL
10030,TK6a76599721a766.52105209,JUNGLE GIRL
10031,TK6a7659974dda06.14856956,JUNGLE GIRL
10032,TK6a765adb700203.90423039,JUNGLE GIRL
10033,TK6a7660f3b7eb93.50098245,JUNGLE GIRL
10034,TK6a7660f4005287.29481433,JUNGLE GIRL
10035,TK6a7660f42b19b7.16361045,JUNGLE GIRL
10036,TK6a76644f029cc4.27775241,JUNGLE GIRL
10037,TK6a7665b94e57e6.81306338,JUNGLE GIRL
10038,TK6a7667576a1f11.54533662,JUNGLE GIRL
10039,TK6a766757ae2973.47566620,JUNGLE GIRL
10040,TK6a766757e2bfb3.48420733,JUNGLE GIRL
10041,TK6a7667d2cbd671.15678111,JUNGLE GIRL
10042,TK6a766b18d1cd84.33898815,JUNGLE GIRL
10043,TK6a766b1909a1c4.57925307,JUNGLE GIRL
10044,TK6a766b194e0cd8.53328845,JUNGLE GIRL
10045,TK6a766b19812477.03675506,JUNGLE GIRL
10046,TK6a766b19b37a86.87708337,JUNGLE GIRL
10047,TK6a766b19e66d55.17824856,JUNGLE GIRL
10048,TK6a766b1a261fc8.83331829,JUNGLE GIRL
10049,TK6a766b1a52f837.75261605,JUNGLE GIRL
10050,TK6a766b1a809981.21821775,JUNGLE GIRL
10051,TK6a766b1aae0ed7.20369774,JUNGLE GIRL
10052,TK6a766b1ada9ef9.68687113,JUNGLE GIRL
10053,TK6a766b1b132190.09350577,JUNGLE GIRL
10054,TK6a766b1b404e60.89251190,JUNGLE GIRL
10055,TK6a766b1b6e61a9.89624925,JUNGLE GIRL
10056,TK6a766b1b9c0a03.42865420,JUNGLE GIRL
10057,TK6a767095207b87.06734714,JUNGLE GIRL
10058,TK6a7670c8888ca6.21579043,JUNGLE GIRL
10059,TK6a76722c3c6169.17478009,JUNGLE GIRL
10060,TK6a76722c679a63.12775026,JUNGLE GIRL
10061,TK6a7672465208d4.74362565,JUNGLE GIRL
10062,TK6a7672467e8944.10159848,JUNGLE GIRL
10063,TK6a76725c109c06.01858737,JUNGLE GIRL
10064,TK6a76725c3d82e7.47142581,JUNGLE GIRL
10065,TK6a767279160716.81774705,JUNGLE GIRL
10066,TK6a767279463c58.95358104,JUNGLE GIRL
10067,TK6a76727a905e70.22293691,JUNGLE GIRL
10068,TK6a76727ac4af27.98462231,JUNGLE GIRL
10069,TK6a767293f37251.31327547,JUNGLE GIRL
10070,TK6a767294323cb6.43778909,JUNGLE GIRL
10071,TK6a7672aa6ca339.27075693,JUNGLE GIRL
10072,TK6a7672aa9de638.04577885,JUNGLE GIRL
10073,TK6a7672c8220f51.18303103,JUNGLE GIRL
10074,TK6a7672c84d9bf1.44262905,JUNGLE GIRL
10075,TK6a7672e39ea9e3.54828073,JUNGLE GIRL
10076,TK6a7672e3cefdf1.66670784,JUNGLE GIRL
10077,TK6a767512d3a966.62587051,JUNGLE GIRL
10078,TK6a7675130bd165.46161846,JUNGLE GIRL
10079,TK6a76775f81ee99.13742298,JUNGLE GIRL
10080,TK6a76775fb234f3.22684224,JUNGLE GIRL
10081,TK6a76775fed4eb1.56327079,JUNGLE GIRL
10082,TK6a76776022e483.52970072,JUNGLE GIRL
10083,TK6a7677604e4084.11917797,JUNGLE GIRL
10084,TK6a767921a86489.59338799,JUNGLE GIRL
10085,TK6a767921e2b903.57467940,JUNGLE GIRL
10086,TK6a767948f40e69.00874491,JUNGLE GIRL
10087,TK6a76794932d716.17649209,JUNGLE GIRL
10088,TK6a767949686bd8.52124045,JUNGLE GIRL
10089,TK6a7679499e3168.84152603,JUNGLE GIRL
10090,TK6a76796ab0ada1.63025546,JUNGLE GIRL
10091,TK6a76796ae87f23.42153178,JUNGLE GIRL
10092,TK6a767990722322.59292327,JUNGLE GIRL
10093,TK6a767990a18739.37659166,JUNGLE GIRL
10094,TK6a7679b8cbf139.88424811,JUNGLE GIRL
10095,TK6a7679b92c8694.57760184,JUNGLE GIRL
10096,TK6a7679f9ace0f5.11742032,JUNGLE GIRL
10097,TK6a7679f9e820f9.02459813,JUNGLE GIRL
10098,TK6a767a62592041.07479629,JUNGLE GIRL
10099,TK6a767a62860da2.50560731,JUNGLE GIRL
10100,TK6a767a93e183e9.49007773,JUNGLE GIRL
10101,TK6a767a941b6755.88283755,JUNGLE GIRL
10102,TK6a767ab9864047.90069872,JUNGLE GIRL
10103,TK6a767ab9b44af3.43773267,JUNGLE GIRL
10104,TK6a767ad9c3ddd4.22653552,JUNGLE GIRL
10105,TK6a767ada0aa357.80351508,JUNGLE GIRL
10106,TK6a767ca479bde5.71082899,JUNGLE GIRL
10107,TK6a767ca4a610f9.37226088,JUNGLE GIRL
10108,TK6a767ca4d304a6.77469568,JUNGLE GIRL
10109,TK6a767ca51816e4.62967698,JUNGLE GIRL
10110,TK6a767d5704fa71.29450384,JUNGLE GIRL
10111,TK6a767e322f3c22.07166866,JUNGLE GIRL
10112,TK6a767e325c3cc2.25423838,JUNGLE GIRL
10113,TK6a767e3287eeb5.97723967,JUNGLE GIRL
10114,TK6a767e32b4cbe6.19941370,JUNGLE GIRL
10115,TK6a767e32e13be5.51407870,JUNGLE GIRL
10116,TK6a767e331a12d7.27132269,JUNGLE GIRL
10117,TK6a767e334698e6.80796892,JUNGLE GIRL
10118,TK6a767e33736937.37986799,JUNGLE GIRL
10119,TK6a767e33a62873.43201106,JUNGLE GIRL
10120,TK6a767e33d9bf00.82374508,JUNGLE GIRL
10121,TK6a767f92256a08.27407337,JUNGLE GIRL
10122,TK6a767f9253fcf8.07936342,JUNGLE GIRL
10123,TK6a767f92855160.42753909,JUNGLE GIRL
10124,TK6a767f92b30480.49142048,JUNGLE GIRL
10125,TK6a767f92dec043.89863361,JUNGLE GIRL
10126,TK6a767f931d1c24.65739842,JUNGLE GIRL
10127,TK6a767f934d7ec2.10434377,JUNGLE GIRL
10128,TK6a767f937dbe54.07982503,JUNGLE GIRL
10129,TK6a767f93aa3ca4.73310201,JUNGLE GIRL
10130,TK6a767f93d80b82.76908442,JUNGLE GIRL
10131,TK6a768019eff5f6.30758710,JUNGLE GIRL
10132,TK6a76801a30d569.99153628,JUNGLE GIRL
10133,TK6a76801a5e7e85.36837043,JUNGLE GIRL
10134,TK6a76811c8f6719.51462591,JUNGLE GIRL
10135,TK6a76811cbbbe13.32273884,JUNGLE GIRL
10136,TK6a76811cf0e055.78008518,JUNGLE GIRL
10137,TK6a7681c792cac4.77431339,JUNGLE GIRL
10138,TK6a76848d7f7634.91195872,JUNGLE GIRL
10139,TK6a76848dad6928.48045240,JUNGLE GIRL
10140,TK6a76848dd9e393.86563524,JUNGLE GIRL
10141,TK6a76848e143903.73101037,JUNGLE GIRL
10142,TK6a76848e3ffb95.99416203,JUNGLE GIRL
10143,TK6a768a54b26fd9.14315533,JUNGLE GIRL
10144,TK6a768a55110d95.81473939,JUNGLE GIRL
10145,TK6a768f2315dc79.50640909,JUNGLE GIRL
10146,TK6a768f2350d7c8.32294178,JUNGLE GIRL
10147,TK6a769036216b59.85542766,JUNGLE GIRL
10148,TK6a7690364b9b12.08808856,JUNGLE GIRL
10149,TK6a769056197513.93666864,JUNGLE GIRL
10150,TK6a76905654c974.29318150,JUNGLE GIRL
10151,TK6a7691fbcea7a3.89214043,JUNGLE GIRL
10152,TK6a76938b8392a7.28885020,JUNGLE GIRL
10153,TK6a76938bb829e8.38470545,JUNGLE GIRL
10154,TK6a76938befdf65.56894308,JUNGLE GIRL
10155,TK6a76938c2943c1.01634170,JUNGLE GIRL
10156,TK6a76938c5704a0.57041482,JUNGLE GIRL
10157,TK6a76938c845b78.08357390,JUNGLE GIRL
10158,TK6a76938cb22617.97311772,JUNGLE GIRL
10159,TK6a76938ce09c94.08241174,JUNGLE GIRL
10160,TK6a76938d18b472.58566924,JUNGLE GIRL
10161,TK6a76938d45e274.64628870,JUNGLE GIRL
10162,TK6a76938d732c81.08563335,JUNGLE GIRL
10163,TK6a76938da06f86.30158471,JUNGLE GIRL
10164,TK6a76938dcc0d94.46295624,JUNGLE GIRL
10165,TK6a76942f677689.74320264,JUNGLE GIRL
10166,TK6a76942f9f56d9.29194959,JUNGLE GIRL
10167,TK6a76942fd4daf6.71923837,JUNGLE GIRL
10168,TK6a76943015dce3.07130861,JUNGLE GIRL
10169,TK6a7694304c8e86.58097335,JUNGLE GIRL
10170,TK6a76943081d948.01448404,JUNGLE GIRL
10171,TK6a769430b97b91.48724184,JUNGLE GIRL
10172,TK6a769430ec5a47.73227011,JUNGLE GIRL
10173,TK6a7694312f22a7.14910092,JUNGLE GIRL
10174,TK6a769847297936.41465409,JUNGLE GIRL
10175,TK6a7698475820a0.42761944,JUNGLE GIRL
10176,TK6a769847852df4.79665388,JUNGLE GIRL
10177,TK6a769847b32a62.45279647,JUNGLE GIRL
10178,TK6a769847e0ab49.92949790,JUNGLE GIRL
10179,TK6a76984819ed76.93612956,JUNGLE GIRL
10180,TK6a769875e19615.68714799,JUNGLE GIRL
10181,TK6a76987618b8b0.53758996,JUNGLE GIRL
10182,TK6a769da6e78847.08208219,JUNGLE GIRL
10183,TK6a76a35c280375.37588475,JUNGLE GIRL
10184,TK6a76a35c561660.64773178,JUNGLE GIRL
10185,TK6a76a35c830225.04354988,JUNGLE GIRL
10186,TK6a76a35cb08123.21633214,JUNGLE GIRL
10187,TK6a76a35cdc8a18.43194704,JUNGLE GIRL
10188,TK6a76a35d147802.70065898,JUNGLE GIRL
10189,TK6a76a35d409ef7.38314901,JUNGLE GIRL
10190,TK6a76a35d6cb0a0.91812384,JUNGLE GIRL
10191,TK6a76a35d97dc76.06189313,JUNGLE GIRL
10192,TK6a76a4bcb9bb20.40629530,JUNGLE GIRL
10193,TK6a76a4bd0e3d42.98643083,JUNGLE GIRL
10194,TK6a76a4bd4475f8.36665085,JUNGLE GIRL
10195,TK6a76a4bd78a863.02042519,JUNGLE GIRL
10196,TK6a76af8752cc90.22838182,JUNGLE GIRL
10197,TK6a76f7c51fd5f5.54182211,JUNGLE GIRL
10198,TK6a76f7c554cd75.46153892,JUNGLE GIRL
10199,TK6a76f7c585b704.41690960,JUNGLE GIRL
10200,TK6a76f7c6a5fae3.28218233,JUNGLE GIRL
10201,TK6a76f7c6d6bb87.24521605,JUNGLE GIRL
10202,TK6a76f7c712deb8.91607305,JUNGLE GIRL
10203,TK6a76f9c73c0738.35782167,JUNGLE GIRL
10204,TK6a76f9c7907af1.43360243,JUNGLE GIRL
10205,TK6a76f9c7e313f3.45527061,JUNGLE GIRL
10206,TK6a76f9c81d7eb9.37089705,JUNGLE GIRL
10207,TK6a76f9c84d9fa6.16413141,JUNGLE GIRL
10208,TK6a76f9c87dabe7.69459147,JUNGLE GIRL
10209,TK6a76f9c8ace090.00758979,JUNGLE GIRL
10210,TK6a76f9c8d73302.26996291,JUNGLE GIRL
10211,TK6a76f9c90cda64.84651967,JUNGLE GIRL
10212,TK6a76f9c9363c14.20970865,JUNGLE GIRL
10213,TK6a76f9c95f1f11.46485071,JUNGLE GIRL
10214,TK6a76f9c987b622.21664255,JUNGLE GIRL
10215,TK6a76f9c9b29440.21009516,JUNGLE GIRL
10216,TK6a76f9c9dcaa20.69521818,JUNGLE GIRL
10217,TK6a76f9ca1347a7.66030916,JUNGLE GIRL
10218,TK6a76fa01d57329.63863623,JUNGLE GIRL
10219,TK6a76fa48d0e620.69671190,JUNGLE GIRL
10220,TK6a76fa645a62f1.66934569,JUNGLE GIRL
10221,TK6a76fa7d3f14c8.52052565,JUNGLE GIRL
10222,TK6a76fa7d707f09.58536415,JUNGLE GIRL
10223,TK6a76fa9be6d7b9.40528790,JUNGLE GIRL
10224,TK6a76fb82da8691.57257686,JUNGLE GIRL
10225,TK6a76fb8319c134.61401300,JUNGLE GIRL
10226,TK6a76fc16b09553.11680074,JUNGLE GIRL
10227,TK6a76fc3b443789.63183404,JUNGLE GIRL
10228,TK6a76fc3b7c5b72.95830148,JUNGLE GIRL
10229,TK6a76fc56094946.28021142,JUNGLE GIRL
10230,TK6a76fc56325fd0.44330138,JUNGLE GIRL
10231,TK6a76fc9e31caf2.07285885,JUNGLE GIRL
10232,TK6a76fc9e5ba7f4.31047618,JUNGLE GIRL
10233,TK6a76fc9e8b2101.93611029,JUNGLE GIRL
10234,TK6a76fc9eb4e0f1.29038463,JUNGLE GIRL
10235,TK6a76fc9ede7029.65114639,JUNGLE GIRL
10236,TK6a76fc9f1546a9.30459437,JUNGLE GIRL
10237,TK6a76fc9f402e98.97310815,JUNGLE GIRL
10238,TK6a76fc9f694890.23646812,JUNGLE GIRL
10239,TK6a76fcf1a83312.18789620,JUNGLE GIRL
10240,TK6a76fd22d5c892.86568279,JUNGLE GIRL
10241,TK6a76fd2313b3e7.23998394,JUNGLE GIRL
10242,TK6a76fd62a89149.14392693,JUNGLE GIRL
10243,TK6a76fd62d4fce9.33400192,JUNGLE GIRL
10244,TK6a76fd8a624ce2.92948196,JUNGLE GIRL
10245,TK6a76fd8aa1c4f1.82013164,JUNGLE GIRL
10246,TK6a76fdad99d179.21358285,JUNGLE GIRL
10247,TK6a76fdc821b1d6.43348566,JUNGLE GIRL
10248,TK6a76fdc84caa66.31699194,JUNGLE GIRL
10249,TK6a76fe60aa7c67.30342999,JUNGLE GIRL
10250,TK6a76fe611649b5.74004149,JUNGLE GIRL
10251,TK6a76fe6146fc83.12711847,JUNGLE GIRL
10252,TK6a76fe61789054.74905385,JUNGLE GIRL
10253,TK6a76fe61aab6f0.27516752,JUNGLE GIRL
10254,TK6a76fe621b34e1.52973114,JUNGLE GIRL
10255,TK6a76fe624d3359.77831377,JUNGLE GIRL
10256,TK6a76fe627cd985.93823449,JUNGLE GIRL
10257,TK6a76fec08b2db6.42966608,JUNGLE GIRL
10258,TK6a76fffce217f3.23576019,JUNGLE GIRL
10259,TK6a76fffd3d0e66.25300273,JUNGLE GIRL
10260,TK6a76fffd6636e2.27513197,JUNGLE GIRL
10261,TK6a7704989480c4.20292173,JUNGLE GIRL
10262,TK6a770498d34125.78615022,JUNGLE GIRL
10263,TK6a7704990f22b0.31102134,JUNGLE GIRL
10264,TK6a7704993ed4e5.48675250,JUNGLE GIRL
10265,TK6a77049968d597.50698190,JUNGLE GIRL
10266,TK6a770499927b56.80888241,JUNGLE GIRL
10267,TK6a77096bcecba8.21409454,JUNGLE GIRL
10268,TK6a77096c19e722.50693965,JUNGLE GIRL
10269,TK6a77096c4a5fe7.50260907,JUNGLE GIRL
10270,TK6a771112b61f90.33339379,JUNGLE GIRL
10271,TK6a771112f01d21.79248711,JUNGLE GIRL
10272,TK6a7722163cd427.27226609,JUNGLE GIRL
10273,TK6a77221671ac16.86205068,JUNGLE GIRL
10274,TK6a7722169f49a4.42377636,JUNGLE GIRL
10275,TK6a772216cb83f6.73625208,JUNGLE GIRL
10276,TK6a77221703d517.52655240,JUNGLE GIRL
10277,TK6a77221730ef23.78095377,JUNGLE GIRL
10278,TK6a7722175d8ab4.07422045,JUNGLE GIRL
10279,TK6a7722178a2130.91308396,JUNGLE GIRL
10280,TK6a772217b80364.13842928,JUNGLE GIRL
10281,TK6a772217e3b147.77491010,JUNGLE GIRL
10282,TK6a7722181ce899.80072654,JUNGLE GIRL
10283,TK6a7722184a1d67.35700926,JUNGLE GIRL
10284,TK6a7722187c8de8.45660429,JUNGLE GIRL
10285,TK6a772218b145d6.10334049,JUNGLE GIRL
10286,TK6a772218e43676.15267142,JUNGLE GIRL
10287,TK6a7725ba1bce24.17631692,JUNGLE GIRL
10288,TK6a7725ba4f2950.29936479,JUNGLE GIRL
10289,TK6a7725ba81ac28.36793606,JUNGLE GIRL
10290,TK6a7725bab452d6.28968061,JUNGLE GIRL
10291,TK6a7725bae72ef8.44720772,JUNGLE GIRL
10292,TK6a7725bb252d76.71441334,JUNGLE GIRL
10293,TK6a7725bb5856f2.62591648,JUNGLE GIRL
10294,TK6a7725bb8b3e45.04424423,JUNGLE GIRL
10295,TK6a7725bbbdc575.30682390,JUNGLE GIRL
10296,TK6a7725bbefced1.60613034,JUNGLE GIRL
10297,TK6a7726c951de23.60696499,JUNGLE GIRL
10298,TK6a772a11d07743.44415636,JUNGLE GIRL
10299,TK6a772b5046e4b4.82165482,JUNGLE GIRL
10300,TK6a772b507508e0.71184365,JUNGLE GIRL
10301,TK6a772b50a059a8.74435598,JUNGLE GIRL
10302,TK6a772b50d33a17.75212567,JUNGLE GIRL
10303,TK6a772b510aefd1.21559416,JUNGLE GIRL
10304,TK6a772b5136b182.36326148,JUNGLE GIRL
10305,TK6a772b5162af52.72043565,JUNGLE GIRL
10306,TK6a772b5190b406.49253820,JUNGLE GIRL
10307,TK6a772b51bcf280.87830437,JUNGLE GIRL
10308,TK6a772b51e8ae74.88967447,JUNGLE GIRL
10309,TK6a772b5220bce7.30685851,JUNGLE GIRL
10310,TK6a772b52507380.83222770,JUNGLE GIRL
10311,TK6a772b52870a04.53324709,JUNGLE GIRL
10312,TK6a772b52ba43c6.98023440,JUNGLE GIRL
10313,TK6a772b52edc5d1.90389805,JUNGLE GIRL
10314,TK6a772b93141fb6.26459082,JUNGLE GIRL
10315,TK6a772ee3b785a6.50765331,JUNGLE GIRL
10316,TK6a772ee3f00b39.64343518,JUNGLE GIRL
10317,TK6a7733621265c3.30414274,JUNGLE GIRL
10318,TK6a7733948eac24.48531918,JUNGLE GIRL
10319,TK6a773394c4e190.91454257,JUNGLE GIRL
10320,TK6a7733ac8d8af7.19538740,JUNGLE GIRL
10321,TK6a7733baf09ea9.60167297,JUNGLE GIRL
10322,TK6a7733f8b0b047.70796148,JUNGLE GIRL
10323,TK6a7733f8f37ce1.64761275,JUNGLE GIRL
10324,TK6a773403565bf4.61427409,JUNGLE GIRL
10325,TK6a7734038a1a91.39029694,JUNGLE GIRL
10326,TK6a773406b4dc57.08993998,JUNGLE GIRL
10327,TK6a773408318279.99019136,JUNGLE GIRL
10328,TK6a773427229357.54579068,JUNGLE GIRL
10329,TK6a7734742ec2a6.15055113,JUNGLE GIRL
10330,TK6a77348ae0db05.69166931,JUNGLE GIRL
10331,TK6a77348b37b0e8.79605952,JUNGLE GIRL
10332,TK6a773493f04fe3.29743138,JUNGLE GIRL
10333,TK6a7734ce47d569.17881820,JUNGLE GIRL
10334,TK6a7734ce73e8b9.15698075,JUNGLE GIRL
10335,TK6a7734cea40869.60269657,JUNGLE GIRL
10336,TK6a7734cecd2231.80209719,JUNGLE GIRL
10337,TK6a7734cf029730.17286152,JUNGLE GIRL
10338,TK6a7734cf2bde54.14745477,JUNGLE GIRL
10339,TK6a7734e6a4a3d0.46674674,JUNGLE GIRL
10340,TK6a7735061dfae2.77681341,JUNGLE GIRL
10341,TK6a7735064a5d33.95894362,JUNGLE GIRL
10342,TK6a773506755ae5.41447744,JUNGLE GIRL
10343,TK6a77351d3a48c2.36820559,JUNGLE GIRL
10344,TK6a77351d6d8747.31508709,JUNGLE GIRL
10345,TK6a7735369cb212.11455276,JUNGLE GIRL
10346,TK6a773536c7f9d0.39219201,JUNGLE GIRL
10347,TK6a7735370efed4.09357943,JUNGLE GIRL
10348,TK6a773537397eb4.83512580,JUNGLE GIRL
10349,TK6a773537699e92.09104221,JUNGLE GIRL
10350,TK6a7735379a06c4.13175878,JUNGLE GIRL
10351,TK6a773551322ac6.26475431,JUNGLE GIRL
10352,TK6a77356d422d84.84165707,JUNGLE GIRL
10353,TK6a77366eb30624.79947186,JUNGLE GIRL
10354,TK6a77366eee9207.54025915,JUNGLE GIRL
10355,TK6a77366f4b6d47.01082394,JUNGLE GIRL
10356,TK6a77366fed1e16.33570801,JUNGLE GIRL
10357,TK6a77367030e515.68210783,JUNGLE GIRL
10358,TK6a773677d6a149.15003460,JUNGLE GIRL
10359,TK6a7736cf1069f4.31240523,JUNGLE GIRL
10360,TK6a7736d9accb43.25549012,JUNGLE GIRL
10361,TK6a7737469b9076.26700383,JUNGLE GIRL
10362,TK6a7737819022c6.42357615,JUNGLE GIRL
10363,TK6a773781bfa904.83161038,JUNGLE GIRL
10364,TK6a773781f1d023.37537017,JUNGLE GIRL
10365,TK6a7737822c2a57.91492374,JUNGLE GIRL
10366,TK6a7738847e65c4.59832779,JUNGLE GIRL
10367,TK6a7738a3293826.00805867,JUNGLE GIRL
10368,TK6a7738a3658eb6.27992245,JUNGLE GIRL
10369,TK6a7738a39eaa73.35473708,JUNGLE GIRL
10370,TK6a7738a3c789a0.47341139,JUNGLE GIRL
10371,TK6a77392f70f195.79521638,JUNGLE GIRL
10372,TK6a7739a5cc5c07.81214134,JUNGLE GIRL
10373,TK6a7739a6058697.81141635,JUNGLE GIRL
10374,TK6a7739a6473c18.04583642,JUNGLE GIRL
10375,TK6a7739a672cc35.44941036,JUNGLE GIRL
10376,TK6a7739a69d7411.48304215,JUNGLE GIRL
10377,TK6a7739a6c8f485.09769002,JUNGLE GIRL
10378,TK6a7739a70038c1.69207985,JUNGLE GIRL
10379,TK6a7739a72cc5c8.67825986,JUNGLE GIRL
10380,TK6a7739a758e151.02927069,JUNGLE GIRL
10381,TK6a7739a784a2c6.93930588,JUNGLE GIRL
10382,TK6a7739a7b05ef8.92036119,JUNGLE GIRL
10383,TK6a7739a7e1a2f4.34233934,JUNGLE GIRL
10384,TK6a7739a81a14a8.34193460,JUNGLE GIRL
10385,TK6a7739a84ca1c7.74499360,JUNGLE GIRL
10386,TK6a773d8ea7cde0.32808381,JUNGLE GIRL
10387,TK6a773d8ed43ce5.69958620,JUNGLE GIRL
10388,TK6a773d8f1352d2.64565095,JUNGLE GIRL
10389,TK6a773e755518b1.00583146,JUNGLE GIRL
10390,TK6a77407e5910e7.77755075,JUNGLE GIRL
10391,TK6a7741893dce94.43034830,JUNGLE GIRL
10392,TK6a774189812577.46112946,JUNGLE GIRL
10393,TK6a774189c61d15.74598136,JUNGLE GIRL
10394,TK6a77418a0581c1.76595404,JUNGLE GIRL
10395,TK6a77418a37ade4.34395754,JUNGLE GIRL
10396,TK6a7742ef00d689.10210454,JUNGLE GIRL
10397,TK6a7742ef465228.71095387,JUNGLE GIRL
10398,TK6a774331647897.04744476,JUNGLE GIRL
10399,TK6a7743319278b0.63320174,JUNGLE GIRL
10400,TK6a774331be9d58.44942800,JUNGLE GIRL
10401,TK6a774331ea1301.90884357,JUNGLE GIRL
10402,TK6a774363268e69.64680308,JUNGLE GIRL
10403,TK6a774363561865.43730199,JUNGLE GIRL
10404,TK6a7743637e5845.82091872,JUNGLE GIRL
10405,TK6a774363a66876.96524529,JUNGLE GIRL
10406,TK6a774363ced980.88560530,JUNGLE GIRL
10407,TK6a7743640322c7.88183525,JUNGLE GIRL
10408,TK6a7743642b0844.48003208,JUNGLE GIRL
10409,TK6a77436455d7f5.11574869,JUNGLE GIRL
10410,TK6a7743647ea7c6.59011634,JUNGLE GIRL
10411,TK6a774364ae99c8.90986599,JUNGLE GIRL
10412,TK6a774364ddad04.67030427,JUNGLE GIRL
10413,TK6a77436518e4b5.11675665,JUNGLE GIRL
10414,TK6a77436548ed18.08602821,JUNGLE GIRL
10415,TK6a7743657751b9.68170345,JUNGLE GIRL
10416,TK6a774365a020b2.38291622,JUNGLE GIRL
10417,TK6a774365c97831.42710000,JUNGLE GIRL
10418,TK6a774365f39930.45303114,JUNGLE GIRL
10419,TK6a774366c186b0.79055151,JUNGLE GIRL
10420,TK6a7743b74b74e6.75177318,JUNGLE GIRL
10421,TK6a7747238f5928.90124583,JUNGLE GIRL
10422,TK6a774723d07b38.14918258,JUNGLE GIRL
10423,TK6a7747240c9db5.92681546,JUNGLE GIRL
10424,TK6a774741eb2090.16689284,JUNGLE GIRL
10425,TK6a7747648f8b89.06038972,JUNGLE GIRL
10426,TK6a77477c3e9d87.84384699,JUNGLE GIRL
10427,TK6a77477c725791.85971510,JUNGLE GIRL
10428,TK6a7747808658e5.72113445,JUNGLE GIRL
10429,TK6a774780af91b7.42108384,JUNGLE GIRL
10430,TK6a77479cdd9012.29974434,JUNGLE GIRL
10431,TK6a77479d290653.91003447,JUNGLE GIRL
10432,TK6a7748ade4cee4.31686373,JUNGLE GIRL
10433,TK6a7748ae20b164.24960928,JUNGLE GIRL
10434,TK6a7748ae4a30b3.63747295,JUNGLE GIRL
10435,TK6a7748ae73d043.62754412,JUNGLE GIRL
10436,TK6a774af94415b0.14493421,JUNGLE GIRL
10437,TK6a774af97ecae8.53968462,JUNGLE GIRL
10438,TK6a774af9a85223.71397366,JUNGLE GIRL
10439,TK6a774bcc096910.62665869,JUNGLE GIRL
10440,TK6a774be7055f00.47870676,JUNGLE GIRL
10441,TK6a774be7317691.54585789,JUNGLE GIRL
10442,TK6a774be75f0748.24732118,JUNGLE GIRL
10443,TK6a774be78bff89.56030949,JUNGLE GIRL
10444,TK6a774be7b80563.14462505,JUNGLE GIRL
10445,TK6a774be7e45c85.52360884,JUNGLE GIRL
10446,TK6a774be81cf1f7.21692549,JUNGLE GIRL
10447,TK6a774c166e2f89.01802425,JUNGLE GIRL
10448,TK6a774c16a917b6.50529819,JUNGLE GIRL
10449,TK6a774c7a5afd60.37388928,JUNGLE GIRL
10450,TK6a774c7a878b15.92541374,JUNGLE GIRL
10451,TK6a774c7aba03f0.27075751,JUNGLE GIRL
10452,TK6a774c7b053441.95110819,JUNGLE GIRL
10453,TK6a774cb745f747.60394217,JUNGLE GIRL
10454,TK6a774d3937aaa1.77844893,JUNGLE GIRL
10455,TK6a774de061efa8.00433177,JUNGLE GIRL
10456,TK6a774ea52862e6.66615252,JUNGLE GIRL
10457,TK6a775024e82337.99108841,JUNGLE GIRL
10458,TK6a77504be72639.93304211,JUNGLE GIRL
10459,TK6a7750686e7e83.40343814,JUNGLE GIRL
10460,TK6a77506f1fc811.40464401,JUNGLE GIRL
10461,TK6a775107a44011.16210644,JUNGLE GIRL
10462,TK6a77560797e589.38363631,JUNGLE GIRL
10463,TK6a7756429efb64.43749372,JUNGLE GIRL
10464,TK6a77564fce01a5.60263706,JUNGLE GIRL
10465,TK6a775a29b4d336.96417726,JUNGLE GIRL
10466,TK6a775a6cbae694.05211496,JUNGLE GIRL
10467,TK6a775a6ce30720.34488651,JUNGLE GIRL
10468,TK6a775b6c212168.56301703,JUNGLE GIRL
10469,TK6a775b6c548887.78034137,JUNGLE GIRL
10470,TK6a775b866c6380.07248828,JUNGLE GIRL
10471,TK6a775b86963a24.19958544,JUNGLE GIRL
10472,TK6a775b86c658f7.90947906,JUNGLE GIRL
10473,TK6a775bb0bd5141.32962142,JUNGLE GIRL
10474,TK6a775bb0e7f9c7.60465953,JUNGLE GIRL
10475,TK6a775bb12601c4.69543018,JUNGLE GIRL
10476,TK6a775bb1582076.02773791,JUNGLE GIRL
10477,TK6a775c21a0e780.39210394,JUNGLE GIRL
10478,TK6a775c21d2c730.61038099,JUNGLE GIRL
10479,TK6a775c22125e27.69112046,JUNGLE GIRL
10480,TK6a775c22451ca3.45996587,JUNGLE GIRL
10481,TK6a775c226e6891.04855574,JUNGLE GIRL
10482,TK6a775c97747c80.14066220,JUNGLE GIRL
10483,TK6a775c97a65f74.65839739,JUNGLE GIRL
10484,TK6a775c984c4263.72439283,JUNGLE GIRL
10485,TK6a775c9877e865.73063812,JUNGLE GIRL
10486,TK6a775cb37e6b69.22621218,JUNGLE GIRL
10487,TK6a775cb3b60929.90335429,JUNGLE GIRL
10488,TK6a775cb4046bc5.71026230,JUNGLE GIRL
10489,TK6a775d7a325ab0.71386591,JUNGLE GIRL
10490,TK6a775d7a7b21f1.81116598,JUNGLE GIRL
10491,TK6a775d7aadb992.99063516,JUNGLE GIRL
10492,TK6a775d7ae2e7d5.28283488,JUNGLE GIRL
10493,TK6a775d97286288.22547730,JUNGLE GIRL
10494,TK6a775dc0814454.39872459,JUNGLE GIRL
10495,TK6a775e2e10dad9.04273914,JUNGLE GIRL
10496,TK6a775e2e589bd4.17126102,JUNGLE GIRL
10497,TK6a775e2e8a8865.94673067,JUNGLE GIRL
10498,TK6a775e2ebe0455.90967296,JUNGLE GIRL
10499,TK6a775e2eef3681.16711813,JUNGLE GIRL
10500,TK6a775e2f2ce172.21349092,JUNGLE GIRL
10501,TK6a775e2f625848.00301448,JUNGLE GIRL
10502,TK6a775e2f971823.57003124,JUNGLE GIRL
10503,TK6a775e642e7f25.93458657,JUNGLE GIRL
10504,TK6a775e646095f2.92009214,JUNGLE GIRL
10505,TK6a775e6492a8d9.60345302,JUNGLE GIRL
10506,TK6a775e8d58c271.52993353,JUNGLE GIRL
10507,TK6a775e8d903244.76475218,JUNGLE GIRL
10508,TK6a775e8db9a800.14120808,JUNGLE GIRL
10509,TK6a775e8de4c649.76167572,JUNGLE GIRL
10510,TK6a775e8e19c8e4.73106135,JUNGLE GIRL
10511,TK6a775e8e44f895.42542526,JUNGLE GIRL
10512,TK6a775f155696b3.28288705,JUNGLE GIRL
10513,TK6a7762f2328b12.31314374,JUNGLE GIRL
10514,TK6a7762f263e3e2.11303640,JUNGLE GIRL
10515,TK6a7763deec51c8.68281078,JUNGLE GIRL
10516,TK6a7763df2e08f0.06379054,JUNGLE GIRL
10517,TK6a7763df623591.21493853,JUNGLE GIRL
10518,TK6a7763df984fa3.54611814,JUNGLE GIRL
10519,TK6a7763dfcdd373.41211942,JUNGLE GIRL
10520,TK6a77659a8dbc59.51687232,JUNGLE GIRL
10521,TK6a7767399ffee3.92436855,JUNGLE GIRL
10522,TK6a776767c02dd3.12991684,JUNGLE GIRL
10523,TK6a7767bfae0505.15925780,JUNGLE GIRL
10524,TK6a7767d095d209.19989201,JUNGLE GIRL
10525,TK6a7767d0c2baa0.57646317,JUNGLE GIRL
10526,TK6a7767d5688594.35438725,JUNGLE GIRL
10527,TK6a7767d597e3f2.17241399,JUNGLE GIRL
10528,TK6a7767f7385042.32129984,JUNGLE GIRL
10529,TK6a7767f760bc09.44439908,JUNGLE GIRL
10530,TK6a77680988cc67.67708855,JUNGLE GIRL
10531,TK6a776844a2a309.82424261,JUNGLE GIRL
10532,TK6a776844e275a7.32858641,JUNGLE GIRL
10533,TK6a7768569a0ed4.85830199,JUNGLE GIRL
10534,TK6a776a2543bc73.32559681,JUNGLE GIRL
10535,TK6a776a6f1bbfa7.50938151,JUNGLE GIRL
10536,TK6a776a9965b0f5.45980193,JUNGLE GIRL
10537,TK6a776b4114db12.00154793,JUNGLE GIRL
10538,TK6a776b413e5c97.45698180,JUNGLE GIRL
10539,TK6a776b417133f7.18607537,JUNGLE GIRL
10540,TK6a776b41a2a1d0.24272447,JUNGLE GIRL
10541,TK6a776b41d9df70.20620363,JUNGLE GIRL
10542,TK6a776febd7ae74.63793381,JUNGLE GIRL
10543,TK6a77700f1f1124.93021016,JUNGLE GIRL
10544,TK6a7770aaf16fd5.23796357,JUNGLE GIRL
10545,TK6a7770ab293224.05948692,JUNGLE GIRL
10546,TK6a777491b35533.66975498,JUNGLE GIRL
10547,TK6a777491e8bfe5.80128843,JUNGLE GIRL
10548,TK6a77749229f8b6.00076988,JUNGLE GIRL
10549,TK6a777492646069.12344716,JUNGLE GIRL
10550,TK6a7774929aa8e4.64350692,JUNGLE GIRL
10551,TK6a777492ce23b4.38333285,JUNGLE GIRL
10552,TK6a7774930c02e8.77347342,JUNGLE GIRL
10553,TK6a7774933ebb77.42946784,JUNGLE GIRL
10554,TK6a77749371bbb1.21202835,JUNGLE GIRL
10555,TK6a77757b07bb78.07830957,JUNGLE GIRL
10556,TK6a7775d04ccbd2.86534672,JUNGLE GIRL
10557,TK6a7778002547e3.53747625,JUNGLE GIRL
10558,TK6a77780052bce5.64126235,JUNGLE GIRL
10559,TK6a7778008209c0.99043997,JUNGLE GIRL
10560,TK6a777800b1b1a3.60690390,JUNGLE GIRL
10561,TK6a77781b668745.30236740,JUNGLE GIRL
10562,TK6a77781b8fbaa7.55999444,JUNGLE GIRL
10563,TK6a77781bc20376.40504601,JUNGLE GIRL
10564,TK6a77781c069fb8.33181767,JUNGLE GIRL
10565,TK6a77781c38e559.27735225,JUNGLE GIRL
10566,TK6a77781c6b4643.68997868,JUNGLE GIRL
10567,TK6a77785e33c7d0.29660598,JUNGLE GIRL
10568,TK6a77785e6847d0.85554939,JUNGLE GIRL
10569,TK6a77785e985f01.82580928,JUNGLE GIRL
10570,TK6a7778d2a81426.71038489,JUNGLE GIRL
10571,TK6a7778d310e5a7.53080705,JUNGLE GIRL
10572,TK6a7778d33a6940.51179062,JUNGLE GIRL
10573,TK6a7778ed700393.75657918,JUNGLE GIRL
10574,TK6a7778eda2d412.43084251,JUNGLE GIRL
10575,TK6a77790f5d05c4.42161016,JUNGLE GIRL
10576,TK6a777954b61058.03646690,JUNGLE GIRL
10577,TK6a7779bdcbbdc1.87511804,JUNGLE GIRL
10578,TK6a7779be007cf9.49344476,JUNGLE GIRL
10579,TK6a7779be29c4a0.89274916,JUNGLE GIRL
10580,TK6a7779be51fee5.95850294,JUNGLE GIRL
10581,TK6a7779be825486.41642079,JUNGLE GIRL
10582,TK6a777abd54c2c4.41227519,JUNGLE GIRL
10583,TK6a777abd85ffb3.83020133,JUNGLE GIRL
10584,TK6a777fc53b58e9.69924929,JUNGLE GIRL
10585,TK6a7783538dfed3.79074274,JUNGLE GIRL
10586,TK6a778353bdf5e9.07674824,JUNGLE GIRL
10587,TK6a778353e6b3f9.78770754,JUNGLE GIRL
10588,TK6a7787cd01dde7.23897461,JUNGLE GIRL
10589,TK6a7787cd348ee9.61721359,JUNGLE GIRL
10590,TK6a778d7f11cce5.12183033,JUNGLE GIRL
10591,TK6a778f2749dca1.04646147,JUNGLE GIRL
10592,TK6a778f277dedd9.08041768,JUNGLE GIRL
10593,TK6a778fa881cff2.07999884,JUNGLE GIRL
10594,TK6a778fa8b1a136.66387917,JUNGLE GIRL
10595,TK6a7790d43e5643.10085758,JUNGLE GIRL
10596,TK6a7790d46e7660.88146804,JUNGLE GIRL
10597,TK6a7790d49fe0a2.13921145,JUNGLE GIRL
10598,TK6a7790d4cbce51.96623123,JUNGLE GIRL
10599,TK6a7790d5036e52.75356382,JUNGLE GIRL
10600,TK6a7790d52f3991.51282907,JUNGLE GIRL
10601,TK6a7790d55b2bb8.80082749,JUNGLE GIRL
10602,TK6a7790d586ecc7.28943785,JUNGLE GIRL
10603,TK6a779445d5f972.77946071,JUNGLE GIRL
10604,TK6a77944617f1e2.07596568,JUNGLE GIRL
10605,TK6a7794464e8504.32064902,JUNGLE GIRL
10606,TK6a77944685b063.30736087,JUNGLE GIRL
10607,TK6a77979f393520.90795434,JUNGLE GIRL
10608,TK6a77979f667ee6.73850734,JUNGLE GIRL
10609,TK6a7798c6b6a396.40087750,JUNGLE GIRL
10610,TK6a7798c6e2b562.29184387,JUNGLE GIRL
10611,TK6a7798c71bfc44.94224458,JUNGLE GIRL
10612,TK6a7798c7470841.83678437,JUNGLE GIRL
10613,TK6a779e306f1b17.01313879,JUNGLE GIRL
10614,TK6a779eb2660308.89075847,JUNGLE GIRL
10615,TK6a779eb292bfb0.50328983,JUNGLE GIRL
10616,TK6a779eb2c0e276.32603640,JUNGLE GIRL
10617,TK6a779eb2ecd3f4.26173627,JUNGLE GIRL
10618,TK6a779eb3249ac6.99797727,JUNGLE GIRL
10619,TK6a779eb38b6197.25361298,JUNGLE GIRL
10620,TK6a77a079bd2146.29655217,JUNGLE GIRL
10621,TK6a77a1071756e1.77654776,JUNGLE GIRL
10622,TK6a77a1074bcbc9.80183068,JUNGLE GIRL
10623,TK6a77a1077f5d96.41596213,JUNGLE GIRL
10624,TK6a77a107b27705.42496615,JUNGLE GIRL
10625,TK6a77a1f8979ed1.66922917,JUNGLE GIRL
10626,TK6a77a1f8d50e67.27926649,JUNGLE GIRL
10627,TK6a77a3afe51779.77752022,JUNGLE GIRL
10628,TK6a77a3b01d0323.28292349,JUNGLE GIRL
10629,TK6a77a5f6e148d4.88319003,JUNGLE GIRL
10630,TK6a77a5f71fa229.47000569,JUNGLE GIRL
10631,TK6a77a5f752eb35.20642608,JUNGLE GIRL
10632,TK6a77a5f78ae4a3.44266326,JUNGLE GIRL
10633,TK6a77aa8ea43479.85358978,JUNGLE GIRL
10634,TK6a77ab732b3382.59691936,JUNGLE GIRL
10635,TK6a77abadb1afe6.32303269,JUNGLE GIRL
10636,TK6a77b384a5f3e6.04415586,JUNGLE GIRL
10637,TK6a77b384d654c8.73031105,JUNGLE GIRL
10638,TK6a77b525462cc5.48928474,JUNGLE GIRL
10639,TK6a77b52573b189.99871605,JUNGLE GIRL
10640,TK6a77b9325f9015.75969616,JUNGLE GIRL
10641,TK6a77b9329d63d0.81721080,JUNGLE GIRL
10642,TK6a77b932db0040.01698624,JUNGLE GIRL
10643,TK6a77b93311afc9.30436670,JUNGLE GIRL
10644,TK6a77b9333b39a5.36794692,JUNGLE GIRL
10645,TK6a77c0e2bbf9a1.88429906,JUNGLE GIRL
10646,TK6a77c8875b4ee2.96747474,JUNGLE GIRL
10647,TK6a77ca2f0c9467.06551502,JUNGLE GIRL
10648,TK6a77d057b6ce81.79607494,JUNGLE GIRL
10649,TK6a77d1c5516d85.25085131,JUNGLE GIRL
10650,TK6a77d1e219c4b0.02377649,JUNGLE GIRL
10651,TK6a77d1e24618f7.78231903,JUNGLE GIRL
10652,TK6a77d83c58c169.86520084,JUNGLE GIRL
10653,TK6a77d83c831726.64530470,JUNGLE GIRL
10654,TK6a77d83cae5736.05208039,JUNGLE GIRL
10655,TK6a77da914551c5.44790893,JUNGLE GIRL
10656,TK6a77da919b79c4.83125600,JUNGLE GIRL
10657,TK6a77da91cde080.18334805,JUNGLE GIRL
10658,TK6a77da920d6340.98089899,JUNGLE GIRL
10659,TK6a77da92450553.35114260,JUNGLE GIRL
10660,TK6a77da92794796.30376668,JUNGLE GIRL
10661,TK6a77da92ac3607.80368659,JUNGLE GIRL
10662,TK6a77da92e33d94.82124466,JUNGLE GIRL
10663,TK6a77da93220546.68105677,JUNGLE GIRL
10664,TK6a77da9354b8b1.64478274,JUNGLE GIRL
10665,TK6a77da9387a855.30018532,JUNGLE GIRL
10666,TK6a77da93ba3641.34594095,JUNGLE GIRL
10667,TK6a77dde385e8f0.22791715,JUNGLE GIRL
10668,TK6a77dde3b3a281.84309674,JUNGLE GIRL
10669,TK6a77dde3dfd2c9.56928502,JUNGLE GIRL
10670,TK6a77e017463da2.88849537,JUNGLE GIRL
10671,TK6a77e0176f8aa4.94217895,JUNGLE GIRL
10672,TK6a77e017ada276.73019638,JUNGLE GIRL
10673,TK6a77e017d93132.86198256,JUNGLE GIRL
10674,TK6a77e0180f2266.85525904,JUNGLE GIRL
10675,TK6a77e0c477f360.44270293,JUNGLE GIRL
10676,TK6a77e0c4b0e3b9.38161571,JUNGLE GIRL
10677,TK6a77e0fc25caa6.63113154,JUNGLE GIRL
10678,TK6a77e0fc516c45.52093867,JUNGLE GIRL
10679,TK6a77e0fc7a89c3.64242350,JUNGLE GIRL
10680,TK6a77e159dbba45.58567128,JUNGLE GIRL
10681,TK6a77e15a181675.91111879,JUNGLE GIRL
10682,TK6a77e15a486450.01772612,JUNGLE GIRL
10683,TK6a77e15a794783.19405466,JUNGLE GIRL
10684,TK6a77e15aa95a67.51666983,JUNGLE GIRL
10685,TK6a77e15ad92790.05183925,JUNGLE GIRL
10686,TK6a77e15b14cd72.45197318,JUNGLE GIRL
10687,TK6a77e15b445b63.96053229,JUNGLE GIRL
10688,TK6a77e15b7433e5.77255893,JUNGLE GIRL
10689,TK6a77e15ba49222.45175890,JUNGLE GIRL
10690,TK6a77e16a737af0.14478574,JUNGLE GIRL
10691,TK6a77e16aa48651.18175592,JUNGLE GIRL
10692,TK6a77e16acd94d3.34187714,JUNGLE GIRL
10693,TK6a77e16b01d387.58245316,JUNGLE GIRL
10694,TK6a77e16b2b6695.95272840,JUNGLE GIRL
10695,TK6a77e16b54a487.17112083,JUNGLE GIRL
10696,TK6a77e16b808c33.21907189,JUNGLE GIRL
10697,TK6a77e16ba9b493.07567102,JUNGLE GIRL
10698,TK6a77e16bd2d077.74523438,JUNGLE GIRL
10699,TK6a77e16c07cfd4.59823990,JUNGLE GIRL
10700,TK6a77e1b5b2e343.41582740,JUNGLE GIRL
10701,TK6a77e1b5e5b288.85019449,JUNGLE GIRL
10702,TK6a77e1b61bce80.04714562,JUNGLE GIRL
10703,TK6a77e1b644c805.74353844,JUNGLE GIRL
10704,TK6a77e1b66ff2e6.59332613,JUNGLE GIRL
10705,TK6a77e1b69a2781.33827148,JUNGLE GIRL
10706,TK6a77e1b6c97950.47011165,JUNGLE GIRL
10707,TK6a77e1b70480f1.32669435,JUNGLE GIRL
10708,TK6a77e1b7348262.44691124,JUNGLE GIRL
10709,TK6a77e1b7640fc6.57062124,JUNGLE GIRL
10710,TK6a77e1d59a53a7.87172088,JUNGLE GIRL
10711,TK6a77e1d5d38781.45552864,JUNGLE GIRL
10712,TK6a77e1d61b70b4.70100384,JUNGLE GIRL
10713,TK6a77e1dc30d021.97126402,JUNGLE GIRL
10714,TK6a77e2059d9627.06907704,JUNGLE GIRL
10715,TK6a77e205cfc8c3.55272958,JUNGLE GIRL
10716,TK6a77e221c2e022.50811093,JUNGLE GIRL
10717,TK6a77e221eec231.18778055,JUNGLE GIRL
10718,TK6a77e22222da79.14923122,JUNGLE GIRL
10719,TK6a77e24b87c0a4.80235222,JUNGLE GIRL
10720,TK6a77e24bb17391.80102527,JUNGLE GIRL
10721,TK6a77e24bda2534.42637749,JUNGLE GIRL
10722,TK6a77e24c167f95.36495628,JUNGLE GIRL
10723,TK6a77e24c476339.50745046,JUNGLE GIRL
10724,TK6a77e289cc0900.01610932,JUNGLE GIRL
10725,TK6a77e3782ee294.64990042,JUNGLE GIRL
10726,TK6a77e3785925b7.10474630,JUNGLE GIRL
10727,TK6a77e39951ccf5.16728609,JUNGLE GIRL
10728,TK6a77e3997ca3b4.53817748,JUNGLE GIRL
10729,TK6a77e691ab5764.13363618,JUNGLE GIRL
10730,TK6a77e7cdc3de39.17268052,JUNGLE GIRL
10731,TK6a77ea69b47fb1.68689231,JUNGLE GIRL
10732,TK6a77efcbc47032.78571442,JUNGLE GIRL
10733,TK6a77efea198fd9.10755562,JUNGLE GIRL
10734,TK6a77f4f049b3f5.56949955,JUNGLE GIRL
10735,TK6a77f620242f02.97250147,JUNGLE GIRL
10736,TK6a77f62069f469.96643822,JUNGLE GIRL
10737,TK6a77fa17caed45.70314830,JUNGLE GIRL
10738,TK6a77fa182812d8.83641845,JUNGLE GIRL
10739,TK6a77fa1858d512.31745823,JUNGLE GIRL
10740,TK6a77fa18890922.48143705,JUNGLE GIRL
10741,TK6a77fa18b80a65.14057118,JUNGLE GIRL
10742,TK6a77fa18e682f3.60019374,JUNGLE GIRL
10743,TK6a77fa19232719.55940489,JUNGLE GIRL
10744,TK6a77fa1954f372.17608261,JUNGLE GIRL
10745,TK6a77fa198319c6.49471490,JUNGLE GIRL
10746,IET6a18d9ce999067.68902743,PRE SALE F
10747,IET6a18da133705d1.45737258,PRE SALE F
10748,IET6a18da8b50c9b6.36350691,PRE SALE F
10749,IET6a18db63902c20.42674468,PRE SALE F
10750,IET6a18dcd9c61b70.83663906,PRE SALE F
10751,IET6a18dcf451e058.97948328,PRE SALE F
10752,IET6a18dd130151f3.26484799,PRE SALE F
10753,IET6a18dd13e240b9.03083970,PRE SALE F
10754,IET6a18dd13e287e0.66164823,PRE SALE F
10755,IET6a18ddcb7125c6.76567603,PRE SALE F
10756,IET6a18dfe00303c4.82780151,PRE SALE F
10757,IET6a18e11f542559.59614335,PRE SALE F
10758,IET6a18e14be72ba3.78449680,PRE SALE F
10759,IET6a18e23a7f9aa4.83975467,PRE SALE F
10760,IET6a18e23a7ff814.75686374,PRE SALE F
10761,IET6a18e2c6a8d815.71579447,PRE SALE F
10762,IET6a18e2d0e0e006.14250989,PRE SALE F
10763,IET6a18e2d0e13016.71627537,PRE SALE F
10764,IET6a18e2d0e17948.59224799,PRE SALE F
10765,IET6a18e2ee41d4d8.10370689,PRE SALE F
10766,IET6a18e2f3697a52.54769981,PRE SALE F
10767,IET6a18e302a26f85.78483168,PRE SALE F
10768,IET6a18e32964eaa9.67417028,PRE SALE F
10769,IET6a18e34e503bf9.95457896,PRE SALE F
10770,IET6a18e34e508ee7.65652897,PRE SALE F
10771,IET6a18e3af7a81f6.45181305,PRE SALE F
10772,IET6a18e3af7ad1b5.17745843,PRE SALE F
10773,IET6a18e3af7b1645.48013075,PRE SALE F
10774,IET6a18e3af7b5be2.67582019,PRE SALE F
10775,IET6a18e3af7b9f45.42671180,PRE SALE F
10776,IET6a18e4983e46f5.14896029,PRE SALE F
10777,IET6a18e544797147.06098269,PRE SALE F
10778,IET6a18e637d16469.30953059,PRE SALE F
10779,IET6a18e637d1c152.02357958,PRE SALE F
10780,IET6a18e666504c83.75008762,PRE SALE F
10781,IET6a18e8a29ad982.91640719,PRE SALE F
10782,IET6a18ec0db44db4.24054050,PRE SALE F
10783,IET6a18ec0db4bfc2.49371360,PRE SALE F
10784,IET6a18ec0db50938.52120786,PRE SALE F
10785,IET6a18ecbb9b2323.27716373,PRE SALE F
10786,IET6a18eea464f0b1.73430487,PRE SALE F
10787,IET6a18f0a7713c17.34730478,PRE SALE F
10788,IET6a18f15e4de273.66285819,PRE SALE F
10789,IET6a18f15e4e33a8.85542694,PRE SALE F
10790,IET6a18f35966af50.23706486,PRE SALE F
10791,IET6a18f3a6813364.41557411,PRE SALE F
10792,IET6a18f6701a0a14.87267494,PRE SALE F
10793,IET6a18f894ea7fe2.57481116,PRE SALE F
10794,IET6a18fcbf3083d5.60536860,PRE SALE F
10795,IET6a190dbbe95d53.43329174,PRE SALE F
10796,IET6a191317a38906.36421153,PRE SALE F
10797,IET6a195221818f32.27252650,PRE SALE F
10798,IET6a1964a94bf028.18684923,PRE SALE F
10799,IET6a1964a94c3db5.63098776,PRE SALE F
10800,IET6a197273541e44.34229739,PRE SALE F
10801,IET6a197a50a28d19.72502035,PRE SALE F
10802,IET6a19876194a572.97601737,PRE SALE F
10803,IET6a1995a43b7c31.38748321,PRE SALE F
10804,IET6a19961f141f92.31571703,PRE SALE F
10805,IET6a19961f146909.86931871,PRE SALE F
10806,IET6a199681d65ae0.60389080,PRE SALE F
10807,IET6a19a81de78ef3.07108211,PRE SALE F
10808,IET6a19bb3de58d74.84487073,PRE SALE F
10809,IET6a19bb6789d1e8.31217451,PRE SALE F
10810,IET6a19bb678a16e1.03152377,PRE SALE F
10811,IET6a19d4ff30c524.11266858,PRE SALE F
10812,IET6a19d4ff3115b4.73468597,PRE SALE F
10813,IET6a19d4ff3156a2.24740747,PRE SALE F
10814,IET6a19da5b795c10.21751081,PRE SALE F
10815,IET6a19ddf3e98f07.41579811,PRE SALE F
10816,IET6a19e42c118d19.74059246,PRE SALE F
10817,IET6a1a01e8b37cc0.15785119,PRE SALE F
10818,IET6a1a07a1643b54.33420464,PRE SALE F
10819,IET6a1a154f62e0d2.69604601,PRE SALE F
10820,IET6a1a1c5de153b2.53367626,PRE SALE F
10821,IET6a1a1c5de1aa29.77723593,PRE SALE F
10822,IET6a1a1ec8988183.40422464,PRE SALE F
10823,IET6a1a1f5f1e60a7.26971018,PRE SALE F
10824,IET6a1a1f5f1ed441.59648635,PRE SALE F
10825,IET6a1a243f141125.16973810,PRE SALE F
10826,IET6a1a243f145ec2.89433564,PRE SALE F
10827,IET6a1a28c0e1d9e3.24411632,PRE SALE F
10828,IET6a1a3461bae272.02130014,PRE SALE F
10829,IET6a1a36c038efb0.70907192,PRE SALE F
10830,IET6a1a38d3e3e4d7.83281398,PRE SALE F
10831,IET6a1a38d3e42d55.95946866,PRE SALE F
10832,IET6a1a3a25287612.32017560,PRE SALE F
10833,IET6a1a3ac3dd8061.50214967,PRE SALE F
10834,IET6a1a3ac3ddc9e0.62680400,PRE SALE F
10835,IET6a1a3ac3de0ca0.41561267,PRE SALE F
10836,IET6a1a4aefc3e586.56850220,PRE SALE F
10837,IET6a1a53aa7ae8d6.99296392,PRE SALE F
10838,IET6a1a6bcdcdea27.79300203,PRE SALE F
10839,IET6a1ad253b67752.67455697,PRE SALE F
10840,IET6a1ad2c05f0987.24274527,PRE SALE F
10841,IET6a1ad2c05f5272.26827022,PRE SALE F
10842,IET6a1ad5d7c93ec7.56272119,PRE SALE F
10843,IET6a1add57635d36.28270189,PRE SALE F
10844,IET6a1adef33bdff2.34349147,PRE SALE F
10845,IET6a1af37287b598.19505085,PRE SALE F
10846,IET6a1af372881294.18917104,PRE SALE F
10847,IET6a1b16c3cd5917.95738898,PRE SALE F
10848,IET6a1b5c196ae541.85204855,PRE SALE F
10849,IET6a1b5ff8bd77c6.45326738,PRE SALE F
10850,IET6a1b5ff8bdc520.79994211,PRE SALE F
10851,IET6a1b6d4bde2da2.16141380,PRE SALE F
10852,IET6a1b7335dd7568.46589668,PRE SALE F
10853,IET6a1b8731060e21.17695506,PRE SALE F
10854,IET6a1b87e5b38e67.73146343,PRE SALE F
10855,IET6a1b982a9daf63.00379363,PRE SALE F
10856,IET6a1b9aa6e6a187.65494894,PRE SALE F
10857,IET6a1ba3232eb3a6.06040103,PRE SALE F
10858,IET6a1baf6dabdb79.92966065,PRE SALE F
10859,IET6a1c42e6c2d700.05516648,PRE SALE F
10860,IET6a1c4caead4f74.66261130,PRE SALE F
10861,IET6a1c636701cb01.90295957,PRE SALE F
10862,IET6a1c98fcb2a2a3.47392205,PRE SALE F
10863,IET6a1c9a06349778.62405458,PRE SALE F
10864,IET6a1caee0a287d6.30446167,PRE SALE F
10865,IET6a1cbf918f00d1.05242414,PRE SALE F
10866,IET6a1cd89817d4d6.79438828,PRE SALE F
10867,IET6a1ded411374c3.35935070,PRE SALE F
10868,IET6a60cfd7c2f397.49545333,PRE SALE F
10869,IET6a76474bee0ee5.45895652,PRE SALE F
10870,IET6a18d768c63d73.83803725,PRE SALE MALE 
10871,IET6a18d837747ac4.86167920,PRE SALE MALE 
10872,IET6a18d9d3387053.36484959,PRE SALE MALE 
10873,IET6a18d9fc4c0b48.58805326,PRE SALE MALE 
10874,IET6a18daf1e102c7.28484011,PRE SALE MALE 
10875,IET6a18db340a9d27.87455585,PRE SALE MALE 
10876,IET6a18db8ad18cf6.67613494,PRE SALE MALE 
10877,IET6a18dd77193c24.45676575,PRE SALE MALE 
10878,IET6a18de444f4f74.79929211,PRE SALE MALE 
10879,IET6a18dec8c3bed8.73182314,PRE SALE MALE 
10880,IET6a18dfe0035b46.73880050,PRE SALE MALE 
10881,IET6a18e1f1170c64.96696994,PRE SALE MALE 
10882,IET6a18e28192f779.20238940,PRE SALE MALE 
10883,IET6a18e329653848.01869073,PRE SALE MALE 
10884,IET6a18e3376f6d37.04877221,PRE SALE MALE 
10885,IET6a18e4983dfa52.28149472,PRE SALE MALE 
10886,IET6a18e5e3752957.91089126,PRE SALE MALE 
10887,IET6a18e637d20ed7.84605146,PRE SALE MALE 
10888,IET6a18e66650a385.70919347,PRE SALE MALE 
10889,IET6a18e7aede60b7.71625352,PRE SALE MALE 
10890,IET6a18eb4a990921.72978620,PRE SALE MALE 
10891,IET6a18ecbb9b7a83.60190543,PRE SALE MALE 
10892,IET6a18eed4644ba4.35635576,PRE SALE MALE 
10893,IET6a18ef183445b2.20075483,PRE SALE MALE 
10894,IET6a18f051632f26.54431265,PRE SALE MALE 
10895,IET6a18f62ae9aa29.73514640,PRE SALE MALE 
10896,IET6a18f6a7248104.96302691,PRE SALE MALE 
10897,IET6a18f6b4730f14.14765207,PRE SALE MALE 
10898,IET6a18f830e169a6.69800680,PRE SALE MALE 
10899,IET6a191317a3ef30.80522960,PRE SALE MALE 
10900,IET6a1929dcbed249.11643697,PRE SALE MALE 
10901,IET6a194c83701734.13603262,PRE SALE MALE 
10902,IET6a1964a94c7d17.53047450,PRE SALE MALE 
10903,IET6a1981ac48a0b8.75516750,PRE SALE MALE 
10904,IET6a1998a2051f68.88599356,PRE SALE MALE 
10905,IET6a19b81b265d62.18747996,PRE SALE MALE 
10906,IET6a19b84788be73.90015582,PRE SALE MALE 
10907,IET6a19c9dc16e685.88121217,PRE SALE MALE 
10908,IET6a19cc8a40a5a0.12227620,PRE SALE MALE 
10909,IET6a19d3a699b343.60528240,PRE SALE MALE 
10910,IET6a19d524a3a936.06840763,PRE SALE MALE 
10911,IET6a19da5b79aa82.03468332,PRE SALE MALE 
10912,IET6a19e38acc8264.37520767,PRE SALE MALE 
10913,IET6a19e42c11ef07.07568691,PRE SALE MALE 
10914,IET6a1a154f628a62.81889941,PRE SALE MALE 
10915,IET6a1a154f632717.92051278,PRE SALE MALE 
10916,IET6a1a1a891377a1.42889956,PRE SALE MALE 
10917,IET6a1a23648e64b3.81965466,PRE SALE MALE 
10918,IET6a1a28c0e222c8.33166503,PRE SALE MALE 
10919,IET6a1a31a7bb59e7.61445713,PRE SALE MALE 
10920,IET6a1a3417b8bb98.60956129,PRE SALE MALE 
10921,IET6a1a3417b90412.06382543,PRE SALE MALE 
10922,IET6a1a3461bb3f10.72069185,PRE SALE MALE 
10923,IET6a1a38d3e46d21.01415678,PRE SALE MALE 
10924,IET6a1a6f3da381a5.73700765,PRE SALE MALE 
10925,IET6a1a6f3da3e990.98300498,PRE SALE MALE 
10926,IET6a1a79f3a7bfc5.13354379,PRE SALE MALE 
10927,IET6a1af01e9d0856.51662659,PRE SALE MALE 
10928,IET6a1b091b01ac44.45252542,PRE SALE MALE 
10929,IET6a1b16c3cdac19.60044721,PRE SALE MALE 
10930,IET6a1b67730637c9.63707562,PRE SALE MALE 
10931,IET6a1b69132be937.68090717,PRE SALE MALE 
10932,IET6a1b7335ddceb4.56163614,PRE SALE MALE 
10933,IET6a1b918bdd6359.14459863,PRE SALE MALE 
10934,IET6a1ba3232efaa8.97258658,PRE SALE MALE 
10935,IET6a1c21c3d9ab63.44869400,PRE SALE MALE 
10936,IET6a1c41a1e32040.57254405,PRE SALE MALE 
10937,IET6a1c4caeadb855.90911091,PRE SALE MALE 
10938,IET6a1c653ea00bd9.29646568,PRE SALE MALE 
10939,IET6a28adacdd7079.74207663,PRE SALE MALE 
10940,IET6a663096a39065.93975925,PRE SALE MALE 
10941,IET6a3162af1a71f1.65178045,TIER 1 fem
10942,IET6a3168151f3178.15491530,TIER 1 fem
10943,IET6a316d56d14e73.42166469,TIER 1 fem
10944,IET6a316d56d1f0d3.41415794,TIER 1 fem
10945,IET6a31720f82c4a0.26164440,TIER 1 fem
10946,IET6a31720f831f57.43706183,TIER 1 fem
10947,IET6a31e5740c0af5.11780327,TIER 1 fem
10948,IET6a31e5740c5af9.80133528,TIER 1 fem
10949,IET6a322dc5125ca3.04731264,TIER 1 fem
10950,IET6a322f1f63fed2.93275573,TIER 1 fem
10951,IET6a327a9fc69176.65120988,TIER 1 fem
10952,IET6a3303ef32efa0.84184445,TIER 1 fem
10953,IET6a331d1f5ca4e1.31056329,TIER 1 fem
10954,IET6a33fde9104de8.40612146,TIER 1 fem
10955,IET6a346b69a7b686.24123316,TIER 1 fem
10956,IET6a346b69a81f90.61714321,TIER 1 fem
10957,IET6a3704ad763c98.58003190,TIER 1 fem
10958,IET6a395f328f8133.22381880,TIER 1 fem
10959,IET6a395f328fe254.23601277,TIER 1 fem
10960,IET6a3c9231440c41.10174677,TIER 1 fem
10961,IET6a3ddad5610830.32108916,TIER 1 fem
10962,IET6a3eb78b8c81a1.90996026,TIER 1 fem
10963,IET6a3ef1ce3b5730.54426111,TIER 1 fem
10964,IET6a3f37af2c3364.99203285,TIER 1 fem
10965,IET6a401a261ead12.85447906,TIER 1 fem
10966,IET6a42fb5221af73.93317976,TIER 1 fem
10967,IET6a42fb5221f9e9.90758427,TIER 1 fem
10968,IET6a44763971f0d8.44537214,TIER 1 fem
10969,IET6a451398488352.60132268,TIER 1 fem
10970,IET6a45eb121993b0.86544234,TIER 1 fem
10971,IET6a482f5dccb187.46500979,TIER 1 fem
10972,IET6a4a12a2735e75.54510914,TIER 1 fem
10973,IET6a4c29b5067eb3.49127463,TIER 1 fem
10974,IET6a4ed4d84310f7.53528731,TIER 1 fem
10975,IET6a5297fee04c47.10352334,TIER 1 fem
10976,IET6a540a0b6cfde5.57394131,TIER 1 fem
10977,IET6a54533e87bde6.39249915,TIER 1 fem
10978,IET6a54c8782d3787.13429422,TIER 1 fem
10979,IET6a54e7ad6c5835.06748365,TIER 1 fem
10980,IET6a54e8df759f90.61991214,TIER 1 fem
10981,IET6a555a0e68d715.31305599,TIER 1 fem
10982,IET6a55715a017021.30414822,TIER 1 fem
10983,IET6a5593f99ed167.65823680,TIER 1 fem
10984,IET6a55956846f9c7.77464242,TIER 1 fem
10985,IET6a55a31c079418.54624379,TIER 1 fem
10986,IET6a55a799cfed94.11666293,TIER 1 fem
10987,IET6a563b6d0a6915.66883577,TIER 1 fem
10988,IET6a5646de421ff1.55049336,TIER 1 fem
10989,IET6a571302872764.31665753,TIER 1 fem
10990,IET6a57452c9295a4.02974680,TIER 1 fem
10991,IET6a57b6650d1f55.80672384,TIER 1 fem
10992,IET6a57b6650d73b9.64017133,TIER 1 fem
10993,IET6a5809af8d41e1.67658790,TIER 1 fem
10994,IET6a593a8320a653.56303382,TIER 1 fem
10995,IET6a59f853a14167.37702726,TIER 1 fem
10996,IET6a5a3982244f22.08764278,TIER 1 fem
10997,IET6a5a8987d10299.98738090,TIER 1 fem
10998,IET6a5a89c3b99468.94278001,TIER 1 fem
10999,IET6a5a9262d410b1.06796054,TIER 1 fem
11000,IET6a5a9e843cac24.96584290,TIER 1 fem
11001,IET6a5abed769e8c6.58196777,TIER 1 fem
11002,IET6a5aca831e0e04.85531843,TIER 1 fem
11003,IET6a5acdda520fd0.69412417,TIER 1 fem
11004,IET6a5befede602c0.40320175,TIER 1 fem
11005,IET6a5d1e3a0b4018.79339156,TIER 1 fem
11006,IET6a5d4cf25bea94.64934895,TIER 1 fem
11007,IET6a5d4cf25c39e6.56187481,TIER 1 fem
11008,IET6a5d5b430a82a5.11979643,TIER 1 fem
11009,IET6a5d9774144f68.65000680,TIER 1 fem
11010,IET6a5e3549650ca2.63478418,TIER 1 fem
11011,IET6a5e370e917e34.41386252,TIER 1 fem
11012,IET6a5e5ee0b07e72.00024185,TIER 1 fem
11013,IET6a5e7ae314d930.22606841,TIER 1 fem
11014,IET6a5e8546931334.33752119,TIER 1 fem
11015,IET6a5e8546937e14.57232719,TIER 1 fem
11016,IET6a5e96a39ad245.08577655,TIER 1 fem
11017,IET6a5ea9c324e2e0.28963429,TIER 1 fem
11018,IET6a5f6cea5d8759.64412164,TIER 1 fem
11019,IET6a5f6cea5dda96.41537698,TIER 1 fem
11020,IET6a5f954d4d4d74.04338626,TIER 1 fem
11021,IET6a5f96dcb70e00.02101448,TIER 1 fem
11022,IET6a5f9b584ab319.68163291,TIER 1 fem
11023,IET6a5fba902b9528.25854487,TIER 1 fem
11024,IET6a5fba902be024.48743710,TIER 1 fem
11025,IET6a5fbc54884056.40599803,TIER 1 fem
11026,IET6a5fbc54888bc9.97874140,TIER 1 fem
11027,IET6a5fd6f8bd9b55.38247016,TIER 1 fem
11028,IET6a5fe6a5a301b1.52445210,TIER 1 fem
11029,IET6a60add0f0dfc1.68147796,TIER 1 fem
11030,IET6a60b095628156.13008058,TIER 1 fem
11031,IET6a60b09562d7a4.99891857,TIER 1 fem
11032,IET6a60ca45e3cd79.96251052,TIER 1 fem
11033,IET6a61143873d5e5.93547905,TIER 1 fem
11034,IET6a61195ea1fa93.32320307,TIER 1 fem
11035,IET6a61195ea25aa8.50302450,TIER 1 fem
11036,IET6a612b0451e5a9.40456677,TIER 1 fem
11037,IET6a612b04523cc2.05940716,TIER 1 fem
11038,IET6a61357da2e915.14036543,TIER 1 fem
11039,IET6a61478a644c98.25081172,TIER 1 fem
11040,IET6a61478a64aeb2.06817029,TIER 1 fem
11041,IET6a6178de38d7d0.20179977,TIER 1 fem
11042,IET6a61f174a5e620.60008161,TIER 1 fem
11043,IET6a621ab4621d14.02849880,TIER 1 fem
11044,IET6a626cb1523133.56816148,TIER 1 fem
11045,IET6a626d2abd28b0.98207961,TIER 1 fem
11046,IET6a62850aafd2f2.57072128,TIER 1 fem
11047,IET6a628868680fa2.86221622,TIER 1 fem
11048,IET6a628868688e24.78354244,TIER 1 fem
11049,IET6a628909cd2d45.97669251,TIER 1 fem
11050,IET6a628bcbd96d32.32580229,TIER 1 fem
11051,IET6a62b8dcd1cb34.09949864,TIER 1 fem
11052,IET6a634bbe25bdb5.18560962,TIER 1 fem
11053,IET6a639531cc1b60.49815458,TIER 1 fem
11054,IET6a63c9fac9bdc1.05311721,TIER 1 fem
11055,IET6a641cdad881d7.19730602,TIER 1 fem
11056,IET6a641cdad8d366.53963618,TIER 1 fem
11057,IET6a713293c3bc77.42966614,TIER 1 fem
11058,IET6a713293c424e4.93897874,TIER 1 fem
11059,IET6a713293c4b9b9.68190826,TIER 1 fem
11060,IET6a7487d6824e16.79513871,TIER 1 fem
11061,IET6a75e708a1e805.14713808,TIER 1 fem
11062,IET6a7615661e8996.43693563,TIER 1 fem
11063,IET6a7640e9a94282.88605760,TIER 1 fem
11064,IET6a769427b33311.79445600,TIER 1 fem
11065,IET6a77bc79400162.88695586,TIER 1 fem
11066,IET6a77be15ad2b75.00774063,TIER 1 fem
11067,IET6a77c93fb2d7a7.55810277,TIER 1 fem
11068,IET6a316d56d25a32.17218968,TIER 1male
11069,IET6a31720f836a58.63533863,TIER 1male
11070,IET6a31720f83cee5.37175042,TIER 1male
11071,IET6a3179fa0000f6.73621925,TIER 1male
11072,IET6a31aad35f9b81.13136525,TIER 1male
11073,IET6a31be4bbba2a1.53594553,TIER 1male
11074,IET6a31cd2b7b80a9.06894683,TIER 1male
11075,IET6a320ee16616e8.16603553,TIER 1male
11076,IET6a320ee1667b68.23122945,TIER 1male
11077,IET6a322dc512a995.80846840,TIER 1male
11078,IET6a32491eaea138.37088297,TIER 1male
11079,IET6a329465a54b01.58815510,TIER 1male
11080,IET6a32b8096ab821.33028188,TIER 1male
11081,IET6a32d2471d96c2.14155643,TIER 1male
11082,IET6a334bda9f08e4.17762116,TIER 1male
11083,IET6a334bda9f52d4.53782831,TIER 1male
11084,IET6a343775e615f5.82095426,TIER 1male
11085,IET6a343775e66464.28530727,TIER 1male
11086,IET6a356f9e36f650.90941377,TIER 1male
11087,IET6a358c0840d6d0.99298613,TIER 1male
11088,IET6a358f5f687635.98726222,TIER 1male
11089,IET6a3704ad7698a4.50906484,TIER 1male
11090,IET6a37f190dbc407.43113512,TIER 1male
11091,IET6a37f190dc3070.75231782,TIER 1male
11092,IET6a39d3a31e3ed5.09345767,TIER 1male
11093,IET6a3c56100b8058.81622241,TIER 1male
11094,IET6a3d63eac72c75.07705153,TIER 1male
11095,IET6a3d9c0fc31235.82185714,TIER 1male
11096,IET6a3da9720a3fb6.28864576,TIER 1male
11097,IET6a3eb78b8cd869.69819983,TIER 1male
11098,IET6a3ef1ce3bcca3.90398691,TIER 1male
11099,IET6a3f37af2c83d9.14860187,TIER 1male
11100,IET6a414d8d5002d5.98138721,TIER 1male
11101,IET6a42d95b06b249.13355866,TIER 1male
11102,IET6a430100d25788.85681937,TIER 1male
11103,IET6a46f5bf77ac29.76375119,TIER 1male
11104,IET6a4a12a273bcc5.37348864,TIER 1male
11105,IET6a4a5907c66306.89003552,TIER 1male
11106,IET6a4c29b506e1b0.94797051,TIER 1male
11107,IET6a4c50bb99b534.25112657,TIER 1male
11108,IET6a4d178ab261f1.30790158,TIER 1male
11109,IET6a4d24f6276ee9.95966593,TIER 1male
11110,IET6a4ed68c35c475.85870381,TIER 1male
11111,IET6a4ef202ed6cb3.14032375,TIER 1male
11112,IET6a4f8a294af0a5.12494346,TIER 1male
11113,IET6a4f9471b39db8.09353107,TIER 1male
11114,IET6a50f61431dbe1.32861652,TIER 1male
11115,IET6a511cb20ff278.33757431,TIER 1male
11116,IET6a511d7495fef6.30583809,TIER 1male
11117,IET6a51361b3ec950.50914864,TIER 1male
11118,IET6a51361b3f31b8.49274725,TIER 1male
11119,IET6a540401a3a248.66598923,TIER 1male
11120,IET6a540a0b6d8b65.25924347,TIER 1male
11121,IET6a54534f063726.43167771,TIER 1male
11122,IET6a5581aa5f6bd3.67596012,TIER 1male
11123,IET6a559e86c49826.12535775,TIER 1male
11124,IET6a56293250aed1.73240596,TIER 1male
11125,IET6a5641d079ff18.13326455,TIER 1male
11126,IET6a56fb386aa893.74037436,TIER 1male
11127,IET6a57452c92ed27.24108170,TIER 1male
11128,IET6a5793736161d0.24667584,TIER 1male
11129,IET6a57df8eba6779.57355274,TIER 1male
11130,IET6a581b10b65503.94135429,TIER 1male
11131,IET6a593a8320f664.20354452,TIER 1male
11132,IET6a59b1cadb5633.79812939,TIER 1male
11133,IET6a59ede54652e4.52725097,TIER 1male
11134,IET6a5a1909e3ba81.02873230,TIER 1male
11135,IET6a5a9cabf39eb2.39424812,TIER 1male
11136,IET6a5aa81d608046.51951557,TIER 1male
11137,IET6a5abd99140e78.61382301,TIER 1male
11138,IET6a5bdc8db77d00.96634441,TIER 1male
11139,IET6a5c1b9b242331.22188476,TIER 1male
11140,IET6a5c1f8b3a0cb3.13927836,TIER 1male
11141,IET6a5c1f8b3a73a0.80040724,TIER 1male
11142,IET6a5c2db15494b9.08920885,TIER 1male
11143,IET6a5c3664a091f5.98795647,TIER 1male
11144,IET6a5c3d298d6d82.70215930,TIER 1male
11145,IET6a5d372595ce21.61311897,TIER 1male
11146,IET6a5d5decf0e589.84857347,TIER 1male
11147,IET6a5e357f360a54.91890404,TIER 1male
11148,IET6a5e357f36b0a1.24265565,TIER 1male
11149,IET6a5e370e91e0b4.96221500,TIER 1male
11150,IET6a5e96a39b39d6.16418540,TIER 1male
11151,IET6a5e99504041e4.88386546,TIER 1male
11152,IET6a5eaca8434476.26041047,TIER 1male
11153,IET6a60cfd7c34569.71175641,TIER 1male
11154,IET6a734c524db3a0.27048540,TIER 1male
11155,IET6a74cd8f23ef19.74588098,TIER 1male
11156,IET6a611b0d52dec0.64411994,TIER 2f
11157,IET6a63910d997a08.87940566,TIER 2f
11158,IET6a6430f90965e3.74171325,TIER 2f
11159,IET6a64ae0a60cc06.53053447,TIER 2f
11160,IET6a64b5fa271ea6.24501810,TIER 2f
11161,IET6a64b89d993cb2.72182366,TIER 2f
11162,IET6a64dadd0ea698.84558349,TIER 2f
11163,IET6a64fda35275d7.27680086,TIER 2f
11164,IET6a64ffa8dbf634.20765256,TIER 2f
11165,IET6a6529268b9db9.25399491,TIER 2f
11166,IET6a6543dc6907f1.88647109,TIER 2f
11167,IET6a65672e696ff8.57984049,TIER 2f
11168,IET6a662558633f08.75329801,TIER 2f
11169,IET6a66b3fdef02e8.60082288,TIER 2f
11170,IET6a66b3fdef6673.01713502,TIER 2f
11171,IET6a678d87452525.99832328,TIER 2f
11172,IET6a67a3e9eebae4.40467208,TIER 2f
11173,IET6a67b3c85c5e99.90177578,TIER 2f
11174,IET6a67dfdfb959c0.29503524,TIER 2f
11175,IET6a67e3615e4b30.82652902,TIER 2f
11176,IET6a68c3ea2c4e24.81594364,TIER 2f
11177,IET6a68c3ea2ca9f8.30367265,TIER 2f
11178,IET6a68d2fcd5d1e6.38570973,TIER 2f
11179,IET6a68fe43330d83.99711735,TIER 2f
11180,IET6a692b71e3c9c6.16277515,TIER 2f
11181,IET6a695acf8ff2b4.76997496,TIER 2f
11182,IET6a695f88831bb6.27829778,TIER 2f
11183,IET6a695f88837b49.04019596,TIER 2f
11184,IET6a6a4789158857.41431089,TIER 2f
11185,IET6a6a4789171755.38939859,TIER 2f
11186,IET6a6a94d8864083.09594907,TIER 2f
11187,IET6a6a94d8868d77.90174482,TIER 2f
11188,IET6a6aad12e387f0.18857807,TIER 2f
11189,IET6a6b22f978f978.67914514,TIER 2f
11190,IET6a6b4b23ead171.42648924,TIER 2f
11191,IET6a6b9122b6c170.57029630,TIER 2f
11192,IET6a6bb310125d19.06285115,TIER 2f
11193,IET6a6bce5ad60114.75032494,TIER 2f
11194,IET6a6bd6153d1318.46967719,TIER 2f
11195,IET6a6be9a0acaf17.77264410,TIER 2f
11196,IET6a6c1ca11e39e1.42836360,TIER 2f
11197,IET6a6cb80fdc1362.91228779,TIER 2f
11198,IET6a6cb80fdc6826.09944382,TIER 2f
11199,IET6a6cdf3932fac0.12923010,TIER 2f
11200,IET6a6d08c4aca321.16988201,TIER 2f
11201,IET6a6d181a080bb6.13630869,TIER 2f
11202,IET6a6d1b6ca61263.20777132,TIER 2f
11203,IET6a6d2b2305d804.52629923,TIER 2f
11204,IET6a6d2f6eb9dd65.04581015,TIER 2f
11205,IET6a6d374cc34253.96215357,TIER 2f
11206,IET6a6d5b108a7ef0.56954661,TIER 2f
11207,IET6a6d5b108ad051.96916147,TIER 2f
11208,IET6a6de2263763a7.56686951,TIER 2f
11209,IET6a6e0a94ad0a83.70940291,TIER 2f
11210,IET6a6e420c9aabc4.53768274,TIER 2f
11211,IET6a6e5df015dae2.51092341,TIER 2f
11212,IET6a6e5e80514588.06209280,TIER 2f
11213,IET6a6e5e8051a0a1.32648603,TIER 2f
11214,IET6a6e9a759adbb3.74035859,TIER 2f
11215,IET6a6eae2a1a7a76.01350010,TIER 2f
11216,IET6a6ec4646fd6c3.34428974,TIER 2f
11217,IET6a6ed8292088e4.56193762,TIER 2f
11218,IET6a6ef5c261a747.63223207,TIER 2f
11219,IET6a6f20f3976617.63174002,TIER 2f
11220,IET6a6f48d25c0538.69356911,TIER 2f
11221,IET6a6f5c8209dc31.60672807,TIER 2f
11222,IET6a6f6105370040.25345474,TIER 2f
11223,IET6a6f6fc11dc489.55696802,TIER 2f
11224,IET6a6f986eab7e14.73752451,TIER 2f
11225,IET6a6fbcbc5405e2.64866930,TIER 2f
11226,IET6a6ff9c59f2bc4.80751236,TIER 2f
11227,IET6a6ffdd5943f15.59667930,TIER 2f
11228,IET6a70326d94a0e9.97404826,TIER 2f
11229,IET6a708852f32b08.63881311,TIER 2f
11230,IET6a708a547f64f4.51016921,TIER 2f
11231,IET6a70b2cbd78f12.82188072,TIER 2f
11232,IET6a70beba868d71.67752501,TIER 2f
11233,IET6a70f580864cd5.66524866,TIER 2f
11234,IET6a711e9ccc3d70.34485830,TIER 2f
11235,IET6a712b7b87a588.14933737,TIER 2f
11236,IET6a7130f8436f63.62699193,TIER 2f
11237,IET6a7131c2e7d6d2.70554583,TIER 2f
11238,IET6a71451a88e2c7.15201676,TIER 2f
11239,IET6a71454e2f2f75.57958031,TIER 2f
11240,IET6a71480ca765e0.72377151,TIER 2f
11241,IET6a71480ca7b0e0.18353214,TIER 2f
11242,IET6a7159a18af6c5.20897956,TIER 2f
11243,IET6a716907a07a23.04369489,TIER 2f
11244,IET6a716b9719ba39.08045212,TIER 2f
11245,IET6a716b971a0973.40241391,TIER 2f
11246,IET6a71c9b94f1b93.90911743,TIER 2f
11247,IET6a71d07c52bbb3.12470283,TIER 2f
11248,IET6a71d7a288bce3.54834506,TIER 2f
11249,IET6a71d7a2890804.43983950,TIER 2f
11250,IET6a71e0fe476dc1.67106399,TIER 2f
11251,IET6a71ff4601d3e0.37116834,TIER 2f
11252,IET6a7206fb39ad36.47441656,TIER 2f
11253,IET6a720b95c0ccc0.45215437,TIER 2f
11254,IET6a7218cc6212d8.88236385,TIER 2f
11255,IET6a72222b107925.72832919,TIER 2f
11256,IET6a72228b7df544.82025992,TIER 2f
11257,IET6a72245063af43.10969269,TIER 2f
11258,IET6a724082a95e91.39243476,TIER 2f
11259,IET6a724082a9d9c1.82894038,TIER 2f
11260,IET6a725fe6c5f5c9.70003733,TIER 2f
11261,IET6a7265e4a167d0.08397299,TIER 2f
11262,IET6a72791dd6eb42.67071138,TIER 2f
11263,IET6a7288f9352123.02322716,TIER 2f
11264,IET6a728de3ac1cb3.05612935,TIER 2f
11265,IET6a729c95d87861.20758043,TIER 2f
11266,IET6a72b42db1ef32.07806487,TIER 2f
11267,IET6a73357a876664.76565292,TIER 2f
11268,IET6a7345bf380cd4.61315707,TIER 2f
11269,IET6a73520d4ff931.44465864,TIER 2f
11270,IET6a735e1f160054.07944856,TIER 2f
11271,IET6a739fdf2b3395.58909395,TIER 2f
11272,IET6a73c59525dbf4.92323578,TIER 2f
11273,IET6a73e5d9cd07d1.20951447,TIER 2f
11274,IET6a74cdfe5af902.48034552,TIER 2f
11275,IET6a74cdfe5b4fb7.98195239,TIER 2f
11276,IET6a7526146097d1.80748331,TIER 2f
11277,IET6a75f53ab07eb3.29747737,TIER 2f
11278,IET6a75f53ab0dac3.53845384,TIER 2f
11279,IET6a76782d728457.38135186,TIER 2f
11280,IET6a7686b1eb4108.54164506,TIER 2f
11281,IET6a768fb15cdb11.93602229,TIER 2f
11282,IET6a7777f3d2c790.20075736,TIER 2f
11283,IET6a5e854693d078.48475901,TIER 2m
11284,IET6a5e8ccc3595f2.50492880,TIER 2m
11285,IET6a5f3db19a1f33.78896921,TIER 2m
11286,IET6a5f45dc8ba133.03788788,TIER 2m
11287,IET6a5f5c9f724670.59862931,TIER 2m
11288,IET6a5fa3f3868101.14482641,TIER 2m
11289,IET6a5fdd19d58e88.53496768,TIER 2m
11290,IET6a5fe4d52cf271.83779431,TIER 2m
11291,IET6a5fe4d52d48a0.08561862,TIER 2m
11292,IET6a6008ec5bfc36.42139712,TIER 2m
11293,IET6a6014a48db943.57215936,TIER 2m
11294,IET6a60add0f13213.87897252,TIER 2m
11295,IET6a60c16de0c0c4.53955321,TIER 2m
11296,IET6a611b0d5351f9.92285604,TIER 2m
11297,IET6a621cd1b97f91.95655524,TIER 2m
11298,IET6a6244ddedc5b0.24509840,TIER 2m
11299,IET6a62467e2d10c4.22932299,TIER 2m
11300,IET6a626cb1527f40.00802267,TIER 2m
11301,IET6a626d2abd84c6.87071672,TIER 2m
11302,IET6a6284881f6300.40935353,TIER 2m
11303,IET6a62886868e9d7.08900197,TIER 2m
11304,IET6a6288686961b5.52056574,TIER 2m
11305,IET6a634bbe2644b9.98066600,TIER 2m
11306,IET6a6370809fe4f8.77788070,TIER 2m
11307,IET6a637080a049c6.42476888,TIER 2m
11308,IET6a63717eef5fb3.23651247,TIER 2m
11309,IET6a6381eb494298.88012685,TIER 2m
11310,IET6a63823c2f3279.71105067,TIER 2m
11311,IET6a63823c2f92d1.72666871,TIER 2m
11312,IET6a63870c1ca409.62103193,TIER 2m
11313,IET6a63911a632c95.24285246,TIER 2m
11314,IET6a6391e7cf3b02.31449191,TIER 2m
11315,IET6a63acd5af8002.97883695,TIER 2m
11316,IET6a63ada71e51c7.54503992,TIER 2m
11317,IET6a63b2d046b1c5.53743360,TIER 2m
11318,IET6a63b42c6601c2.70877334,TIER 2m
11319,IET6a63ba83234192.20261995,TIER 2m
11320,IET6a63ce9dbcf9a5.92676786,TIER 2m
11321,IET6a63f23c1b2b12.63663414,TIER 2m
11322,IET6a63f862a74037.66816596,TIER 2m
11323,IET6a63fca9d5ccf4.79348698,TIER 2m
11324,IET6a6411b33f6e65.23763308,TIER 2m
11325,IET6a6413aa3c0560.06852690,TIER 2m
11326,IET6a6413aa3c88f6.85269170,TIER 2m
11327,IET6a64144555f382.56947354,TIER 2m
11328,IET6a64144a230032.89595033,TIER 2m
11329,IET6a64207ee3de21.69685078,TIER 2m
11330,IET6a64320a125544.19682332,TIER 2m
11331,IET6a64ae0a613a40.59732931,TIER 2m
11332,IET6a64b4257806f2.28742988,TIER 2m
11333,IET6a64c9cd2c80d7.79473400,TIER 2m
11334,IET6a64d0ff0946b1.78946061,TIER 2m
11335,IET6a64ddb8a99b16.56969331,TIER 2m
11336,IET6a64e142b87df2.60162870,TIER 2m
11337,IET6a64f40b757485.44031072,TIER 2m
11338,IET6a64f40b760676.74803442,TIER 2m
11339,IET6a64f5fda7a917.91661360,TIER 2m
11340,IET6a64f91ec37200.73043514,TIER 2m
11341,IET6a655f002f9973.75516183,TIER 2m
11342,IET6a655f002fea89.66184802,TIER 2m
11343,IET6a656cc3e13be6.68630906,TIER 2m
11344,IET6a657be27197f1.46157889,TIER 2m
11345,IET6a65e2230c6cc7.41539001,TIER 2m
11346,IET6a6608bc8f79e4.54487217,TIER 2m
11347,IET6a663e5cd56182.65774998,TIER 2m
11348,IET6a663ed266a0f5.61799629,TIER 2m
11349,IET6a66661bb4ee74.72278956,TIER 2m
11350,IET6a668a410a67d7.81097399,TIER 2m
11351,IET6a66914f6db597.28891376,TIER 2m
11352,IET6a669ff1763303.41333940,TIER 2m
11353,IET6a673e93ea2535.36591778,TIER 2m
11354,IET6a674ee4a0d623.79561027,TIER 2m
11355,IET6a674fd7a1d082.02911078,TIER 2m
11356,IET6a674fd7a25cb7.13788078,TIER 2m
11357,IET6a6765bc9409b0.95327401,TIER 2m
11358,IET6a6786e65080b7.28930352,TIER 2m
11359,IET6a678c596b8e33.14990242,TIER 2m
11360,IET6a67a69d8190f8.75574094,TIER 2m
11361,IET6a67bd243a7f13.76802817,TIER 2m
11362,IET6a67d34732e4d2.48044839,TIER 2m
11363,IET6a67e803caa194.89794619,TIER 2m
11364,IET6a67ecda730a74.34541951,TIER 2m
11365,IET6a67ecda7387b2.85807676,TIER 2m
11366,IET6a67ecda73d5f3.09349891,TIER 2m
11367,IET6a67f141ddfba6.93882106,TIER 2m
11368,IET6a67f2743631b6.03329522,TIER 2m
11369,IET6a680047d78015.55281697,TIER 2m
11370,IET6a68ba9de375a3.51019057,TIER 2m
11371,IET6a68c37a4bd453.80805868,TIER 2m
11372,IET6a68c9cfe6bca6.80100534,TIER 2m
11373,IET6a68d58ff280b2.78877743,TIER 2m
11374,IET6a68db1d355e19.81507967,TIER 2m
11375,IET6a68db1d35c0a2.76854314,TIER 2m
11376,IET6a68db1d379c75.26071223,TIER 2m
11377,IET6a68db1d37ee57.56059811,TIER 2m
11378,IET6a68e5068c51a6.39865584,TIER 2m
11379,IET6a68f94cd6aef1.20357788,TIER 2m
11380,IET6a68ffdd2f0c11.01518908,TIER 2m
11381,IET6a690058273d42.04549314,TIER 2m
11382,IET6a69005827a237.86873745,TIER 2m
11383,IET6a690925d59515.01803019,TIER 2m
11384,IET6a690ce291edc9.67393321,TIER 2m
11385,IET6a6923487922c8.48550938,TIER 2m
11386,IET6a692aab3fd2e5.78227831,TIER 2m
11387,IET6a693829d24de2.61284651,TIER 2m
11388,IET6a69425737df33.23922312,TIER 2m
11389,IET6a6954fd8a6552.94467791,TIER 2m
11390,IET6a69631307cd61.36704393,TIER 2m
11391,IET6a6963b7a04811.04538917,TIER 2m
11392,IET6a6971899cc326.72794765,TIER 2m
11393,IET6a6975231919e9.96086465,TIER 2m
11394,IET6a6a04d74ed340.18992167,TIER 2m
11395,IET6a6a0653895761.06600596,TIER 2m
11396,IET6a6a3b487e8b42.36029643,TIER 2m
11397,IET6a6a3d4fdd1452.30738179,TIER 2m
11398,IET6a6a3e43eb0f80.70781466,TIER 2m
11399,IET6a6a46a3e8d807.20285280,TIER 2m
11400,IET6a6a47891ebdc9.66668620,TIER 2m
11401,IET6a6a589c39e955.24454622,TIER 2m
11402,IET6a6a725fd88b49.07804095,TIER 2m
11403,IET6a6a99162c1cc7.06500453,TIER 2m
11404,IET6a6a9d0a2ab864.19875236,TIER 2m
11405,IET6a6a9d0a2b0349.02608604,TIER 2m
11406,IET6a6aa70ab02e02.49628688,TIER 2m
11407,IET6a6aaafcdee143.20206617,TIER 2m
11408,IET6a6b22f9798036.01016512,TIER 2m
11409,IET6a6b3acc4835d2.57654371,TIER 2m
11410,IET6a6b4e356f00c2.13056200,TIER 2m
11411,IET6a6b5c739a6d22.86127941,TIER 2m
11412,IET6a6b5ea49c3a05.79207262,TIER 2m
11413,IET6a6b78bfcd4ec3.57401817,TIER 2m
11414,IET6a6b79840f8190.27813836,TIER 2m
11415,IET6a6b88c40479a7.08445900,TIER 2m
11416,IET6a6ba8e47d0694.99425958,TIER 2m
11417,IET6a6bb5252934a0.87090132,TIER 2m
11418,IET6a6bb52529a6a1.67733831,TIER 2m
11419,IET6a6bc71d009673.67049415,TIER 2m
11420,IET6a6bc71d00e2f7.56097587,TIER 2m
11421,IET6a6bca9d3c9eb8.69999607,TIER 2m
11422,IET6a6bd0bdd8ec88.57034451,TIER 2m
11423,IET6a6bd8772214b6.68421874,TIER 2m
11424,IET6a6be0d8041433.42766729,TIER 2m
11425,IET6a6be399bf85c8.25442591,TIER 2m
11426,IET6a6be921ed7951.10093710,TIER 2m
11427,IET6a6be9a0ad0736.21784083,TIER 2m
11428,IET6a6bf17c5d8fd5.54223953,TIER 2m
11429,IET6a6bf71747ab45.60976750,TIER 2m
11430,IET6a6bfed015b0c7.88302973,TIER 2m
11431,IET6a6c0a97b220f4.82733156,TIER 2m
11432,IET6a6c1b22408513.52118031,TIER 2m
11433,IET6a6c80bb4e4a03.68419242,TIER 2m
11434,IET6a6c8899499981.97155928,TIER 2m
11435,IET6a6c8ea5c6a522.30983505,TIER 2m
11436,IET6a6cada6ab8979.29798693,TIER 2m
11437,IET6a6cb80fdca463.62636917,TIER 2m
11438,IET6a6cbbffa22716.72149495,TIER 2m
11439,IET6a6cbbffa26f83.43822741,TIER 2m
11440,IET6a6cbe8caa8d06.16463134,TIER 2m
11441,IET6a6cddc468f4a2.35051981,TIER 2m
11442,IET6a6cded26f7503.56344435,TIER 2m
11443,IET6a6cf57bd5a441.69145269,TIER 2m
11444,IET6a6cf5b0bf5b20.50991083,TIER 2m
11445,IET6a6d1175d2dbe9.17407415,TIER 2m
11446,IET6a6d28c4478aa8.90446376,TIER 2m
11447,IET6a6d2c987970c1.97070754,TIER 2m
11448,IET6a6d2fa60c1974.65327108,TIER 2m
11449,IET6a6d37d81e88e4.46927116,TIER 2m
11450,IET6a6d557684ee91.64307475,TIER 2m
11451,IET6a6d5a5b049115.65165111,TIER 2m
11452,IET6a6d5b108b1370.24030693,TIER 2m
11453,IET6a6d5d285e87f8.36928930,TIER 2m
11454,IET6a6d6300018f07.48432870,TIER 2m
11455,IET6a6d73636349c5.74630366,TIER 2m
11456,IET6a6d73636399f5.09380466,TIER 2m
11457,IET6a6e0a7873f588.69316654,TIER 2m
11458,IET6a6e0a94ad6b09.83803564,TIER 2m
11459,IET6a6e157635fe42.50362636,TIER 2m
11460,IET6a6e1fce5c3037.62309359,TIER 2m
11461,IET6a6e216471eee2.62904688,TIER 2m
11462,IET6a6e2a470b39d3.44397832,TIER 2m
11463,IET6a6e43d6e7b725.93294485,TIER 2m
11464,IET6a6e43d6e83076.97756729,TIER 2m
11465,IET6a6e43d6e88a73.47326656,TIER 2m
11466,IET6a6e43d6e8d3f1.28981980,TIER 2m
11467,IET6a6e43d6e914f0.73630635,TIER 2m
11468,IET6a6e45b3c5ba88.69273637,TIER 2m
11469,IET6a6e45b3c60e64.42914337,TIER 2m
11470,IET6a6e56db3461d8.09648123,TIER 2m
11471,IET6a6e56db34d116.56651941,TIER 2m
11472,IET6a6e6a7e7a2805.90156951,TIER 2m
11473,IET6a6e6e26f25197.83144207,TIER 2m
11474,IET6a6e793eecc191.86628893,TIER 2m
11475,IET6a6e7ad18612f4.86966311,TIER 2m
11476,IET6a6e970e747b97.49068454,TIER 2m
11477,IET6a6eb3b141e901.82213233,TIER 2m
11478,IET6a6eb4cf0f4df4.29586687,TIER 2m
11479,IET6a6ec0439cad91.16915723,TIER 2m
11480,IET6a6ec464703d94.62335461,TIER 2m
11481,IET6a6f29de19ad33.60718894,TIER 2m
11482,IET6a6f4df2385a37.58249718,TIER 2m
11483,IET6a6f6298a571a8.86813495,TIER 2m
11484,IET6a6fea50808a75.16077212,TIER 2m
11485,IET6a6ff9cfb3e8b8.59201296,TIER 2m
11486,IET6a712995c85b02.66297247,TIER 2m
11487,IET6a712f4f6f8ae3.72707416,TIER 2m
11488,IET6a7131b79786a6.25854611,TIER 2m
11489,IET6a713293c47422.42494027,TIER 2m
11490,IET6a7202840fe129.71044232,TIER 2m
11491,IET6a720284102910.72230772,TIER 2m
11492,IET6a726c499ed029.83142558,TIER 2m
11493,IET6a72791dd74da2.18801305,TIER 2m
11494,IET6a727fc85a8d17.30452919,TIER 2m
11495,IET6a728674c55213.36145134,TIER 2m
11496,IET6a729c95d8c830.47768975,TIER 2m
11497,IET6a72bc6eaa18f9.36571989,TIER 2m
11498,IET6a735c17487192.35522151,TIER 2m
11499,IET6a74cad9373723.75572072,TIER 2m
11500,IET6a74da32be5e74.48821317,TIER 2m
11501,IET6a74f6a8668545.10484973,TIER 2m
11502,IET6a7524f02aca73.05519320,TIER 2m
11503,IET6a7525aba1b251.16593532,TIER 2m
11504,IET6a75291e672be5.63629331,TIER 2m
11505,IET6a75329b98e1e7.54860395,TIER 2m
11506,IET6a7628f455f277.59646594,TIER 2m
11507,IET6a762bf499b098.52691850,TIER 2m
11508,IET6a764c63a8bb96.27599905,TIER 2m
11509,IET6a764c63a909b6.45900261,TIER 2m
11510,IET6a768f584eb497.45813168,TIER 2m
11511,IET6a777138d8b780.89144596,TIER 2m
11512,IET6a777138d95244.50900400,TIER 2m
11513,IET6a77a880261912.25210908,TIER 2m
11514,IET6a77a880268b69.50743004,TIER 2m
11515,IET6a77a88026ddf1.21530236,TIER 2m
11516,IET6a77add2e89df0.77729733,TIER 2m
11517,IET6a77add2e92081.00810964,TIER 2m
11518,IET6a77d51b3dd211.96820997,TIER 2m
11519,IET6a77d51b3e45a8.31428625,TIER 2m
11520,IET6a77df709075d2.58146401,TIER 2m
11521,IET6a77f42104b262.92648133,TIER 2m
11522,IET6a77fa2a593de5.40839448,TIER 2m
11523,TK6a3ed146935d87.08293484,VIP fem
11524,TK6a42c99c1f6c23.06821045,VIP fem
11525,TK6a42c99c586877.13832199,VIP fem
11526,TK6a42c99cae0284.91337451,VIP fem
11527,TK6a502d68e06082.59337789,VIP fem
11528,IET6a5194fb7e3871.08261748,VIP fem
11529,IET6a5262ed359205.56139603,VIP fem
11530,IET6a5262ed35f432.42760588,VIP fem
11531,IET6a5262ed364f95.98141627,VIP fem
11532,TK6a5920d4b0e325.95698555,VIP fem
11533,TK6a5920d513c692.99572721,VIP fem
11534,TK6a5a8dd12696e0.47382900,VIP fem
11535,TK6a5a8dd1508fb7.71642578,VIP fem
11536,IET6a5fa2dcb47798.80847483,VIP fem
11537,IET6a5fa2dcb50b79.04935272,VIP fem
11538,TK6a60cd61e9b1a0.15446776,VIP fem
11539,TK6a60cd624659a1.84445162,VIP fem
11540,TK6a60e8d22a9d24.27387690,VIP fem
11541,IET6a62d86690c306.03424428,VIP fem
11542,TK6a63acb35d8871.52017198,VIP fem
11543,TK6a63cf7bd8d4e3.12972348,VIP fem
11544,IET6a641a4873eaf6.84166090,VIP fem
11545,TK6a667e71dc6164.75436835,VIP fem
11546,TK6a66f6611c3774.88688677,VIP fem
11547,TK6a67a20b8afd70.69731488,VIP fem
11548,TK6a67a20bbafde7.46865890,VIP fem
11549,TK6a67fd2807a4d9.14086711,VIP fem
11550,TK6a67fd2838ccc9.04252347,VIP fem
11551,TK6a67fd2869e9c3.74957735,VIP fem
11552,TK6a67fd289a9212.79969714,VIP fem
11553,IET6a690847ccfe65.08990722,VIP fem
11554,IET6a690847cd5062.25873082,VIP fem
11555,TK6a692691331e68.66620866,VIP fem
11556,TK6a692691787f08.40978041,VIP fem
11557,TK6a6940d307f328.32902433,VIP fem
11558,TK6a6940d3487543.99961683,VIP fem
11559,TK6a6940d3788dd8.96318125,VIP fem
11560,TK6a6940d3aa3372.72041252,VIP fem
11561,TK6a6940d3dae194.26726173,VIP fem
11562,TK6a6940d4197099.65478484,VIP fem
11563,IET6a696adeba0e09.04413606,VIP fem
11564,TK6a6b483931b699.88028824,VIP fem
11565,TK6a6b483aafee49.66630700,VIP fem
11566,TK6a6b549de3bee8.64056563,VIP fem
11567,TK6a6b8b82bbc207.67495198,VIP fem
11568,TK6a6ba5006451c4.62630108,VIP fem
11569,TK6a6ba5008d45d3.79346849,VIP fem
11570,TK6a6be65bebc9f9.18133187,VIP fem
11571,TK6a6be65c27d5e4.40413063,VIP fem
11572,IET6a6bf586776a01.24232890,VIP fem
11573,TK6a6cffc759ba84.63877983,VIP fem
11574,TK6a6d0d24a878e9.30752806,VIP fem
11575,TK6a6d56320d5d65.70992158,VIP fem
11576,TK6a6e3e46d56e81.94100413,VIP fem
11577,IET6a6e6a5d7d9248.78689590,VIP fem
11578,IET6a6f9480757e44.36366675,VIP fem
11579,TK6a6fb10c39b666.49529391,VIP fem
11580,TK6a708794cfcd61.55586604,VIP fem
11581,TK6a7087bd619ad5.36539854,VIP fem
11582,TK6a7087bd90a594.23577489,VIP fem
11583,TK6a708c20297e39.20180267,VIP fem
11584,IET6a70bbaae48453.13178865,VIP fem
11585,IET6a70bbaae4f2e6.17164594,VIP fem
11586,IET6a70bbaae53bb7.33676969,VIP fem
11587,TK6a712218dd71d8.09544746,VIP fem
11588,TK6a7122e9d4fc75.50269859,VIP fem
11589,TK6a7122ea325e12.62691127,VIP fem
11590,TK6a7122ea5f5da6.75544092,VIP fem
11591,TK6a7122ea883dc7.80356900,VIP fem
11592,TK6a7122eab730b2.28085951,VIP fem
11593,TK6a7122eae66848.21527994,VIP fem
11594,IET6a71351e2051b5.60393772,VIP fem
11595,IET6a71351e20a258.40379047,VIP fem
11596,IET6a71351e20e6f8.28625933,VIP fem
11597,TK6a7144a373ae44.57589096,VIP fem
11598,TK6a7144a3b945a7.75589675,VIP fem
11599,TK6a7144a405cae0.90736492,VIP fem
11600,TK6a714cf829b132.56606898,VIP fem
11601,TK6a71cfb4de2046.92141280,VIP fem
11602,TK6a722922d203c0.85792096,VIP fem
11603,TK6a722923077c96.44043408,VIP fem
11604,TK6a723bcde75561.98854998,VIP fem
11605,TK6a723bce52c205.25782436,VIP fem
11606,TK6a7261f5222b06.07937984,VIP fem
11607,IET6a7278010b66b1.33768136,VIP fem
11608,TK6a728f55c5c5b9.98803252,VIP fem
11609,TK6a728f56161592.88238547,VIP fem
11610,TK6a7292076cad17.71865922,VIP fem
11611,TK6a729207a17032.07351692,VIP fem
11612,TK6a735506234d02.27413401,VIP fem
11613,IET6a735c39997546.00612881,VIP fem
11614,IET6a735c3999cbc9.97605674,VIP fem
11615,IET6a735c399a1731.75741312,VIP fem
11616,IET6a735c399a6145.85010525,VIP fem
11617,TK6a7360ee213c54.27175260,VIP fem
11618,TK6a73612a9a1069.90775841,VIP fem
11619,TK6a73615422fbc5.45214795,VIP fem
11620,TK6a7379551ca5a1.81735020,VIP fem
11621,TK6a738f5883e6d7.54069443,VIP fem
11622,TK6a738f58ca29b2.74490490,VIP fem
11623,TK6a73f37f360385.72672675,VIP fem
11624,TK6a73f37f6fbb27.73268645,VIP fem
11625,TK6a746c31e980d5.63920673,VIP fem
11626,TK6a74897c5e7df7.74106322,VIP fem
11627,TK6a74897c9ba576.04703366,VIP fem
11628,TK6a748be36887d4.01701407,VIP fem
11629,TK6a74988e522323.37297782,VIP fem
11630,TK6a74988eba4fa9.59516507,VIP fem
11631,TK6a749eb226ab27.65428505,VIP fem
11632,TK6a74a2a7d7cd80.73547105,VIP fem
11633,TK6a74b47b0149b4.36947533,VIP fem
11634,TK6a74b47b312338.89972208,VIP fem
11635,TK6a74b47b633e41.61928636,VIP fem
11636,TK6a74b8557c3c13.75108530,VIP fem
11637,TK6a74b855bef1c2.24039326,VIP fem
11638,TK6a74b8560d4d56.08454911,VIP fem
11639,TK6a74b8563d2bb3.67031139,VIP fem
11640,TK6a74b8566ce335.23805505,VIP fem
11641,TK6a74b8569bdc50.30962900,VIP fem
11642,TK6a74b856cb6e20.41867660,VIP fem
11643,TK6a74b857064244.24180145,VIP fem
11644,TK6a74b857366a36.53859719,VIP fem
11645,TK6a74b857669d07.46496662,VIP fem
11646,TK6a74b8579708d4.39744000,VIP fem
11647,TK6a74b857c69ab4.27485957,VIP fem
11648,TK6a74b858036fe0.91116359,VIP fem
11649,TK6a74b85834fb43.18251175,VIP fem
11650,TK6a74b85865a364.81871748,VIP fem
11651,TK6a74b85897a096.00873930,VIP fem
11652,TK6a74b858c72c73.39637385,VIP fem
11653,TK6a74b859042908.51798290,VIP fem
11654,TK6a74b85933ce90.77607456,VIP fem
11655,TK6a74b8595d85a5.24448104,VIP fem
11656,TK6a74c9f7ce6761.59619263,VIP fem
11657,TK6a74c9f822e7d8.79082379,VIP fem
11658,TK6a74e7aa1902f5.13742329,VIP fem
11659,TK6a75096d365aa8.43037641,VIP fem
11660,TK6a75096d62ad51.09504223,VIP fem
11661,TK6a750e6819a397.48730391,VIP fem
11662,TK6a750e68452e42.96884734,VIP fem
11663,TK6a754b43b847c6.51346487,VIP fem
11664,TK6a754b44045164.88827589,VIP fem
11665,TK6a7551d3241d10.15346395,VIP fem
11666,TK6a75ba07c24eb6.22840819,VIP fem
11667,TK6a75ba7fc3a2f8.27030159,VIP fem
11668,TK6a75ba800174a4.70751359,VIP fem
11669,TK6a75ba8032edc1.58136259,VIP fem
11670,TK6a75bb810afcc9.62170986,VIP fem
11671,TK6a75be0adfb788.91794732,VIP fem
11672,TK6a75c1c1c375b8.07535079,VIP fem
11673,TK6a75c2ec8bc404.04743863,VIP fem
11674,TK6a75c55c94c0e7.22189324,VIP fem
11675,TK6a75e31b65abc5.93437048,VIP fem
11676,TK6a75e31b98c6d2.53074164,VIP fem
11677,IET6a76144955e324.55870413,VIP fem
11678,IET6a761449563c33.25916409,VIP fem
11679,TK6a76302426ccb9.93101957,VIP fem
11680,TK6a7633270ad437.07693451,VIP fem
11681,TK6a7633273c48e7.02318874,VIP fem
11682,TK6a763d07cd7b09.39362324,VIP fem
11683,TK6a763d0817c516.71640876,VIP fem
11684,TK6a7644791775b7.20388420,VIP fem
11685,TK6a764479497516.38113856,VIP fem
11686,TK6a7651c84936a8.10802011,VIP fem
11687,TK6a7657642aabd7.49956939,VIP fem
11688,TK6a76576469e221.17199986,VIP fem
11689,TK6a7659232e46a4.25467842,VIP fem
11690,TK6a7659237d3066.87537588,VIP fem
11691,TK6a765923b233d6.88562380,VIP fem
11692,TK6a765923e8b2d9.72732224,VIP fem
11693,TK6a7659977ba687.49485438,VIP fem
11694,TK6a765997a855b8.35010640,VIP fem
11695,TK6a765d1f949b45.16941101,VIP fem
11696,TK6a765d1fc6bf81.59278757,VIP fem
11697,TK6a766f76c89753.03205867,VIP fem
11698,TK6a7676f3168d60.47550534,VIP fem
11699,TK6a767a368cdec5.67710207,VIP fem
11700,TK6a767a36c11ef5.33362364,VIP fem
11701,TK6a767bf2002fb4.76713086,VIP fem
11702,TK6a767bf24f6476.47707296,VIP fem
11703,TK6a767ec4503b99.17099246,VIP fem
11704,TK6a767ec493b9e8.05335791,VIP fem
11705,TK6a767ec4c86a29.52060846,VIP fem
11706,TK6a76909e38e3e7.40431363,VIP fem
11707,TK6a76909e731a09.35319459,VIP fem
11708,TK6a76a4bde61658.55599464,VIP fem
11709,TK6a76a4be27cce3.56380533,VIP fem
11710,TK6a76a4be5b7547.89014836,VIP fem
11711,TK6a76a4be8f9c28.29890223,VIP fem
11712,TK6a76a4bec08ef2.16295007,VIP fem
11713,TK6a76f7c5eb8014.19064855,VIP fem
11714,TK6a76f7c741dfb4.73795517,VIP fem
11715,TK6a76f9ca3c5e88.52825828,VIP fem
11716,TK6a76f9ca64cc93.74522398,VIP fem
11717,TK6a76f9ca8d6a77.96292504,VIP fem
11718,TK6a76f9cab5e307.95802560,VIP fem
11719,TK6a76f9cade6c54.50995360,VIP fem
11720,TK6a76fa0220f800.58602797,VIP fem
11721,TK6a76fa4914d434.23838762,VIP fem
11722,TK6a76fa64852b99.26717124,VIP fem
11723,TK6a76fa7da0d7f6.78528396,VIP fem
11724,TK6a76fa9c1e4ae5.66354165,VIP fem
11725,TK6a76fb834a51a3.37014058,VIP fem
11726,TK6a76fc16db0965.52069122,VIP fem
11727,TK6a76fc3bb57984.66787436,VIP fem
11728,TK6a76fc565b6015.40290967,VIP fem
11729,TK6a76fcf1e7ce36.71678142,VIP fem
11730,TK6a76fd2343d194.06979884,VIP fem
11731,TK6a76fd631cfb10.88983009,VIP fem
11732,TK6a76fd8ad37701.80442363,VIP fem
11733,TK6a76fdadc3a2f7.97881876,VIP fem
11734,TK6a76fdc87cdde4.38834697,VIP fem
11735,TK6a76fec0bb88f8.70406117,VIP fem
11736,TK6a7707f92fc2b8.43782688,VIP fem
11737,TK6a7707f972c8e2.04134941,VIP fem
11738,TK6a7707f9af2af4.75835266,VIP fem
11739,TK6a77148a3e9da9.58376402,VIP fem
11740,TK6a772324aac7b4.49204194,VIP fem
11741,TK6a7727fca927b3.96391872,VIP fem
11742,TK6a772f6cc0d4d5.20290090,VIP fem
11743,TK6a7731013ec889.77392877,VIP fem
11744,TK6a773362707df4.72800648,VIP fem
11745,TK6a77336299ec71.14375602,VIP fem
11746,TK6a773395354104.34089290,VIP fem
11747,TK6a7733acb649d9.12514976,VIP fem
11748,TK6a7733acde6929.00723606,VIP fem
11749,TK6a7733bb32ec80.75058793,VIP fem
11750,TK6a7733d4398608.04118276,VIP fem
11751,TK6a7733f92a6b13.41676943,VIP fem
11752,TK6a77348b6e0348.67134347,VIP fem
11753,TK6a7734cf54f165.71564540,VIP fem
11754,TK6a7734e6d31c41.50084367,VIP fem
11755,TK6a7735069e3db2.70418628,VIP fem
11756,TK6a773537c9d1b8.75155212,VIP fem
11757,TK6a7735515d0c56.23065508,VIP fem
11758,TK6a7735518d3d15.51146814,VIP fem
11759,TK6a77356d6b27d8.84055703,VIP fem
11760,TK6a77356d93abd1.01873605,VIP fem
11761,TK6a7735a50b59c7.02126552,VIP fem
11762,TK6a7735a5365383.15777708,VIP fem
11763,TK6a77366fb27917.91659099,VIP fem
11764,TK6a77366fe46bd8.62735614,VIP fem
11765,TK6a773678486e80.92074247,VIP fem
11766,TK6a773678776295.40112128,VIP fem
11767,TK6a7736927b01c8.66722982,VIP fem
11768,TK6a773692a5cb27.15549689,VIP fem
11769,TK6a7736cf3b9e56.46882393,VIP fem
11770,TK6a7736cf6ad681.83011629,VIP fem
11771,TK6a7736d15af974.38439935,VIP fem
11772,TK6a7736d1868d21.74479135,VIP fem
11773,TK6a7736d1b31550.67749192,VIP fem
11774,TK6a7736d1ddeaa1.47000903,VIP fem
11775,TK6a7736d9dd5a40.13719528,VIP fem
11776,TK6a7736da1874e7.30742490,VIP fem
11777,TK6a77372ae50a43.32698043,VIP fem
11778,TK6a77372b2fe2b9.32479301,VIP fem
11779,TK6a773746cca6e9.00609651,VIP fem
11780,TK6a7737470226a3.94989971,VIP fem
11781,TK6a773768ae23f4.88231357,VIP fem
11782,TK6a773769492c08.79705776,VIP fem
11783,TK6a7737825c23e8.48083727,VIP fem
11784,TK6a7737828b70b6.41618860,VIP fem
11785,TK6a7737d1904825.09831033,VIP fem
11786,TK6a7737d1c00702.27475357,VIP fem
11787,TK6a7737f6652012.75300665,VIP fem
11788,TK6a7737f7c981f3.73703930,VIP fem
11789,TK6a7737f8088d54.90409536,VIP fem
11790,TK6a7737f83868b3.95871632,VIP fem
11791,TK6a773825b6cab5.88080826,VIP fem
11792,TK6a773884cc9cc1.34983811,VIP fem
11793,TK6a773885026d75.60841421,VIP fem
11794,TK6a7738a3f1fdf5.69491209,VIP fem
11795,TK6a7738a42e1723.16931824,VIP fem
11796,TK6a7738a45e4387.87974528,VIP fem
11797,TK6a7738a486b9e6.03458204,VIP fem
11798,TK6a7738a4b66a37.30564938,VIP fem
11799,TK6a7738a4e56879.54776808,VIP fem
11800,TK6a7738a69a3361.66904423,VIP fem
11801,TK6a7738a6c4cdd5.90535775,VIP fem
11802,TK6a773d3ce1be14.18431376,VIP fem
11803,TK6a7740249f18b2.82453399,VIP fem
11804,TK6a7740afd91cc0.96534001,VIP fem
11805,TK6a774205d543c7.29288730,VIP fem
11806,TK6a7743673cde52.15972547,VIP fem
11807,TK6a7744185c28b4.23051344,VIP fem
11808,TK6a774724767c18.21539752,VIP fem
11809,TK6a7747422710e2.30002661,VIP fem
11810,TK6a774764b97fd1.93350640,VIP fem
11811,TK6a774780da9382.28865328,VIP fem
11812,TK6a77479d596302.75168354,VIP fem
11813,TK6a7747c85b0008.02625600,VIP fem
11814,TK6a7747c886a2c2.57518976,VIP fem
11815,TK6a774af9d136d2.82083602,VIP fem
11816,TK6a774c171a5234.35200371,VIP fem
11817,TK6a774d38ea4cc8.83664379,VIP fem
11818,TK6a774d39676422.83837772,VIP fem
11819,TK6a774de0c5ecf8.47244836,VIP fem
11820,TK6a774ea58e3820.51959959,VIP fem
11821,TK6a775025316050.92985334,VIP fem
11822,TK6a77502560af36.04132496,VIP fem
11823,TK6a77504c250e91.18620490,VIP fem
11824,TK6a77506f4fc896.80682911,VIP fem
11825,TK6a77506f7aa374.27057955,VIP fem
11826,TK6a7750931f2a25.34963288,VIP fem
11827,TK6a77509352beb9.80312457,VIP fem
11828,TK6a7750d09b3187.50140363,VIP fem
11829,TK6a775107cf8454.74658149,VIP fem
11830,TK6a77510804af42.59925238,VIP fem
11831,TK6a77515706e936.92937309,VIP fem
11832,TK6a7755ecb9ddd4.71788149,VIP fem
11833,TK6a7756c9df9928.65899020,VIP fem
11834,TK6a7756ca2c1e08.55134320,VIP fem
11835,TK6a775740c70ea0.70258306,VIP fem
11836,TK6a775741086487.50473010,VIP fem
11837,TK6a775741344204.74845027,VIP fem
11838,TK6a7757ae23e459.34540578,VIP fem
11839,TK6a775a2a1f6bc1.37969944,VIP fem
11840,TK6a775a6d17f192.69573097,VIP fem
11841,TK6a775a6d4111e9.01915059,VIP fem
11842,TK6a775a89198045.98293341,VIP fem
11843,TK6a775a89498f66.40806317,VIP fem
11844,TK6a775aa8b4c468.40909404,VIP fem
11845,TK6a775ad55df898.10775525,VIP fem
11846,TK6a775ad5959009.40389863,VIP fem
11847,TK6a775af16babe4.05873214,VIP fem
11848,TK6a775af1d14e02.94869036,VIP fem
11849,TK6a775b030bef01.55030052,VIP fem
11850,TK6a775b1d597f27.65858650,VIP fem
11851,TK6a775b3bbc2348.02744311,VIP fem
11852,TK6a775b3be4d939.18813163,VIP fem
11853,TK6a775b3c1a4c25.72825605,VIP fem
11854,TK6a775b6c7e5d13.29016760,VIP fem
11855,TK6a775b6ca75388.25577827,VIP fem
11856,TK6a775b87034d50.81770464,VIP fem
11857,TK6a775b87335dc2.50607106,VIP fem
11858,TK6a775b8fecebd3.98958442,VIP fem
11859,TK6a775b9856d7f5.52961916,VIP fem
11860,TK6a775bae3697a7.15106101,VIP fem
11861,TK6a775bae679cc9.65795819,VIP fem
11862,TK6a775bb18adb51.72120562,VIP fem
11863,TK6a775bb1bd11d2.12285193,VIP fem
11864,TK6a775bd6a50c07.37908492,VIP fem
11865,TK6a775bd6d0d795.40988614,VIP fem
11866,TK6a775bed9d7f34.77758948,VIP fem
11867,TK6a775c22970178.11355237,VIP fem
11868,TK6a775c22c038a7.29676501,VIP fem
11869,TK6a775c97d12470.42287357,VIP fem
11870,TK6a775c98086d27.52772545,VIP fem
11871,TK6a775c98a3ad38.31666043,VIP fem
11872,TK6a775c98cf1cf9.20574767,VIP fem
11873,TK6a775cdeb74b21.16730057,VIP fem
11874,TK6a775d0e26ae65.06633719,VIP fem
11875,TK6a775d0e615597.70924051,VIP fem
11876,TK6a775d7b226928.62525793,VIP fem
11877,TK6a775d7b539069.88212260,VIP fem
11878,TK6a775d90853c45.54392948,VIP fem
11879,TK6a775d9798dc95.81116251,VIP fem
11880,TK6a775d97c38a17.00316855,VIP fem
11881,TK6a775d97ee8aa4.00809642,VIP fem
11882,TK6a775d9824aef6.11517180,VIP fem
11883,TK6a775da76ea2e6.06693085,VIP fem
11884,TK6a775da79dfcc1.12259341,VIP fem
11885,TK6a775dbfb306a3.01605544,VIP fem
11886,TK6a775dc0b38836.70037787,VIP fem
11887,TK6a775dc0e79bf5.11617428,VIP fem
11888,TK6a775dc2504b00.11976007,VIP fem
11889,TK6a775dc28145e8.22110125,VIP fem
11890,TK6a775dd60cbc62.37017267,VIP fem
11891,TK6a775dd63748b9.24930593,VIP fem
11892,TK6a775df7a79e84.05512584,VIP fem
11893,TK6a775df7d140b4.58460584,VIP fem
11894,TK6a775e2fc98507.17511857,VIP fem
11895,TK6a775e3001e862.31226385,VIP fem
11896,TK6a775e302ca437.91026576,VIP fem
11897,TK6a775e65048f52.99261247,VIP fem
11898,TK6a775e6535c618.92195075,VIP fem
11899,TK6a775e8e6ed8c5.80083604,VIP fem
11900,TK6a775ecdd5b9d0.33084901,VIP fem
11901,TK6a775ece1b5299.91036196,VIP fem
11902,TK6a775f158313d0.17957570,VIP fem
11903,TK6a775fe8859078.12185122,VIP fem
11904,TK6a775fe8befb70.56821255,VIP fem
11905,TK6a77612e79fcb3.21516209,VIP fem
11906,TK6a77612ea45a40.39994072,VIP fem
11907,TK6a776160594289.16412416,VIP fem
11908,TK6a7762f2961c55.21379252,VIP fem
11909,TK6a7764a7a38681.78976745,VIP fem
11910,TK6a7764a7ea0ca4.79476973,VIP fem
11911,TK6a7764a829e7c7.19905229,VIP fem
11912,TK6a7764a85d5e79.15450816,VIP fem
11913,TK6a7764c89f4e95.66627049,VIP fem
11914,TK6a77650b7c7973.49045105,VIP fem
11915,TK6a77652f07eb42.37033416,VIP fem
11916,TK6a77652f3143b7.96886003,VIP fem
11917,TK6a77652f5c07c0.42492978,VIP fem
11918,TK6a77652f84d929.96912805,VIP fem
11919,TK6a77656c978029.70381278,VIP fem
11920,TK6a7765acb7e227.26996525,VIP fem
11921,TK6a77660c1f52f7.19876244,VIP fem
11922,TK6a77673a0bad13.62997407,VIP fem
11923,TK6a776767e85481.28418692,VIP fem
11924,TK6a7767bfe47744.57433051,VIP fem
11925,TK6a776bac482ed2.17920904,VIP fem
11926,TK6a776bac8d89d8.78179256,VIP fem
11927,TK6a776bacc06da8.30274788,VIP fem
11928,TK6a776bacf125a2.05774915,VIP fem
11929,TK6a776bad2d4de9.54736890,VIP fem
11930,TK6a776c26ac5591.26657283,VIP fem
11931,TK6a777042435932.74086924,VIP fem
11932,TK6a7771a24faf81.62710312,VIP fem
11933,TK6a7771c8ccd686.04883919,VIP fem
11934,TK6a7771c9134f43.93140048,VIP fem
11935,TK6a7771dbbf8e54.71061519,VIP fem
11936,TK6a7771dbe89075.01538305,VIP fem
11937,TK6a7771e86af1b8.55732495,VIP fem
11938,TK6a7771e8954991.11031833,VIP fem
11939,TK6a7771f5252d02.06498386,VIP fem
11940,TK6a7771f556d559.68617155,VIP fem
11941,TK6a777202094ae9.93847042,VIP fem
11942,TK6a7772023dbd47.49342385,VIP fem
11943,TK6a77720f728882.78296734,VIP fem
11944,TK6a77720fa33251.73362711,VIP fem
11945,TK6a77722be95861.11848958,VIP fem
11946,TK6a77722c1e1012.25069481,VIP fem
11947,TK6a77723a6cc139.28354868,VIP fem
11948,TK6a77723ab3dbf3.03359761,VIP fem
11949,TK6a777247a58053.61735617,VIP fem
11950,TK6a777247d4b544.26371930,VIP fem
11951,TK6a7774827694c7.15285098,VIP fem
11952,TK6a7774b1d6fba2.80002826,VIP fem
11953,TK6a77763c5d2156.98725472,VIP fem
11954,TK6a777873c5ba39.08214985,VIP fem
11955,TK6a7778c0365495.24804538,VIP fem
11956,TK6a7778d363f039.59001655,VIP fem
11957,TK6a777a0d716e37.45873781,VIP fem
11958,TK6a777aa65bf196.67753389,VIP fem
11959,TK6a7788214765f4.32208004,VIP fem
11960,TK6a7791feb08d54.37107595,VIP fem
11961,TK6a779447016239.14049347,VIP fem
11962,TK6a77979fc9e7d5.54295513,VIP fem
11963,TK6a7797a0014e14.85849794,VIP fem
11964,TK6a77a5f36cc7b0.12076969,VIP fem
11965,TK6a77a5f8098d38.52205274,VIP fem
11966,TK6a77a649e3f4a0.79079122,VIP fem
11967,TK6a77b22c44fdd7.48810872,VIP fem
11968,TK6a77b6fd67de81.95395478,VIP fem
11969,TK6a77b6fd99c902.49219783,VIP fem
11970,TK6a77b6fdc25fe7.56173580,VIP fem
11971,TK6a77b6fdeab627.62061751,VIP fem
11972,TK6a77b6fe202db2.47194870,VIP fem
11973,TK6a77b6fe494b40.52615447,VIP fem
11974,TK6a77b6fe726e46.91442279,VIP fem
11975,TK6a77b6fe9a4b47.78184674,VIP fem
11976,TK6a77b6fec649f1.87505503,VIP fem
11977,TK6a77b6feeea186.93843315,VIP fem
11978,TK6a77b6ff2a24d3.85387810,VIP fem
11979,TK6a77b6ff58db27.81562914,VIP fem
11980,TK6a77b6ff8914b6.73207299,VIP fem
11981,TK6a77b6ffb8ed36.82717214,VIP fem
11982,TK6a77b6ffe8e4e4.94184703,VIP fem
11983,TK6a77b700230621.01235975,VIP fem
11984,TK6a77b70052d235.64999975,VIP fem
11985,TK6a77b700842552.64002647,VIP fem
11986,TK6a77bb06cc51d8.45919626,VIP fem
11987,TK6a77c16e5a6be4.89092232,VIP fem
11988,TK6a77d70602c954.31894397,VIP fem
11989,TK6a77d7064321a6.62031467,VIP fem
11990,TK6a77e0186dc481.71603087,VIP fem
11991,TK6a77e0c4dab8d7.94792590,VIP fem
11992,TK6a77e0c5109657.71210102,VIP fem
11993,TK6a77e0fca37630.85140489,VIP fem
11994,TK6a77e142106199.90603058,VIP fem
11995,TK6a77e1425c2a77.74831277,VIP fem
11996,TK6a77e19050be44.22353526,VIP fem
11997,TK6a77e190814f33.22757631,VIP fem
11998,TK6a77e190a9fbb5.12774408,VIP fem
11999,TK6a77e1b793f7c2.18127423,VIP fem
12000,TK6a77e1b7c44598.24276767,VIP fem
12001,TK6a77e1dc5b0e30.01120443,VIP fem
12002,TK6a77e1dcb3a853.69799404,VIP fem
12003,TK6a77e2061b6247.20525559,VIP fem
12004,TK6a77e2224bc018.48009396,VIP fem
12005,TK6a77e2227c72f8.28727325,VIP fem
12006,TK6a77e24c781db1.57093935,VIP fem
12007,TK6a77e24ca932f8.35049467,VIP fem
12008,TK6a77e24cd93f25.22471702,VIP fem
12009,TK6a77e24d17c924.03459314,VIP fem
12010,TK6a77e24d59bed6.15586513,VIP fem
12011,TK6a77e2660c2448.48823793,VIP fem
12012,TK6a77e26636f053.89192961,VIP fem
12013,TK6a77e28a02ba29.87376928,VIP fem
12014,TK6a77e2a3845ee0.90123313,VIP fem
12015,TK6a77e2ba11d2a1.04011918,VIP fem
12016,TK6a77e2ba435b08.98873819,VIP fem
12017,TK6a77e378846df3.40536197,VIP fem
12018,TK6a77e399a7f084.16914026,VIP fem
12019,TK6a77e5b276e7d3.14724444,VIP fem
12020,TK6a77e6c79de124.32393874,VIP fem
12021,TK6a77eb1188e757.83764533,VIP fem
12022,TK6a77eb11c16d15.98823991,VIP fem
12023,TK6a77eb11ef1181.05148051,VIP fem
12024,TK6a77f1db3d5e72.68502849,VIP fem
12025,TK6a77f1db6999f9.15257158,VIP fem
12026,TK6a77f822cdfa75.06551297,VIP fem
12027,TK6a7800d9eae364.52369120,VIP fem
12028,IET6a3dc05e06bcc5.58448037,VIP male
12029,TK6a3ed147199cf2.98990558,VIP male
12030,TK6a4d25ed024e24.99239097,VIP male
12031,TK6a4d25ed2c83c3.04356042,VIP male
12032,IET6a5262ed3697a0.03951137,VIP male
12033,IET6a5262ed36dd73.75468141,VIP male
12034,TK6a52766a5aedc8.75932233,VIP male
12035,TK6a52766a9b2557.42538397,VIP male
12036,TK6a58df172e3828.42769044,VIP male
12037,TK6a5920d579d883.95246439,VIP male
12038,TK6a5a8dd1b79124.23422697,VIP male
12039,TK6a5a8dd1e83901.01768674,VIP male
12040,IET6a5c2812de9b70.46552719,VIP male
12041,TK6a5e6e5de82a15.03424121,VIP male
12042,TK6a63acb3d10800.53883722,VIP male
12043,TK6a63cf7c4bcb76.92312170,VIP male
12044,TK6a63cf7c7ce591.55131418,VIP male
12045,TK6a667e725ecb90.89632683,VIP male
12046,TK6a66f661be5fd4.57317679,VIP male
12047,TK6a67d12ac61876.47147430,VIP male
12048,TK6a67d14adeffb9.33900232,VIP male
12049,TK6a67e2a1c95fc0.51034688,VIP male
12050,TK6a68c7bd09a726.16695127,VIP male
12051,TK6a68c7bd703bd0.64942954,VIP male
12052,TK6a68c7bda1f6b9.51985433,VIP male
12053,TK6a68c7bdd25fb6.90066989,VIP male
12054,TK6a68c7be0d6b69.77500702,VIP male
12055,TK6a68c7be3c6266.20881427,VIP male
12056,TK6a68c7be6e43e4.73319683,VIP male
12057,TK6a68c7bea0d898.61653304,VIP male
12058,TK6a68c7bed1c589.61193866,VIP male
12059,TK6a68c7bf0c9c42.57137505,VIP male
12060,TK6a68c7bf3ee372.66582225,VIP male
12061,TK6a68c7bf70bcb1.60019817,VIP male
12062,TK6a68c7bfa04d37.35290889,VIP male
12063,TK6a68c7bfd1cca9.31083419,VIP male
12064,TK6a68c7c0104764.69997030,VIP male
12065,TK6a68c7c0414fb8.19166757,VIP male
12066,TK6a68c7c06ff460.48430472,VIP male
12067,TK6a68c7c09fb0e8.33584060,VIP male
12068,TK6a68c7c0d0c855.83112811,VIP male
12069,TK6a68c7c10f4b70.73158717,VIP male
12070,TK6a6940d47fe894.13543526,VIP male
12071,TK6a6b4839962225.72428293,VIP male
12072,TK6a6b549e5827b7.46840158,VIP male
12073,TK6a6b8b8327a6f5.38398552,VIP male
12074,TK6a6cffc7c04760.48083639,VIP male
12075,TK6a6d5632796456.16660540,VIP male
12076,TK6a6d5632dc2885.21816043,VIP male
12077,TK6a6ddc01427af5.92546340,VIP male
12078,TK6a6e3e475a12f2.49261380,VIP male
12079,TK6a6e3e4783ddf6.09704248,VIP male
12080,TK6a6ec245eb1aa3.88954101,VIP male
12081,IET6a6f948075d055.34142213,VIP male
12082,TK6a6f9b1fd9c707.80284589,VIP male
12083,TK6a6f9b20289136.76340336,VIP male
12084,TK6a6fb10c644a12.71222802,VIP male
12085,TK6a708795ceeea2.85416092,VIP male
12086,TK6a708c20a50e09.82524269,VIP male
12087,TK6a70b18e611b85.52790406,VIP male
12088,TK6a710fa6dbdb39.29446643,VIP male
12089,TK6a7117b243be03.89172414,VIP male
12090,TK6a7117b280b0a9.35061849,VIP male
12091,TK6a7117b2a9f7d4.81648686,VIP male
12092,TK6a7122eb5d6a21.96086297,VIP male
12093,TK6a7122eb8e7166.89431213,VIP male
12094,TK6a71cfb56d3b90.36498059,VIP male
12095,TK6a735506a92377.14438030,VIP male
12096,TK6a735bb015a359.15523102,VIP male
12097,TK6a735bb0474531.94062904,VIP male
12098,TK6a735bb0781402.69526732,VIP male
12099,TK6a737955a272a1.45690554,VIP male
12100,TK6a737955d54737.94430936,VIP male
12101,TK6a738f593e0848.16855189,VIP male
12102,TK6a738f596b5977.07074121,VIP male
12103,IET6a73b39e7a9b52.00022332,VIP male
12104,TK6a747d31251b48.37734756,VIP male
12105,TK6a748be3ce0172.15269954,VIP male
12106,TK6a74988f5d61f2.00910326,VIP male
12107,TK6a74988fc10f28.79864855,VIP male
12108,TK6a749a858ca5c9.87402947,VIP male
12109,TK6a749f8e03c8b4.36473794,VIP male
12110,TK6a74a2a854f603.19480114,VIP male
12111,TK6a74b47bcc39e4.03821782,VIP male
12112,TK6a74b47c0b58d2.25418247,VIP male
12113,TK6a74b47c3c6399.00266232,VIP male
12114,TK6a74cdb94df6a6.94306906,VIP male
12115,TK6a74cdb97fedd5.93043527,VIP male
12116,TK6a74e7aa82bc89.52193770,VIP male
12117,TK6a74e7aacb4b38.94133073,VIP male
12118,TK6a74ecacd476d1.56723465,VIP male
12119,TK6a750d46598a78.22214206,VIP male
12120,TK6a754b44644119.59037355,VIP male
12121,TK6a754b448fb808.02750872,VIP male
12122,TK6a7551d386bea0.88048342,VIP male
12123,TK6a75ba0841fa05.10859765,VIP male
12124,TK6a75ba8065eb48.22958917,VIP male
12125,TK6a75ba809a3667.68784324,VIP male
12126,TK6a75c55d030f48.79307419,VIP male
12127,TK6a75e31c0cad44.69658409,VIP male
12128,TK6a75e31c394f96.93091277,VIP male
12129,TK6a75f0a016f252.49099680,VIP male
12130,TK6a75f0a05dfb86.60567771,VIP male
12131,TK6a75fcd02e70e4.40163101,VIP male
12132,TK6a75fcd08e7540.34198332,VIP male
12133,TK6a76124d209de3.35034088,VIP male
12134,TK6a76124d568f23.45880826,VIP male
12135,TK6a76124d9449f1.85085074,VIP male
12136,TK6a76302490a8d1.22324930,VIP male
12137,TK6a763d08876a79.19854551,VIP male
12138,TK6a763d08b16d59.03267951,VIP male
12139,IET6a763de8f34561.24722267,VIP male
12140,TK6a764479be1275.62981138,VIP male
12141,TK6a765d203d8348.14461560,VIP male
12142,TK6a765d207066e1.38468559,VIP male
12143,TK6a765d20a2eb44.57386591,VIP male
12144,TK6a765d20d4ebd2.55228976,VIP male
12145,IET6a7662df4f1d14.34350603,VIP male
12146,IET6a7662df4f72d1.62445675,VIP male
12147,TK6a76722cc9e580.56526010,VIP male
12148,TK6a767246a76ce2.28820536,VIP male
12149,TK6a76725c677fb7.66355584,VIP male
12150,TK6a76727989f045.62551652,VIP male
12151,TK6a76727b00aca5.91168500,VIP male
12152,TK6a76729462cc19.46685853,VIP male
12153,TK6a7672aacd61b2.17893676,VIP male
12154,TK6a7672c8779f27.52555169,VIP male
12155,TK6a7672e4041075.03211634,VIP male
12156,TK6a76751384ead3.59131926,VIP male
12157,TK6a7676872539e7.18656251,VIP male
12158,TK6a767687add5d5.74105253,VIP male
12159,TK6a7676f37b6cc7.44826577,VIP male
12160,TK6a7679224f5540.87649823,VIP male
12161,TK6a7679227b3e05.59998243,VIP male
12162,TK6a767949d3c508.80129975,VIP male
12163,TK6a76794a1465c8.39702745,VIP male
12164,TK6a76796b203d31.42773272,VIP male
12165,TK6a76796b4c9720.37588106,VIP male
12166,TK6a767990d00451.98669108,VIP male
12167,TK6a7679911500c3.20874617,VIP male
12168,TK6a7679b95f1917.67618336,VIP male
12169,TK6a7679b9923ac0.92907957,VIP male
12170,TK6a7679fa241479.53690481,VIP male
12171,TK6a7679fa517078.74125156,VIP male
12172,TK6a767a36f09c67.15331306,VIP male
12173,TK6a767a3726d486.84635260,VIP male
12174,TK6a767a62bb2872.04635402,VIP male
12175,TK6a767a62f1ae40.93501962,VIP male
12176,TK6a767a9446d5b5.58276051,VIP male
12177,TK6a767a94721e53.04140022,VIP male
12178,TK6a767ab9df9a95.28465809,VIP male
12179,TK6a767aba166177.21887534,VIP male
12180,TK6a767ada4d1c46.26214608,VIP male
12181,TK6a767ada802252.18360392,VIP male
12182,TK6a767bf2995672.78453974,VIP male
12183,TK6a767bf2ce4b11.67119823,VIP male
12184,TK6a767bf30f3aa3.88809584,VIP male
12185,IET6a767cc5d95a03.98911972,VIP male
12186,TK6a768f23caa526.33722343,VIP male
12187,TK6a768f2401be54.47995289,VIP male
12188,TK6a769036adea39.23873834,VIP male
12189,TK6a7690567e3803.30060382,VIP male
12190,TK6a76909eb47889.29228151,VIP male
12191,IET6a76996211e1b4.77214701,VIP male
12192,TK6a76a4bf351c68.21314578,VIP male
12193,TK6a76f9cb4e8479.11558705,VIP male
12194,TK6a76f9cb79de25.76118471,VIP male
12195,TK6a76fa0250acf8.26220635,VIP male
12196,TK6a76fa4949cea1.95691108,VIP male
12197,TK6a76fa64b08878.88874721,VIP male
12198,TK6a76fa7dd24324.46699989,VIP male
12199,TK6a76fa9c47d459.48421732,VIP male
12200,TK6a7707f9dee531.28672205,VIP male
12201,TK6a772325307546.62068994,VIP male
12202,TK6a772670564721.50102178,VIP male
12203,TK6a772f6d3f42a2.29545304,VIP male
12204,TK6a773395962832.73459648,VIP male
12205,TK6a7733bb668da4.38389218,VIP male
12206,TK6a7733d4630a69.69524974,VIP male
12207,TK6a7733f955adb5.19466858,VIP male
12208,TK6a77340726ca13.00127406,VIP male
12209,TK6a7734085b2ff2.11739212,VIP male
12210,TK6a7734274cce24.85537106,VIP male
12211,TK6a7734745ea4b1.85071324,VIP male
12212,TK6a77348b984f42.00572086,VIP male
12213,TK6a7734942be814.12426528,VIP male
12214,TK6a7734a1ea47a7.03895744,VIP male
12215,TK6a7734cf7e7917.96107963,VIP male
12216,TK6a7734e7070974.98296578,VIP male
12217,TK6a773506c71782.43636917,VIP male
12218,TK6a7735380521f7.01029501,VIP male
12219,TK6a7738262b0357.10821265,VIP male
12220,TK6a7738a5561d25.37144050,VIP male
12221,TK6a7739cb1c3eb8.13655563,VIP male
12222,TK6a773d3d68b722.35044626,VIP male
12223,TK6a774025356af6.62984791,VIP male
12224,TK6a774025784399.17009736,VIP male
12225,TK6a774366635ca4.91595057,VIP male
12226,TK6a774366939192.66461523,VIP male
12227,TK6a7743679c17c0.25320458,VIP male
12228,TK6a774418beaf72.00648710,VIP male
12229,TK6a7747ab0c51e0.30630599,VIP male
12230,TK6a774c9775a533.84741201,VIP male
12231,TK6a774d3ad7ac26.60560304,VIP male
12232,TK6a774d3b5a8530.88697173,VIP male
12233,TK6a774de51dafa7.73871083,VIP male
12234,TK6a7750d0c662d8.09135749,VIP male
12235,TK6a775157b6d792.56886111,VIP male
12236,TK6a775682cd0b30.54877291,VIP male
12237,TK6a7756830acec8.93637785,VIP male
12238,TK6a7757ae8eff40.06452957,VIP male
12239,TK6a775a2a801628.94026609,VIP male
12240,TK6a775aa8ec7c54.11315780,VIP male
12241,TK6a775b1d9087b5.34396584,VIP male
12242,TK6a775b98870771.28775063,VIP male
12243,TK6a775b98b639d2.27296493,VIP male
12244,TK6a775bee153c46.90203577,VIP male
12245,TK6a775e8e992327.97553679,VIP male
12246,TK6a775f15bd7739.46727891,VIP male
12247,TK6a77633850fe15.16192536,VIP male
12248,TK6a77633892dc90.86667394,VIP male
12249,TK6a7764776afb58.59113238,VIP male
12250,TK6a7764a8c80519.68305013,VIP male
12251,TK6a776b424e07f1.37333996,VIP male
12252,TK6a776c272b3718.91948525,VIP male
12253,TK6a7771a2c9f1a6.41806398,VIP male
12254,TK6a7774b27044d4.83978147,VIP male
12255,TK6a7776092ce721.60473992,VIP male
12256,TK6a77760964b493.88948558,VIP male
12257,TK6a7776098e22a1.53051789,VIP male
12258,TK6a777609b83535.89824001,VIP male
12259,TK6a77761304b3b9.89928809,VIP male
12260,TK6a77763c8f1f98.21006575,VIP male
12261,TK6a77765dbd18d8.44042484,VIP male
12262,TK6a7778c09bd482.47036326,VIP male
12263,TK6a77793bde4165.68963198,VIP male
12264,TK6a77793c1cbd96.58234229,VIP male
12265,TK6a7786d961e132.40437245,VIP male
12266,TK6a7786d994cf76.86799695,VIP male
12267,TK6a7788218093b5.96264665,VIP male
12268,IET6a778868a5c041.77140969,VIP male
12269,TK6a778bed96d6b6.91753746,VIP male
12270,TK6a7791ff5589f8.41493193,VIP male
12271,TK6a7797a0828121.58068936,VIP male
12272,TK6a7797a0ada6b6.38723095,VIP male
12273,TK6a779e30a4d630.09974468,VIP male
12274,TK6a77a596063e78.15002861,VIP male
12275,TK6a77a596359293.66290044,VIP male
12276,TK6a77a5967447b3.41949053,VIP male
12277,TK6a77a5f875a072.51369544,VIP male
12278,TK6a77adbc56a7f8.43672421,VIP male
12279,TK6a77adbc81d2d9.01859239,VIP male
12280,IET6a77b49043d775.06836711,VIP male
12281,IET6a77b490442102.53799078,VIP male
12282,TK6a77b700ef5dd9.39506557,VIP male
12283,TK6a77b7012a7a97.83473696,VIP male
12284,IET6a77b765703e83.29292444,VIP male
12285,TK6a77bb075b6256.23997594,VIP male
12286,TK6a77bd2867b824.06617430,VIP male
12287,TK6a77bd28a00219.58455130,VIP male
12288,TK6a77c16ecc9549.45864790,VIP male
12289,TK6a77c16f0d4694.01558936,VIP male
12290,TK6a77c1b55409c6.09328634,VIP male
12291,TK6a77c1b5874483.25870534,VIP male
12292,TK6a77c845c72181.55599121,VIP male
12293,TK6a77c84605aa99.48825544,VIP male
12294,TK6a77c944453f60.95250142,VIP male
12295,TK6a77e018cde4d4.58355491,VIP male
12296,TK6a77e0c5395491.92201551,VIP male
12297,TK6a77e0fccd3fd5.55826534,VIP male
12298,TK6a77e190d32863.62145614,VIP male
12299,TK6a77e1910773c7.50095020,VIP male
12300,TK6a77e1912fb9f4.37716346,VIP male
12301,TK6a77e191587854.71468072,VIP male
12302,TK6a77e2064b2c86.43260121,VIP male
12303,TK6a77e24d89f720.35592890,VIP male
12304,TK6a77e24dbaa984.40165308,VIP male
12305,TK6a77e28a2d29a5.60574651,VIP male
12306,TK6a77e2a3c5a176.68695541,VIP male
12307,TK6a77e378adad58.83947188,VIP male
12308,TK6a77e399d267b7.96952436,VIP male
12309,TK6a77e39a07d484.69564691,VIP male
12310,TK6a77f166b3c1f7.87912510,VIP male
12311,TK6a77f166df58d5.41881773,VIP male
12312,TK6a77f7eca4bba5.31892641,VIP male
12313,IET6a5fd3e7d5bef1.34927248,VIP MALE
12314,IET6a610b5a738ed9.99031037,VIP MALE 
12315,IET6a610b5a740815.14495550,VIP MALE 
12316,IET6a610b5a745794.27476929,VIP MALE 
12317,IET6a63cf6dc79f40.05854327,VIP MALE 
12318,IET6a63cf6dc80512.02948641,VIP MALE 
12319,IET6a640ce856bd66.28894840,VIP MALE 
12320,IET6a690847cd9882.07117973,VIP MALE 
12321,IET6a696adeba5d35.57863077,VIP MALE 
12322,IET6a6a3be12e5ce8.66261775,VIP MALE 
12323,IET6a6a3be12eaac8.46212883,VIP MALE 
12324,IET6a6a3be12ef337.19938880,VIP MALE 
12325,IET6a6a84dcea5423.60014040,VIP MALE 
12326,IET6a6a8e222168c3.21777636,VIP MALE 
12327,IET6a6bf6914ce941.06627982,VIP MALE 
12328,IET6a6cd6bbdee331.92626773,VIP MALE 
12329,IET6a6e166eb006d6.49706983,VIP MALE 
12330,IET6a6e6a5d7ddd75.44141806,VIP MALE 
12331,IET6a6e9e1c25ed14.37505886,VIP MALE 
12332,IET6a6ea447024162.56671669,VIP MALE 
12333,IET6a6ea447028a85.34226691,VIP MALE 
12334,IET6a72097417fad6.05182447,VIP MALE 
12335,IET6a7367ee9f7390.39287958,VIP MALE 
12336,IET6a739811ef56f8.07135049,VIP MALE 
12337,IET6a739811efaa01.43373741,VIP MALE 
12338,IET6a749306a13794.68852142,VIP MALE 
12339,IET6a750066e17d96.21714570,VIP MALE 
12340,IET6a750066e1da64.33763641,VIP MALE 
12341,IET6a75fdff200812.67678110,VIP MALE 
12342,IET6a76b3aec82075.74622910,VIP MALE 
12343,IET6a77485dc8dda1.49822742,VIP MALE 
12344,IET6a77b4a45eab24.78519786,VIP MALE 
12345,IET6a77b4a45f0c01.81744410,VIP MALE 
12346,IET6a77b4a45f56f3.77921063,VIP MALE 
12347,IET6a307b15713571.33157906,Crew Fem
12348,IET6a307b73941aa9.62394665,CREW MALE
12349,IET6a3995e9b5a530.82918395,Crew Fem
12350,IET6a3995e9b5f3c4.26947247,Crew Fem
12351,IET6a39ce8fcf4290.54390542,Crew Fem
12352,IET6a3acf8ab1f742.58887759,Crew Fem
12353,IET6a3b4bd5b35545.20704002,Crew Fem
12354,IET6a3efd9c37eea4.29517679,Crew Fem
12355,IET6a3efd9c3866a6.81350480,Crew Fem
12356,IET6a5822f917f9b7.86770028,Crew Fem
12357,IET6a59560657daf9.46888022,Crew Fem
12358,IET6a5c0c58628836.27369206,Crew Fem
12359,IET6a60c5ee08b9f0.02090914,Crew Fem
12360,IET6a615c14f04c94.70468587,Crew Fem
12361,IET6a639864f14c68.12229967,Crew Fem
12362,IET6a639864f1ac67.32953308,Crew Fem
12363,IET6a63e867275820.24542848,Crew Fem
12364,IET6a63e86727bac6.15543607,Crew Fem
12365,IET6a6404bca4fca3.55346069,Crew Fem
12366,TK6a68e566ac32a0.47406313,Crew Fem
12367,IET6a690f22a4cad4.40605417,Crew Fem
12368,IET6a69175bf38154.70257681,Crew Fem
12369,IET6a69646697bb44.36908947,Crew Fem
12370,IET6a69f1bbdd6525.96905327,Crew Fem
12371,IET6a6a0200c5ec35.31261222,Crew Fem
12372,IET6a6a09ac8afe43.99965413,Crew Fem
12373,IET6a6a09ac8b4f50.43163354,Crew Fem
12374,IET6a6a3c55b51164.62695389,Crew Fem
12375,IET6a6a3fa782bbf1.94059089,Crew Fem
12376,IET6a6a99b9140338.60213786,Crew Fem
12377,IET6a6a99b9144fa1.90725699,Crew Fem
12378,TK6a6aa5848d3d10.79046442,Crew Fem
12379,IET6a6b7547f0a618.49970449,Crew Fem
12380,IET6a6b7547f0f1a7.03023862,Crew Fem
12381,IET6a6b8507359c74.07446178,Crew Fem
12382,IET6a6be5720f01a1.74598654,Crew Fem
12383,IET6a6cd246654550.24652127,Crew Fem
12384,IET6a6d1ed4105590.09134103,Crew Fem
12385,IET6a6d20cd81bc26.66300996,Crew Fem
12386,TK6a6d3c98baaa58.97595299,Crew Fem
12387,IET6a6d663fbcce42.70535731,Crew Fem
12388,IET6a6d663fbd2ef7.10247028,Crew Fem
12389,IET6a6d66be6b5046.41268012,Crew Fem
12390,IET6a6d6a33aaba41.99609732,Crew Fem
12391,IET6a6dfdd2d0f977.16791203,Crew Fem
12392,IET6a6e52f6592584.25198960,Crew Fem
12393,IET6a6f4b3c8c8a25.09813575,Crew Fem
12394,IET6a6f4b3c8cd8d0.38318673,Crew Fem
12395,TK6a6f6cdf974022.15266928,Crew Fem
12396,TK6a6f6ed46422e4.20818321,Crew Fem
12397,TK6a6f6ed48cb933.73954733,Crew Fem
12398,TK6a6f6ed4b43496.41731956,Crew Fem
12399,IET6a6fab31b80757.32737692,Crew Fem
12400,IET6a6fab31b85843.02466704,Crew Fem
12401,IET6a6fd696e63031.52666709,Crew Fem
12402,IET6a6ffd9822cf77.10387753,Crew Fem
12403,IET6a6fff9fd69b40.02577846,Crew Fem
12404,IET6a700a4f35cfb8.90431598,Crew Fem
12405,IET6a709715944536.50572220,Crew Fem
12406,IET6a70c211a3f102.30234942,Crew Fem
12407,IET6a70c604554394.24558178,Crew Fem
12408,IET6a70c60455c4b8.50808763,Crew Fem
12409,IET6a70cb6674bc67.53218935,Crew Fem
12410,TK6a70d466a7b626.67377966,Crew Fem
12411,TK6a70d950b4eef4.19423142,Crew Fem
12412,IET6a70ed3aef94c4.71446188,Crew Fem
12413,IET6a70f8ecdfd356.13793763,Crew Fem
12414,TK6a7111fa322d96.43133632,Crew Fem
12415,IET6a711be90d3744.37114912,Crew Fem
12416,TK6a7126deaee777.37235970,Crew Fem
12417,TK6a7126dee02ef4.79669111,Crew Fem
12418,IET6a712a1d199d69.49367338,Crew Fem
12419,IET6a712d4b0a45f7.84171540,Crew Fem
12420,IET6a713ed64634f4.24812687,Crew Fem
12421,IET6a714037c85ce9.08910323,Crew Fem
12422,TK6a7145f807d177.22702757,Crew Fem
12423,TK6a7145f839dec9.53925671,Crew Fem
12424,TK6a7145f87e8c53.72690258,Crew Fem
12425,IET6a7150ae0ddab5.04690169,Crew Fem
12426,IET6a7150ae0e3307.80689745,Crew Fem
12427,IET6a7150ae0e7bb5.84822242,Crew Fem
12428,IET6a7150ae0ec2c1.87763458,Crew Fem
12429,IET6a7150ae0f0ba4.87246695,Crew Fem
12430,IET6a7150ae109f73.91463889,Crew Fem
12431,IET6a7150ae10dc06.88987423,Crew Fem
12432,IET6a71f57ec05059.86288596,Crew Fem
12433,IET6a7215510c0880.31756263,Crew Fem
12434,IET6a721a3a6a3ed9.15178048,Crew Fem
12435,IET6a72322e6b6c05.34762189,Crew Fem
12436,IET6a72322e6bc2b9.85453512,Crew Fem
12437,IET6a72328b6d12d1.56228823,Crew Fem
12438,TK6a7246315bf1d3.20950162,Crew Fem
12439,IET6a725f98728930.63173635,Crew Fem
12440,IET6a725f9872faf2.25965981,Crew Fem
12441,IET6a725f987350b1.01740292,Crew Fem
12442,IET6a72647ef1f518.94237836,Crew Fem
12443,IET6a72647ef24296.73792991,Crew Fem
12444,IET6a7281369c82c9.86971333,Crew Fem
12445,IET6a72852332c9d9.71140752,Crew Fem
12446,IET6a729b60a3b852.60081459,Crew Fem
12447,IET6a729b60a41aa7.45218636,Crew Fem
12448,IET6a729cb739a5c9.99513447,Crew Fem
12449,IET6a729cb739fb30.62283389,Crew Fem
12450,TK6a729cf4e36bc7.23708537,Crew Fem
12451,TK6a729ed046ab00.29696361,Crew Fem
12452,IET6a731e5435ea99.84748024,Crew Fem
12453,IET6a7333d944e949.37136725,Crew Fem
12454,IET6a7339839d6bc9.22290071,Crew Fem
12455,IET6a7346025d77b4.35916532,Crew Fem
12456,TK6a734cb05929b5.61159873,Crew Fem
12457,IET6a73595e8254a1.17907380,Crew Fem
12458,TK6a73598119ef46.37380614,Crew Fem
12459,TK6a735a2ff178f0.75508244,Crew Fem
12460,TK6a735ab869cd13.40128993,Crew Fem
12461,TK6a735b15e6e703.19304089,Crew Fem
12462,TK6a735b85dfefb4.95550064,Crew Fem
12463,TK6a735bc869e8c0.63177821,Crew Fem
12464,TK6a735bebd8b848.64592280,Crew Fem
12465,TK6a735c1bbcbff3.00023585,Crew Fem
12466,TK6a735c474d60d4.71377725,Crew Fem
12467,TK6a735c848a3796.64115859,Crew Fem
12468,TK6a7361b0acf0c8.17882712,Crew Fem
12469,TK6a7361b0d6b7c1.05491672,Crew Fem
12470,TK6a73648a914109.61180018,Crew Fem
12471,TK6a7364d8e97b52.51349650,Crew Fem
12472,TK6a7364d93024c3.54800042,Crew Fem
12473,TK6a73651ecaf8d0.15409715,Crew Fem
12474,IET6a737c551778f7.57497039,Crew Fem
12475,IET6a7383ccc6eab2.66523297,Crew Fem
12476,IET6a7383ccc735b9.52898690,Crew Fem
12477,IET6a73887cb99b75.64712329,Crew Fem
12478,IET6a738cdc1ea613.91777895,Crew Fem
12479,IET6a739157d16a95.51473617,Crew Fem
12480,IET6a739306f2c6b5.21008420,Crew Fem
12481,IET6a739306f314b5.54072260,Crew Fem
12482,TK6a73930de33e12.80741635,Crew Fem
12483,TK6a73930e3ca6a5.30407803,Crew Fem
12484,IET6a73993c5f9410.16324674,Crew Fem
12485,TK6a73b500ce8c54.99179956,Crew Fem
12486,TK6a73b5010bcd96.48895968,Crew Fem
12487,TK6a73b55ea857d5.47930425,Crew Fem
12488,TK6a73b55ed0ed13.54520305,Crew Fem
12489,TK6a73b5aaafa410.03321617,Crew Fem
12490,TK6a73b5aada4d68.49924743,Crew Fem
12491,TK6a73b64bc4f017.35837608,Crew Fem
12492,TK6a73b66ee930b3.69532459,Crew Fem
12493,TK6a73b66f1f6421.84779227,Crew Fem
12494,TK6a73b6af89a535.09036497,Crew Fem
12495,TK6a73b6afb4cb83.17079149,Crew Fem
12496,TK6a73bb71e19b13.88389042,Crew Fem
12497,TK6a73bcb086f6d0.07080651,Crew Fem
12498,TK6a73bcb0d07306.64721641,Crew Fem
12499,TK6a73bd13b98561.15078208,Crew Fem
12500,TK6a73bd140934f8.15618034,Crew Fem
12501,TK6a73bf157124a3.69158636,Crew Fem
12502,TK6a73bf15ac41f3.63695151,Crew Fem
12503,TK6a73bf94c0f289.46850016,Crew Fem
12504,TK6a73bf95059fb8.92352389,Crew Fem
12505,TK6a73bfec0cdb41.88984045,Crew Fem
12506,TK6a73bfec37d8d3.75343441,Crew Fem
12507,TK6a73bfec617759.19880160,Crew Fem
12508,TK6a73c022c12bd7.16205313,Crew Fem
12509,TK6a73c023091b90.86263918,Crew Fem
12510,TK6a73c0ef73d293.13106504,Crew Fem
12511,TK6a73c2c91a3c07.29541374,Crew Fem
12512,TK6a73c36ae07a41.39882722,Crew Fem
12513,TK6a73c36b272a21.37365988,Crew Fem
12514,TK6a73c36b50dfc4.60320723,Crew Fem
12515,TK6a73c36b808362.57960727,Crew Fem
12516,TK6a73c36ba8b597.63120951,Crew Fem
12517,TK6a73c36bd23fa3.36750573,Crew Fem
12518,TK6a73c36c0c9b82.75409677,Crew Fem
12519,TK6a73c36c366862.56278096,Crew Fem
12520,TK6a73c36c601115.46159824,Crew Fem
12521,TK6a73c36c88f025.60096508,Crew Fem
12522,TK6a73c36cb89f53.12768459,Crew Fem
12523,TK6a73c36ce0a181.44742815,Crew Fem
12524,TK6a73c36d16f0f4.74465758,Crew Fem
12525,TK6a73c36d3f77d3.20011238,Crew Fem
12526,TK6a73c36d694707.73006536,Crew Fem
12527,IET6a73cc1e616112.55462455,Crew Fem
12528,IET6a73d5e3e67d54.30091256,Crew Fem
12529,IET6a73d5e3e6def5.51832306,Crew Fem
12530,IET6a73d5e3e72fe4.97664765,Crew Fem
12531,IET6a73d5e3e77057.39587295,Crew Fem
12532,IET6a73d5e3e7add8.55449900,Crew Fem
12533,IET6a73d5e3e7f169.24473066,Crew Fem
12534,IET6a73d5e3e82f12.12082768,Crew Fem
12535,IET6a73d5e3e870d7.29721133,Crew Fem
12536,IET6a73d5e3e8aec6.47196879,Crew Fem
12537,TK6a73d66b295195.48881323,Crew Fem
12538,TK6a73d66b55a348.26607586,Crew Fem
12539,TK6a73d7172217e5.42038601,Crew Fem
12540,TK6a73d7f6176de2.45418212,Crew Fem
12541,TK6a73d812b9c975.21848599,Crew Fem
12542,TK6a73e195933ba4.94240094,Crew Fem
12543,TK6a73e195bdec11.53745396,Crew Fem
12544,TK6a73e20eaa2114.66964426,Crew Fem
12545,IET6a7404b6bd2930.14349894,Crew Fem
12546,TK6a748cd477ed81.56884465,Crew Fem
12547,IET6a7495fe90c7b5.13643963,Crew Fem
12548,IET6a74a4b8b90979.89933226,Crew Fem
12549,IET6a74b179a645f6.03367883,Crew Fem
12550,IET6a74b8df2031f2.66237984,Crew Fem
12551,IET6a74b8df2086a2.11791857,Crew Fem
12552,IET6a74bb1d973358.90007389,Crew Fem
12553,TK6a74bd977a6ea7.62280243,Crew Fem
12554,TK6a74ccbceb0c14.66078637,Crew Fem
12555,IET6a74cd5527ea95.90918871,Crew Fem
12556,IET6a74cd552838b9.52860785,Crew Fem
12557,IET6a74cfbe06dac0.58051850,Crew Fem
12558,IET6a74cfbe0731f3.95963703,Crew Fem
12559,IET6a74f2df4a09d7.96489032,Crew Fem
12560,IET6a74f8a75f2223.36577106,Crew Fem
12561,TK6a7509f851c8a8.47460186,Crew Fem
12562,TK6a7509f8906dc9.68975876,Crew Fem
12563,TK6a7509f8c05860.91856328,Crew Fem
12564,TK6a7509f8f16f97.86988976,Crew Fem
12565,TK6a7509f92d43a8.38851366,Crew Fem
12566,TK6a7509f95d9e08.60541871,Crew Fem
12567,TK6a7509f98fdd49.79099356,Crew Fem
12568,TK6a7509f9bb0d66.22180602,Crew Fem
12569,TK6a7509f9e58490.42990056,Crew Fem
12570,TK6a7509fa1aa531.66130276,Crew Fem
12571,TK6a750be0e51c85.89053398,Crew Fem
12572,TK6a751383744313.44524246,Crew Fem
12573,TK6a751383ad5894.61613961,Crew Fem
12574,IET6a7527011b0be1.39036008,Crew Fem
12575,IET6a7527011b54a1.06952685,Crew Fem
12576,IET6a7527011b9191.45617574,Crew Fem
12577,IET6a7538b8d92100.95617531,Crew Fem
12578,IET6a7547fec57f74.88783009,Crew Fem
12579,IET6a7548dbf15326.88917223,Crew Fem
12580,IET6a75547eac0215.45828572,Crew Fem
12581,IET6a757efc07adf5.92427192,Crew Fem
12582,IET6a757efc080069.97971173,Crew Fem
12583,IET6a75f2d4a36808.30686565,Crew Fem
12584,TK6a75f7230e1161.26215015,Crew Fem
12585,IET6a75f842a390c4.73558627,Crew Fem
12586,IET6a75f842a3dca0.03553250,Crew Fem
12587,TK6a75f868f2e2a9.84194381,Crew Fem
12588,TK6a75f86930a7e2.11321861,Crew Fem
12589,TK6a75f869622892.13815345,Crew Fem
12590,TK6a75f88422c253.73120070,Crew Fem
12591,IET6a75fcd47225e0.10484600,Crew Fem
12592,IET6a75fcd4727365.24099407,Crew Fem
12593,IET6a760a41ac0ff2.59720733,Crew Fem
12594,IET6a761b67944862.04934883,Crew Fem
12595,IET6a761d2db32db2.52852268,Crew Fem
12596,IET6a761f8b11af61.30744047,Crew Fem
12597,TK6a762d2051fba8.84616067,Crew Fem
12598,TK6a762d2085dfd9.14210657,Crew Fem
12599,TK6a762d20b87f07.77538587,Crew Fem
12600,IET6a762e3631c834.62293392,Crew Fem
12601,TK6a7631b1612f37.11795773,Crew Fem
12602,IET6a763551798af7.52621873,Crew Fem
12603,IET6a76355179efe7.53985780,Crew Fem
12604,IET6a7636af4af7d8.45260015,Crew Fem
12605,IET6a7636af4b45d5.42123551,Crew Fem
12606,IET6a7639c8806e38.45327138,Crew Fem
12607,IET6a763a2dba6476.03192628,Crew Fem
12608,IET6a763a2dbaa7b8.54808925,Crew Fem
12609,IET6a763e14deda34.35711623,Crew Fem
12610,IET6a76461ac24cb7.15757810,Crew Fem
12611,IET6a76461ac2a3c9.12221812,Crew Fem
12612,IET6a7648c75c0d05.32829569,Crew Fem
12613,IET6a7648c75c7608.98653861,Crew Fem
12614,IET6a764f35b3bb60.80849999,Crew Fem
12615,IET6a764f35b40a36.75484338,Crew Fem
12616,IET6a76546e4a8a40.60208760,Crew Fem
12617,IET6a7657f4b51105.22267850,Crew Fem
12618,IET6a765a370cb148.95009674,Crew Fem
12619,IET6a765a370d03d9.65608678,Crew Fem
12620,IET6a766200264df1.25660900,Crew Fem
12621,IET6a76620026a7c5.29833075,Crew Fem
12622,IET6a7663cead8170.15071012,Crew Fem
12623,IET6a766731c391d7.20805990,Crew Fem
12624,IET6a766731c3e297.28051991,Crew Fem
12625,IET6a767b61a90791.77286966,Crew Fem
12626,IET6a768017c89c65.39012409,Crew Fem
12627,TK6a768daa5099b1.65821222,Crew Fem
12628,TK6a768daa9cb3f5.33546166,Crew Fem
12629,IET6a768fca6aa2e9.97453581,Crew Fem
12630,IET6a7698d6d1fae6.43349188,Crew Fem
12631,IET6a769de1406531.79145626,Crew Fem
12632,IET6a76a3f0e56ce2.59625108,Crew Fem
12633,IET6a76d33f80fbd9.09367985,Crew Fem
12634,IET6a76dade230436.93054029,Crew Fem
12635,IET6a76dade235449.73844638,Crew Fem
12636,TK6a7720150f02d2.58806242,Crew Fem
12637,TK6a7720155e0048.10089363,Crew Fem
12638,TK6a772015a165c7.27716490,Crew Fem
12639,TK6a772015d06c77.68470484,Crew Fem
12640,TK6a7720aa3cf991.93040671,Crew Fem
12641,TK6a7720aa7539c2.87586964,Crew Fem
12642,TK6a7720aaa7a5e9.09649103,Crew Fem
12643,TK6a7720aad9da77.57580267,Crew Fem
12644,TK6a7724a255dfc9.84464972,Crew Fem
12645,TK6a7724a27efc31.41725203,Crew Fem
12646,TK6a7724a2bc3b17.82197270,Crew Fem
12647,TK6a7724a2eb3480.07638531,Crew Fem
12648,TK6a772516da8b52.69403051,Crew Fem
12649,TK6a7726d7b88d20.35805550,Crew Fem
12650,TK6a772702a29ba6.90364429,Crew Fem
12651,TK6a772702e6fd82.53753037,Crew Fem
12652,TK6a7727032221c7.42184864,Crew Fem
12653,TK6a772703504111.03511566,Crew Fem
12654,TK6a772967d2efc9.38323890,Crew Fem
12655,TK6a7729681d0845.59068620,Crew Fem
12656,TK6a772968470069.07307036,Crew Fem
12657,TK6a77296870a2b8.33962054,Crew Fem
12658,TK6a772f3b39a980.71308041,Crew Fem
12659,TK6a772f3b647820.03662814,Crew Fem
12660,TK6a772f3b9cb6e6.02106006,Crew Fem
12661,TK6a773094a0ef74.29078277,Crew Fem
12662,TK6a773094dfa924.47342375,Crew Fem
12663,TK6a7730952b9743.10506639,Crew Fem
12664,TK6a7730955bca64.86128602,Crew Fem
12665,TK6a7733a8bbba79.78713033,Crew Fem
12666,TK6a7733f5a293e4.36486719,Crew Fem
12667,TK6a7733f5cd41c7.85453492,Crew Fem
12668,TK6a7733f600a388.43748998,Crew Fem
12669,TK6a7733f6299d97.21214736,Crew Fem
12670,TK6a7734d5b2cb40.45108415,Crew Fem
12671,TK6a7734d5e1e464.99032544,Crew Fem
12672,TK6a7734d61cf1d9.29665942,Crew Fem
12673,TK6a7734d647bf65.04087426,Crew Fem
12674,TK6a7738e105a904.31956646,Crew Fem
12675,TK6a7738e134d856.77210973,Crew Fem
12676,TK6a77479d7c8664.01506078,Crew Fem
12677,TK6a77479db50d09.79098578,Crew Fem
12678,TK6a77482ce0f816.30823295,Crew Fem
12679,TK6a77482d1be5e2.78015464,Crew Fem
12680,TK6a77492d333779.75644274,Crew Fem
12681,TK6a77492d5bc626.29108769,Crew Fem
12682,TK6a7749ae36e0b3.52743959,Crew Fem
12683,TK6a774a10456882.11279669,Crew Fem
12684,TK6a77586e48dc08.09206741,Crew Fem
12685,TK6a77586e7fd819.13550526,Crew Fem
12686,TK6a77586ee62ba7.20722910,Crew Fem
12687,TK6a77586f235875.02332603,Crew Fem
12688,TK6a775c7c02bfd4.34137266,Crew Fem
12689,TK6a775d9eb0ba83.33963670,Crew Fem
12690,TK6a775d9ee34569.96771668,Crew Fem
12691,TK6a775d9f1e21e7.68016172,Crew Fem
12692,TK6a775d9f4ea786.34069411,Crew Fem
12693,TK6a77616e7d5276.87097320,Crew Fem
12694,TK6a77616ea7a145.83651554,Crew Fem
12695,TK6a77616ecffc09.67071467,Crew Fem
12696,TK6a77616f05a1f3.34896419,Crew Fem
12697,TK6a776a894e0027.73922817,Crew Fem
12698,IET6a777a9b688271.27773169,Crew Fem
12699,IET6a777a9b68d637.72750631,Crew Fem
12700,TK6a779140c87805.68122880,Crew Fem
12701,TK6a779660e0ecf5.19843847,Crew Fem
12702,TK6a779661183e83.19865349,Crew Fem
12703,TK6a7796d02f1955.40601796,Crew Fem
12704,TK6a7798762f1687.45280502,Crew Fem
12705,TK6a779fc28ba217.92924077,Crew Fem
12706,TK6a77b57cc4d839.23775211,Crew Fem
12707,TK6a77b57d04f4f6.00645876,Crew Fem
12708,TK6a77b57d354a54.47395042,Crew Fem
12709,TK6a77b57d5ff092.43569987,Crew Fem
12710,TK6a77b603a61619.93446206,Crew Fem
12711,TK6a77b603e3e620.98191848,Crew Fem
12712,TK6a77b6041f7c31.68249783,Crew Fem
12713,TK6a77b60449a576.94667774,Crew Fem
12714,TK6a77ba6d71d7b5.61965027,Crew Fem
12715,TK6a77c6f4a369e1.41134056,Crew Fem
12716,TK6a77c6f4dc1465.80479629,Crew Fem
12717,TK6a77cc483f39e1.06913297,Crew Fem
12718,IET6a77cf87a86310.31529424,Crew Fem
12719,IET6a77cf87a8b6c0.43534626,Crew Fem
12720,TK6a77d091266cf7.99903782,Crew Fem
12721,TK6a77d091559e29.92879924,Crew Fem
12722,TK6a77d4bd6a6112.59668534,Crew Fem
12723,TK6a77d4bd9bdb18.90836140,Crew Fem
12724,IET6a3995e9b63c27.44345097,CREW MALE
12725,IET6a3995e9b681c6.73036273,CREW MALE
12726,IET6a59590947efe8.30154077,CREW MALE
12727,IET6a5a72ed424002.80979758,CREW MALE
12728,IET6a5e422718e8a8.99293797,CREW MALE
12729,IET6a5e4227193f52.83721040,CREW MALE
12730,IET6a5e42271990b4.66729649,CREW MALE
12731,IET6a63a6780c7289.46339605,CREW MALE
12732,IET6a644e24d1bb54.51299742,CREW MALE
12733,IET6a64c7f089a2f0.37134527,CREW MALE
12734,IET6a68f797a803f9.46945091,CREW MALE
12735,IET6a6a172ca7b624.46315205,CREW MALE
12736,IET6a6a41fb8fad76.97605001,CREW MALE
12737,IET6a6aa5109f0f94.77646223,CREW MALE
12738,IET6a6b963b423d57.07159788,CREW MALE
12739,IET6a6be5720f4fb3.01524208,CREW MALE
12740,IET6a6c1cfae0ef76.77831885,CREW MALE
12741,IET6a6d1f72379323.25529388,CREW MALE
12742,IET6a6d1f7237ed55.37580284,CREW MALE
12743,IET6a6d1f72382be8.75685536,CREW MALE
12744,IET6a6d1f723868c5.13784931,CREW MALE
12745,IET6a6dec42bd9df0.30947598,CREW MALE
12746,IET6a6e690e643fc9.45704142,CREW MALE
12747,IET6a6e95ae50c895.82187139,CREW MALE
12748,IET6a6e95ae514513.77030292,CREW MALE
12749,IET6a70e5f4bd38c7.54066861,CREW MALE
12750,IET6a7150ae111954.47992611,CREW MALE
12751,IET6a7150ae115628.81281626,CREW MALE
12752,IET6a7150ae1195c9.27883829,CREW MALE
12753,IET6a71ec30ea4ce3.30921740,CREW MALE
12754,IET6a7228c6e816a7.97344487,CREW MALE
12755,IET6a728762792227.31706097,CREW MALE
12756,IET6a728762797c71.21526838,CREW MALE
12757,IET6a7290b7805783.42156491,CREW MALE
12758,IET6a73af1e7e4824.96988273,CREW MALE
12759,IET6a73da1ed33dc9.33774764,CREW MALE
12760,IET6a749ab96823d6.28558367,CREW MALE
12761,IET6a74da7ccb7e66.95136761,CREW MALE
12762,IET6a74da7ccc03f6.92155065,CREW MALE
12763,TK6a67cfbc93a311.88026756,CREW MALE 
12764,TK6a67cfbce82e41.74203786,CREW MALE 
12765,TK6a67d04c655ec4.91348880,CREW MALE 
12766,TK6a67d04c966d40.70481660,CREW MALE 
12767,TK6a68e52b6eb916.66219856,CREW MALE 
12768,TK6a6d3c3d336578.44639799,CREW MALE 
12769,TK6a6f660811dfb6.87294830,CREW MALE 
12770,TK6a6f6ce008e245.60152126,CREW MALE 
12771,TK6a71132d522e51.57567221,CREW MALE 
12772,TK6a71132d7bfee5.08788734,CREW MALE 
12773,TK6a71132db0a768.41949375,CREW MALE 
12774,TK6a720446157381.71876937,CREW MALE 
12775,TK6a73598192c3a0.34485940,CREW MALE 
12776,TK6a735dd79940d6.00860298,CREW MALE 
12777,TK6a7364280979f0.00578600,CREW MALE 
12778,TK6a73648abd7491.10330068,CREW MALE 
12779,TK6a7366a5e9d150.10068862,CREW MALE 
12780,TK6a7366ca61c8a2.09450968,CREW MALE 
12781,TK6a73bcb14a5c41.39367919,CREW MALE 
12782,TK6a73bdb858a325.75631679,CREW MALE 
12783,TK6a73be10e41964.56043010,CREW MALE 
12784,TK6a73bf9564c058.64986095,CREW MALE 
12785,TK6a73c069e897a2.33624530,CREW MALE 
12786,TK6a73d9be24d6f8.19727433,CREW MALE 
12787,TK6a73d9be5f0f87.81067635,CREW MALE 
12788,TK6a73d9beae9804.84678442,CREW MALE 
12789,TK6a73e196311e60.48444318,CREW MALE 
12790,TK6a73e1965a4110.80360494,CREW MALE 
12791,TK6a73e19682ab90.67694086,CREW MALE 
12792,TK6a73e196abe755.44590769,CREW MALE 
12793,TK6a748d9ecdd7c9.66084563,CREW MALE 
12794,TK6a748dba9ccb99.32816893,CREW MALE 
12795,TK6a748dbad500b7.70240988,CREW MALE 
12796,TK6a748dbb16f926.69052557,CREW MALE 
12797,TK6a748dbb482bd5.14163952,CREW MALE 
12798,TK6a7509fa7da3f9.88189661,CREW MALE 
12799,TK6a7509faa66ae0.03577323,CREW MALE 
12800,TK6a750be160f210.27497864,CREW MALE 
12801,TK6a75f723765d75.25965685,CREW MALE 
12802,TK6a75f7239f9e73.83704580,CREW MALE 
12803,TK6a75f884828935.25440072,CREW MALE 
12804,IET6a6e3c9340f3f4.91823573,JUNGLE MALE 
12805,IET6a6f7c1eadd820.70809344,JUNGLE MALE 
12806,IET6a6f7e14ca9c28.60107326,JUNGLE MALE 
12807,IET6a6f831db5c580.68223187,JUNGLE MALE 
12808,IET6a6fe5cf3a4e90.17055920,JUNGLE MALE 
12809,IET6a71252e76c7f8.92256527,JUNGLE MALE 
12810,IET6a722b5336be30.43697454,JUNGLE MALE 
12811,IET6a7236e06a27a3.64030634,JUNGLE MALE 
12812,IET6a725d2c1f5f55.55979091,JUNGLE MALE 
12813,IET6a725ea2052834.96419785,JUNGLE MALE 
12814,IET6a727dc744b986.38058645,JUNGLE MALE 
12815,IET6a728e755edcf7.52882173,JUNGLE MALE 
12816,IET6a72ba48a412c9.51182550,JUNGLE MALE 
12817,IET6a73602de49a70.78177599,JUNGLE MALE 
12818,IET6a7362afe9e002.30392743,JUNGLE MALE 
12819,IET6a7362afea4236.15336217,JUNGLE MALE 
12820,IET6a737038431b44.66435728,JUNGLE MALE 
12821,IET6a73736f9a4e41.68203103,JUNGLE MALE 
12822,IET6a737824c1b333.97555278,JUNGLE MALE 
12823,IET6a7379052085b2.13787632,JUNGLE MALE 
12824,IET6a73790520d872.89107548,JUNGLE MALE 
12825,IET6a738cb78a1541.24608928,JUNGLE MALE 
12826,IET6a73a6cba99ef4.62328746,JUNGLE MALE 
12827,IET6a74c4f8145199.91447296,JUNGLE MALE 
12828,IET6a74cc68ae3080.24982204,JUNGLE MALE 
12829,IET6a74dca143ef04.71713368,JUNGLE MALE 
12830,IET6a750da2aa4996.49261924,JUNGLE MALE 
12831,IET6a750df1a8a2d8.77442307,JUNGLE MALE 
12832,IET6a750e18d3e0f6.85732834,JUNGLE MALE 
12833,IET6a75249a1fe5b0.26164249,JUNGLE MALE 
12834,IET6a7526fb14c8b0.71574144,JUNGLE MALE 
12835,IET6a75410fc8fe46.72126821,JUNGLE MALE 
12836,IET6a756b834521e7.70238054,JUNGLE MALE 
12837,IET6a75f842a42986.15944404,JUNGLE MALE 
12838,IET6a75f842a47bc5.47566905,JUNGLE MALE 
12839,IET6a75f842a4cb29.47581668,JUNGLE MALE 
12840,IET6a761bef9ec2e0.05098723,JUNGLE MALE 
12841,IET6a761bef9f2851.99532987,JUNGLE MALE 
12842,IET6a7621bb96c203.05098985,JUNGLE MALE 
12843,IET6a762e3630f5c2.54263430,JUNGLE MALE 
12844,IET6a762e36316f98.18261724,JUNGLE MALE 
12845,IET6a7639c880da49.52690267,JUNGLE MALE 
12846,IET6a763ca71b66d7.80975471,JUNGLE MALE 
12847,IET6a766105d320f0.87776521,JUNGLE MALE 
12848,IET6a76a949381600.82964440,JUNGLE MALE 
12849,IET6a77ea95d92211.92786283,JUNGLE MALE 
