00001,17964921100001,EB FEMALE $250
00002,79764921100002,EB FEMALE $250
00003,71404921100003,EB FEMALE $250
00004,54704921100004,EB FEMALE $250
00005,22004921100005,EB FEMALE $250
00006,92884921100006,EB FEMALE $250
00007,68784921100007,EB FEMALE $250
00008,64784921100008,EB FEMALE $250
00009,97584921100009,EB FEMALE $250
00010,21084921100010,EB FEMALE $250
00011,21794921100011,EB FEMALE $250
00012,25524921100012,EB FEMALE $250
00013,58614921100013,EB FEMALE $250
00014,90834921100014,EB FEMALE $250
00015,66554921100015,EB FEMALE $250
00016,51654921100016,EB FEMALE $250
00017,61454921100017,EB FEMALE $250
00018,41124921100018,EB FEMALE $250
00019,91784921100019,EB FEMALE $250
00020,10174921100020,EB FEMALE $250
00021,15784921100021,EB FEMALE $250
00022,81034921100022,EB FEMALE $250
00023,15824921100023,EB FEMALE $250
00024,39184921100024,EB FEMALE $250
00025,97844921100025,EB FEMALE $250
00026,69964921100026,EB FEMALE $250
00027,86144921100027,EB FEMALE $250
00028,99384921100028,EB FEMALE $250
00029,26254921100029,EB FEMALE $250
00030,70234921100030,EB FEMALE $250
00031,31414921100031,EB FEMALE $250
00032,87894921100032,EB FEMALE $250
00033,70234921100033,EB FEMALE $250
00034,22244921100034,EB FEMALE $250
00035,36024921100035,EB FEMALE $250
00036,64704921100036,EB FEMALE $250
00037,10454921100037,EB FEMALE $250
00038,72164921100038,EB FEMALE $250
00039,27074921100039,EB FEMALE $250
00040,51574921100040,EB FEMALE $250
00041,12244921100041,EB FEMALE $250
00042,22084921100042,EB FEMALE $250
00043,63974921100043,EB FEMALE $250
00044,33444921100044,EB FEMALE $250
00045,81434921100045,EB FEMALE $250
00046,62624921100046,EB FEMALE $250
00047,30434921100047,EB FEMALE $250
00048,72304921100048,EB FEMALE $250
00049,82624921100049,EB FEMALE $250
00050,88154921100050,EB FEMALE $250
00051,68984921100051,EB FEMALE $250
00052,83674921100052,EB FEMALE $250
00053,49944921100053,EB FEMALE $250
00054,24424921100054,EB FEMALE $250
00055,48044921100055,EB FEMALE $250
00056,85444921100056,EB FEMALE $250
00057,70334921100057,EB FEMALE $250
00058,88684921100058,EB FEMALE $250
00059,41414921100059,EB FEMALE $250
00060,19294921100060,EB FEMALE $250
00061,99354921100061,EB FEMALE $250
00062,82414921100062,EB FEMALE $250
00063,20354921100063,EB FEMALE $250
00064,44624921100064,EB FEMALE $250
00065,69454921100065,EB FEMALE $250
00066,56414921100066,EB FEMALE $250
00067,18064921100067,EB FEMALE $250
00068,44934921100068,EB FEMALE $250
00069,20724921100069,EB FEMALE $250
00070,98474921100070,EB FEMALE $250
00071,46734921100071,EB FEMALE $250
00072,56764921100072,EB FEMALE $250
00073,74214921100073,EB FEMALE $250
00074,53594921100074,EB FEMALE $250
00075,37104921100075,EB FEMALE $250
00076,91034921100076,EB FEMALE $250
00077,67714921100077,EB FEMALE $250
00078,76524921100078,EB FEMALE $250
00079,70444921100079,EB FEMALE $250
00080,67054921100080,EB FEMALE $250
00081,24024921100081,EB FEMALE $250
00082,37044921100082,EB FEMALE $250
00083,93124921100083,EB FEMALE $250
00084,38824921100084,EB FEMALE $250
00085,11714921100085,EB FEMALE $250
00086,27504921100086,EB FEMALE $250
00087,13664921100087,EB FEMALE $250
00088,83994921100088,EB FEMALE $250
00089,28444921100089,EB FEMALE $250
00090,83084921100090,EB FEMALE $250
00091,92154921100091,EB FEMALE $250
00092,35294921100092,EB FEMALE $250
00093,86704921100093,EB FEMALE $250
00094,14384921100094,EB FEMALE $250
00095,92454921100095,EB FEMALE $250
00096,44354921100096,EB FEMALE $250
00097,52164921100097,EB FEMALE $250
00098,72584921100098,EB FEMALE $250
00099,76584921100099,EB FEMALE $250
00100,88204921100100,EB FEMALE $250
00101,44374921100101,EB FEMALE $250
00102,17164921100102,EB FEMALE $250
00103,51824921100103,EB FEMALE $250
00104,38144921100104,EB FEMALE $250
00105,50084921100105,EB FEMALE $250
00106,95944921100106,EB FEMALE $250
00107,90224921100107,EB FEMALE $250
00108,21134921100108,EB FEMALE $250
00109,99014921100109,EB FEMALE $250
00110,67874921100110,EB FEMALE $250
00111,20654921100111,EB FEMALE $250
00112,83714921100112,EB FEMALE $250
00113,12204921100113,EB FEMALE $250
00114,48084921100114,EB FEMALE $250
00115,43304921100115,EB FEMALE $250
00116,58424921100116,EB FEMALE $250
00117,72644921100117,EB FEMALE $250
00118,25604921100118,EB FEMALE $250
00119,16744921100119,EB FEMALE $250
00120,82664921100120,EB FEMALE $250
00121,98704921100121,EB FEMALE $250
00122,33464921100122,EB FEMALE $250
00123,27434921100123,EB FEMALE $250
00124,60184921100124,EB FEMALE $250
00125,69854921100125,EB FEMALE $250
00126,71424921100126,EB FEMALE $250
00127,81784921100127,EB FEMALE $250
00128,44894921100128,EB FEMALE $250
00129,54944921100129,EB FEMALE $250
00130,51074921100130,EB FEMALE $250
00131,90654921100131,EB FEMALE $250
00132,17334921100132,EB FEMALE $250
00133,72964921100133,EB FEMALE $250
00134,33504921100134,EB FEMALE $250
00135,56404921100135,EB FEMALE $250
00136,43544921100136,EB FEMALE $250
00137,66394921100137,EB FEMALE $250
00138,39444921100138,EB FEMALE $250
00139,12424921100139,EB FEMALE $250
00140,96524921100140,EB FEMALE $250
00141,76914921100141,EB FEMALE $250
00142,61964921100142,EB FEMALE $250
00143,75114921100143,EB FEMALE $250
00144,80094921100144,EB FEMALE $250
00145,83714921100145,EB FEMALE $250
00146,11604921100146,EB FEMALE $250
00147,68544921100147,EB FEMALE $250
00148,55274921100148,EB FEMALE $250
00149,44294921100149,EB FEMALE $250
00150,44014921100150,EB FEMALE $250
00151,71344921100151,EB FEMALE $250
00152,39254921100152,EB FEMALE $250
00153,47714921100153,EB FEMALE $250
00154,10154921100154,EB FEMALE $250
00155,86304921100155,EB FEMALE $250
00156,96784921100156,EB FEMALE $250
00157,40374921100157,EB FEMALE $250
00158,98884921100158,EB FEMALE $250
00159,92404921100159,EB FEMALE $250
00160,94054921100160,EB FEMALE $250
00161,24344921100161,EB FEMALE $250
00162,62194921100162,EB FEMALE $250
00163,29354921100163,EB FEMALE $250
00164,15114921100164,EB FEMALE $250
00165,98064921100165,EB FEMALE $250
00166,82814921100166,EB FEMALE $250
00167,74554921100167,EB FEMALE $250
00168,30784921100168,EB FEMALE $250
00169,69724921100169,EB FEMALE $250
00170,44394921100170,EB FEMALE $250
00171,42734921100171,EB FEMALE $250
00172,50044921100172,EB FEMALE $250
00173,82944921100173,EB FEMALE $250
00174,84104921100174,EB FEMALE $250
00175,67914921100175,EB FEMALE $250
00176,14004921100176,EB FEMALE $250
00177,95134921100177,EB FEMALE $250
00178,87904921100178,EB FEMALE $250
00179,47944921100179,EB FEMALE $250
00180,32194921100180,EB FEMALE $250
00181,98234921100181,EB FEMALE $250
00182,18074921100182,EB FEMALE $250
00183,11544921100183,EB FEMALE $250
00184,91574921100184,EB FEMALE $250
00185,92004921100185,EB FEMALE $250
00186,83444921100186,EB FEMALE $250
00187,57834921100187,EB FEMALE $250
00188,57914921100188,EB FEMALE $250
00189,79814921100189,EB FEMALE $250
00190,32054921100190,EB FEMALE $250
00191,48384921100191,EB FEMALE $250
00192,59654921100192,EB FEMALE $250
00193,86924921100193,EB FEMALE $250
00194,86254921100194,EB FEMALE $250
00195,41714921100195,EB FEMALE $250
00196,84364921100196,EB FEMALE $250
00197,21244921100197,EB FEMALE $250
00198,10444921100198,EB FEMALE $250
00199,30314921100199,EB FEMALE $250
00200,47644921100200,EB FEMALE $250
00201,96624921100201,EB FEMALE $250
00202,91114921100202,EB FEMALE $250
00203,60244921100203,EB FEMALE $250
00204,64494921100204,EB FEMALE $250
00205,18694921100205,EB FEMALE $250
00206,69634921100206,EB FEMALE $250
00207,13094921100207,EB FEMALE $250
00208,23254921100208,EB FEMALE $250
00209,83024921100209,EB FEMALE $250
00210,77304921100210,EB FEMALE $250
00211,40534921100211,EB FEMALE $250
00212,81994921100212,EB FEMALE $250
00213,46024921100213,EB FEMALE $250
00214,63074921100214,EB FEMALE $250
00215,31384921100215,EB FEMALE $250
00216,17454921100216,EB FEMALE $250
00217,88164921100217,EB FEMALE $250
00218,53674921100218,EB FEMALE $250
00219,91084921100219,EB FEMALE $250
00220,36384921100220,EB FEMALE $250
00221,89754921100221,EB FEMALE $250
00222,76254921100222,EB FEMALE $250
00223,53784921100223,EB FEMALE $250
00224,79504921100224,EB FEMALE $250
00225,99254921100225,EB FEMALE $250
00226,13584921100226,EB FEMALE $250
00227,96804921100227,EB FEMALE $250
00228,47924921100228,EB FEMALE $250
00229,14044921100229,EB FEMALE $250
00230,21664921100230,EB FEMALE $250
00231,27764921100231,EB FEMALE $250
00232,51974921100232,EB FEMALE $250
00233,93674921100233,EB FEMALE $250
00234,69914921100234,EB FEMALE $250
00235,34004921100235,EB FEMALE $250
00236,52684921100236,EB FEMALE $250
00237,55704921100237,EB FEMALE $250
00238,43834921100238,EB FEMALE $250
00239,14724921100239,EB FEMALE $250
00240,65664921100240,EB FEMALE $250
00241,83944921100241,EB FEMALE $250
00242,50114921100242,EB FEMALE $250
00243,15404921100243,EB FEMALE $250
00244,27504921100244,EB FEMALE $250
00245,59234921100245,EB FEMALE $250
00246,24354921100246,EB FEMALE $250
00247,54944921100247,EB FEMALE $250
00248,44684921100248,EB FEMALE $250
00249,72734921100249,EB FEMALE $250
00250,81134921100250,EB FEMALE $250
00251,65124921100251,EB FEMALE $250
00252,35004921100252,EB FEMALE $250
00253,61744921100253,EB FEMALE $250
00254,76794921100254,EB FEMALE $250
00255,32654921100255,EB FEMALE $250
00256,21434921100256,EB FEMALE $250
00257,97894921100257,EB FEMALE $250
00258,94454921100258,EB FEMALE $250
00259,73704921100259,EB FEMALE $250
00260,88574921100260,EB FEMALE $250
00261,68034921100261,EB FEMALE $250
00262,51804921100262,EB FEMALE $250
00263,80944921100263,EB FEMALE $250
00264,91564921100264,EB FEMALE $250
00265,97424921100265,EB FEMALE $250
00266,51114921100266,EB FEMALE $250
00267,23084921100267,EB FEMALE $250
00268,17434921100268,EB FEMALE $250
00269,95554921100269,EB FEMALE $250
00270,32044921100270,EB FEMALE $250
00271,86844921100271,EB FEMALE $250
00272,99034921100272,EB FEMALE $250
00273,44454921100273,EB FEMALE $250
00274,76654921100274,EB FEMALE $250
00275,31604921100275,EB FEMALE $250
00276,51514921100276,EB FEMALE $250
00277,39414921100277,EB FEMALE $250
00278,17194921100278,EB FEMALE $250
00279,96274921100279,EB FEMALE $250
00280,41084921100280,EB FEMALE $250
00281,82294921100281,EB FEMALE $250
00282,56154921100282,EB FEMALE $250
00283,39014921100283,EB FEMALE $250
00284,56574921100284,EB FEMALE $250
00285,77344921100285,EB FEMALE $250
00286,58984921100286,EB FEMALE $250
00287,89064921100287,EB FEMALE $250
00288,23224921100288,EB FEMALE $250
00289,29424921100289,EB FEMALE $250
00290,39224921100290,EB FEMALE $250
00291,31464921100291,EB FEMALE $250
00292,29144921100292,EB FEMALE $250
00293,84784921100293,EB FEMALE $250
00294,36174921100294,EB FEMALE $250
00295,23954921100295,EB FEMALE $250
00296,34234921100296,EB FEMALE $250
00297,54434921100297,EB FEMALE $250
00298,15034921100298,EB FEMALE $250
00299,86534921100299,EB FEMALE $250
00300,51534921100300,EB FEMALE $250
00301,39804921100301,EB FEMALE $250
00302,59544921100302,EB FEMALE $250
00303,63564921100303,EB FEMALE $250
00304,81194921100304,EB FEMALE $250
00305,91114921100305,EB FEMALE $250
00306,47224921100306,EB FEMALE $250
00307,58184921100307,EB FEMALE $250
00308,66834921100308,EB FEMALE $250
00309,68124921100309,EB FEMALE $250
00310,66914921100310,EB FEMALE $250
00311,79454921100311,EB FEMALE $250
00312,54474921100312,EB FEMALE $250
00313,63404921100313,EB FEMALE $250
00314,49034921100314,EB FEMALE $250
00315,71794921100315,EB FEMALE $250
00316,13924921100316,EB FEMALE $250
00317,38134921100317,EB FEMALE $250
00318,48144921100318,EB FEMALE $250
00319,57084921100319,EB FEMALE $250
00320,42704921100320,EB FEMALE $250
00321,20374921100321,EB FEMALE $250
00322,98174921100322,EB FEMALE $250
00323,29154921100323,EB FEMALE $250
00324,52444921100324,EB FEMALE $250
00325,55864921100325,EB FEMALE $250
00326,90084921100326,EB FEMALE $250
00327,50814921100327,EB FEMALE $250
00328,17794921100328,EB FEMALE $250
00329,91274921100329,EB FEMALE $250
00330,31954921100330,EB FEMALE $250
00331,13434921100331,EB FEMALE $250
00332,67824921100332,EB FEMALE $250
00333,60014921100333,EB FEMALE $250
00334,61674921100334,EB FEMALE $250
00335,48904921100335,EB FEMALE $250
00336,59954921100336,EB FEMALE $250
00337,80504921100337,EB FEMALE $250
00338,32144921100338,EB FEMALE $250
00339,64234921100339,EB FEMALE $250
00340,76304921100340,EB FEMALE $250
00341,46944921100341,EB FEMALE $250
00342,18854921100342,EB FEMALE $250
00343,18534921100343,EB FEMALE $250
00344,42664921100344,EB FEMALE $250
00345,52614921100345,EB FEMALE $250
00346,40084921100346,EB FEMALE $250
00347,42564921100347,EB FEMALE $250
00348,89854921100348,EB FEMALE $250
00349,25654921100349,EB FEMALE $250
00350,69574921100350,EB FEMALE $250
00351,40774921100351,EB FEMALE $250
00352,37684921100352,EB FEMALE $250
00353,17334921100353,EB FEMALE $250
00354,71644921100354,EB FEMALE $250
00355,35824921100355,EB FEMALE $250
00356,71274921100356,EB FEMALE $250
00357,62814921100357,EB FEMALE $250
00358,58864921100358,EB FEMALE $250
00359,85604921100359,EB FEMALE $250
00360,90054921100360,EB FEMALE $250
00361,64504921100361,EB FEMALE $250
00362,82214921100362,EB FEMALE $250
00363,42824921100363,EB FEMALE $250
00364,69114921100364,EB FEMALE $250
00365,57744921100365,EB FEMALE $250
00366,63744921100366,EB FEMALE $250
00367,56944921100367,EB FEMALE $250
00368,83114921100368,EB FEMALE $250
00369,49164921100369,EB FEMALE $250
00370,11724921100370,EB FEMALE $250
00371,18804921100371,EB FEMALE $250
00372,82714921100372,EB FEMALE $250
00373,57424921100373,EB FEMALE $250
00374,78284921100374,EB FEMALE $250
00375,17574921100375,EB FEMALE $250
00376,53454921100376,EB FEMALE $250
00377,86494921100377,EB FEMALE $250
00378,99624921100378,EB FEMALE $250
00379,10364921100379,EB FEMALE $250
00380,17194921100380,EB FEMALE $250
00381,31484921100381,EB FEMALE $250
00382,58594921100382,EB FEMALE $250
00383,54184921100383,EB FEMALE $250
00384,55974921100384,EB FEMALE $250
00385,56834921100385,EB FEMALE $250
00386,29924921100386,EB FEMALE $250
00387,20544921100387,EB FEMALE $250
00388,88464921100388,EB FEMALE $250
00389,97204921100389,EB FEMALE $250
00390,57804921100390,EB FEMALE $250
00391,52404921100391,EB FEMALE $250
00392,28844921100392,EB FEMALE $250
00393,10684921100393,EB FEMALE $250
00394,56114921100394,EB FEMALE $250
00395,53784921100395,EB FEMALE $250
00396,58204921100396,EB FEMALE $250
00397,24564921100397,EB FEMALE $250
00398,91054921100398,EB FEMALE $250
00399,11754921100399,EB FEMALE $250
00400,18494921100400,EB FEMALE $250
00401,33674921200401,EB MALE $300
00402,56274921200402,EB MALE $300
00403,70934921200403,EB MALE $300
00404,88874921200404,EB MALE $300
00405,91124921200405,EB MALE $300
00406,90554921200406,EB MALE $300
00407,90624921200407,EB MALE $300
00408,44674921200408,EB MALE $300
00409,21614921200409,EB MALE $300
00410,27974921200410,EB MALE $300
00411,34254921200411,EB MALE $300
00412,68744921200412,EB MALE $300
00413,47174921200413,EB MALE $300
00414,40524921200414,EB MALE $300
00415,21394921200415,EB MALE $300
00416,55394921200416,EB MALE $300
00417,85474921200417,EB MALE $300
00418,43324921200418,EB MALE $300
00419,42374921200419,EB MALE $300
00420,16814921200420,EB MALE $300
00421,60614921200421,EB MALE $300
00422,22224921200422,EB MALE $300
00423,55254921200423,EB MALE $300
00424,61944921200424,EB MALE $300
00425,56374921200425,EB MALE $300
00426,23984921200426,EB MALE $300
00427,15384921200427,EB MALE $300
00428,37914921200428,EB MALE $300
00429,42024921200429,EB MALE $300
00430,78924921200430,EB MALE $300
00431,17374921200431,EB MALE $300
00432,93904921200432,EB MALE $300
00433,70574921200433,EB MALE $300
00434,56114921200434,EB MALE $300
00435,99724921200435,EB MALE $300
00436,97614921200436,EB MALE $300
00437,49614921200437,EB MALE $300
00438,80954921200438,EB MALE $300
00439,71784921200439,EB MALE $300
00440,64124921200440,EB MALE $300
00441,74524921200441,EB MALE $300
00442,75424921200442,EB MALE $300
00443,83294921200443,EB MALE $300
00444,67314921200444,EB MALE $300
00445,64294921200445,EB MALE $300
00446,40674921200446,EB MALE $300
00447,46454921200447,EB MALE $300
00448,83744921200448,EB MALE $300
00449,49794921200449,EB MALE $300
00450,92174921200450,EB MALE $300
00451,70374921200451,EB MALE $300
00452,39144921200452,EB MALE $300
00453,34584921200453,EB MALE $300
00454,67434921200454,EB MALE $300
00455,18234921200455,EB MALE $300
00456,57194921200456,EB MALE $300
00457,58144921200457,EB MALE $300
00458,56114921200458,EB MALE $300
00459,76654921200459,EB MALE $300
00460,11054921200460,EB MALE $300
00461,11694921200461,EB MALE $300
00462,52674921200462,EB MALE $300
00463,87874921200463,EB MALE $300
00464,87154921200464,EB MALE $300
00465,16464921200465,EB MALE $300
00466,81544921200466,EB MALE $300
00467,74214921200467,EB MALE $300
00468,21744921200468,EB MALE $300
00469,14464921200469,EB MALE $300
00470,74814921200470,EB MALE $300
00471,65084921200471,EB MALE $300
00472,69624921200472,EB MALE $300
00473,11794921200473,EB MALE $300
00474,42314921200474,EB MALE $300
00475,36574921200475,EB MALE $300
00476,15724921200476,EB MALE $300
00477,74404921200477,EB MALE $300
00478,84334921200478,EB MALE $300
00479,53424921200479,EB MALE $300
00480,98854921200480,EB MALE $300
00481,76364921200481,EB MALE $300
00482,66774921200482,EB MALE $300
00483,73624921200483,EB MALE $300
00484,68264921200484,EB MALE $300
00485,10694921200485,EB MALE $300
00486,38754921200486,EB MALE $300
00487,45384921200487,EB MALE $300
00488,62394921200488,EB MALE $300
00489,52554921200489,EB MALE $300
00490,42824921200490,EB MALE $300
00491,26684921200491,EB MALE $300
00492,70424921200492,EB MALE $300
00493,15134921200493,EB MALE $300
00494,37594921200494,EB MALE $300
00495,57334921200495,EB MALE $300
00496,46074921200496,EB MALE $300
00497,87854921200497,EB MALE $300
00498,22894921200498,EB MALE $300
00499,53474921200499,EB MALE $300
00500,44054921200500,EB MALE $300
00501,67214921200501,EB MALE $300
00502,97424921200502,EB MALE $300
00503,84604921200503,EB MALE $300
00504,18994921200504,EB MALE $300
00505,49984921200505,EB MALE $300
00506,88934921200506,EB MALE $300
00507,43124921200507,EB MALE $300
00508,96774921200508,EB MALE $300
00509,69064921200509,EB MALE $300
00510,16854921200510,EB MALE $300
00511,56384921200511,EB MALE $300
00512,58534921200512,EB MALE $300
00513,21754921200513,EB MALE $300
00514,37444921200514,EB MALE $300
00515,21164921200515,EB MALE $300
00516,16984921200516,EB MALE $300
00517,70484921200517,EB MALE $300
00518,51494921200518,EB MALE $300
00519,60774921200519,EB MALE $300
00520,35374921200520,EB MALE $300
00521,76154921200521,EB MALE $300
00522,54434921200522,EB MALE $300
00523,14534921200523,EB MALE $300
00524,38864921200524,EB MALE $300
00525,43914921200525,EB MALE $300
00526,59024921200526,EB MALE $300
00527,29814921200527,EB MALE $300
00528,18464921200528,EB MALE $300
00529,51364921200529,EB MALE $300
00530,40464921200530,EB MALE $300
00531,96564921200531,EB MALE $300
00532,77384921200532,EB MALE $300
00533,19444921200533,EB MALE $300
00534,84114921200534,EB MALE $300
00535,54394921200535,EB MALE $300
00536,50024921200536,EB MALE $300
00537,45654921200537,EB MALE $300
00538,15614921200538,EB MALE $300
00539,72024921200539,EB MALE $300
00540,43294921200540,EB MALE $300
00541,39854921200541,EB MALE $300
00542,43514921200542,EB MALE $300
00543,69374921200543,EB MALE $300
00544,10584921200544,EB MALE $300
00545,12514921200545,EB MALE $300
00546,74494921200546,EB MALE $300
00547,62064921200547,EB MALE $300
00548,68114921200548,EB MALE $300
00549,25544921200549,EB MALE $300
00550,40964921200550,EB MALE $300
00551,78474921200551,EB MALE $300
00552,23924921200552,EB MALE $300
00553,75534921200553,EB MALE $300
00554,71254921200554,EB MALE $300
00555,99244921200555,EB MALE $300
00556,99164921200556,EB MALE $300
00557,89574921200557,EB MALE $300
00558,52254921200558,EB MALE $300
00559,19354921200559,EB MALE $300
00560,52124921200560,EB MALE $300
00561,33514921200561,EB MALE $300
00562,24574921200562,EB MALE $300
00563,82544921200563,EB MALE $300
00564,34534921200564,EB MALE $300
00565,42714921200565,EB MALE $300
00566,60194921200566,EB MALE $300
00567,78524921200567,EB MALE $300
00568,30544921200568,EB MALE $300
00569,35374921200569,EB MALE $300
00570,72654921200570,EB MALE $300
00571,92334921200571,EB MALE $300
00572,38084921200572,EB MALE $300
00573,68304921200573,EB MALE $300
00574,99644921200574,EB MALE $300
00575,16484921200575,EB MALE $300
00576,92804921200576,EB MALE $300
00577,85194921200577,EB MALE $300
00578,68234921200578,EB MALE $300
00579,75394921200579,EB MALE $300
00580,44474921200580,EB MALE $300
00581,47414921200581,EB MALE $300
00582,32484921200582,EB MALE $300
00583,22554921200583,EB MALE $300
00584,75854921200584,EB MALE $300
00585,87234921200585,EB MALE $300
00586,73594921200586,EB MALE $300
00587,69914921200587,EB MALE $300
00588,74144921200588,EB MALE $300
00589,53714921200589,EB MALE $300
00590,42604921200590,EB MALE $300
00591,40024921200591,EB MALE $300
00592,14884921200592,EB MALE $300
00593,70884921200593,EB MALE $300
00594,45524921200594,EB MALE $300
00595,70494921200595,EB MALE $300
00596,98304921200596,EB MALE $300
00597,38584921200597,EB MALE $300
00598,50974921200598,EB MALE $300
00599,81054921200599,EB MALE $300
00600,98344921200600,EB MALE $300
00601,55694921300601,MALE T1 $350
00602,60364921300602,MALE T1 $350
00603,73114921300603,MALE T1 $350
00604,83954921300604,MALE T1 $350
00605,56004921300605,MALE T1 $350
00606,30554921300606,MALE T1 $350
00607,91744921300607,MALE T1 $350
00608,83044921300608,MALE T1 $350
00609,96384921300609,MALE T1 $350
00610,88974921300610,MALE T1 $350
00611,30214921300611,MALE T1 $350
00612,38884921300612,MALE T1 $350
00613,37664921300613,MALE T1 $350
00614,51344921300614,MALE T1 $350
00615,87054921300615,MALE T1 $350
00616,59004921300616,MALE T1 $350
00617,57824921300617,MALE T1 $350
00618,41764921300618,MALE T1 $350
00619,75584921300619,MALE T1 $350
00620,56624921300620,MALE T1 $350
00621,17874921300621,MALE T1 $350
00622,55394921300622,MALE T1 $350
00623,15904921300623,MALE T1 $350
00624,44544921300624,MALE T1 $350
00625,20044921300625,MALE T1 $350
00626,83634921300626,MALE T1 $350
00627,29454921300627,MALE T1 $350
00628,91534921300628,MALE T1 $350
00629,88604921300629,MALE T1 $350
00630,81764921300630,MALE T1 $350
00631,76054921300631,MALE T1 $350
00632,31284921300632,MALE T1 $350
00633,53194921300633,MALE T1 $350
00634,49074921300634,MALE T1 $350
00635,73434921300635,MALE T1 $350
00636,93734921300636,MALE T1 $350
00637,84504921300637,MALE T1 $350
00638,41554921300638,MALE T1 $350
00639,39244921300639,MALE T1 $350
00640,29094921300640,MALE T1 $350
00641,82634921300641,MALE T1 $350
00642,27044921300642,MALE T1 $350
00643,75574921300643,MALE T1 $350
00644,54134921300644,MALE T1 $350
00645,77854921300645,MALE T1 $350
00646,32884921300646,MALE T1 $350
00647,16064921300647,MALE T1 $350
00648,21164921300648,MALE T1 $350
00649,23874921300649,MALE T1 $350
00650,46074921300650,MALE T1 $350
00651,85314921300651,MALE T1 $350
00652,49404921300652,MALE T1 $350
00653,63614921300653,MALE T1 $350
00654,25934921300654,MALE T1 $350
00655,51034921300655,MALE T1 $350
00656,98924921300656,MALE T1 $350
00657,97524921300657,MALE T1 $350
00658,29234921300658,MALE T1 $350
00659,18494921300659,MALE T1 $350
00660,17024921300660,MALE T1 $350
00661,94354921300661,MALE T1 $350
00662,87874921300662,MALE T1 $350
00663,77574921300663,MALE T1 $350
00664,57124921300664,MALE T1 $350
00665,64424921300665,MALE T1 $350
00666,19074921300666,MALE T1 $350
00667,62344921300667,MALE T1 $350
00668,70224921300668,MALE T1 $350
00669,55374921300669,MALE T1 $350
00670,67944921300670,MALE T1 $350
00671,53024921300671,MALE T1 $350
00672,68764921300672,MALE T1 $350
00673,80514921300673,MALE T1 $350
00674,42734921300674,MALE T1 $350
00675,90554921300675,MALE T1 $350
00676,93044921300676,MALE T1 $350
00677,69564921300677,MALE T1 $350
00678,92404921300678,MALE T1 $350
00679,93614921300679,MALE T1 $350
00680,10154921300680,MALE T1 $350
00681,21934921300681,MALE T1 $350
00682,66844921300682,MALE T1 $350
00683,68174921300683,MALE T1 $350
00684,55304921300684,MALE T1 $350
00685,92494921300685,MALE T1 $350
00686,69524921300686,MALE T1 $350
00687,69484921300687,MALE T1 $350
00688,45844921300688,MALE T1 $350
00689,69924921300689,MALE T1 $350
00690,42604921300690,MALE T1 $350
00691,96664921300691,MALE T1 $350
00692,57574921300692,MALE T1 $350
00693,47404921300693,MALE T1 $350
00694,94624921300694,MALE T1 $350
00695,99684921300695,MALE T1 $350
00696,43704921300696,MALE T1 $350
00697,35954921300697,MALE T1 $350
00698,40694921300698,MALE T1 $350
00699,98914921300699,MALE T1 $350
00700,16244921300700,MALE T1 $350
00701,50174921300701,MALE T1 $350
00702,45064921300702,MALE T1 $350
00703,57164921300703,MALE T1 $350
00704,69874921300704,MALE T1 $350
00705,36584921300705,MALE T1 $350
00706,26374921300706,MALE T1 $350
00707,44204921300707,MALE T1 $350
00708,68444921300708,MALE T1 $350
00709,94334921300709,MALE T1 $350
00710,75214921300710,MALE T1 $350
00711,63794921300711,MALE T1 $350
00712,73774921300712,MALE T1 $350
00713,88554921300713,MALE T1 $350
00714,84394921300714,MALE T1 $350
00715,83214921300715,MALE T1 $350
00716,77124921300716,MALE T1 $350
00717,96084921300717,MALE T1 $350
00718,31494921300718,MALE T1 $350
00719,85324921300719,MALE T1 $350
00720,23104921300720,MALE T1 $350
00721,63794921300721,MALE T1 $350
00722,14074921300722,MALE T1 $350
00723,53054921300723,MALE T1 $350
00724,36014921300724,MALE T1 $350
00725,29304921300725,MALE T1 $350
00726,37334921300726,MALE T1 $350
00727,66444921300727,MALE T1 $350
00728,38834921300728,MALE T1 $350
00729,94324921300729,MALE T1 $350
00730,94234921300730,MALE T1 $350
00731,62204921300731,MALE T1 $350
00732,24594921300732,MALE T1 $350
00733,60454921300733,MALE T1 $350
00734,88204921300734,MALE T1 $350
00735,65724921300735,MALE T1 $350
00736,80234921300736,MALE T1 $350
00737,77384921300737,MALE T1 $350
00738,48254921300738,MALE T1 $350
00739,85594921300739,MALE T1 $350
00740,73124921300740,MALE T1 $350
00741,53734921300741,MALE T1 $350
00742,96634921300742,MALE T1 $350
00743,30654921300743,MALE T1 $350
00744,79854921300744,MALE T1 $350
00745,80324921300745,MALE T1 $350
00746,79014921300746,MALE T1 $350
00747,99514921300747,MALE T1 $350
00748,27704921300748,MALE T1 $350
00749,65964921300749,MALE T1 $350
00750,27144921300750,MALE T1 $350
00751,22624921300751,MALE T1 $350
00752,78514921300752,MALE T1 $350
00753,25694921300753,MALE T1 $350
00754,13954921300754,MALE T1 $350
00755,36714921300755,MALE T1 $350
00756,45144921300756,MALE T1 $350
00757,31604921300757,MALE T1 $350
00758,31294921300758,MALE T1 $350
00759,81914921300759,MALE T1 $350
00760,90324921300760,MALE T1 $350
00761,96124921300761,MALE T1 $350
00762,70024921300762,MALE T1 $350
00763,11284921300763,MALE T1 $350
00764,98074921300764,MALE T1 $350
00765,77794921300765,MALE T1 $350
00766,42694921300766,MALE T1 $350
00767,92754921300767,MALE T1 $350
00768,57664921300768,MALE T1 $350
00769,59504921300769,MALE T1 $350
00770,88704921300770,MALE T1 $350
00771,93774921300771,MALE T1 $350
00772,19924921300772,MALE T1 $350
00773,29334921300773,MALE T1 $350
00774,91964921300774,MALE T1 $350
00775,98254921300775,MALE T1 $350
00776,76204921300776,MALE T1 $350
00777,33804921300777,MALE T1 $350
00778,31044921300778,MALE T1 $350
00779,86134921300779,MALE T1 $350
00780,89824921300780,MALE T1 $350
00781,83664921300781,MALE T1 $350
00782,81784921300782,MALE T1 $350
00783,75414921300783,MALE T1 $350
00784,79904921300784,MALE T1 $350
00785,82174921300785,MALE T1 $350
00786,22564921300786,MALE T1 $350
00787,16694921300787,MALE T1 $350
00788,87784921300788,MALE T1 $350
00789,45884921300789,MALE T1 $350
00790,11834921300790,MALE T1 $350
00791,70164921300791,MALE T1 $350
00792,65984921300792,MALE T1 $350
00793,77914921300793,MALE T1 $350
00794,38354921300794,MALE T1 $350
00795,95204921300795,MALE T1 $350
00796,59544921300796,MALE T1 $350
00797,93754921300797,MALE T1 $350
00798,23834921300798,MALE T1 $350
00799,62344921300799,MALE T1 $350
00800,49964921300800,MALE T1 $350
00801,19504921400801,FEMALE T1 $300
00802,38044921400802,FEMALE T1 $300
00803,37834921400803,FEMALE T1 $300
00804,91614921400804,FEMALE T1 $300
00805,12694921400805,FEMALE T1 $300
00806,86534921400806,FEMALE T1 $300
00807,10674921400807,FEMALE T1 $300
00808,20634921400808,FEMALE T1 $300
00809,75544921400809,FEMALE T1 $300
00810,10774921400810,FEMALE T1 $300
00811,12134921400811,FEMALE T1 $300
00812,86324921400812,FEMALE T1 $300
00813,50764921400813,FEMALE T1 $300
00814,40744921400814,FEMALE T1 $300
00815,77784921400815,FEMALE T1 $300
00816,75064921400816,FEMALE T1 $300
00817,89814921400817,FEMALE T1 $300
00818,20204921400818,FEMALE T1 $300
00819,52074921400819,FEMALE T1 $300
00820,76754921400820,FEMALE T1 $300
00821,63704921400821,FEMALE T1 $300
00822,94254921400822,FEMALE T1 $300
00823,45254921400823,FEMALE T1 $300
00824,13634921400824,FEMALE T1 $300
00825,76244921400825,FEMALE T1 $300
00826,69554921400826,FEMALE T1 $300
00827,13044921400827,FEMALE T1 $300
00828,91774921400828,FEMALE T1 $300
00829,99884921400829,FEMALE T1 $300
00830,56934921400830,FEMALE T1 $300
00831,78524921400831,FEMALE T1 $300
00832,14954921400832,FEMALE T1 $300
00833,83924921400833,FEMALE T1 $300
00834,56564921400834,FEMALE T1 $300
00835,66804921400835,FEMALE T1 $300
00836,21044921400836,FEMALE T1 $300
00837,85364921400837,FEMALE T1 $300
00838,15654921400838,FEMALE T1 $300
00839,51944921400839,FEMALE T1 $300
00840,50954921400840,FEMALE T1 $300
00841,62104921400841,FEMALE T1 $300
00842,88514921400842,FEMALE T1 $300
00843,26564921400843,FEMALE T1 $300
00844,20004921400844,FEMALE T1 $300
00845,48824921400845,FEMALE T1 $300
00846,19324921400846,FEMALE T1 $300
00847,43804921400847,FEMALE T1 $300
00848,21834921400848,FEMALE T1 $300
00849,85174921400849,FEMALE T1 $300
00850,77184921400850,FEMALE T1 $300
00851,21904921400851,FEMALE T1 $300
00852,14854921400852,FEMALE T1 $300
00853,76614921400853,FEMALE T1 $300
00854,33884921400854,FEMALE T1 $300
00855,21254921400855,FEMALE T1 $300
00856,71074921400856,FEMALE T1 $300
00857,37694921400857,FEMALE T1 $300
00858,53934921400858,FEMALE T1 $300
00859,93834921400859,FEMALE T1 $300
00860,17594921400860,FEMALE T1 $300
00861,87754921400861,FEMALE T1 $300
00862,77314921400862,FEMALE T1 $300
00863,65374921400863,FEMALE T1 $300
00864,90434921400864,FEMALE T1 $300
00865,19364921400865,FEMALE T1 $300
00866,34604921400866,FEMALE T1 $300
00867,59764921400867,FEMALE T1 $300
00868,81014921400868,FEMALE T1 $300
00869,58914921400869,FEMALE T1 $300
00870,84614921400870,FEMALE T1 $300
00871,56164921400871,FEMALE T1 $300
00872,34974921400872,FEMALE T1 $300
00873,30064921400873,FEMALE T1 $300
00874,64594921400874,FEMALE T1 $300
00875,98494921400875,FEMALE T1 $300
00876,73664921400876,FEMALE T1 $300
00877,69404921400877,FEMALE T1 $300
00878,42834921400878,FEMALE T1 $300
00879,77504921400879,FEMALE T1 $300
00880,58004921400880,FEMALE T1 $300
00881,14814921400881,FEMALE T1 $300
00882,83834921400882,FEMALE T1 $300
00883,75254921400883,FEMALE T1 $300
00884,84884921400884,FEMALE T1 $300
00885,76194921400885,FEMALE T1 $300
00886,36024921400886,FEMALE T1 $300
00887,12204921400887,FEMALE T1 $300
00888,16134921400888,FEMALE T1 $300
00889,88794921400889,FEMALE T1 $300
00890,61794921400890,FEMALE T1 $300
00891,36674921400891,FEMALE T1 $300
00892,19814921400892,FEMALE T1 $300
00893,48944921400893,FEMALE T1 $300
00894,20284921400894,FEMALE T1 $300
00895,36954921400895,FEMALE T1 $300
00896,54244921400896,FEMALE T1 $300
00897,42354921400897,FEMALE T1 $300
00898,42444921400898,FEMALE T1 $300
00899,75774921400899,FEMALE T1 $300
00900,94324921400900,FEMALE T1 $300
00901,14914921400901,FEMALE T1 $300
00902,48754921400902,FEMALE T1 $300
00903,37374921400903,FEMALE T1 $300
00904,20514921400904,FEMALE T1 $300
00905,15974921400905,FEMALE T1 $300
00906,99314921400906,FEMALE T1 $300
00907,17004921400907,FEMALE T1 $300
00908,70134921400908,FEMALE T1 $300
00909,14074921400909,FEMALE T1 $300
00910,46584921400910,FEMALE T1 $300
00911,12974921400911,FEMALE T1 $300
00912,51394921400912,FEMALE T1 $300
00913,95294921400913,FEMALE T1 $300
00914,20464921400914,FEMALE T1 $300
00915,91184921400915,FEMALE T1 $300
00916,19694921400916,FEMALE T1 $300
00917,54004921400917,FEMALE T1 $300
00918,35984921400918,FEMALE T1 $300
00919,32184921400919,FEMALE T1 $300
00920,76604921400920,FEMALE T1 $300
00921,86134921400921,FEMALE T1 $300
00922,73454921400922,FEMALE T1 $300
00923,80604921400923,FEMALE T1 $300
00924,11244921400924,FEMALE T1 $300
00925,64984921400925,FEMALE T1 $300
00926,91154921400926,FEMALE T1 $300
00927,97314921400927,FEMALE T1 $300
00928,44174921400928,FEMALE T1 $300
00929,99454921400929,FEMALE T1 $300
00930,60424921400930,FEMALE T1 $300
00931,83894921400931,FEMALE T1 $300
00932,63814921400932,FEMALE T1 $300
00933,34924921400933,FEMALE T1 $300
00934,23374921400934,FEMALE T1 $300
00935,99624921400935,FEMALE T1 $300
00936,55384921400936,FEMALE T1 $300
00937,56384921400937,FEMALE T1 $300
00938,82994921400938,FEMALE T1 $300
00939,21124921400939,FEMALE T1 $300
00940,12234921400940,FEMALE T1 $300
00941,54384921400941,FEMALE T1 $300
00942,55904921400942,FEMALE T1 $300
00943,44264921400943,FEMALE T1 $300
00944,49814921400944,FEMALE T1 $300
00945,93174921400945,FEMALE T1 $300
00946,47374921400946,FEMALE T1 $300
00947,38764921400947,FEMALE T1 $300
00948,92054921400948,FEMALE T1 $300
00949,91594921400949,FEMALE T1 $300
00950,59074921400950,FEMALE T1 $300
00951,95234921400951,FEMALE T1 $300
00952,30314921400952,FEMALE T1 $300
00953,66274921400953,FEMALE T1 $300
00954,69234921400954,FEMALE T1 $300
00955,14694921400955,FEMALE T1 $300
00956,84694921400956,FEMALE T1 $300
00957,37454921400957,FEMALE T1 $300
00958,45244921400958,FEMALE T1 $300
00959,80544921400959,FEMALE T1 $300
00960,18034921400960,FEMALE T1 $300
00961,47264921400961,FEMALE T1 $300
00962,68844921400962,FEMALE T1 $300
00963,53184921400963,FEMALE T1 $300
00964,82274921400964,FEMALE T1 $300
00965,20494921400965,FEMALE T1 $300
00966,33784921400966,FEMALE T1 $300
00967,77014921400967,FEMALE T1 $300
00968,97384921400968,FEMALE T1 $300
00969,97874921400969,FEMALE T1 $300
00970,85954921400970,FEMALE T1 $300
00971,79934921400971,FEMALE T1 $300
00972,82744921400972,FEMALE T1 $300
00973,91894921400973,FEMALE T1 $300
00974,96084921400974,FEMALE T1 $300
00975,95424921400975,FEMALE T1 $300
00976,11074921400976,FEMALE T1 $300
00977,45034921400977,FEMALE T1 $300
00978,54874921400978,FEMALE T1 $300
00979,67044921400979,FEMALE T1 $300
00980,34814921400980,FEMALE T1 $300
00981,90534921400981,FEMALE T1 $300
00982,40624921400982,FEMALE T1 $300
00983,35464921400983,FEMALE T1 $300
00984,15074921400984,FEMALE T1 $300
00985,65774921400985,FEMALE T1 $300
00986,29444921400986,FEMALE T1 $300
00987,78004921400987,FEMALE T1 $300
00988,62984921400988,FEMALE T1 $300
00989,47924921400989,FEMALE T1 $300
00990,87854921400990,FEMALE T1 $300
00991,90674921400991,FEMALE T1 $300
00992,23654921400992,FEMALE T1 $300
00993,12314921400993,FEMALE T1 $300
00994,48014921400994,FEMALE T1 $300
00995,42724921400995,FEMALE T1 $300
00996,62524921400996,FEMALE T1 $300
00997,53194921400997,FEMALE T1 $300
00998,15294921400998,FEMALE T1 $300
00999,73584921400999,FEMALE T1 $300
01000,14354921401000,FEMALE T1 $300
01001,87014921401001,FEMALE T1 $300
01002,88484921401002,FEMALE T1 $300
01003,72514921401003,FEMALE T1 $300
01004,14514921401004,FEMALE T1 $300
01005,28204921401005,FEMALE T1 $300
01006,12464921401006,FEMALE T1 $300
01007,90554921401007,FEMALE T1 $300
01008,72994921401008,FEMALE T1 $300
01009,77414921401009,FEMALE T1 $300
01010,23294921401010,FEMALE T1 $300
01011,55094921401011,FEMALE T1 $300
01012,30774921401012,FEMALE T1 $300
01013,42404921401013,FEMALE T1 $300
01014,95934921401014,FEMALE T1 $300
01015,46894921401015,FEMALE T1 $300
01016,78684921401016,FEMALE T1 $300
01017,31194921401017,FEMALE T1 $300
01018,24384921401018,FEMALE T1 $300
01019,59594921401019,FEMALE T1 $300
01020,38924921401020,FEMALE T1 $300
01021,87934921401021,FEMALE T1 $300
01022,64314921401022,FEMALE T1 $300
01023,51804921401023,FEMALE T1 $300
01024,18834921401024,FEMALE T1 $300
01025,31174921401025,FEMALE T1 $300
01026,68254921401026,FEMALE T1 $300
01027,21554921401027,FEMALE T1 $300
01028,97374921401028,FEMALE T1 $300
01029,34594921401029,FEMALE T1 $300
01030,83224921401030,FEMALE T1 $300
01031,13394921401031,FEMALE T1 $300
01032,34074921401032,FEMALE T1 $300
01033,60354921401033,FEMALE T1 $300
01034,70914921401034,FEMALE T1 $300
01035,57894921401035,FEMALE T1 $300
01036,80324921401036,FEMALE T1 $300
01037,34824921401037,FEMALE T1 $300
01038,10334921401038,FEMALE T1 $300
01039,43684921401039,FEMALE T1 $300
01040,13384921401040,FEMALE T1 $300
01041,46894921401041,FEMALE T1 $300
01042,22934921401042,FEMALE T1 $300
01043,61974921401043,FEMALE T1 $300
01044,82724921401044,FEMALE T1 $300
01045,28734921401045,FEMALE T1 $300
01046,70324921401046,FEMALE T1 $300
01047,53594921401047,FEMALE T1 $300
01048,88974921401048,FEMALE T1 $300
01049,89084921401049,FEMALE T1 $300
01050,34384921401050,FEMALE T1 $300
01051,18544921401051,FEMALE T1 $300
01052,15324921401052,FEMALE T1 $300
01053,59064921401053,FEMALE T1 $300
01054,89924921401054,FEMALE T1 $300
01055,67964921401055,FEMALE T1 $300
01056,51384921401056,FEMALE T1 $300
01057,50404921401057,FEMALE T1 $300
01058,19874921401058,FEMALE T1 $300
01059,48744921401059,FEMALE T1 $300
01060,99644921401060,FEMALE T1 $300
01061,46254921401061,FEMALE T1 $300
01062,82884921401062,FEMALE T1 $300
01063,90504921401063,FEMALE T1 $300
01064,24384921401064,FEMALE T1 $300
01065,54454921401065,FEMALE T1 $300
01066,13564921401066,FEMALE T1 $300
01067,95154921401067,FEMALE T1 $300
01068,13014921401068,FEMALE T1 $300
01069,13354921401069,FEMALE T1 $300
01070,25014921401070,FEMALE T1 $300
01071,58894921401071,FEMALE T1 $300
01072,60054921401072,FEMALE T1 $300
01073,80024921401073,FEMALE T1 $300
01074,34114921401074,FEMALE T1 $300
01075,56744921401075,FEMALE T1 $300
01076,13514921401076,FEMALE T1 $300
01077,41104921401077,FEMALE T1 $300
01078,79094921401078,FEMALE T1 $300
01079,69644921401079,FEMALE T1 $300
01080,93754921401080,FEMALE T1 $300
01081,96024921401081,FEMALE T1 $300
01082,39744921401082,FEMALE T1 $300
01083,13894921401083,FEMALE T1 $300
01084,84994921401084,FEMALE T1 $300
01085,42874921401085,FEMALE T1 $300
01086,10004921401086,FEMALE T1 $300
01087,63224921401087,FEMALE T1 $300
01088,79124921401088,FEMALE T1 $300
01089,16574921401089,FEMALE T1 $300
01090,63184921401090,FEMALE T1 $300
01091,93354921401091,FEMALE T1 $300
01092,72144921401092,FEMALE T1 $300
01093,79724921401093,FEMALE T1 $300
01094,39604921401094,FEMALE T1 $300
01095,49004921401095,FEMALE T1 $300
01096,33084921401096,FEMALE T1 $300
01097,15884921401097,FEMALE T1 $300
01098,76714921401098,FEMALE T1 $300
01099,63364921401099,FEMALE T1 $300
01100,85374921401100,FEMALE T1 $300
01101,45334921401101,FEMALE T1 $300
01102,81804921401102,FEMALE T1 $300
01103,60224921401103,FEMALE T1 $300
01104,80814921401104,FEMALE T1 $300
01105,33374921401105,FEMALE T1 $300
01106,37134921401106,FEMALE T1 $300
01107,98474921401107,FEMALE T1 $300
01108,95914921401108,FEMALE T1 $300
01109,71064921401109,FEMALE T1 $300
01110,57564921401110,FEMALE T1 $300
01111,19094921401111,FEMALE T1 $300
01112,50824921401112,FEMALE T1 $300
01113,88584921401113,FEMALE T1 $300
01114,20774921401114,FEMALE T1 $300
01115,14714921401115,FEMALE T1 $300
01116,70754921401116,FEMALE T1 $300
01117,30924921401117,FEMALE T1 $300
01118,29854921401118,FEMALE T1 $300
01119,51654921401119,FEMALE T1 $300
01120,59864921401120,FEMALE T1 $300
01121,56234921401121,FEMALE T1 $300
01122,88494921401122,FEMALE T1 $300
01123,34474921401123,FEMALE T1 $300
01124,17684921401124,FEMALE T1 $300
01125,36584921401125,FEMALE T1 $300
01126,68664921401126,FEMALE T1 $300
01127,82914921401127,FEMALE T1 $300
01128,17984921401128,FEMALE T1 $300
01129,71194921401129,FEMALE T1 $300
01130,60704921401130,FEMALE T1 $300
01131,21574921401131,FEMALE T1 $300
01132,30244921401132,FEMALE T1 $300
01133,32344921401133,FEMALE T1 $300
01134,26044921401134,FEMALE T1 $300
01135,61764921401135,FEMALE T1 $300
01136,33494921401136,FEMALE T1 $300
01137,33494921401137,FEMALE T1 $300
01138,12324921401138,FEMALE T1 $300
01139,66224921401139,FEMALE T1 $300
01140,62774921401140,FEMALE T1 $300
01141,20204921401141,FEMALE T1 $300
01142,31054921401142,FEMALE T1 $300
01143,95994921401143,FEMALE T1 $300
01144,98004921401144,FEMALE T1 $300
01145,13314921401145,FEMALE T1 $300
01146,47794921401146,FEMALE T1 $300
01147,80064921401147,FEMALE T1 $300
01148,65414921401148,FEMALE T1 $300
01149,14784921401149,FEMALE T1 $300
01150,84794921401150,FEMALE T1 $300
01151,47314921401151,FEMALE T1 $300
01152,41424921401152,FEMALE T1 $300
01153,25964921401153,FEMALE T1 $300
01154,76134921401154,FEMALE T1 $300
01155,21124921401155,FEMALE T1 $300
01156,29064921401156,FEMALE T1 $300
01157,88374921401157,FEMALE T1 $300
01158,15404921401158,FEMALE T1 $300
01159,26334921401159,FEMALE T1 $300
01160,26904921401160,FEMALE T1 $300
01161,76964921401161,FEMALE T1 $300
01162,35844921401162,FEMALE T1 $300
01163,28834921401163,FEMALE T1 $300
01164,30404921401164,FEMALE T1 $300
01165,55934921401165,FEMALE T1 $300
01166,63024921401166,FEMALE T1 $300
01167,77564921401167,FEMALE T1 $300
01168,55884921401168,FEMALE T1 $300
01169,26974921401169,FEMALE T1 $300
01170,29984921401170,FEMALE T1 $300
01171,19054921401171,FEMALE T1 $300
01172,96884921401172,FEMALE T1 $300
01173,60054921401173,FEMALE T1 $300
01174,24864921401174,FEMALE T1 $300
01175,44434921401175,FEMALE T1 $300
01176,13124921401176,FEMALE T1 $300
01177,86754921401177,FEMALE T1 $300
01178,11124921401178,FEMALE T1 $300
01179,89014921401179,FEMALE T1 $300
01180,71784921401180,FEMALE T1 $300
01181,75994921401181,FEMALE T1 $300
01182,20144921401182,FEMALE T1 $300
01183,64264921401183,FEMALE T1 $300
01184,71604921401184,FEMALE T1 $300
01185,52314921401185,FEMALE T1 $300
01186,96384921401186,FEMALE T1 $300
01187,22394921401187,FEMALE T1 $300
01188,19114921401188,FEMALE T1 $300
01189,46684921401189,FEMALE T1 $300
01190,85104921401190,FEMALE T1 $300
01191,73304921401191,FEMALE T1 $300
01192,17644921401192,FEMALE T1 $300
01193,69754921401193,FEMALE T1 $300
01194,72434921401194,FEMALE T1 $300
01195,54234921401195,FEMALE T1 $300
01196,88674921401196,FEMALE T1 $300
01197,17674921401197,FEMALE T1 $300
01198,38064921401198,FEMALE T1 $300
01199,31684921401199,FEMALE T1 $300
01200,15814921401200,FEMALE T1 $300
01201,50344921501201,3  Female $600
01202,70414921501202,3  Female $600
01203,16024921501203,3  Female $600
01204,21084921501204,3  Female $600
01205,92194921501205,3  Female $600
01206,64304921501206,3  Female $600
01207,58454921501207,3  Female $600
01208,23954921501208,3  Female $600
01209,75514921501209,3  Female $600
01210,71064921501210,3  Female $600
01211,10624921501211,3  Female $600
01212,92674921501212,3  Female $600
01213,26154921501213,3  Female $600
01214,41204921501214,3  Female $600
01215,26574921501215,3  Female $600
01216,18224921501216,3  Female $600
01217,81854921501217,3  Female $600
01218,39594921501218,3  Female $600
01219,97324921501219,3  Female $600
01220,80644921501220,3  Female $600
01221,83054921501221,3  Female $600
01222,33124921501222,3  Female $600
01223,57894921501223,3  Female $600
01224,38034921501224,3  Female $600
01225,86104921501225,3  Female $600
01226,60794921501226,3  Female $600
01227,66814921501227,3  Female $600
01228,27894921501228,3  Female $600
01229,89114921501229,3  Female $600
01230,66474921501230,3  Female $600
01231,28194921501231,3  Female $600
01232,51074921501232,3  Female $600
01233,50184921501233,3  Female $600
01234,23964921501234,3  Female $600
01235,26194921501235,3  Female $600
01236,18154921501236,3  Female $600
01237,18194921501237,3  Female $600
01238,84704921501238,3  Female $600
01239,62134921501239,3  Female $600
01240,88334921501240,3  Female $600
01241,16124921501241,3  Female $600
01242,27934921501242,3  Female $600
01243,83954921501243,3  Female $600
01244,40914921501244,3  Female $600
01245,36784921501245,3  Female $600
01246,83284921501246,3  Female $600
01247,38294921501247,3  Female $600
01248,19094921501248,3  Female $600
01249,61144921501249,3  Female $600
01250,66054921501250,3  Female $600
01251,17954921101251,Female T2
01252,24164921101252,Female T2
01253,67534921101253,Female T2
01254,60804921101254,Female T2
01255,42764921101255,Female T2
01256,25974921101256,Female T2
01257,35934921101257,Female T2
01258,76604921101258,Female T2
01259,74804921101259,Female T2
01260,73894921101260,Female T2
01261,22444921101261,Female T2
01262,18774921101262,Female T2
01263,25804921101263,Female T2
01264,10974921101264,Female T2
01265,53564921101265,Female T2
01266,60834921101266,Female T2
01267,55724921101267,Female T2
01268,15354921101268,Female T2
01269,50474921101269,Female T2
01270,62484921101270,Female T2
01271,96144921101271,Female T2
01272,50474921101272,Female T2
01273,38454921101273,Female T2
01274,20974921101274,Female T2
01275,25974921101275,Female T2
01276,57734921101276,Female T2
01277,18984921101277,Female T2
01278,94954921101278,Female T2
01279,49744921101279,Female T2
01280,81604921101280,Female T2
01281,44254921101281,Female T2
01282,21034921101282,Female T2
01283,18454921101283,Female T2
01284,57314921101284,Female T2
01285,44194921101285,Female T2
01286,82484921101286,Female T2
01287,32734921101287,Female T2
01288,71004921101288,Female T2
01289,36024921101289,Female T2
01290,30834921101290,Female T2
01291,78734921101291,Female T2
01292,12384921101292,Female T2
01293,86244921101293,Female T2
01294,99624921101294,Female T2
01295,46364921101295,Female T2
01296,59854921101296,Female T2
01297,25224921101297,Female T2
01298,60964921101298,Female T2
01299,40064921101299,Female T2
01300,18234921101300,Female T2
01301,84184921101301,Female T2
01302,14274921101302,Female T2
01303,82074921101303,Female T2
01304,28854921101304,Female T2
01305,24754921101305,Female T2
01306,27804921101306,Female T2
01307,18304921101307,Female T2
01308,42234921101308,Female T2
01309,90974921101309,Female T2
01310,72514921101310,Female T2
01311,76474921101311,Female T2
01312,33254921101312,Female T2
01313,93874921101313,Female T2
01314,68494921101314,Female T2
01315,97004921101315,Female T2
01316,58764921101316,Female T2
01317,48474921101317,Female T2
01318,43814921101318,Female T2
01319,46274921101319,Female T2
01320,67804921101320,Female T2
01321,23294921101321,Female T2
01322,45974921101322,Female T2
01323,12374921101323,Female T2
01324,94224921101324,Female T2
01325,12444921101325,Female T2
01326,75834921101326,Female T2
01327,43394921101327,Female T2
01328,21834921101328,Female T2
01329,10094921101329,Female T2
01330,43974921101330,Female T2
01331,98234921101331,Female T2
01332,92064921101332,Female T2
01333,17554921101333,Female T2
01334,19594921101334,Female T2
01335,19884921101335,Female T2
01336,84154921101336,Female T2
01337,72764921101337,Female T2
01338,51964921101338,Female T2
01339,71124921101339,Female T2
01340,47764921101340,Female T2
01341,32384921101341,Female T2
01342,14324921101342,Female T2
01343,52944921101343,Female T2
01344,68144921101344,Female T2
01345,96234921101345,Female T2
01346,10254921101346,Female T2
01347,65194921101347,Female T2
01348,53814921101348,Female T2
01349,94424921101349,Female T2
01350,82584921101350,Female T2
01351,29964921201351,Male T2
01352,86684921201352,Male T2
01353,56814921201353,Male T2
01354,34874921201354,Male T2
01355,47274921201355,Male T2
01356,74754921201356,Male T2
01357,85074921201357,Male T2
01358,85194921201358,Male T2
01359,53454921201359,Male T2
01360,57224921201360,Male T2
01361,67214921201361,Male T2
01362,12674921201362,Male T2
01363,41834921201363,Male T2
01364,82164921201364,Male T2
01365,44624921201365,Male T2
01366,36274921201366,Male T2
01367,36094921201367,Male T2
01368,16704921201368,Male T2
01369,61574921201369,Male T2
01370,96284921201370,Male T2
01371,86004921201371,Male T2
01372,99624921201372,Male T2
01373,37274921201373,Male T2
01374,58194921201374,Male T2
01375,15734921201375,Male T2
01376,76604921201376,Male T2
01377,20414921201377,Male T2
01378,29104921201378,Male T2
01379,94584921201379,Male T2
01380,67784921201380,Male T2
01381,16144921201381,Male T2
01382,66624921201382,Male T2
01383,20354921201383,Male T2
01384,17974921201384,Male T2
01385,15664921201385,Male T2
01386,90314921201386,Male T2
01387,85014921201387,Male T2
01388,69284921201388,Male T2
01389,48234921201389,Male T2
01390,85524921201390,Male T2
01391,23104921201391,Male T2
01392,56334921201392,Male T2
01393,75684921201393,Male T2
01394,59884921201394,Male T2
01395,42404921201395,Male T2
01396,13834921201396,Male T2
01397,89474921201397,Male T2
01398,22134921201398,Male T2
01399,77294921201399,Male T2
01400,76784921201400,Male T2
01401,50224921201401,Male T2
01402,73564921201402,Male T2
01403,54504921201403,Male T2
01404,43144921201404,Male T2
01405,29704921201405,Male T2
01406,71934921201406,Male T2
01407,91384921201407,Male T2
01408,38944921201408,Male T2
01409,15434921201409,Male T2
01410,37874921201410,Male T2
01411,86724921201411,Male T2
01412,35984921201412,Male T2
01413,97644921201413,Male T2
01414,43754921201414,Male T2
01415,54004921201415,Male T2
01416,21954921201416,Male T2
01417,48884921201417,Male T2
01418,35134921201418,Male T2
01419,27164921201419,Male T2
01420,13124921201420,Male T2
01421,95944921201421,Male T2
01422,34644921201422,Male T2
01423,78904921201423,Male T2
01424,89474921201424,Male T2
01425,94534921201425,Male T2
01426,98414921201426,Male T2
01427,91504921201427,Male T2
01428,92384921201428,Male T2
01429,76164921201429,Male T2
01430,24974921201430,Male T2
01431,90034921201431,Male T2
01432,64744921201432,Male T2
01433,97774921201433,Male T2
01434,76614921201434,Male T2
01435,58174921201435,Male T2
01436,83624921201436,Male T2
01437,23744921201437,Male T2
01438,13374921201438,Male T2
01439,46484921201439,Male T2
01440,25484921201440,Male T2
01441,50384921201441,Male T2
01442,39374921201442,Male T2
01443,33194921201443,Male T2
01444,73724921201444,Male T2
01445,83024921201445,Male T2
01446,61764921201446,Male T2
01447,77474921201447,Male T2
01448,78954921201448,Male T2
01449,35544921201449,Male T2
01450,52124921201450,Male T2
01451,45254921201451,Male T2
01452,21584921201452,Male T2
01453,62314921201453,Male T2
01454,70354921201454,Male T2
01455,77424921201455,Male T2
01456,46984921201456,Male T2
01457,92844921201457,Male T2
01458,41084921201458,Male T2
01459,90714921201459,Male T2
01460,73144921201460,Male T2
01461,18764921201461,Male T2
01462,92604921201462,Male T2
01463,20894921201463,Male T2
01464,50874921201464,Male T2
01465,83304921201465,Male T2
01466,18264921201466,Male T2
01467,88584921201467,Male T2
01468,66394921201468,Male T2
01469,33444921201469,Male T2
01470,20314921201470,Male T2
01471,97574921201471,Male T2
01472,16524921201472,Male T2
01473,94314921201473,Male T2
01474,36414921201474,Male T2
01475,15534921201475,Male T2
01476,26324921201476,Male T2
01477,76344921201477,Male T2
01478,78484921201478,Male T2
01479,37354921201479,Male T2
01480,79294921201480,Male T2
01481,34704921201481,Male T2
01482,54114921201482,Male T2
01483,40874921201483,Male T2
01484,29984921201484,Male T2
01485,51374921201485,Male T2
01486,60464921201486,Male T2
01487,55234921201487,Male T2
01488,89134921201488,Male T2
01489,39674921201489,Male T2
01490,70694921201490,Male T2
01491,31594921201491,Male T2
01492,71414921201492,Male T2
01493,21314921201493,Male T2
01494,92854921201494,Male T2
01495,86414921201495,Male T2
01496,15504921201496,Male T2
01497,65864921201497,Male T2
01498,81294921201498,Male T2
01499,47304921201499,Male T2
01500,16754921201500,Male T2
01501,72864921201501,Male T2
01502,50554921201502,Male T2
01503,11234921201503,Male T2
01504,82374921201504,Male T2
01505,26304921201505,Male T2
01506,31804921201506,Male T2
01507,25324921201507,Male T2
01508,99084921201508,Male T2
01509,91654921201509,Male T2
01510,51714921201510,Male T2
01511,60164921201511,Male T2
01512,93274921201512,Male T2
01513,15434921201513,Male T2
01514,43904921201514,Male T2
01515,95574921201515,Male T2
01516,63614921201516,Male T2
01517,77184921201517,Male T2
01518,52794921201518,Male T2
01519,48884921201519,Male T2
01520,16274921201520,Male T2
01521,84084921201521,Male T2
01522,10074921201522,Male T2
01523,85674921201523,Male T2
01524,22514921201524,Male T2
01525,97884921201525,Male T2
01526,73524921201526,Male T2
01527,53174921201527,Male T2
01528,28924921201528,Male T2
01529,14524921201529,Male T2
01530,88544921201530,Male T2
01531,15894921201531,Male T2
01532,50004921201532,Male T2
01533,66084921201533,Male T2
01534,61924921201534,Male T2
01535,94004921201535,Male T2
01536,23364921201536,Male T2
01537,85394921201537,Male T2
01538,28354921201538,Male T2
01539,54114921201539,Male T2
01540,47344921201540,Male T2
01541,53024921201541,Male T2
01542,29284921201542,Male T2
01543,92494921201543,Male T2
01544,11224921201544,Male T2
01545,36784921201545,Male T2
01546,24314921201546,Male T2
01547,20934921201547,Male T2
01548,57814921201548,Male T2
01549,63824921201549,Male T2
01550,95154921201550,Male T2
01551,!37^A6ce8003,test
01552,vdlfrcxd93002,test
01553,hdsc6hbe8001,test
01554,oqsbey6h8005,test
01555,fr!4#cxd93004,test
01556,TK6a6cdf466965b2.33822474,96.1 JAVA 
01557,TK6a6cdf46928045.56366294,96.1 JAVA 
01558,TK6a6cdf46ba3684.45636255,96.1 JAVA 
01559,TK6a6cdf46e2b407.42256687,96.1 JAVA 
01560,TK6a6cdf47169b53.59308973,96.1 JAVA 
01561,TK6a6cdf47404b48.61699484,96.1 JAVA 
01562,TK6a6cdf47690847.24944337,96.1 JAVA 
01563,TK6a6cdf4793d5b6.86484014,96.1 JAVA 
01564,TK6a6cdf47bc6d16.45747810,96.1 JAVA 
01565,TK6a6cdf48255649.02654814,96.1 JAVA 
01566,TK6a6cdf484f3384.62315178,96.1 JAVA 
01567,TK6a6cdf4879d185.72524080,96.1 JAVA 
01568,TK6a6cdf48a36f20.32698277,96.1 JAVA 
01569,TK6a6cdf48d4d228.77126825,96.1 JAVA 
01570,TK6a6cdf4911d251.68241083,96.1 JAVA 
01571,TK6a6cdf49424718.88643582,96.1 JAVA 
01572,TK6a6cdf497329b6.46091004,96.1 JAVA 
01573,TK6a6cdf49a2b823.69749270,96.1 JAVA 
01574,TK6a6cdf49d36e83.04629501,96.1 JAVA 
01575,TK6a6cdf4a43c9d9.85422768,96.1 JAVA 
01576,TK6a6cdf4a86df35.74623849,96.1 JAVA 
01577,TK6a6cdf4ab68463.38381520,96.1 JAVA 
01578,TK6a6cdf4ae06263.54904660,96.1 JAVA 
01579,TK6a6cdf4b178e37.22355219,96.1 JAVA 
01580,TK6a6cdf4b41b177.58847209,96.1 JAVA 
01581,TK6a6cdf4b6cd337.27287662,96.1 JAVA 
01582,TK6a6cdf4b9755e9.99793857,96.1 JAVA 
01583,TK6a6cdf4bc121a2.11574202,96.1 JAVA 
01584,TK6a6cdf4bea0298.40850652,96.1 JAVA 
01585,TK6a6cdf4c21d970.02301036,96.1 JAVA 
01586,IET6a47ea2176b934.58384654,Early Bird Female 
01587,IET6a43e5bdd965a3.22944260,Early Bird Male 
01588,IET6a48069c8ce6c8.50817647,Early Bird Male 
01589,IET6a036de254b221.30266157,Electric king 
01590,IET6a050c5b8c9939.80565325,Electric king 
01591,IET6a262b33df52a5.28808779,Electric king 
01592,IET6a2b39333a82d9.42104552,Electric king 
01593,IET6a690ab3147312.53913547,Electric king 
01594,IET6a6a1037934c51.26846065,Electric king 
01595,IET6a6d21430f5c90.48190881,Electric king 
01596,IET6a6d63c46fdb55.49933891,Electric king 
01597,IET6a6d63c4704523.53531626,Electric king 
01598,IET6a6d63c4708646.81452118,Electric king 
01599,IET6a6e453ba0bf77.51718589,Electric king 
01600,IET6a6e5bc69febf5.65392977,Electric king 
01601,IET6a6e5bc6a07ff1.84143934,Electric king 
01602,IET6a6e71d688d885.59342015,Electric king 
01603,IET6a6e71d6895302.61705445,Electric king 
01604,IET6a6e938e85a2f2.83210172,Electric king 
01605,IET6a050c5b8735d4.53331425,Electric Queen 
01606,IET6a19bbcd9470a5.10323091,Electric Queen 
01607,IET6a31d4a23008f4.56231420,Electric Queen 
01608,IET6a67f86171a3a8.35362465,Electric Queen 
01609,IET6a6bb9449b6003.89368646,Electric Queen 
01610,IET6a6d3dd3755c43.05699177,Electric Queen 
01611,IET6a6d7d22c0ec54.90751813,Electric Queen 
01612,IET6a6d7d22c137d7.67484191,Electric Queen 
01613,IET6a6e5bc6a034c6.15589647,Electric Queen 
01614,IET6a6e721b7f77a0.54069697,Electric Queen 
01615,IET6a6e8315d98f75.60461018,Electric Queen 
01616,TK6a487013ca5aa4.63051546,Female Admit 1
01617,TK6a493daa66a6f6.07940494,Female Admit 1
01618,TK6a493daab23081.72520975,Female Admit 1
01619,TK6a493daae14aa2.32545756,Female Admit 1
01620,TK6a493dab1ba0e3.77360635,Female Admit 1
01621,TK6a493dab4a4fd3.01575680,Female Admit 1
01622,TK6a493dab740499.29122246,Female Admit 1
01623,TK6a493dab9d0856.13960654,Female Admit 1
01624,TK6a493dabc57b48.80216202,Female Admit 1
01625,TK6a493dabeeff75.54562050,Female Admit 1
01626,TK6a493dac2353d1.82497112,Female Admit 1
01627,TK6a494ae0e46b40.27247022,Female Admit 1
01628,TK6a4993cf138d86.23420340,Female Admit 1
01629,TK6a4993cf426565.72703557,Female Admit 1
01630,TK6a4b15dbda1da2.34862272,Female Admit 1
01631,TK6a4b15dc14aa77.51239419,Female Admit 1
01632,TK6a4b1984d020e0.81959641,Female Admit 1
01633,TK6a4b198511ae81.85747789,Female Admit 1
01634,TK6a4e61c178d835.19833190,Female Admit 1
01635,TK6a4e61c1c16902.21144685,Female Admit 1
01636,TK6a4e61c1ec0613.88983019,Female Admit 1
01637,TK6a4e61c2213b53.57895286,Female Admit 1
01638,TK6a4e61c24b1571.49914610,Female Admit 1
01639,TK6a4e61c27673a9.82592599,Female Admit 1
01640,TK6a4e61c2a744d5.47505269,Female Admit 1
01641,TK6a4e61c2d88d21.21950522,Female Admit 1
01642,TK6a4e61c314b124.58763334,Female Admit 1
01643,TK6a4e61c345a7a3.28481550,Female Admit 1
01644,TK6a4e61c376fb05.36805103,Female Admit 1
01645,TK6a4e61c3a7a799.49661527,Female Admit 1
01646,TK6a4e61c3d84132.27140862,Female Admit 1
01647,TK6a4e61c4174650.29979326,Female Admit 1
01648,TK6a4e61c447e664.15283089,Female Admit 1
01649,TK6a4e61c4796555.35090384,Female Admit 1
01650,TK6a4e61c4abc4b8.92381273,Female Admit 1
01651,TK6a4e61c4d65c16.01753585,Female Admit 1
01652,TK6a4e61c50b8a47.42433119,Female Admit 1
01653,TK6a4e61c5377240.28348916,Female Admit 1
01654,TK6a4fe70e7411c9.47791322,Female Admit 1
01655,TK6a4ff001235494.89710597,Female Admit 1
01656,TK6a4ff0014fca03.26008224,Female Admit 1
01657,TK6a518d59a4f4c6.58066317,Female Admit 1
01658,TK6a518d59ce9ab0.20523566,Female Admit 1
01659,TK6a518d5a111254.47088428,Female Admit 1
01660,TK6a518d5a3a1591.19374419,Female Admit 1
01661,TK6a518d5a635c77.02496488,Female Admit 1
01662,TK6a518d5a8bfd32.24471476,Female Admit 1
01663,TK6a518d5ab5ea08.49341751,Female Admit 1
01664,TK6a541a9b7ee8d9.29281329,Female Admit 1
01665,TK6a541a9badf313.38573061,Female Admit 1
01666,TK6a5536b01f08a9.24379201,Female Admit 1
01667,TK6a5536b0586e69.43833161,Female Admit 1
01668,TK6a5547f4a22846.14746761,Female Admit 1
01669,TK6a5547f4cd6b96.76776375,Female Admit 1
01670,TK6a557b46d85e93.30391599,Female Admit 1
01671,TK6a557b47107d20.95864423,Female Admit 1
01672,TK6a557b4750cf59.48296514,Female Admit 1
01673,TK6a557b477ad6d6.24214183,Female Admit 1
01674,TK6a5580ecbd6406.50123014,Female Admit 1
01675,TK6a56109b838103.84588974,Female Admit 1
01676,TK6a5610b5e0cea5.50847811,Female Admit 1
01677,TK6a5610ce80cc01.31338393,Female Admit 1
01678,TK6a5610e956a449.68653872,Female Admit 1
01679,TK6a56111e52bfb5.04796295,Female Admit 1
01680,TK6a5611497b2b73.97507586,Female Admit 1
01681,TK6a5611773c4eb7.17975277,Female Admit 1
01682,TK6a56118d078687.96949212,Female Admit 1
01683,TK6a5611c2387ca6.21588375,Female Admit 1
01684,TK6a5611ce83f613.53101157,Female Admit 1
01685,TK6a5611e0581fd2.93930779,Female Admit 1
01686,TK6a5611faa1f7a9.11671831,Female Admit 1
01687,TK6a56120bb1e355.59148696,Female Admit 1
01688,TK6a56121bcbc690.56843107,Female Admit 1
01689,TK6a561228bb2b07.46525161,Female Admit 1
01690,TK6a561242262ef7.58005058,Female Admit 1
01691,TK6a561256670076.80406740,Female Admit 1
01692,TK6a561267b26b81.06217760,Female Admit 1
01693,TK6a56126b97bb01.12681517,Female Admit 1
01694,TK6a56128c5fb651.93390302,Female Admit 1
01695,TK6a5612998fe1d5.73957406,Female Admit 1
01696,TK6a5612a8ce27f7.91852707,Female Admit 1
01697,TK6a5612b6334887.35755289,Female Admit 1
01698,TK6a5612cb0933d0.60101686,Female Admit 1
01699,TK6a5612da71e4a5.96862378,Female Admit 1
01700,TK6a5612ee3100d6.33496895,Female Admit 1
01701,TK6a56130086a210.31325811,Female Admit 1
01702,TK6a561345c9f1b2.46788651,Female Admit 1
01703,TK6a56135461c876.39642005,Female Admit 1
01704,TK6a56136e035914.87495963,Female Admit 1
01705,TK6a56137b1fb220.21945234,Female Admit 1
01706,TK6a56138a17f6e3.86326039,Female Admit 1
01707,TK6a561397ecd867.98457917,Female Admit 1
01708,TK6a5613abb3b761.29970243,Female Admit 1
01709,TK6a56141629c9b2.47596852,Female Admit 1
01710,TK6a56143c4b0250.24376345,Female Admit 1
01711,TK6a56148c05ea11.27178395,Female Admit 1
01712,TK6a5614ab2dd9d6.36689725,Female Admit 1
01713,TK6a5614c54fca42.23543217,Female Admit 1
01714,TK6a56151a063533.79539015,Female Admit 1
01715,TK6a56152b3df9e1.50285173,Female Admit 1
01716,TK6a561546d341e2.64225571,Female Admit 1
01717,TK6a561558b945e6.84975513,Female Admit 1
01718,TK6a561568d6e493.64044321,Female Admit 1
01719,TK6a5615794d9986.19274936,Female Admit 1
01720,TK6a561591049008.06870457,Female Admit 1
01721,TK6a5615a0812bf6.88911647,Female Admit 1
01722,TK6a5615e17d8d07.50016178,Female Admit 1
01723,TK6a5615f53c6af9.74742177,Female Admit 1
01724,TK6a56164bab5668.23964429,Female Admit 1
01725,TK6a56165a384f33.45350077,Female Admit 1
01726,TK6a56168e5b9558.13190365,Female Admit 1
01727,TK6a5616a2315343.52491523,Female Admit 1
01728,TK6a5616b8607800.02383918,Female Admit 1
01729,TK6a56d6e1261d49.20666361,Female Admit 1
01730,TK6a56d6e169fc99.34370473,Female Admit 1
01731,TK6a56eb0cc7f017.58459791,Female Admit 1
01732,TK6a57b7b15218e9.27774805,Female Admit 1
01733,TK6a5836220db1d0.46882136,Female Admit 1
01734,TK6a5836223dd317.60298870,Female Admit 1
01735,TK6a5944b57a5c05.90332811,Female Admit 1
01736,TK6a5944b5cedda5.81320850,Female Admit 1
01737,TK6a5a4cf53da439.43764928,Female Admit 1
01738,TK6a5a4cf56dca95.03076090,Female Admit 1
01739,TK6a5a4cf5a67739.91839970,Female Admit 1
01740,TK6a5a4cf5d28f83.57450736,Female Admit 1
01741,TK6a5a4cf6097701.39369521,Female Admit 1
01742,TK6a5a4cf6349e23.90943786,Female Admit 1
01743,TK6a5a4cf6677fb8.51859513,Female Admit 1
01744,TK6a5a4cf698eba1.21355503,Female Admit 1
01745,TK6a5b9cdf7431f2.12056223,Female Admit 1
01746,TK6a5b9cdfb81a21.88162897,Female Admit 1
01747,TK6a5bb86feeb466.29771983,Female Admit 1
01748,TK6a5bb87030b751.97371098,Female Admit 1
01749,TK6a5bba118b98b4.82293529,Female Admit 1
01750,TK6a5bba11c6ead1.05568419,Female Admit 1
01751,TK6a5bc2656c8bc0.39290393,Female Admit 1
01752,TK6a5cdb753a4e77.80193179,Female Admit 1
01753,TK6a5cdc5935f027.45187635,Female Admit 1
01754,TK6a5cdc596885b5.43544860,Female Admit 1
01755,TK6a5d43b7ee6b80.22032748,Female Admit 1
01756,TK6a5d43b83f5338.77884474,Female Admit 1
01757,TK6a5e39b99dfcb9.58642720,Female Admit 1
01758,TK6a5e39ba27d3c9.41068407,Female Admit 1
01759,TK6a5e60e517c636.70781199,Female Admit 1
01760,TK6a5e6eb78e7e01.12977860,Female Admit 1
01761,TK6a5e6eb7d13412.61832141,Female Admit 1
01762,TK6a5e6eb81ee184.96909692,Female Admit 1
01763,TK6a5e6eb84ee527.14028562,Female Admit 1
01764,TK6a5e6eb87ee392.90652034,Female Admit 1
01765,TK6a5e6eb8aeaab6.91537901,Female Admit 1
01766,TK6a5e6eb8e302b1.88209082,Female Admit 1
01767,TK6a5e6eb9179685.89096532,Female Admit 1
01768,TK6a5e6eb94229f7.45401482,Female Admit 1
01769,TK6a5e6eb96b5480.30767078,Female Admit 1
01770,TK6a5e6eb9955494.93929441,Female Admit 1
01771,TK6a5e6eb9be26e6.77193990,Female Admit 1
01772,TK6a5e6eb9e8c034.08846222,Female Admit 1
01773,TK6a5e6eba1e2416.82372822,Female Admit 1
01774,TK6a5e6eba47d699.81015530,Female Admit 1
01775,TK6a5e6eba7e4ae8.20337543,Female Admit 1
01776,TK6a5e6ebab1dc43.50491096,Female Admit 1
01777,TK6a5e6ebae76080.43896523,Female Admit 1
01778,TK6a5e6ebb27bc23.26923077,Female Admit 1
01779,TK6a5e6ebb5bfb14.65732653,Female Admit 1
01780,TK6a5e6ebb918539.79426188,Female Admit 1
01781,TK6a5e6ebbc150a5.27777177,Female Admit 1
01782,TK6a5e6ebc0174b4.84268176,Female Admit 1
01783,TK6a5e6ebc31d2a0.73984966,Female Admit 1
01784,TK6a5e6ebc6181c1.41099285,Female Admit 1
01785,TK6a5e6ebc90df36.38265141,Female Admit 1
01786,TK6a5e6ebcbad396.46140147,Female Admit 1
01787,TK6a5e6ebce2dce5.55577367,Female Admit 1
01788,TK6a5e6ebd165701.61272845,Female Admit 1
01789,TK6a5e6ebd40cad6.80360177,Female Admit 1
01790,TK6a5ec58a48f0e1.44198914,Female Admit 1
01791,TK6a5f63a0d8a7b4.01917150,Female Admit 1
01792,TK6a5f63a1406453.36746496,Female Admit 1
01793,TK6a5fc195b7f3f0.92368880,Female Admit 1
01794,TK6a5fc23a65f7b3.46800110,Female Admit 1
01795,TK6a5fc23aa06112.95753187,Female Admit 1
01796,TK6a5fc23ad13b84.68383762,Female Admit 1
01797,TK6a5fd16793bef8.96820400,Female Admit 1
01798,TK6a5fd167c421e8.51998409,Female Admit 1
01799,TK6a5fd168158e30.06103701,Female Admit 1
01800,TK6a611ad93b9a35.39657621,Female Admit 1
01801,TK6a611de7eab630.95755476,Female Admit 1
01802,TK6a62331b95e335.15247248,Female Admit 1
01803,TK6a623c161fbbc2.43101659,Female Admit 1
01804,TK6a623c5cc02190.86269398,Female Admit 1
01805,TK6a623cdedca4f4.96010107,Female Admit 1
01806,TK6a623cdf31f928.37876161,Female Admit 1
01807,TK6a623cdf625ce0.59989341,Female Admit 1
01808,TK6a624c11664189.76889792,Female Admit 1
01809,TK6a624c11a89ef8.34208588,Female Admit 1
01810,TK6a624c1262cf24.52331184,Female Admit 1
01811,TK6a624c12929989.66871969,Female Admit 1
01812,TK6a629c58b85022.69916732,Female Admit 1
01813,TK6a64ddfaabc823.25917420,Female Admit 1
01814,TK6a64ddfadb7878.95927384,Female Admit 1
01815,TK6a64ddfb1801e8.93783101,Female Admit 1
01816,TK6a64ddfb48b193.10181194,Female Admit 1
01817,TK6a64e77ea7b263.17838026,Female Admit 1
01818,TK6a64e79b35c105.48918482,Female Admit 1
01819,TK6a64e79b68ab99.06008054,Female Admit 1
01820,TK6a64e7b503d398.85646582,Female Admit 1
01821,TK6a64e7b5461085.79311095,Female Admit 1
01822,TK6a64e7d0c74212.65332290,Female Admit 1
01823,TK6a64e7d1047676.06297745,Female Admit 1
01824,TK6a64e7eba15c40.99209405,Female Admit 1
01825,TK6a64e7ebd193f6.83466900,Female Admit 1
01826,TK6a64e805aacff3.02499629,Female Admit 1
01827,TK6a64e805db0234.57320196,Female Admit 1
01828,TK6a64e821b4a5d8.16549430,Female Admit 1
01829,TK6a64e821e7a623.84673348,Female Admit 1
01830,TK6a64e83eb785b6.69654945,Female Admit 1
01831,TK6a64e83f006697.14449965,Female Admit 1
01832,TK6a64e868e11d36.10434869,Female Admit 1
01833,TK6a64e8692e8c60.44328582,Female Admit 1
01834,TK6a64e88accd985.87917309,Female Admit 1
01835,TK6a64e88b0b7583.13204365,Female Admit 1
01836,TK6a651fc9ec5413.75916894,Female Admit 1
01837,TK6a651fca2893c5.24447391,Female Admit 1
01838,TK6a654860357556.23399220,Female Admit 1
01839,TK6a65486099f200.66694003,Female Admit 1
01840,TK6a654861098f94.30594368,Female Admit 1
01841,TK6a654e737e1260.39932213,Female Admit 1
01842,TK6a654e740123f9.78584685,Female Admit 1
01843,TK6a654e74a33b35.47671664,Female Admit 1
01844,TK6a654e753bdd63.25694206,Female Admit 1
01845,TK6a654e75cf7ec2.59828478,Female Admit 1
01846,TK6a654e765e66a8.01867092,Female Admit 1
01847,TK6a654e7713c741.36944339,Female Admit 1
01848,TK6a654e77abeb25.86514441,Female Admit 1
01849,TK6a654e783d8f13.03896224,Female Admit 1
01850,TK6a654e78a85162.33627931,Female Admit 1
01851,TK6a654e79225137.31611435,Female Admit 1
01852,TK6a654e79a28396.99114888,Female Admit 1
01853,TK6a654e7a40f2b0.53450201,Female Admit 1
01854,TK6a654e7ab79443.54089776,Female Admit 1
01855,TK6a654e7b435e20.54594567,Female Admit 1
01856,TK6a654e7bb9f522.61158135,Female Admit 1
01857,TK6a654e7c2af4a8.03178186,Female Admit 1
01858,TK6a654e7c90b4c8.96564019,Female Admit 1
01859,TK6a654e7d24e381.16282416,Female Admit 1
01860,TK6a663ae1b00f89.68333532,Female Admit 1
01861,TK6a663ae1f1d8c1.23702792,Female Admit 1
01862,TK6a663ae23052d7.08131776,Female Admit 1
01863,TK6a67abb57d8287.59118547,Female Admit 1
01864,TK6a67abb5bf2c99.00395388,Female Admit 1
01865,TK6a67b1b470c5e2.81133560,Female Admit 1
01866,TK6a67b1b4b82b78.91194153,Female Admit 1
01867,TK6a67b1b4e8f2f6.60208131,Female Admit 1
01868,TK6a67b1b5250d48.40199785,Female Admit 1
01869,TK6a67b1b5551246.70455475,Female Admit 1
01870,TK6a67ca6a972222.78293689,Female Admit 1
01871,TK6a67ca6adbc4f8.41633358,Female Admit 1
01872,TK6a67e209b98c34.85386901,Female Admit 1
01873,TK6a67e209f0c576.75572242,Female Admit 1
01874,TK6a67e20a4f9154.54252976,Female Admit 1
01875,TK6a67e20a80fb23.19147752,Female Admit 1
01876,TK6a67f3da653750.09122365,Female Admit 1
01877,TK6a67f3da97e343.55342324,Female Admit 1
01878,TK6a67f3dac69a68.28069130,Female Admit 1
01879,TK6a67f3db0360b1.18012018,Female Admit 1
01880,TK6a67f419b98f51.85408768,Female Admit 1
01881,TK6a67f419e85c79.70862097,Female Admit 1
01882,TK6a67fc8422b354.07629779,Female Admit 1
01883,TK6a67fc8466a994.31508748,Female Admit 1
01884,TK6a682004e2e399.70063154,Female Admit 1
01885,TK6a68a6489275d1.24511573,Female Admit 1
01886,TK6a68a648d29fc6.90788920,Female Admit 1
01887,TK6a68a666deda41.80458911,Female Admit 1
01888,TK6a68a6671e7f21.31178729,Female Admit 1
01889,TK6a68a667543660.79967970,Female Admit 1
01890,TK6a68a667851d99.71740101,Female Admit 1
01891,TK6a68a667b58476.88361128,Female Admit 1
01892,TK6a68a667e6c918.34403841,Female Admit 1
01893,TK6a68a668226581.75839895,Female Admit 1
01894,TK6a68a668517aa8.66208947,Female Admit 1
01895,TK6a68a668806f99.82590236,Female Admit 1
01896,TK6a68a668b0ca89.44246230,Female Admit 1
01897,TK6a68a668e1afc8.79010136,Female Admit 1
01898,TK6a68a6691e4473.74963093,Female Admit 1
01899,TK6a68a6694d9364.96407914,Female Admit 1
01900,TK6a68a66980cdb6.96029780,Female Admit 1
01901,TK6a68a669b2e412.22026683,Female Admit 1
01902,TK6a68a9ad3e7761.46091033,Female Admit 1
01903,TK6a68a9adb195f9.74463979,Female Admit 1
01904,TK6a68b998904476.65553167,Female Admit 1
01905,TK6a68b998dc2e16.12889916,Female Admit 1
01906,TK6a68b9b67ff6f4.70566708,Female Admit 1
01907,TK6a68b9b6b2b5d5.74982642,Female Admit 1
01908,TK6a68bdee5a1ed2.39907804,Female Admit 1
01909,TK6a68cab3dacf47.51811083,Female Admit 1
01910,TK6a68ce27e6fae8.27948497,Female Admit 1
01911,TK6a68cf4fb59fa1.00687979,Female Admit 1
01912,TK6a68cf4fe77f44.85749009,Female Admit 1
01913,TK6a68cfe937e081.05723002,Female Admit 1
01914,TK6a68cfe9800019.65544791,Female Admit 1
01915,TK6a68cfe9c1ba99.20232755,Female Admit 1
01916,TK6a6904619a6649.63017563,Female Admit 1
01917,TK6a690461cd9670.34941620,Female Admit 1
01918,TK6a69068e6f6a94.47886806,Female Admit 1
01919,TK6a69068ed0fff7.09156105,Female Admit 1
01920,TK6a6906d5acd632.36153949,Female Admit 1
01921,TK6a6906d5dfc3e1.84697173,Female Admit 1
01922,TK6a6907750a2a29.17102231,Female Admit 1
01923,TK6a6907753bda48.11995527,Female Admit 1
01924,TK6a69079971c1e3.87700729,Female Admit 1
01925,TK6a690799a49859.37330499,Female Admit 1
01926,TK6a6907b9856812.96639437,Female Admit 1
01927,TK6a6907b9b663c4.46434571,Female Admit 1
01928,TK6a6909e7cdada3.18558726,Female Admit 1
01929,TK6a6909e80fed71.88879954,Female Admit 1
01930,TK6a690afed25fe9.03406204,Female Admit 1
01931,TK6a690aff105ad7.40198071,Female Admit 1
01932,TK6a690b3dbc56d6.24709455,Female Admit 1
01933,TK6a690b3deeadb6.24135741,Female Admit 1
01934,TK6a690e425128c1.60592488,Female Admit 1
01935,TK6a690e4281d945.21388935,Female Admit 1
01936,TK6a6910a13e9004.43009313,Female Admit 1
01937,TK6a6910a17d67c1.87230411,Female Admit 1
01938,TK6a69125f7687f7.73517428,Female Admit 1
01939,TK6a69125fb73fd2.68449510,Female Admit 1
01940,TK6a692de36e7e71.24954527,Female Admit 1
01941,TK6a692de3c30255.54838050,Female Admit 1
01942,TK6a692de4009399.72633896,Female Admit 1
01943,TK6a692de431d4d4.45247262,Female Admit 1
01944,TK6a692de463f420.20248925,Female Admit 1
01945,TK6a692de493f3d1.96715782,Female Admit 1
01946,TK6a692de4c33088.93892847,Female Admit 1
01947,TK6a692de5000095.00001029,Female Admit 1
01948,TK6a692de52f37d4.86393691,Female Admit 1
01949,TK6a692de56008c5.77473564,Female Admit 1
01950,TK6a692de58e87d1.48503130,Female Admit 1
01951,TK6a692de5bdaa17.25054780,Female Admit 1
01952,TK6a692de5efacc9.18038612,Female Admit 1
01953,TK6a692de62cc2f1.12943804,Female Admit 1
01954,TK6a692de65c7d93.15405680,Female Admit 1
01955,TK6a692de68c0ea2.45819223,Female Admit 1
01956,TK6a692de6baf3d5.77932725,Female Admit 1
01957,TK6a692de6e978f1.14816611,Female Admit 1
01958,TK6a692de7250663.03725246,Female Admit 1
01959,TK6a692de75612c4.68378414,Female Admit 1
01960,TK6a692de7888563.88775084,Female Admit 1
01961,TK6a692de7ba6eb6.46090913,Female Admit 1
01962,TK6a692de7e9e990.22846167,Female Admit 1
01963,TK6a692de8272617.94187991,Female Admit 1
01964,TK6a692de857bb51.65637324,Female Admit 1
01965,TK6a692de8897261.72147576,Female Admit 1
01966,TK6a692de8bacb01.14305122,Female Admit 1
01967,TK6a692de8eb92d2.12124071,Female Admit 1
01968,TK6a692de9281c09.49290249,Female Admit 1
01969,TK6a692de95ab9e2.27963379,Female Admit 1
01970,TK6a693015e06280.46098859,Female Admit 1
01971,TK6a6930162e2873.49898058,Female Admit 1
01972,TK6a693016607312.27466346,Female Admit 1
01973,TK6a693016914f13.25138720,Female Admit 1
01974,TK6a6930991d74b9.55458591,Female Admit 1
01975,TK6a6930995d41d9.25403460,Female Admit 1
01976,TK6a6930998df3e7.22879582,Female Admit 1
01977,TK6a693099bea5a0.85410913,Female Admit 1
01978,TK6a693099f1cde8.93817268,Female Admit 1
01979,TK6a69309a2fc9f5.29724868,Female Admit 1
01980,TK6a69309a613d84.04402786,Female Admit 1
01981,TK6a69309a91da59.89123266,Female Admit 1
01982,TK6a69309ac3f9e9.92098932,Female Admit 1
01983,TK6a69309b00b417.89234994,Female Admit 1
01984,TK6a69309b31c0e9.79913553,Female Admit 1
01985,TK6a69309b62c484.54846698,Female Admit 1
01986,TK6a69309b940425.99401499,Female Admit 1
01987,TK6a69309bc53e96.94490730,Female Admit 1
01988,TK6a69309c0291e8.79759158,Female Admit 1
01989,TK6a69309c33f245.43526363,Female Admit 1
01990,TK6a6969228aadd7.71965926,Female Admit 1
01991,TK6a696922d03e59.29842406,Female Admit 1
01992,TK6a6969230bdad1.89513858,Female Admit 1
01993,TK6a6969233db7d8.17593603,Female Admit 1
01994,TK6a697621cbad17.44645730,Female Admit 1
01995,TK6a697a82d3c709.67722057,Female Admit 1
01996,TK6a697a8311b8e8.37701541,Female Admit 1
01997,TK6a69f2c4b522b0.04438972,Female Admit 1
01998,TK6a69f2c4e8d117.67431592,Female Admit 1
01999,TK6a69f2c524d943.81055321,Female Admit 1
02000,TK6a69f2c5550b11.92408237,Female Admit 1
02001,TK6a69fa71eb24c0.04055238,Female Admit 1
02002,TK6a69fa722c78e2.61139028,Female Admit 1
02003,TK6a69fa7280be82.74596393,Female Admit 1
02004,TK6a6a0fbc096651.69323970,Female Admit 1
02005,TK6a6a0fbc462d38.08172152,Female Admit 1
02006,TK6a6a0fbc77f809.37385133,Female Admit 1
02007,TK6a6a0fbcab5d80.22924725,Female Admit 1
02008,TK6a6a0fbcdd36b4.11892712,Female Admit 1
02009,TK6a6a0fbd1d3d17.70571994,Female Admit 1
02010,TK6a6a23ef01f814.65829982,Female Admit 1
02011,TK6a6a23ef4821e1.02749549,Female Admit 1
02012,TK6a6a41bf867748.38349510,Female Admit 1
02013,TK6a6a41bfb74f73.43928465,Female Admit 1
02014,TK6a6a41bfe88ae8.90808213,Female Admit 1
02015,TK6a6a41c0283c36.11718346,Female Admit 1
02016,TK6a6a424fc3f6e6.35524286,Female Admit 1
02017,TK6a6a4250044423.23931806,Female Admit 1
02018,TK6a6a425037e7d6.12168004,Female Admit 1
02019,TK6a6a42506b3fb1.64723240,Female Admit 1
02020,TK6a6a4250a06cc2.07672451,Female Admit 1
02021,TK6a6a4288214c46.83965486,Female Admit 1
02022,TK6a6a428851f258.04037306,Female Admit 1
02023,TK6a6a4288827560.23898439,Female Admit 1
02024,TK6a6a480b447357.11972123,Female Admit 1
02025,TK6a6a480b9a4152.64794329,Female Admit 1
02026,TK6a6a480bcc1232.21389990,Female Admit 1
02027,TK6a6a75eb16b463.91793550,Female Admit 1
02028,TK6a6a75eb4bfc23.15226099,Female Admit 1
02029,TK6a6a75eb8110b0.07718530,Female Admit 1
02030,TK6a6a75ebb5bf41.85999749,Female Admit 1
02031,TK6a6a75ebeae533.16208919,Female Admit 1
02032,TK6a6a94d5e5c635.23062125,Female Admit 1
02033,TK6a6a94d6283f97.08276791,Female Admit 1
02034,TK6a6aa0407fd2e8.95773247,Female Admit 1
02035,TK6a6aa040b78c65.16114937,Female Admit 1
02036,TK6a6aa3e508b592.42979665,Female Admit 1
02037,TK6a6aa3e541e905.21069936,Female Admit 1
02038,TK6a6aa3e57a7d38.26998192,Female Admit 1
02039,TK6a6aa3e5b2ed08.32178166,Female Admit 1
02040,TK6a6ab442d74a63.41437454,Female Admit 1
02041,TK6a6ab4432bdd48.26795853,Female Admit 1
02042,TK6a6b4c4e63e876.81423098,Female Admit 1
02043,TK6a6b4c4e9c23c5.27269904,Female Admit 1
02044,TK6a6b4c4ec6be71.50400185,Female Admit 1
02045,TK6a6b4c4eeef391.66277914,Female Admit 1
02046,TK6a6b4c4f23fe96.78773040,Female Admit 1
02047,TK6a6b4c4f4c2793.66869380,Female Admit 1
02048,TK6a6b4c4f7b7fb6.32160135,Female Admit 1
02049,TK6a6b4c4fabed57.02376789,Female Admit 1
02050,TK6a6b4c4fdbc316.48861308,Female Admit 1
02051,TK6a6b4c50172968.57275955,Female Admit 1
02052,TK6a6b4c5045d2a7.04052378,Female Admit 1
02053,TK6a6b4c50748d17.03742652,Female Admit 1
02054,TK6a6b4c50a33d96.05169825,Female Admit 1
02055,TK6a6b4c50d38915.95855072,Female Admit 1
02056,TK6a6b505d3ffc82.87542935,Female Admit 1
02057,TK6a6b505d740213.45146535,Female Admit 1
02058,TK6a6b505da576c4.69557646,Female Admit 1
02059,TK6a6b505dd50ab2.27400202,Female Admit 1
02060,TK6a6b53c9e9a635.13627226,Female Admit 1
02061,TK6a6b53ca28f414.90843189,Female Admit 1
02062,TK6a6b56e1d6e5e2.81861467,Female Admit 1
02063,TK6a6b78922f85f5.62238269,Female Admit 1
02064,TK6a6b7892631ac2.00126095,Female Admit 1
02065,TK6a6b7f5fdfb070.62985336,Female Admit 1
02066,TK6a6b7ff366c811.81091974,Female Admit 1
02067,TK6a6b8109b3a8c6.24632952,Female Admit 1
02068,TK6a6b8109e446f0.98117200,Female Admit 1
02069,TK6a6b810a1a3d33.35630661,Female Admit 1
02070,TK6a6b810a434922.57764643,Female Admit 1
02071,TK6a6b8658246d85.13006819,Female Admit 1
02072,TK6a6b865855e358.93877849,Female Admit 1
02073,TK6a6b86ad4a6be3.23651134,Female Admit 1
02074,TK6a6b86ad7d1504.70130186,Female Admit 1
02075,TK6a6b86adb83204.31570505,Female Admit 1
02076,TK6a6b86ade38919.21218805,Female Admit 1
02077,TK6a6b86ae1b2b39.38380265,Female Admit 1
02078,TK6a6b86ae46a071.17545305,Female Admit 1
02079,TK6a6b86ae71c6c7.21242263,Female Admit 1
02080,TK6a6b86ae9b4312.18192045,Female Admit 1
02081,TK6a6b8c6fcdf595.56002906,Female Admit 1
02082,TK6a6b8c70043679.24803661,Female Admit 1
02083,TK6a6b8d986ac988.08722575,Female Admit 1
02084,TK6a6b8d98971ee7.11455944,Female Admit 1
02085,TK6a6b8d98c73324.61681004,Female Admit 1
02086,TK6a6b8d9903c264.94441858,Female Admit 1
02087,TK6a6b97fd8343b0.83271086,Female Admit 1
02088,TK6a6b97fdb7cef4.52814705,Female Admit 1
02089,TK6a6b97fde77da4.87049771,Female Admit 1
02090,TK6a6b9c9c6cb809.93071808,Female Admit 1
02091,TK6a6b9c9c978294.87569568,Female Admit 1
02092,TK6a6bb072cb7686.09098048,Female Admit 1
02093,TK6a6bb07308ce50.29337207,Female Admit 1
02094,TK6a6bbd5cb93401.86203910,Female Admit 1
02095,TK6a6beb1b22bc10.47288840,Female Admit 1
02096,TK6a6beb1b60f150.08073793,Female Admit 1
02097,TK6a6c3822d3c118.01382428,Female Admit 1
02098,TK6a6ca3a43b8552.35158351,Female Admit 1
02099,TK6a6ca3a46b83f4.87287432,Female Admit 1
02100,TK6a6ca3c529b4c5.47630401,Female Admit 1
02101,TK6a6cb172550d29.95252373,Female Admit 1
02102,TK6a6cbd3b678fe1.64471221,Female Admit 1
02103,TK6a6cbd3b92bbb9.72402890,Female Admit 1
02104,TK6a6cbd3bd3de43.41492865,Female Admit 1
02105,TK6a6cbd571280f3.82757265,Female Admit 1
02106,TK6a6cbd573d39e2.84766747,Female Admit 1
02107,TK6a6cbd5766af40.69076752,Female Admit 1
02108,TK6a6cbdaac33ae6.45110513,Female Admit 1
02109,TK6a6cbdab089230.41859337,Female Admit 1
02110,TK6a6cbdab3272a4.07212728,Female Admit 1
02111,TK6a6cbdf5c59399.45235958,Female Admit 1
02112,TK6a6cbdf603b229.66912710,Female Admit 1
02113,TK6a6cbdf6447a41.14356038,Female Admit 1
02114,TK6a6cbe7ee76f12.23414899,Female Admit 1
02115,TK6a6cbe7f1fc450.84514060,Female Admit 1
02116,TK6a6cbe7f4eb5b9.71722559,Female Admit 1
02117,TK6a6cbea0772558.63166093,Female Admit 1
02118,TK6a6cbea0a0d2a2.17884786,Female Admit 1
02119,TK6a6cbea0c9b9e8.71868779,Female Admit 1
02120,TK6a6cbea0f2f301.62098346,Female Admit 1
02121,TK6a6cbea1271eb6.63683784,Female Admit 1
02122,TK6a6cbea1508854.73480013,Female Admit 1
02123,TK6a6cbea178aa26.86826103,Female Admit 1
02124,TK6a6cbea1a1c296.13831934,Female Admit 1
02125,TK6a6cbea1cae9e8.75088022,Female Admit 1
02126,TK6a6cbea200e1f2.17626178,Female Admit 1
02127,TK6a6cbea22c72d4.03245157,Female Admit 1
02128,TK6a6cbea2561fe5.29709712,Female Admit 1
02129,TK6a6cbea27f3999.38440305,Female Admit 1
02130,TK6a6cbea2a7a6d9.22450299,Female Admit 1
02131,TK6a6cbea2d94750.90206823,Female Admit 1
02132,TK6a6cbea314d8d1.59554864,Female Admit 1
02133,TK6a6cbea345b9a4.13655346,Female Admit 1
02134,TK6a6cbea3750719.31363105,Female Admit 1
02135,TK6a6cbea3a6f4b7.69138829,Female Admit 1
02136,TK6a6cbea3d75149.28493095,Female Admit 1
02137,TK6a6cbea4133e26.96250080,Female Admit 1
02138,TK6a6cbea4440d54.30309860,Female Admit 1
02139,TK6a6cbea472b053.36324248,Female Admit 1
02140,TK6a6cbea4a2bc35.99960406,Female Admit 1
02141,TK6a6cbea4d1bd40.65575889,Female Admit 1
02142,TK6a6cbea50e59e1.13119846,Female Admit 1
02143,TK6a6cbea53d3549.00557706,Female Admit 1
02144,TK6a6cbea56d8324.25070235,Female Admit 1
02145,TK6a6cbea59ebab6.30664517,Female Admit 1
02146,TK6a6cbea5cd2061.82836754,Female Admit 1
02147,TK6a6cbeafe84968.57684049,Female Admit 1
02148,TK6a6cbeb01cc974.03442545,Female Admit 1
02149,TK6a6cbeb046c3b9.59522396,Female Admit 1
02150,TK6a6cbec11048b0.97963029,Female Admit 1
02151,TK6a6cbec1511326.81234301,Female Admit 1
02152,TK6a6cbec17fb2e0.78931453,Female Admit 1
02153,TK6a6cbf6a422d56.58761759,Female Admit 1
02154,TK6a6cbf6a712280.46022324,Female Admit 1
02155,TK6a6cbf6a9a50a3.84715564,Female Admit 1
02156,TK6a6cbf97c6d3b4.09160760,Female Admit 1
02157,TK6a6cbf980e74c3.48777241,Female Admit 1
02158,TK6a6cbf983978a8.36610054,Female Admit 1
02159,TK6a6cbfc2a52506.23559759,Female Admit 1
02160,TK6a6cbfc2d612c6.76515171,Female Admit 1
02161,TK6a6cbfc3116223.63443249,Female Admit 1
02162,TK6a6cbfdf190949.35354084,Female Admit 1
02163,TK6a6cbfdf4a8794.94814931,Female Admit 1
02164,TK6a6cbff2ad6f00.38983114,Female Admit 1
02165,TK6a6cbff2d79153.96386106,Female Admit 1
02166,TK6a6cbff30c6b77.42565477,Female Admit 1
02167,TK6a6cc002d3c270.50627585,Female Admit 1
02168,TK6a6cc0031a91d9.54955835,Female Admit 1
02169,TK6a6cc003506225.43447203,Female Admit 1
02170,TK6a6cc0198678f8.46190165,Female Admit 1
02171,TK6a6cc019b4c1f2.24972302,Female Admit 1
02172,TK6a6cc019de68a3.73380651,Female Admit 1
02173,TK6a6cc02d233824.66058265,Female Admit 1
02174,TK6a6cc02d5336f3.08930313,Female Admit 1
02175,TK6a6cc02d838861.07551448,Female Admit 1
02176,TK6a6cc02df17920.23362241,Female Admit 1
02177,TK6a6cc02e2e3ac1.57923340,Female Admit 1
02178,TK6a6cc02e930151.78426328,Female Admit 1
02179,TK6a6cc02ecca9a6.98515559,Female Admit 1
02180,TK6a6cc02f07dab7.01867467,Female Admit 1
02181,TK6a6cc02f318304.04679762,Female Admit 1
02182,TK6a6cc02f6c74c7.20386750,Female Admit 1
02183,TK6a6cc02f9784d8.13108488,Female Admit 1
02184,TK6a6cc02fc13919.51023546,Female Admit 1
02185,TK6a6cc04812d1b7.16175070,Female Admit 1
02186,TK6a6cc0483dfc31.88163440,Female Admit 1
02187,TK6a6cc04868b418.73050111,Female Admit 1
02188,TK6a6cc0c264e597.75676117,Female Admit 1
02189,TK6a6cc0c2952180.91112981,Female Admit 1
02190,TK6a6cc0c2c5b8d1.84627236,Female Admit 1
02191,TK6a6cc0d1aee8c9.08994060,Female Admit 1
02192,TK6a6cc0d1d99025.75017175,Female Admit 1
02193,TK6a6cc0d20faac2.25207293,Female Admit 1
02194,TK6a6cc0e7cb6fc1.33765517,Female Admit 1
02195,TK6a6cc0e811d050.71116267,Female Admit 1
02196,TK6a6cc0f9c52309.98057632,Female Admit 1
02197,TK6a6cc0f9ee96a8.67618326,Female Admit 1
02198,TK6a6cc1071826f8.29987604,Female Admit 1
02199,TK6a6cc10749b0f9.01946470,Female Admit 1
02200,TK6a6cc1077cc867.32059904,Female Admit 1
02201,TK6a6cc16864ce02.16080396,Female Admit 1
02202,TK6a6cc16896fa90.06358658,Female Admit 1
02203,TK6a6cc168c7c688.12776434,Female Admit 1
02204,TK6a6cc178db3706.34114994,Female Admit 1
02205,TK6a6cc179180b96.00294956,Female Admit 1
02206,TK6a6cc17948e2c7.78601569,Female Admit 1
02207,TK6a6cc1933bcc45.90299172,Female Admit 1
02208,TK6a6cc193663aa9.34649209,Female Admit 1
02209,TK6a6cc19396c4f0.38302735,Female Admit 1
02210,TK6a6cc2690c59d1.78455161,Female Admit 1
02211,TK6a6cc26944c759.61059442,Female Admit 1
02212,TK6a6cc26976c1e7.34988227,Female Admit 1
02213,TK6a6cc28cb8b149.84276789,Female Admit 1
02214,TK6a6cc28ceabad1.44108143,Female Admit 1
02215,TK6a6cc28d27a085.80705614,Female Admit 1
02216,TK6a6cc2b7297975.37760015,Female Admit 1
02217,TK6a6cc2b75a5ef6.12407967,Female Admit 1
02218,TK6a6cc2b78ab7a7.54201057,Female Admit 1
02219,TK6a6cc2e1edad25.65364039,Female Admit 1
02220,TK6a6cc2e22f9c53.21410295,Female Admit 1
02221,TK6a6cc2e26165e4.08828513,Female Admit 1
02222,TK6a6cc2fc5b2233.09851096,Female Admit 1
02223,TK6a6cc2fc8b6251.36391593,Female Admit 1
02224,TK6a6cc2fcbc8450.81424001,Female Admit 1
02225,TK6a6cc38d39cbc9.30442619,Female Admit 1
02226,TK6a6cc38d6b8bb6.73295043,Female Admit 1
02227,TK6a6cc38d9cdcc0.48154798,Female Admit 1
02228,TK6a6cc3a924f424.16416029,Female Admit 1
02229,TK6a6cc3a955ca68.02328330,Female Admit 1
02230,TK6a6cc3a985b305.63793869,Female Admit 1
02231,TK6a6cc3b88f9964.56103970,Female Admit 1
02232,TK6a6cc3b8c02886.53499209,Female Admit 1
02233,TK6a6cc3b8f0cef8.08854976,Female Admit 1
02234,TK6a6cc3ca2a71e8.78983998,Female Admit 1
02235,TK6a6cc3ca564c87.33239531,Female Admit 1
02236,TK6a6cc3ca7f1793.25328806,Female Admit 1
02237,TK6a6cc3dc029e69.41747745,Female Admit 1
02238,TK6a6cc3dc33ade0.21679321,Female Admit 1
02239,TK6a6cc3dc63f543.56921660,Female Admit 1
02240,TK6a6cc3e890ae69.76426505,Female Admit 1
02241,TK6a6cc3e8c27820.63410613,Female Admit 1
02242,TK6a6cc3e8efce77.71205610,Female Admit 1
02243,TK6a6cc4322a2622.59997518,Female Admit 1
02244,TK6a6cc43269ab76.95501371,Female Admit 1
02245,TK6a6cc43292c7e9.34623138,Female Admit 1
02246,TK6a6cc487a67cd5.98187464,Female Admit 1
02247,TK6a6cc487e6a4f7.91459293,Female Admit 1
02248,TK6a6cc48822e611.55807582,Female Admit 1
02249,TK6a6cc6dcaa0656.01184921,Female Admit 1
02250,TK6a6cc6dcdab605.43386070,Female Admit 1
02251,TK6a6cc6dd18c371.81261176,Female Admit 1
02252,TK6a6cc6fed2e3c0.27627460,Female Admit 1
02253,TK6a6cc6ff0cdbc6.03326504,Female Admit 1
02254,TK6a6cc6ff373f96.02909386,Female Admit 1
02255,TK6a6cc72c657f07.06738666,Female Admit 1
02256,TK6a6cc72ca78545.72690460,Female Admit 1
02257,TK6a6cc72cd90de7.44932261,Female Admit 1
02258,TK6a6cc743820956.11257262,Female Admit 1
02259,TK6a6cc743dd65f8.93564654,Female Admit 1
02260,TK6a6cc7442a1904.57629180,Female Admit 1
02261,TK6a6cc7669f58e5.94107997,Female Admit 1
02262,TK6a6cc766d01641.11006957,Female Admit 1
02263,TK6a6cc7670e01e0.79047579,Female Admit 1
02264,TK6a6cc78b2eb696.90862105,Female Admit 1
02265,TK6a6cc78b5eb696.54214946,Female Admit 1
02266,TK6a6cc78b8eabb1.18937349,Female Admit 1
02267,TK6a6cc7a531c272.19372044,Female Admit 1
02268,TK6a6cc7a55c62e1.63774058,Female Admit 1
02269,TK6a6cc7a5857ac3.83618486,Female Admit 1
02270,TK6a6cc7c15fd696.72877066,Female Admit 1
02271,TK6a6cc7c18af4e3.15376678,Female Admit 1
02272,TK6a6cc7c1b4aca1.54742086,Female Admit 1
02273,TK6a6cc7de921628.57699718,Female Admit 1
02274,TK6a6cc7dec959a1.42817211,Female Admit 1
02275,TK6a6cc7def3d6c7.03876637,Female Admit 1
02276,TK6a6cc80451c4a3.85789347,Female Admit 1
02277,TK6a6cc8048ce5e7.33856741,Female Admit 1
02278,TK6a6cc804b7db49.08226052,Female Admit 1
02279,TK6a6cc82d40c5b7.42744107,Female Admit 1
02280,TK6a6cc82d729e03.18757143,Female Admit 1
02281,TK6a6cc82d9c7dc7.83080316,Female Admit 1
02282,TK6a6cc842cd8f65.97996772,Female Admit 1
02283,TK6a6cc84305b056.68127175,Female Admit 1
02284,TK6a6cc8433221a5.23381947,Female Admit 1
02285,TK6a6cc8636fe243.39560181,Female Admit 1
02286,TK6a6cc863996f72.21346348,Female Admit 1
02287,TK6a6cc863c54947.73621158,Female Admit 1
02288,TK6a6cc88142bf90.27230903,Female Admit 1
02289,TK6a6cc88172e419.34164290,Female Admit 1
02290,TK6a6cc881a640e3.22537556,Female Admit 1
02291,TK6a6cc8c4b56538.63259648,Female Admit 1
02292,TK6a6cc8c4df6c86.73484276,Female Admit 1
02293,TK6a6cc8c51cbc24.91964946,Female Admit 1
02294,TK6a6cc8e221eb47.78284059,Female Admit 1
02295,TK6a6cc8e2530e28.92725437,Female Admit 1
02296,TK6a6cc8e2821f99.88902578,Female Admit 1
02297,TK6a6cc916754e84.70884237,Female Admit 1
02298,TK6a6cc9169fd9e7.85776300,Female Admit 1
02299,TK6a6cc916e155d7.42050147,Female Admit 1
02300,TK6a6cc9474e40b3.44628816,Female Admit 1
02301,TK6a6cc94777fcc2.12459200,Female Admit 1
02302,TK6a6cc947aa8af7.15005038,Female Admit 1
02303,TK6a6cd0b99c0b10.28519160,Female Admit 1
02304,TK6a6cd0b9cb77d2.87174957,Female Admit 1
02305,TK6a6cd0ba095993.68832542,Female Admit 1
02306,TK6a6cd0ba38ac43.17692984,Female Admit 1
02307,TK6a6cd21d935320.56774456,Female Admit 1
02308,TK6a6cd21dc1f852.18140697,Female Admit 1
02309,TK6a6cd21df1c888.28828004,Female Admit 1
02310,TK6a6cd2b6cefa74.80359136,Female Admit 1
02311,TK6a6cd2b7167ea2.64435767,Female Admit 1
02312,TK6a6cdbffe3c278.94067275,Female Admit 1
02313,TK6a6cdc001d1053.65455926,Female Admit 1
02314,TK6a6cdc0046ed26.84581593,Female Admit 1
02315,TK6a6cdc0077a1e7.17334749,Female Admit 1
02316,TK6a6cdc00a991b9.04830019,Female Admit 1
02317,TK6a6cdc4b633e06.18290738,Female Admit 1
02318,TK6a6cdc4babb197.85473610,Female Admit 1
02319,TK6a6cdefa2b4b78.52399635,Female Admit 1
02320,TK6a6cdefa55b848.33377320,Female Admit 1
02321,TK6a6cdefa7fe8a0.81402615,Female Admit 1
02322,TK6a6ce63b1c06a2.19682604,Female Admit 1
02323,TK6a6ce63b5c0d79.89222109,Female Admit 1
02324,TK6a6ce63b96baf0.37131679,Female Admit 1
02325,TK6a6ce6a20b6659.37268713,Female Admit 1
02326,TK6a6ce6a2350626.32558740,Female Admit 1
02327,TK6a6ce6a2675fe6.00673428,Female Admit 1
02328,TK6a6ce6a297ef85.42967428,Female Admit 1
02329,TK6a6ce74907dcc2.59789549,Female Admit 1
02330,TK6a6ce7495bff01.81719861,Female Admit 1
02331,TK6a6ce76527b454.49801680,Female Admit 1
02332,TK6a6ce76559d5b6.87840758,Female Admit 1
02333,TK6a6ce7bf9201a0.08585152,Female Admit 1
02334,TK6a6ce7bfca1cf8.01808163,Female Admit 1
02335,TK6a6ce7c01fb718.16713279,Female Admit 1
02336,TK6a6ce7c04b2803.55380035,Female Admit 1
02337,TK6a6ce8c1777928.13923143,Female Admit 1
02338,TK6a6ce8c1ae2ab0.57109116,Female Admit 1
02339,TK6a6ce8c20ed986.35542297,Female Admit 1
02340,TK6a6ce9a6b5dce3.78503046,Female Admit 1
02341,TK6a6ce9a6e6b316.86792971,Female Admit 1
02342,TK6a6ce9a7240d91.57889870,Female Admit 1
02343,TK6a6ce9a74bedb1.03310310,Female Admit 1
02344,TK6a6ce9a773fe02.27225769,Female Admit 1
02345,TK6a6ce9a79d5e36.22166448,Female Admit 1
02346,TK6a6ce9a7c58435.87671890,Female Admit 1
02347,TK6a6ce9a7ee46a1.48283694,Female Admit 1
02348,TK6a6ce9a82269d3.23908629,Female Admit 1
02349,TK6a6ce9a84a87d2.85192567,Female Admit 1
02350,TK6a6ce9a8792510.88195520,Female Admit 1
02351,TK6a6ce9a8a0f166.25344344,Female Admit 1
02352,TK6a6ce9a8ca9c20.20376151,Female Admit 1
02353,TK6a6ce9a8f2aee3.66817431,Female Admit 1
02354,TK6a6ce9a9277386.00423693,Female Admit 1
02355,TK6a6ce9d65f1911.24492490,Female Admit 1
02356,TK6a6ce9d68b1e99.74139558,Female Admit 1
02357,TK6a6ce9d6b51b94.21852538,Female Admit 1
02358,TK6a6ce9d6df2ee0.72636204,Female Admit 1
02359,TK6a6cea0a72acf0.69888907,Female Admit 1
02360,TK6a6cea0aacd8b9.62478470,Female Admit 1
02361,TK6a6cea0aefa535.20093080,Female Admit 1
02362,TK6a6cedcbe4d848.73338125,Female Admit 1
02363,TK6a6cedcc2d7152.05410703,Female Admit 1
02364,TK6a6cedcc560841.78239653,Female Admit 1
02365,TK6a6cf10da28408.94502426,Female Admit 1
02366,TK6a6cf10dd29126.41184147,Female Admit 1
02367,TK6a6cf10e0e8642.93183654,Female Admit 1
02368,TK6a6cffec6897f8.20182479,Female Admit 1
02369,TK6a6d078c4de402.06798182,Female Admit 1
02370,TK6a6d078ca0aaf0.82368079,Female Admit 1
02371,TK6a6d0ec9c77c11.91584030,Female Admit 1
02372,TK6a6d0eca1da9e6.25622727,Female Admit 1
02373,TK6a6d0eca80af13.77574057,Female Admit 1
02374,TK6a6d0ecab0a7a6.36356943,Female Admit 1
02375,TK6a6d14c3d1b218.01481758,Female Admit 1
02376,TK6a6d14c41462b0.57621197,Female Admit 1
02377,TK6a6d1a1d98dd97.42723331,Female Admit 1
02378,TK6a6d1a1dc4dd85.27827100,Female Admit 1
02379,TK6a6d1ca9241137.02328071,Female Admit 1
02380,TK6a6d2184431a34.87399433,Female Admit 1
02381,TK6a6d21846e37a1.02314349,Female Admit 1
02382,TK6a6d21849a5b47.15798309,Female Admit 1
02383,TK6a6d2184c3ebe2.22994733,Female Admit 1
02384,TK6a6d34d7ab4b09.05803191,Female Admit 1
02385,TK6a6d34d7de0136.01772112,Female Admit 1
02386,TK6a6d34d81a8704.86378428,Female Admit 1
02387,TK6a6d395a7453e0.43524654,Female Admit 1
02388,TK6a6d395aa4e0d3.85178253,Female Admit 1
02389,TK6a6d3cb916d484.60485728,Female Admit 1
02390,TK6a6d414b923388.29680668,Female Admit 1
02391,TK6a6d414bbbf1e8.19325789,Female Admit 1
02392,TK6a6d414bec8ae7.06969899,Female Admit 1
02393,TK6a6d6d428fd469.98922717,Female Admit 1
02394,TK6a6d6d42ce9187.93480974,Female Admit 1
02395,TK6a6d6e2108c100.44624533,Female Admit 1
02396,TK6a6d6e2142eac2.93963709,Female Admit 1
02397,TK6a6d6e216cb304.67617801,Female Admit 1
02398,TK6a6d6e21954bd6.41389176,Female Admit 1
02399,TK6a6d6e21befb00.20375667,Female Admit 1
02400,TK6a6d75881d0263.89530061,Female Admit 1
02401,TK6a6d758882a852.19272813,Female Admit 1
02402,TK6a6d7588b4b0b4.65709429,Female Admit 1
02403,TK6a6d7588e53050.55308997,Female Admit 1
02404,TK6a6d7589579619.54351019,Female Admit 1
02405,TK6a6d7589894574.15922974,Female Admit 1
02406,TK6a6d7589bb86c7.63142533,Female Admit 1
02407,TK6a6d7589ecf3b3.69748918,Female Admit 1
02408,TK6a6d758a2d6d84.45937232,Female Admit 1
02409,TK6a6d758a62f0a8.14380286,Female Admit 1
02410,TK6a6d758a8e04f3.81832593,Female Admit 1
02411,TK6a6d758aba7d52.15688426,Female Admit 1
02412,TK6a6d7e09c737d6.30523074,Female Admit 1
02413,TK6a6d7e0a309d70.56675037,Female Admit 1
02414,TK6a6ddaecaf6938.54391332,Female Admit 1
02415,TK6a6ddaed20cba3.98302149,Female Admit 1
02416,TK6a6ddaed869458.36478351,Female Admit 1
02417,TK6a6ddaedecfe44.67267756,Female Admit 1
02418,TK6a6ddaee566602.44758305,Female Admit 1
02419,TK6a6ddaeeb6b575.55283022,Female Admit 1
02420,TK6a6dfb3d5a01b3.76758182,Female Admit 1
02421,TK6a6e062d56b831.25896475,Female Admit 1
02422,TK6a6e062d7fd664.26401647,Female Admit 1
02423,TK6a6e066d52bdd7.45570929,Female Admit 1
02424,TK6a6e066d82cda8.75418974,Female Admit 1
02425,TK6a6e066db71c83.41628995,Female Admit 1
02426,TK6a6e0ca600d204.46298566,Female Admit 1
02427,TK6a6e0ca62d6dd4.29744044,Female Admit 1
02428,TK6a6e0ca6607643.37933001,Female Admit 1
02429,TK6a6e1c8035db33.00220236,Female Admit 1
02430,TK6a6e1c8094f707.50166038,Female Admit 1
02431,TK6a6e2e3a4f5284.10819229,Female Admit 1
02432,TK6a6e2e3a7b0745.78440544,Female Admit 1
02433,TK6a6e2e3aa7bce1.58417566,Female Admit 1
02434,TK6a6e2e3ad4e003.25063962,Female Admit 1
02435,TK6a6e2e3b0af412.56365279,Female Admit 1
02436,TK6a6e302db680a8.70981064,Female Admit 1
02437,TK6a6e31e062f938.36139335,Female Admit 1
02438,TK6a6e322f35e574.02892645,Female Admit 1
02439,TK6a6e322f5fe8c1.45767936,Female Admit 1
02440,TK6a6e322f8a4608.87003675,Female Admit 1
02441,TK6a6e3aa524d039.31906474,Female Admit 1
02442,TK6a6e3aa5561079.66211743,Female Admit 1
02443,TK6a6e3b3c7d0c89.35140162,Female Admit 1
02444,TK6a6e3c5ea79252.66512969,Female Admit 1
02445,TK6a6e4127af7d87.81209413,Female Admit 1
02446,TK6a6e4127dab334.36734726,Female Admit 1
02447,TK6a6e41281130b6.77822621,Female Admit 1
02448,TK6a6e41283c9f91.87296162,Female Admit 1
02449,TK6a6e4128692c08.46138035,Female Admit 1
02450,TK6a6e4128977626.67914706,Female Admit 1
02451,TK6a6e4128c27ba6.19699978,Female Admit 1
02452,TK6a6e4128ee0364.44366012,Female Admit 1
02453,TK6a6e412925f691.06081619,Female Admit 1
02454,TK6a6e4129527662.43322579,Female Admit 1
02455,TK6a6e41297bef09.10651769,Female Admit 1
02456,TK6a6e45eba126e0.79783197,Female Admit 1
02457,TK6a6e45ebca9819.88710162,Female Admit 1
02458,TK6a6e46859474d7.63622587,Female Admit 1
02459,TK6a6e4ad9ea17d9.37879224,Female Admit 1
02460,TK6a6e4ada2553d4.73742204,Female Admit 1
02461,TK6a6e4bc61f5468.90798776,Female Admit 1
02462,TK6a6e58cb1e0e39.94725110,Female Admit 1
02463,TK6a6e58cb47b4f2.23855333,Female Admit 1
02464,TK6a6e58cbb3a119.14651407,Female Admit 1
02465,TK6a6e58cbdc2e71.39670293,Female Admit 1
02466,TK6a6e58cc1041c0.07420271,Female Admit 1
02467,TK6a6e58cc399512.02872804,Female Admit 1
02468,TK6a6e5b6d1fbd85.21269692,Female Admit 1
02469,TK6a6e5d2fea6475.06658299,Female Admit 1
02470,TK6a6e5d30372d07.65822624,Female Admit 1
02471,TK6a6e6579201a18.58998479,Female Admit 1
02472,TK6a6e65795cc219.47790123,Female Admit 1
02473,TK6a6e657987b286.80018312,Female Admit 1
02474,TK6a6e6579b18f36.40613344,Female Admit 1
02475,TK6a6e657f241b40.79110475,Female Admit 1
02476,TK6a6e657f57cd14.74311427,Female Admit 1
02477,TK6a6e65809df2a2.14378568,Female Admit 1
02478,TK6a6e6580c73396.34775172,Female Admit 1
02479,TK6a6e65ff973339.89918356,Female Admit 1
02480,TK6a6e65ffdfa5c5.82545139,Female Admit 1
02481,TK6a6e6cf1b26cb3.00063453,Female Admit 1
02482,TK6a6e6cf1f3e4c9.25419375,Female Admit 1
02483,TK6a6e750dccad87.96251345,Female Admit 1
02484,TK6a6e750e66c8b9.34569118,Female Admit 1
02485,TK6a6e750ee55c22.97947077,Female Admit 1
02486,TK6a6e750fabbec5.40025297,Female Admit 1
02487,TK6a6e7510297290.68801350,Female Admit 1
02488,TK6a6e75109daf04.82222074,Female Admit 1
02489,TK6a6e75606209f8.72847927,Female Admit 1
02490,TK6a6e7560e717a3.97979221,Female Admit 1
02491,TK6a6e75615817e2.01704987,Female Admit 1
02492,TK6a6e7561d2c327.46048211,Female Admit 1
02493,TK6a6e75624b3999.82264443,Female Admit 1
02494,TK6a6e7562c1b9e4.64913263,Female Admit 1
02495,TK6a6e7563378ad5.51261220,Female Admit 1
02496,TK6a6e75639c5438.92071740,Female Admit 1
02497,TK6a6e75641a9304.94601908,Female Admit 1
02498,TK6a6e7564810d82.56247348,Female Admit 1
02499,TK6a6e7564df0429.95226642,Female Admit 1
02500,TK6a6e75654b4918.45222207,Female Admit 1
02501,TK6a6e7565a94456.58898701,Female Admit 1
02502,TK6a6e7566186c10.25635668,Female Admit 1
02503,TK6a6e7566771099.75247487,Female Admit 1
02504,TK6a6e7566d5a0e2.88211047,Female Admit 1
02505,TK6a6e75673ea2d2.69376004,Female Admit 1
02506,TK6a6e75679f1b44.81917558,Female Admit 1
02507,TK6a6e756809ad94.95869597,Female Admit 1
02508,TK6a6e756872cf81.35239968,Female Admit 1
02509,TK6a6e7672a9f747.50399394,Female Admit 1
02510,TK6a6e76731e23c5.07219951,Female Admit 1
02511,TK6a6e7673852663.69987181,Female Admit 1
02512,TK6a6e76740172f2.23752338,Female Admit 1
02513,TK6a6e8231321f17.84560848,Female Admit 1
02514,TK6a6e82315a57a1.04566060,Female Admit 1
02515,TK6a6e82318a2bb4.35650497,Female Admit 1
02516,TK6a6e8231ba87c1.99629885,Female Admit 1
02517,TK6a6e8231e98871.02297667,Female Admit 1
02518,TK6a6e837a6d95a0.65501841,Female Admit 1
02519,TK6a6e837aac16e5.09563611,Female Admit 1
02520,TK6a6e837aed8de9.05106036,Female Admit 1
02521,TK6a6e837b2a76d6.14509264,Female Admit 1
02522,TK6a6e837b59f414.20412608,Female Admit 1
02523,TK6a6e86063fbc40.46174067,Female Admit 1
02524,TK6a6e86066a3b19.69004375,Female Admit 1
02525,TK6a6e86e4ae4fa5.06504509,Female Admit 1
02526,TK6a6e86e4dd1dd0.25432399,Female Admit 1
02527,TK6a6e86e519ed21.83366640,Female Admit 1
02528,TK6a6e86e54b4fc7.28382726,Female Admit 1
02529,TK6a6e86e57c5418.16029502,Female Admit 1
02530,TK6a6e86e5ade559.86428793,Female Admit 1
02531,TK6a6e86e5dd6609.61266397,Female Admit 1
02532,TK6a6e86e61c2232.79427490,Female Admit 1
02533,TK6a6e8c08221256.34714865,Female Admit 1
02534,TK6a6e8c08553f70.69676050,Female Admit 1
02535,TK6a6e8c1823af81.17335594,Female Admit 1
02536,TK6a6e8f704a0503.35772355,Female Admit 1
02537,TK6a6e8f708a5678.93326769,Female Admit 1
02538,TK6a6e9208bdcfb9.80330983,Female Admit 1
02539,TK6a6e9208eb0825.39253721,Female Admit 1
02540,TK6a6e92092074b1.09329814,Female Admit 1
02541,TK6a6e92094a70d1.29993697,Female Admit 1
02542,TK6a6e920973c7f1.52188462,Female Admit 1
02543,TK6a6e986eb93372.21495189,Female Admit 1
02544,TK6a6e98b4de1996.86942134,Female Admit 1
02545,TK6a6e9aaf066d88.97285782,Female Admit 1
02546,TK6a6e9aaf3f7d60.56249149,Female Admit 1
02547,TK6a6e9aaf6e2137.04375131,Female Admit 1
02548,TK6a6e9aaf9e8928.86266396,Female Admit 1
02549,TK6a6e9b11e08868.08710389,Female Admit 1
02550,TK6a6e9b121d7e13.82254694,Female Admit 1
02551,TK6a6e9e39f2ad25.65426214,Female Admit 1
02552,TK6a6e9ff5d32226.55458548,Female Admit 1
02553,TK6a6e9ff60f68d0.77851298,Female Admit 1
02554,TK6a6ea1776a80e1.76472000,Female Admit 1
02555,TK6a6ea1779f1371.07630689,Female Admit 1
02556,TK6a6ea443ea3f01.44973109,Female Admit 1
02557,TK6a6ea4442b3eb8.63575332,Female Admit 1
02558,TK6a6eaa829706c0.59191697,Female Admit 1
02559,TK6a6eacbd5a0088.08825928,Female Admit 1
02560,TK6a6ead22558195.97511137,Female Admit 1
02561,TK6a6eb13178bea2.50331570,Female Admit 1
02562,TK6a6eb131bb5238.38818264,Female Admit 1
02563,TK6a6eb131e5f646.21758223,Female Admit 1
02564,TK6a6eb1321bee10.27445748,Female Admit 1
02565,TK6a6eb13245d0e6.51263180,Female Admit 1
02566,TK6a6eb22bbbe3e0.53666917,Female Admit 1
02567,TK6a6eb22becbc11.07032292,Female Admit 1
02568,TK6a6eb22c388292.61782043,Female Admit 1
02569,TK6a6eb22c699616.22105007,Female Admit 1
02570,TK6a6eb22ccd53e6.51607608,Female Admit 1
02571,TK6a6eb22d09e5a7.49844233,Female Admit 1
02572,TK6a6eb22d3c7844.30852416,Female Admit 1
02573,TK6a6eb22d6f4f10.69287932,Female Admit 1
02574,TK6a6eb297e3b5a8.30491945,Female Admit 1
02575,TK6a6eb7203e5014.13674416,Female Admit 1
02576,TK6a6eb7207ce5f5.67399477,Female Admit 1
02577,TK6a6eb720af32a1.45088082,Female Admit 1
02578,TK6a6eb7ceeec967.63098340,Female Admit 1
02579,TK6a6ebc2341e986.20921168,Female Admit 1
02580,TK6a6ebc237378b8.06127405,Female Admit 1
02581,TK6a6ebc23a3e418.70565826,Female Admit 1
02582,TK6a6ec0ef052f37.26729457,Female Admit 1
02583,TK6a6ec0ef4f3850.64326365,Female Admit 1
02584,TK6a6ec0ef7a5b75.82344356,Female Admit 1
02585,TK6a6ec0efa70003.81814408,Female Admit 1
02586,TK6a6ec0efd20e05.93092213,Female Admit 1
02587,TK6a6ec0f009ca35.90983179,Female Admit 1
02588,TK6a6ec0f03402d5.30333004,Female Admit 1
02589,TK6a6ec0f05f5a82.85347607,Female Admit 1
02590,TK6a6ec0f08a4087.58957261,Female Admit 1
02591,TK6a6ec0f0b52be1.86399245,Female Admit 1
02592,TK6a6ec0f0e16fb9.35986505,Female Admit 1
02593,TK6a6ec0f1185e00.95624114,Female Admit 1
02594,TK6a6ec0f14497c5.97794697,Female Admit 1
02595,TK6a6ec0f1704621.27262445,Female Admit 1
02596,IET6a5e2d0aa88843.95335170,Female World Cup
02597,TK6a46458d9b3f98.01490567,Male Admit 1
02598,TK6a46458deafa75.10766885,Male Admit 1
02599,TK6a46458e4ace82.40206318,Male Admit 1
02600,TK6a464aaa71ace0.25247844,Male Admit 1
02601,TK6a464aaa9ba925.94466026,Male Admit 1
02602,TK6a464aaaca8f97.93817323,Male Admit 1
02603,TK6a484102b96d59.72331369,Male Admit 1
02604,TK6a484102e45104.84180862,Male Admit 1
02605,TK6a484103206481.93957618,Male Admit 1
02606,TK6a4854fbb424c5.36971618,Male Admit 1
02607,TK6a4854fbdd98f2.10252749,Male Admit 1
02608,TK6a4854fc1a9137.34531030,Male Admit 1
02609,TK6a494ae1680381.86497654,Male Admit 1
02610,TK6a550c4e53a750.78926192,Male Admit 1
02611,TK6a561330594d01.84890170,Male Admit 1
02612,TK6a561426bb3547.07463643,Male Admit 1
02613,TK6a56147c6e83a0.68928869,Male Admit 1
02614,TK6a561538615688.53499914,Male Admit 1
02615,TK6a56161c55ce90.44939775,Male Admit 1
02616,TK6a56166c8a2763.11337570,Male Admit 1
02617,TK6a561c66d76f61.45727106,Male Admit 1
02618,TK6a59602711c0b6.24992532,Male Admit 1
02619,TK6a5a4cf70db1e6.41976130,Male Admit 1
02620,TK6a5a4cf73fc971.54555689,Male Admit 1
02621,TK6a5a4cf7720e45.20590830,Male Admit 1
02622,TK6a5bc265d738b9.12481094,Male Admit 1
02623,TK6a5e668abda837.29767819,Male Admit 1
02624,TK6a5e6ebd9dfde2.91752466,Male Admit 1
02625,TK6a5e6ebdc7ccd2.10397381,Male Admit 1
02626,TK6a5e6ebdf00db2.52402642,Male Admit 1
02627,TK6a5e6ebe257e57.79824961,Male Admit 1
02628,TK6a5e6ebe4e0294.00861416,Male Admit 1
02629,TK6a5e6ebe7748f2.75138486,Male Admit 1
02630,TK6a5e6ebea03f55.62282606,Male Admit 1
02631,TK6a5e6ebed41450.49060591,Male Admit 1
02632,TK6a5e6ebf14ba54.89996488,Male Admit 1
02633,TK6a5e6ebf4b02f1.82694574,Male Admit 1
02634,TK6a5e6ebf812281.51836040,Male Admit 1
02635,TK6a5e6ebfb69ab5.59596801,Male Admit 1
02636,TK6a5e6ebfe6af64.68025904,Male Admit 1
02637,TK6a5e6ec0216f87.94105639,Male Admit 1
02638,TK6a5e6ec051ab14.72107137,Male Admit 1
02639,TK6a5e6ec0827221.00632137,Male Admit 1
02640,TK6a5e6ec0b38736.49186625,Male Admit 1
02641,TK6a5e6ec0e97d47.43369445,Male Admit 1
02642,TK6a5e6ec12498d0.16793568,Male Admit 1
02643,TK6a5e6ec1531b64.39632903,Male Admit 1
02644,TK6a5fc1965483c3.45737738,Male Admit 1
02645,TK6a5fc196902bd1.19951404,Male Admit 1
02646,TK6a5fc23b0e07e3.24009391,Male Admit 1
02647,TK6a5fc23b3e1436.25404431,Male Admit 1
02648,TK6a60f6de2e2d28.78799498,Male Admit 1
02649,TK6a60f6de78a410.49075936,Male Admit 1
02650,TK6a610fdfd90895.85039979,Male Admit 1
02651,TK6a624c1223cea5.43228035,Male Admit 1
02652,TK6a624c12c35211.25204440,Male Admit 1
02653,TK6a63699c4eee98.68805348,Male Admit 1
02654,TK6a64ddfbadec07.81178200,Male Admit 1
02655,TK6a654e7d9c0be9.82705178,Male Admit 1
02656,TK6a654e7e278155.17107295,Male Admit 1
02657,TK6a654e7ec71fe5.86972644,Male Admit 1
02658,TK6a663ae29d6587.02256461,Male Admit 1
02659,TK6a663ae2cfcd44.99093560,Male Admit 1
02660,TK6a67b1b5c83b01.70779355,Male Admit 1
02661,TK6a67b1b609b300.63555105,Male Admit 1
02662,TK6a67b1b639b4f3.19947655,Male Admit 1
02663,TK6a67b1b66afd30.60647882,Male Admit 1
02664,TK6a67b1b69c27f4.63001660,Male Admit 1
02665,TK6a682005598a48.99286268,Male Admit 1
02666,TK6a6822ce68b856.18884197,Male Admit 1
02667,TK6a68a649451be6.41435782,Male Admit 1
02668,TK6a68a66a247a22.40476279,Male Admit 1
02669,TK6a68a66a549859.48263044,Male Admit 1
02670,TK6a68a66a876b81.67706204,Male Admit 1
02671,TK6a68a66ab8bc01.90364367,Male Admit 1
02672,TK6a68a66ae9e751.44525417,Male Admit 1
02673,TK6a68a66b27c198.10693396,Male Admit 1
02674,TK6a68a66b5a7842.92975232,Male Admit 1
02675,TK6a68a66b8c14a8.67472493,Male Admit 1
02676,TK6a68a66bbc6606.63466168,Male Admit 1
02677,TK6a68a66bec4dd9.66825212,Male Admit 1
02678,TK6a68a66c298379.71927644,Male Admit 1
02679,TK6a68a66c58aa13.79601090,Male Admit 1
02680,TK6a68a66c8b2dd2.07839859,Male Admit 1
02681,TK6a68a66cbb30e5.39466157,Male Admit 1
02682,TK6a68a66ceb9173.51331950,Male Admit 1
02683,TK6a68a66d29abe6.90475384,Male Admit 1
02684,TK6a68a66d5a7085.55525042,Male Admit 1
02685,TK6a68a66d897ab9.17181325,Male Admit 1
02686,TK6a68a66db873c3.29592653,Male Admit 1
02687,TK6a69068f443b71.32322947,Male Admit 1
02688,TK6a6906d61d0f13.63026891,Male Admit 1
02689,TK6a690775ae3b36.46871685,Male Admit 1
02690,TK6a690799db1496.21326304,Male Admit 1
02691,TK6a6907ba064e63.27510545,Male Admit 1
02692,TK6a6909e87ac074.92242422,Male Admit 1
02693,TK6a690aff443d26.84514205,Male Admit 1
02694,TK6a690b3e2c58c5.65644402,Male Admit 1
02695,TK6a690e430808c3.84716307,Male Admit 1
02696,TK6a692de05252a0.58073702,Male Admit 1
02697,TK6a692de9c715f7.14764586,Male Admit 1
02698,TK6a692dea0506f6.55606739,Male Admit 1
02699,TK6a692dea3529c2.52893591,Male Admit 1
02700,TK6a692dea653a97.62948007,Male Admit 1
02701,TK6a692dea941334.29893423,Male Admit 1
02702,TK6a692deac3c592.14094420,Male Admit 1
02703,TK6a692deb0074d9.34678494,Male Admit 1
02704,TK6a692deb31f191.42849954,Male Admit 1
02705,TK6a692deb622337.21728293,Male Admit 1
02706,TK6a692deb908f98.01967939,Male Admit 1
02707,TK6a692debc142a9.38404364,Male Admit 1
02708,TK6a692debf247a9.86158092,Male Admit 1
02709,TK6a692dec2f7839.22983145,Male Admit 1
02710,TK6a692dec60adc0.43637492,Male Admit 1
02711,TK6a692dec91c315.67557073,Male Admit 1
02712,TK6a692decc3cc86.78736195,Male Admit 1
02713,TK6a692ded0094e7.69642747,Male Admit 1
02714,TK6a692ded3165e0.65480682,Male Admit 1
02715,TK6a692ded627802.14866201,Male Admit 1
02716,TK6a692ded924e89.92691556,Male Admit 1
02717,TK6a692dedc384f9.43874267,Male Admit 1
02718,TK6a692dee018f42.58322823,Male Admit 1
02719,TK6a692dee325770.18603312,Male Admit 1
02720,TK6a692dee626b75.23455608,Male Admit 1
02721,TK6a692dee91b2e0.72314912,Male Admit 1
02722,TK6a692deec1a5e9.06861851,Male Admit 1
02723,TK6a692deef14311.20936624,Male Admit 1
02724,TK6a692def2c4cd1.54063041,Male Admit 1
02725,TK6a692def5b8772.43241072,Male Admit 1
02726,TK6a692def8d14a3.25712036,Male Admit 1
02727,TK6a69309c6655b0.40615156,Male Admit 1
02728,TK6a69309c975df0.21102263,Male Admit 1
02729,TK6a69309cc8c938.00902604,Male Admit 1
02730,TK6a69309d04f6a1.57271123,Male Admit 1
02731,TK6a69309d347b22.95876496,Male Admit 1
02732,TK6a69309d65b431.10858551,Male Admit 1
02733,TK6a69309d94cd46.64207487,Male Admit 1
02734,TK6a69309dc639d7.53870399,Male Admit 1
02735,TK6a69309e014fa7.40311165,Male Admit 1
02736,TK6a69309e311de3.66983934,Male Admit 1
02737,TK6a69309e6115c6.65679377,Male Admit 1
02738,TK6a69309e902973.95807160,Male Admit 1
02739,TK6a69309ebe4798.52528853,Male Admit 1
02740,TK6a69309eedd3b7.07549595,Male Admit 1
02741,TK6a69309f283c77.26732509,Male Admit 1
02742,TK6a69309f5a16e4.56995980,Male Admit 1
02743,TK6a69309f8a4786.57326314,Male Admit 1
02744,TK6a69309fba8420.53107451,Male Admit 1
02745,TK6a69309fec1019.98533312,Male Admit 1
02746,TK6a6930a05c69d9.06607638,Male Admit 1
02747,TK6a696923a43368.87815673,Male Admit 1
02748,TK6a696923d51ff0.97337376,Male Admit 1
02749,TK6a696924126b40.54358231,Male Admit 1
02750,TK6a696924421cc1.72862261,Male Admit 1
02751,TK6a697a837a0da9.88078994,Male Admit 1
02752,TK6a697a83a92ea7.18986906,Male Admit 1
02753,TK6a69f2c5c1e4e6.21758675,Male Admit 1
02754,TK6a69f2c5f3dea7.00128390,Male Admit 1
02755,TK6a69f2c6306f47.00507839,Male Admit 1
02756,TK6a69fa73042633.47789586,Male Admit 1
02757,TK6a6a0053aba803.46718701,Male Admit 1
02758,TK6a6a0053decd68.22972389,Male Admit 1
02759,TK6a6a0fbd8af574.03386446,Male Admit 1
02760,TK6a6a0fbdc19026.60994302,Male Admit 1
02761,TK6a6a41c08c66e6.14703067,Male Admit 1
02762,TK6a6a41c0c15f37.01959265,Male Admit 1
02763,TK6a6a41c0f3f6b0.65888255,Male Admit 1
02764,TK6a6a4250d4a240.33609361,Male Admit 1
02765,TK6a6a425112da36.86831971,Male Admit 1
02766,TK6a6a425145b6c6.15853652,Male Admit 1
02767,TK6a6a480c584176.06857328,Male Admit 1
02768,TK6a6a480c8b3c96.35387072,Male Admit 1
02769,TK6a6a480cbd62b2.73679568,Male Admit 1
02770,TK6a6a74ad141609.83797805,Male Admit 1
02771,TK6a6a766e516561.20835831,Male Admit 1
02772,TK6a6a766eb99634.67380907,Male Admit 1
02773,TK6a6a766f2e7f78.15611225,Male Admit 1
02774,TK6a6aa3e62cf0b8.17809731,Male Admit 1
02775,TK6a6aad52bbd208.24950299,Male Admit 1
02776,TK6a6aad53028e78.20361292,Male Admit 1
02777,TK6a6aad533cc2a3.78891466,Male Admit 1
02778,TK6a6aad537478e1.27481700,Male Admit 1
02779,TK6a6b4c5142e300.96258021,Male Admit 1
02780,TK6a6b4c5172dc19.72656635,Male Admit 1
02781,TK6a6b4c51a16041.16899932,Male Admit 1
02782,TK6a6b4c51cff582.80802403,Male Admit 1
02783,TK6a6b4c520c5100.52113600,Male Admit 1
02784,TK6a6b505e126ef9.70144458,Male Admit 1
02785,TK6a6b505e42bf18.10728759,Male Admit 1
02786,TK6a6b505e7407b6.55059672,Male Admit 1
02787,TK6a6b53ca859986.17157753,Male Admit 1
02788,TK6a6b7ff3d743a8.63791817,Male Admit 1
02789,TK6a6b810aa1c358.55380937,Male Admit 1
02790,TK6a6b810acbaae9.40545695,Male Admit 1
02791,TK6a6b8658b69b01.89177292,Male Admit 1
02792,TK6a6b8c7063fba6.21896436,Male Admit 1
02793,TK6a6b8d996a22a3.88629927,Male Admit 1
02794,TK6a6b8d999a4bb8.18567886,Male Admit 1
02795,TK6a6b9c9d0142d4.52808283,Male Admit 1
02796,TK6a6becd2b757b0.03541944,Male Admit 1
02797,TK6a6cbfdfb8f5f5.13475406,Male Admit 1
02798,TK6a6cc0e8784d56.42677028,Male Admit 1
02799,TK6a6cc0fa2b0fd2.21640144,Male Admit 1
02800,TK6a6cdc01235dc0.61309334,Male Admit 1
02801,TK6a6cdc01584b70.15420880,Male Admit 1
02802,TK6a6cdc0189cb37.63454530,Male Admit 1
02803,TK6a6cdc4c532473.32649543,Male Admit 1
02804,TK6a6ce9a99a21d9.76109242,Male Admit 1
02805,TK6a6ce9a9c3ad80.14197309,Male Admit 1
02806,TK6a6ce9a9ed9634.40808637,Male Admit 1
02807,TK6a6ce9aa29b1f9.83863407,Male Admit 1
02808,TK6a6ce9aa585fa0.10278201,Male Admit 1
02809,TK6a6ce9aa877d14.59488910,Male Admit 1
02810,TK6a6ce9aab69b13.25865846,Male Admit 1
02811,TK6a6ce9aae5da73.80189850,Male Admit 1
02812,TK6a6ce9ab213247.23440898,Male Admit 1
02813,TK6a6ce9ab50c047.37544235,Male Admit 1
02814,TK6a6ce9ab806a54.45472092,Male Admit 1
02815,TK6a6ce9abaf1b28.36047822,Male Admit 1
02816,TK6a6ce9abd919e1.23325413,Male Admit 1
02817,TK6a6ce9ac0d0f87.97404697,Male Admit 1
02818,TK6a6ce9ac3557a6.57936738,Male Admit 1
02819,TK6a6ce9ac5d9441.06593976,Male Admit 1
02820,TK6a6ce9ac864272.68329729,Male Admit 1
02821,TK6a6ce9acaf5f35.59185338,Male Admit 1
02822,TK6a6ce9acd7d5e6.98943568,Male Admit 1
02823,TK6a6ce9ad0c54d7.91686146,Male Admit 1
02824,TK6a6d14c47c6d58.67723110,Male Admit 1
02825,TK6a6d270346fcf7.61534052,Male Admit 1
02826,TK6a6d2703717e22.05911755,Male Admit 1
02827,TK6a6d2703ad5e48.92330576,Male Admit 1
02828,TK6a6d389a44b696.29442768,Male Admit 1
02829,TK6a6d389a6f2a27.41582968,Male Admit 1
02830,TK6a6d414c5d38e4.63767550,Male Admit 1
02831,TK6a6d414c8ccec7.58037266,Male Admit 1
02832,TK6a6d414cbd6105.81433347,Male Admit 1
02833,TK6a6d6e22291a69.02951376,Male Admit 1
02834,TK6a6d6e22525243.17678484,Male Admit 1
02835,TK6a6d6e227b35c1.09638843,Male Admit 1
02836,TK6a6d6e22aa3d65.37312298,Male Admit 1
02837,TK6a6d6e22da5ab2.33571738,Male Admit 1
02838,TK6a6d758b2e5b86.74767163,Male Admit 1
02839,TK6a6d758b589888.07504716,Male Admit 1
02840,TK6a6d758b82ab34.63631359,Male Admit 1
02841,TK6a6d758bde7b09.93339303,Male Admit 1
02842,TK6a6d758c1523c1.99926005,Male Admit 1
02843,TK6a6d758c48b3a6.28426128,Male Admit 1
02844,TK6a6d758c75bde4.74815052,Male Admit 1
02845,TK6a6d7bf3d66440.49680325,Male Admit 1
02846,TK6a6d7e0a812c07.16525304,Male Admit 1
02847,TK6a6d7e0ab19d86.97843808,Male Admit 1
02848,TK6a6d9d50773a75.96194581,Male Admit 1
02849,TK6a6ddaef20a300.61688629,Male Admit 1
02850,TK6a6ddaef7fb524.25785899,Male Admit 1
02851,TK6a6ddaefde1409.85380901,Male Admit 1
02852,TK6a6ddaf046fcb5.96149505,Male Admit 1
02853,TK6a6e062def0ed8.70751166,Male Admit 1
02854,TK6a6e0d009690e4.85485849,Male Admit 1
02855,TK6a6e0d00c7b275.60526584,Male Admit 1
02856,TK6a6e0d0104cfc4.38185482,Male Admit 1
02857,TK6a6e1a0e417f40.13365589,Male Admit 1
02858,TK6a6e2e3b6a5444.85924929,Male Admit 1
02859,TK6a6e2e3b93b451.27146695,Male Admit 1
02860,TK6a6e2e3bc45c41.03987981,Male Admit 1
02861,TK6a6e2f2e164399.22685779,Male Admit 1
02862,TK6a6e302de6ca44.01498860,Male Admit 1
02863,TK6a6e302e2312b0.46759666,Male Admit 1
02864,TK6a6e3b3ce30e14.82872525,Male Admit 1
02865,TK6a6e3c5f11b572.45784871,Male Admit 1
02866,TK6a6e4129db7980.49990970,Male Admit 1
02867,TK6a6e45ec3171b2.13466944,Male Admit 1
02868,TK6a6e45ec8d9944.36772672,Male Admit 1
02869,TK6a6e4ada576529.10896436,Male Admit 1
02870,TK6a6e4bc6b793a7.82027655,Male Admit 1
02871,TK6a6e4c562302d1.36466872,Male Admit 1
02872,TK6a6e4c565b2066.57042506,Male Admit 1
02873,TK6a6e58cccb61e8.68944587,Male Admit 1
02874,TK6a6e58cd0137c6.49349747,Male Admit 1
02875,TK6a6e58cd2a3d77.90100791,Male Admit 1
02876,TK6a6e5a5b852d73.82836435,Male Admit 1
02877,TK6a6e5b6d5abcf5.71245154,Male Admit 1
02878,TK6a6e5b94201477.00021831,Male Admit 1
02879,TK6a6e5d308c7fd7.41581294,Male Admit 1
02880,TK6a6e5f858dfda5.26718190,Male Admit 1
02881,TK6a6e5f85b974a0.08485914,Male Admit 1
02882,TK6a6e5f85e37da2.50166691,Male Admit 1
02883,TK6a6e5f86193be5.46440024,Male Admit 1
02884,TK6a6e657a1ead98.96638272,Male Admit 1
02885,TK6a6e657a496990.30781807,Male Admit 1
02886,TK6a6e657a726f16.08035443,Male Admit 1
02887,TK6a6e657a9cb855.53209193,Male Admit 1
02888,TK6a6e657fdea3c5.59883711,Male Admit 1
02889,TK6a6e658014f048.77119858,Male Admit 1
02890,TK6a6e65803e9511.49428385,Male Admit 1
02891,TK6a6e6580686ca1.76337083,Male Admit 1
02892,TK6a6e6580f12d40.70079488,Male Admit 1
02893,TK6a6e6581272ee9.07318240,Male Admit 1
02894,TK6a6e6581517e41.65883575,Male Admit 1
02895,TK6a6e65817b58a5.66962171,Male Admit 1
02896,TK6a6e6cf23a4da9.40716958,Male Admit 1
02897,TK6a6e6cf2631a06.35709583,Male Admit 1
02898,TK6a6e75111cb927.33496442,Male Admit 1
02899,TK6a6e7511934c26.96500620,Male Admit 1
02900,TK6a6e7512062514.37447251,Male Admit 1
02901,TK6a6e75126f0508.87753591,Male Admit 1
02902,TK6a6e7512d80929.33794237,Male Admit 1
02903,TK6a6e751347c367.59089143,Male Admit 1
02904,TK6a6e7513aef095.04877271,Male Admit 1
02905,TK6a6e7514442760.58037330,Male Admit 1
02906,TK6a6e7514caf043.59297946,Male Admit 1
02907,TK6a6e751561a186.16005845,Male Admit 1
02908,TK6a6e7674665a82.51490934,Male Admit 1
02909,TK6a6e7674d480c6.16513930,Male Admit 1
02910,TK6a6e767547b1c6.08775647,Male Admit 1
02911,TK6a6e7675a62616.28916541,Male Admit 1
02912,TK6a6e76760fcbf7.07884323,Male Admit 1
02913,TK6a6e82325a4942.80149425,Male Admit 1
02914,TK6a6e82328836a6.15599033,Male Admit 1
02915,TK6a6e8232b655b8.52204341,Male Admit 1
02916,TK6a6e8232e498b1.74799818,Male Admit 1
02917,TK6a6e82331ecb50.04503713,Male Admit 1
02918,TK6a6e837b8b96f3.33474363,Male Admit 1
02919,TK6a6e837bba9372.96041809,Male Admit 1
02920,TK6a6e837bea6be0.24177217,Male Admit 1
02921,TK6a6e837c1ea599.55576277,Male Admit 1
02922,TK6a6e837c4dad49.48915792,Male Admit 1
02923,TK6a6e837c7cc633.16147652,Male Admit 1
02924,TK6a6e837cab1112.30026618,Male Admit 1
02925,TK6a6e86895d4893.02393602,Male Admit 1
02926,TK6a6e86e64cb1f2.21187423,Male Admit 1
02927,TK6a6e86e67ea4a2.17131576,Male Admit 1
02928,TK6a6e86e6b0ed52.18165034,Male Admit 1
02929,TK6a6e86e6d95f50.04213756,Male Admit 1
02930,TK6a6e86e70ea5c3.36788142,Male Admit 1
02931,TK6a6e86e73857b6.68136810,Male Admit 1
02932,TK6a6e86e760d7e9.15378553,Male Admit 1
02933,TK6a6e8b58a3aa84.79396533,Male Admit 1
02934,TK6a6e8c18555385.66757010,Male Admit 1
02935,TK6a6e8f710f6458.98000510,Male Admit 1
02936,TK6a6e901c4b3516.64059255,Male Admit 1
02937,TK6a6e901c7ad931.26333695,Male Admit 1
02938,TK6a6e9517d89c14.06877879,Male Admit 1
02939,TK6a6e95183192e0.54919009,Male Admit 1
02940,TK6a6e9ab00f24a3.28355156,Male Admit 1
02941,TK6a6e9ab03de0c0.69922323,Male Admit 1
02942,TK6a6e9ab06ca980.95200196,Male Admit 1
02943,TK6a6e9c098dd5e8.46560630,Male Admit 1
02944,TK6a6e9c09bf2f67.63029053,Male Admit 1
02945,TK6a6e9c1b601fb9.90062126,Male Admit 1
02946,TK6a6e9c1b936c21.25240667,Male Admit 1
02947,TK6a6e9c6616d0b4.77825628,Male Admit 1
02948,TK6a6ea0d2f309c5.38566026,Male Admit 1
02949,TK6a6ea177c75636.34303885,Male Admit 1
02950,TK6a6ea17801bc70.28179290,Male Admit 1
02951,TK6a6ea508b0e4d5.09398845,Male Admit 1
02952,TK6a6ea508dcf1b2.58880347,Male Admit 1
02953,TK6a6ea50918a733.68686455,Male Admit 1
02954,TK6a6ea509449016.89814666,Male Admit 1
02955,TK6a6ea699ab0c20.96763747,Male Admit 1
02956,TK6a6ea699d5d681.34226651,Male Admit 1
02957,TK6a6eaa830b8223.87723734,Male Admit 1
02958,TK6a6ead22bb2cd4.41532798,Male Admit 1
02959,TK6a6eaf7c961389.96856563,Male Admit 1
02960,TK6a6eb22e13e203.46150991,Male Admit 1
02961,TK6a6eb22e45e9c4.99175678,Male Admit 1
02962,TK6a6eb22e76c0f9.06707109,Male Admit 1
02963,TK6a6eb4aa751323.67736596,Male Admit 1
02964,TK6a6eb4aaa93e80.84921312,Male Admit 1
02965,TK6a6ec0f1d79ad6.85595245,Male Admit 1
02966,TK6a6ec0f212d613.23147489,Male Admit 1
02967,TK6a6ec0f243a8e6.00087793,Male Admit 1
02968,TK6a6ec0f272e3a5.76828428,Male Admit 1
02969,TK6a6ec0f2a2d766.23201266,Male Admit 1
02970,TK6a6ec0f2d41f52.53519568,Male Admit 1
02971,TK6a6ec0f31295e4.59049758,Male Admit 1
02972,TK6a6ec0f342cbc0.13957983,Male Admit 1
02973,TK6a6ec0f3738c24.24143554,Male Admit 1
02974,TK6a6ec0f3a3b6a8.03009214,Male Admit 1
02975,TK6a6ec0f3d452e5.41463182,Male Admit 1
02976,IET6a5d7c7c6dd505.30378347,Male World Cup
02977,IET6a5e8f21863973.54789696,Male World Cup
02978,IET6a5ecbc42a96b1.72734313,Male World Cup
02979,IET6a0261672cbf27.80833623,Mothers Special
02980,IET6a0261953d07c2.85163150,Mothers Special
02981,IET6a026bd35f7dc2.98322455,Mothers Special
02982,IET6a026c377f4014.47340069,Mothers Special
02983,IET6a026ea08aad50.72506641,Mothers Special
02984,IET6a027168603672.11075387,Mothers Special
02985,IET6a0273553a31b4.17332881,Mothers Special
02986,IET6a02870a6f8c34.75320865,Mothers Special
02987,IET6a02870a6fe155.16434016,Mothers Special
02988,IET6a02870a7031b1.40095320,Mothers Special
02989,IET6a04be0e3c3d90.99161399,Mothers Special
02990,TK6a02677a332666.58174213,Mothers pass
02991,TK6a026d63a62669.14971243,Mothers pass
02992,TK6a026dabcc4c74.20688130,Mothers pass
02993,TK6a026dc0cb60c7.61613644,Mothers pass
02994,TK6a026dfa0188e7.58993686,Mothers pass
02995,TK6a027535580fb7.03852146,Mothers pass
02996,TK6a03570e67acb9.81862663,Mothers pass
02997,TK6a0358a43a9b37.17632487,Mothers pass
02998,TK6a03c1c77e27a7.00533949,Mothers pass
02999,TK6a0604649d0287.28188115,Mothers pass
03000,TK6a0605342eb7c0.92476434,Mothers pass
03001,TK6a0605348e39a6.22478281,Mothers pass
03002,IET6a6cb8057c32b0.05383897,Neon King 
03003,IET6a6cbe8caae507.06922807,Neon King 
03004,IET6a6cc7d6c6c524.82020566,Neon King 
03005,IET6a6dcd8f66c9b4.94784302,Neon King 
03006,IET6a6df587872158.07261900,Neon King 
03007,IET6a6e0d27e6c654.22878710,Neon King 
03008,IET6a6e25327cb610.78941112,Neon King 
03009,IET6a6e3786dd11c4.34780431,Neon King 
03010,IET6a6e41646fff88.20560485,Neon King 
03011,IET6a6e42580f0f03.77393071,Neon King 
03012,IET6a6e58628ce600.55823220,Neon King 
03013,IET6a6e58628d3b18.18083693,Neon King 
03014,IET6a6e5dfc2a1455.46071940,Neon King 
03015,IET6a6e5ea1b084e0.58235076,Neon King 
03016,IET6a6e7193ed01d9.74977459,Neon King 
03017,IET6a6e87ff735fc6.96834000,Neon King 
03018,IET6a6e8de9590e68.11844709,Neon King 
03019,IET6a6e91397a9188.95341764,Neon King 
03020,IET6a6eaade092946.69326155,Neon King 
03021,IET6a6eab57b287a5.99443459,Neon King 
03022,IET6a6eab57b2dd88.43039626,Neon King 
03023,IET6a6a9d0d913415.01806160,Neon King 
03024,IET6a6be43c0ac801.85939644,Neon King 
03025,IET6a6a886709c339.57535953,Neon Queen 
03026,IET6a6a9d0d900090.70802349,Neon Queen 
03027,IET6a6a9d0d905555.89450185,Neon Queen 
03028,IET6a6a9d0d90a638.99037713,Neon Queen 
03029,IET6a6a9d0d90ee38.76328927,Neon Queen 
03030,IET6a6b4deb178040.76250549,Neon Queen 
03031,IET6a6d19e9d352a3.22479919,Neon Queen 
03032,IET6a6dcd8f6653a6.77602028,Neon Queen 
03033,IET6a6dcde2037b67.14783010,Neon Queen 
03034,IET6a6e3786dcc8f7.04343241,Neon Queen 
03035,IET6a6e42580ebe86.56885998,Neon Queen 
03036,IET6a6e5ea1afc175.72759479,Neon Queen 
03037,IET6a6e5ea1b03d02.30537790,Neon Queen 
03038,IET6a6e69f8d39290.18073756,Neon Queen 
03039,IET6a6e775fd28d45.14993513,Neon Queen 
03040,IET6a6e775fd2e229.88480127,Neon Queen 
03041,IET6a6e77655c0487.26457886,Neon Queen 
03042,IET6a6e8a07d37b54.61069989,Neon Queen 
03043,IET6a6e8a07d3c424.53053474,Neon Queen 
03044,IET6a6e8c843a1141.17912683,Neon Queen 
03045,IET6a6e8c843a6251.67762634,Neon Queen 
03046,IET69f3f0fa6cca94.08230423,Pre Sale Unisex
03047,IET69f3f0fa6d2537.93757902,Pre Sale Unisex
03048,IET69f3f0fa6d6677.69926358,Pre Sale Unisex
03049,IET69f3f12f3e0198.01040397,Pre Sale Unisex
03050,IET69f3f2273ac3a7.67704482,Pre Sale Unisex
03051,IET69f3f59099d5f0.48381606,Pre Sale Unisex
03052,IET69f3f5909a2233.59079074,Pre Sale Unisex
03053,IET69f3f611a1ad07.70581883,Pre Sale Unisex
03054,IET69f3fd7ea30a79.29711302,Pre Sale Unisex
03055,IET69f3fd7ea35571.07485415,Pre Sale Unisex
03056,IET69f3fd7ea39b01.65268497,Pre Sale Unisex
03057,IET69f47f9f90a296.88899561,Pre Sale Unisex
03058,IET69f47f9f90ed02.87549053,Pre Sale Unisex
03059,IET69f48734d8eb45.87666875,Pre Sale Unisex
03060,IET69f498309279b1.36192176,Pre Sale Unisex
03061,IET69f4b3955d4023.25960968,Pre Sale Unisex
03062,IET69f4cd213f8dc7.70807955,Pre Sale Unisex
03063,IET69f4cd213fedc5.20810308,Pre Sale Unisex
03064,IET69f4d02054b277.07353159,Pre Sale Unisex
03065,IET69f67fc21ac545.61683268,Pre Sale Unisex
03066,IET69f67fc21b1160.79939294,Pre Sale Unisex
03067,IET69f699e05d6c03.63670454,Pre Sale Unisex
03068,IET69f7283aac0f58.83598049,Pre Sale Unisex
03069,IET69f8edfcc301a4.53347260,Pre Sale Unisex
03070,IET69f90e21518427.42356167,Pre Sale Unisex
03071,IET69f90e2151e212.33062441,Pre Sale Unisex
03072,TK6a32a37c168b65.38441182,Sunkissed Promo
03073,TK6a32a37c62e138.36403555,Sunkissed Promo
03074,TK6a32a39d49ea63.46589781,Sunkissed Promo
03075,TK6a32a39d790e65.01265179,Sunkissed Promo
03076,TK6a32a39dab0627.06764342,Sunkissed Promo
03077,TK6a32a39ddb99c4.51202706,Sunkissed Promo
03078,TK6a5a7c6eb8d1e7.53211289,Sunkissed Promo
03079,TK6a5a7c6f041182.62635096,Sunkissed Promo
03080,TK6a5a7c6f36ddb8.91222456,Sunkissed Promo
03081,TK6a5a7c6f627386.58599187,Sunkissed Promo
03082,TK6a5e7ebcc69a86.33578622,Sunkissed Promo
03083,TK6a67e375472778.78356106,Sunkissed Promo
03084,TK6a67e375791ad9.23635599,Sunkissed Promo
03085,TK6a6b54c5048845.44863970,Sunkissed Promo
03086,IET6a4c7bc3e44a23.70870578,Sunrise King 
03087,IET6a4e69d6750c12.14562858,Sunrise King 
03088,IET6a4e69d67584b6.34354951,Sunrise King 
03089,IET6a4e7869b2c000.71588819,Sunrise King 
03090,IET6a4e7869b32ee4.04965319,Sunrise King 
03091,IET6a4e7869b37490.36855107,Sunrise King 
03092,IET6a4fd5ddd40b83.18467927,Sunrise King 
03093,IET6a50f4f31f9212.94420858,Sunrise King 
03094,IET6a514c46e769d8.97775833,Sunrise King 
03095,IET6a56c1ab24c748.14382709,Sunrise King 
03096,IET6a56e5ffdcd786.42983767,Sunrise King 
03097,IET6a5cbfad56ba07.74506521,Sunrise King 
03098,IET6a5cbfad570ff8.43454859,Sunrise King 
03099,IET6a5de4c304d483.38641093,Sunrise King 
03100,IET6a60c8c95be1f0.55370070,Sunrise King 
03101,IET6a60e3133b6560.31453188,Sunrise King 
03102,IET6a621a3be882a2.91424435,Sunrise King 
03103,IET6a621f5a56a295.12442093,Sunrise King 
03104,IET6a621f5a5718c8.18751285,Sunrise King 
03105,IET6a6245d7bd6a04.20718679,Sunrise King 
03106,IET6a6373db669d36.87453124,Sunrise King 
03107,IET6a6734f02ba5d5.15535290,Sunrise King 
03108,IET6a69268568ec96.34152104,Sunrise King 
03109,IET6a6a3b487edea2.16031313,Sunrise King 
03110,IET6a4c1214c4a788.51691888,Sunrise Queen 
03111,IET6a5b8025036865.95844499,Sunrise Queen 
03112,IET6a5de4c30539e4.30328784,Sunrise Queen 
03113,IET6a5de4c30585a3.24574449,Sunrise Queen 
03114,IET6a5ef6454658f7.31507741,Sunrise Queen 
03115,IET6a654f629dc2d0.39210949,Sunrise Queen 
03116,IET6a677ade5315e2.35665193,Sunrise Queen 
03117,IET6a6895710c2516.37100969,Sunrise Queen 
03118,IET6a6943380583b5.37715602,Sunrise Queen 
03119,IET6a69433805d830.87206909,Sunrise Queen 
03120,IET6a6a1019e07663.24499886,Sunrise Queen 
03121,IET6a5fc9488835e2.16817581,World Cup Female
