0001,0001441504047975,$550.00
0002,0002392694247970,$550.00
0003,0003949658114797,$550.00
0004,0004334797481532,$550.00
0005,0005162447977727,$550.00
0006,0006947970356962,$550.00
0007,0007314447970646,$550.00
0008,0008479735601995,$550.00
0009,0009893434797907,$550.00
0010,0010479778929840,$550.00
0011,0011647975145483,$550.00
0012,0012479723438487,$550.00
0013,0013214871547975,$550.00
0014,0014047973246502,$550.00
0015,0015218147972535,$550.00
0016,0016447979029096,$550.00
0017,0017479725539980,$550.00
0018,0018022706847970,$550.00
0019,0019018479753385,$550.00
0020,0020865547973665,$550.00
0021,0021495447971950,$550.00
0022,0022491701479706,$550.00
0023,0023015947979001,$550.00
0024,0024922183147976,$550.00
0025,0025220479754425,$550.00
0026,0026479772273624,$550.00
0027,0027479743025252,$550.00
0028,0028648396479773,$550.00
0029,0029479745753698,$550.00
0030,0030531877954797,$550.00
0031,0031808307479764,$550.00
0032,0032280174479797,$550.00
0033,0033047975974846,$550.00
0034,0034724797845685,$550.00
0035,0035479752829131,$550.00
0036,0036447972816928,$550.00
0037,0037748998479779,$550.00
0038,0038399479728220,$550.00
0039,0039147973368096,$550.00
0040,0040744490547978,$550.00
0041,0041479757942711,$550.00
0042,0042806147972523,$550.00
0043,0043047974361680,$550.00
0044,0044214479766334,$550.00
0045,0045981861364797,$550.00
0046,0046479712473473,$550.00
0047,0047076479769085,$550.00
0048,0048073854797702,$550.00
0049,0049338041444797,$550.00
0050,0050954797980172,$550.00
0051,0051132915147976,$550.00
0052,0052479724559442,$550.00
0053,0053482732479711,$550.00
0054,0054479714104631,$550.00
0055,0055047976981407,$550.00
0056,0056479745026928,$550.00
0057,0057387247979423,$550.00
0058,0058108513947975,$550.00
0059,0059304747974580,$550.00
0060,0060888479746472,$550.00
0061,0061434797798090,$550.00
0062,0062479752844124,$550.00
0063,0063347978905707,$550.00
0064,0064294047975008,$550.00
0065,0065600813794797,$550.00
0066,0066479731917180,$550.00
0067,0067034302394797,$550.00
0068,0068878479706270,$550.00
0069,0069204797184401,$550.00
0070,0070280778694797,$550.00
0071,0071347973994130,$550.00
0072,0072610563744797,$550.00
0073,0073434479708771,$550.00
0074,0074944797646391,$550.00
0075,0075447976896257,$550.00
0076,0076748084797391,$550.00
0077,0077750423547974,$550.00
0078,0078995464479721,$550.00
0079,0079491565447976,$550.00
0080,0080140684797897,$550.00
0081,0081974797700047,$550.00
0082,0082910479707820,$550.00
0083,0083521314797213,$550.00
0084,0084702047971707,$550.00
0085,0085010147978711,$550.00
0086,0086347979688575,$550.00
0087,0087047977078436,$550.00
0088,0088547971828668,$550.00
0089,0089701457874797,$550.00
0090,0090741566147973,$550.00
0091,0091895524447971,$550.00
0092,0092479707793358,$550.00
0093,0093479781806974,$550.00
0094,0094479773066315,$550.00
0095,0095321524797237,$550.00
0096,0096479730089599,$550.00
0097,0097347972179908,$550.00
0098,0098702367547976,$550.00
0099,0099032995247972,$550.00
0100,0100144336324797,$550.00
0101,0101159230447971,$550.00
0102,0102559299479754,$550.00
0103,0103043479793847,$550.00
0104,0104370825479772,$550.00
0105,0105623047977998,$550.00
0106,0106479745681177,$550.00
0107,0107284479739711,$550.00
0108,0108507174479713,$550.00
0109,0109224797087368,$550.00
0110,0110638479782033,$550.00
0111,0111393479647970,$550.00
0112,0112825479704160,$550.00
0113,0113347972726493,$550.00
0114,0114343116479755,$550.00
0115,0115544797072532,$550.00
0116,0116124014797794,$550.00
0117,0117988784797107,$550.00
0118,0118047971126203,$550.00
0119,0119854797105959,$550.00
0120,0120633624797914,$550.00
0121,0121535772847970,$550.00
0122,0122178464797410,$550.00
0123,0123479372547971,$550.00
0124,0124976479784676,$550.00
0125,0125447970907958,$550.00
0126,0126479745058853,$550.00
0127,0127479786816915,$550.00
0128,0128741047975577,$550.00
0129,0129483147064797,$550.00
0130,0130447972573535,$550.00
0131,0131847972013133,$550.00
0132,0132305104797258,$550.00
0133,0133192672447976,$550.00
0134,0134307080747972,$550.00
0135,0135908147979778,$550.00
0136,0136059479763232,$550.00
0137,0137398965479755,$550.00
0138,0138085479797802,$550.00
0139,0139897479799287,$550.00
0140,0140551147975043,$550.00
0141,0141101216479707,$550.00
0142,0142236165874797,$550.00
0143,0143547970478916,$550.00
0144,0144534479752110,$550.00
0145,0145521275479754,$550.00
0146,0146884735479707,$550.00
0147,0147479758715968,$550.00
0148,0148247976333488,$550.00
0149,0149705954797728,$550.00
0150,0150207351134797,$550.00
0151,0151334797225646,$550.00
0152,0152820754797696,$550.00
0153,0153914479712026,$550.00
0154,0154838824797627,$550.00
0155,0155624492479726,$550.00
0156,0156447974580280,$550.00
0157,0157647979224480,$550.00
0158,0158479747135026,$550.00
0159,0159529479751700,$550.00
0160,0160804797581631,$550.00
0161,0161922724797776,$550.00
0162,0162837479797237,$550.00
0163,0163962847973360,$550.00
0164,0164479701330192,$550.00
0165,0165947973819435,$550.00
0166,0166714797900500,$550.00
0167,0167024148479704,$550.00
0168,0168154797248071,$550.00
0169,0169647970582337,$550.00
0170,0170270344797409,$550.00
0171,0171663747976160,$550.00
0172,0172360754797147,$550.00
0173,0173479719116717,$550.00
0174,0174782334797448,$550.00
0175,0175156014664797,$550.00
0176,0176583497479766,$550.00
0177,0177844797399333,$550.00
0178,0178479797342390,$550.00
0179,0179918479777626,$550.00
0180,0180888991014797,$550.00
0181,0181147976199202,$550.00
0182,0182057394797561,$550.00
0183,0183454797602257,$550.00
0184,0184593047976392,$550.00
0185,0185910271847976,$550.00
0186,0186374797855175,$550.00
0187,0187636788747971,$550.00
0188,0188164479706534,$550.00
0189,0189203091047977,$550.00
0190,0190479799732200,$550.00
0191,0191647147971374,$550.00
0192,0192825947976582,$550.00
0193,0193004797251819,$550.00
0194,0194747977468896,$550.00
0195,0195479753728546,$550.00
0196,0196479714865698,$550.00
0197,0197087479719365,$550.00
0198,0198479767750825,$550.00
0199,0199244358947974,$550.00
0200,0200704557479799,$550.00
0201,0201479760831544,$550.00
0202,0202559847973807,$550.00
0203,0203947978978675,$550.00
0204,0204805919674797,$550.00
0205,0205890653479736,$550.00
0206,0206147977778103,$550.00
0207,0207870810794797,$550.00
0208,0208007233479798,$550.00
0209,0209338209247972,$550.00
0210,0210154797609055,$550.00
0211,0211129399447971,$550.00
0212,0212660739479728,$550.00
0213,0213783932954797,$550.00
0214,0214347975534043,$550.00
0215,0215147973571763,$550.00
0216,0216979947972722,$550.00
0217,0217847978988754,$550.00
0218,0218226479705887,$550.00
0219,0219071211047970,$550.00
0220,0220884234797672,$550.00
0221,0221922514647978,$550.00
0222,0222479780946961,$550.00
0223,0223744797450596,$550.00
0224,0224918574797827,$550.00
0225,0225479798616300,$550.00
0226,0226479736548331,$550.00
0227,0227321479726077,$550.00
0228,0228350147970710,$550.00
0229,0229479732880474,$550.00
0230,0230193479774201,$550.00
0231,0231499344797408,$550.00
0232,0232312509947976,$550.00
0233,0233759347979160,$550.00
0234,0234460479703839,$550.00
0235,0235412040479738,$550.00
0236,0236724797665549,$550.00
0237,0237807047978802,$550.00
0238,0238597469347979,$550.00
0239,0239689717164797,$550.00
0240,0240490237479723,$550.00
0241,0241130664797205,$550.00
0242,0242972044479702,$550.00
0243,0243787184797120,$550.00
0244,0244464797966994,$550.00
0245,0245352447978036,$550.00
0246,0246303654797826,$550.00
0247,0247318167479724,$550.00
0248,0248462823954797,$550.00
0249,0249765834797642,$550.00
0250,0250034797902693,$550.00
0251,0251026185547971,$550.00
0252,0252475344797668,$550.00
0253,0253269254797989,$550.00
0254,0254479728091585,$550.00
0255,0255940214797038,$550.00
0256,0256688012647975,$550.00
0257,0257747970934921,$550.00
0258,0258468147977486,$550.00
0259,0259400869479789,$550.00
0260,0260447972965713,$550.00
0261,0261479737962109,$550.00
0262,0262479733166338,$550.00
0263,0263547979065518,$550.00
0264,0264479709063270,$550.00
0265,0265894447973189,$550.00
0266,0266451563274797,$550.00
0267,0267248644797764,$550.00
0268,0268994797279165,$550.00
0269,0269479794166763,$550.00
0270,0270042544797322,$550.00
0271,0271547971317156,$550.00
0272,0272969946534797,$550.00
0273,0273513143479774,$550.00
0274,0274479796828594,$550.00
0275,0275847977814486,$550.00
0276,0276036479752462,$550.00
0277,0277486563479763,$550.00
0278,0278479797428597,$550.00
0279,0279890510114797,$550.00
0280,0280288029904797,$550.00
0281,0281821479786923,$550.00
0282,0282246247976415,$550.00
0283,0283257247978216,$550.00
0284,0284704797833666,$550.00
0285,0285479792210120,$550.00
0286,0286244797492351,$550.00
0287,0287197847970748,$550.00
0288,0288051479797407,$550.00
0289,0289625024797984,$550.00
0290,0290547970924280,$550.00
0291,0291441284797676,$550.00
0292,0292206057479740,$550.00
0293,0293730681947970,$550.00
0294,0294114797353480,$550.00
0295,0295479479784874,$550.00
0296,0296263314797340,$550.00
0297,0297187647970502,$550.00
0298,0298269024797492,$550.00
0299,0299954797456878,$550.00
0300,0300296089547970,$550.00
0301,0301479769083558,$550.00
0302,0302495479725739,$550.00
0303,0303204797472051,$550.00
0304,0304858675479774,$550.00
0305,0305510479749223,$550.00
0306,0306662112247972,$550.00
0307,0307479707036146,$550.00
0308,0308261344864797,$550.00
0309,0309479777468524,$550.00
0310,0310171447977422,$550.00
0311,0311639695479783,$550.00
0312,0312479755311236,$550.00
0313,0313211847976791,$550.00
0314,0314485281479795,$550.00
0315,0315051705234797,$550.00
0316,0316332479701910,$550.00
0317,0317600885479707,$550.00
0318,0318744647975933,$550.00
0319,0319208894947978,$550.00
0320,0320433630479741,$550.00
0321,0321807973479773,$550.00
0322,0322038479740547,$550.00
0323,0323730347971474,$550.00
0324,0324479757142845,$550.00
0325,0325104797039882,$550.00
0326,0326603599344797,$550.00
0327,0327479707743165,$550.00
0328,0328137018479706,$550.00
0329,0329981479756402,$550.00
0330,0330223118764797,$550.00
0331,0331479781680776,$550.00
0332,0332276620479779,$550.00
0333,0333479778578923,$550.00
0334,0334051479776556,$550.00
0335,0335847976490381,$550.00
0336,0336364797388207,$550.00
0337,0337306304797943,$550.00
0338,0338523547974348,$550.00
0339,0339758847974514,$550.00
0340,0340803847974211,$550.00
0341,0341924797696356,$550.00
0342,0342479718629888,$550.00
0343,0343479754985921,$550.00
0344,0344890479737712,$550.00
0345,0345184797048947,$550.00
0346,0346104797369745,$550.00
0347,0347795538747976,$550.00
0348,0348138436479774,$550.00
0349,0349914797331799,$550.00
0350,0350479780126509,$550.00
0351,0351002479764757,$550.00
0352,0352248466847975,$550.00
0353,0353371847974070,$550.00
0354,0354582462047978,$550.00
0355,0355654136479709,$550.00
0356,0356185492847973,$550.00
0357,0357288878479715,$550.00
0358,0358804797270268,$550.00
0359,0359479720797233,$550.00
0360,0360038114547976,$550.00
0361,0361231047978873,$550.00
0362,0362989479763409,$550.00
0363,0363300479755693,$550.00
0364,0364813365479775,$550.00
0365,0365793753047976,$550.00
0366,0366601124797150,$550.00
0367,0367144457964797,$550.00
0368,0368809952414797,$550.00
0369,0369115616147978,$550.00
0370,0370277054797883,$550.00
0371,0371300569174797,$550.00
0372,0372625168004797,$550.00
0373,0373479764061197,$550.00
0374,0374893947978471,$550.00
0375,0375551734797975,$550.00
0376,0376204797717136,$550.00
0377,0377782497479766,$550.00
0378,0378748379964797,$550.00
0379,0379765847977201,$550.00
0380,0380479796730883,$550.00
0381,0381659479701303,$550.00
0382,0382599894797756,$550.00
0383,0383534797398697,$550.00
0384,0384504797284040,$550.00
0385,0385414797941179,$550.00
0386,0386479750982283,$550.00
0387,0387780744797356,$550.00
0388,0388707181174797,$550.00
0389,0389479778342626,$550.00
0390,0390479780431847,$550.00
0391,0391099847970957,$550.00
0392,0392479726900900,$550.00
0393,0393391837074797,$550.00
0394,0394987083479795,$550.00
0395,0395905609479735,$550.00
0396,0396758047972722,$550.00
0397,0397434033454797,$550.00
0398,0398448689274797,$550.00
0399,0399054797651076,$550.00
0400,0400479760226384,$550.00
0401,0401112002404797,$550.00
0402,0402273276479759,$550.00
0403,0403191606594797,$550.00
0404,0404247979501508,$550.00
0405,0405535256854797,$550.00
0406,0406347970469358,$550.00
0407,0407597847977416,$550.00
0408,0408018091194797,$550.00
0409,0409047976076138,$550.00
0410,0410048749894797,$550.00
0411,0411428479759123,$550.00
0412,0412479759875829,$550.00
0413,0413228394797698,$550.00
0414,0414921547979769,$550.00
0415,0415647970225777,$550.00
0416,0416724797035704,$550.00
0417,0417479726664771,$550.00
0418,0418626347977525,$550.00
0419,0419284224797060,$550.00
0420,0420147970743672,$550.00
0421,0421215587634797,$550.00
0422,0422592647977069,$550.00
0423,0423479729576907,$550.00
0424,0424958257479757,$550.00
0425,0425214862047976,$550.00
0426,0426847976317383,$550.00
0427,0427005479723726,$550.00
0428,0428890637544797,$550.00
0429,0429479741896479,$550.00
0430,0430455404797335,$550.00
0431,0431424797182961,$550.00
0432,0432977391479746,$550.00
0433,0433347975944713,$550.00
0434,0434038479799687,$550.00
0435,0435609989479755,$550.00
0436,0436674434747978,$550.00
0437,0437292904797177,$550.00
0438,0438602491064797,$550.00
0439,0439487714797204,$550.00
0440,0440538224479739,$550.00
0441,0441389054797068,$550.00
0442,0442479733051336,$550.00
0443,0443460707479737,$550.00
0444,0444592524797629,$550.00
0445,0445538263479700,$550.00
0446,0446969534797195,$550.00
0447,0447147975909958,$550.00
0448,0448479711817586,$550.00
0449,0449479797710750,$550.00
0450,0450392539479745,$550.00
0451,0451544797258946,$550.00
0452,0452154797826931,$550.00
0453,0453361347544797,$550.00
0454,0454168547974209,$550.00
0455,0455808291347975,$550.00
0456,0456647970994605,$550.00
0457,0457155479765335,$550.00
0458,0458066447971207,$550.00
0459,0459968345647971,$550.00
0460,0460871026347976,$550.00
0461,0461432832347975,$550.00
0462,0462635547972759,$550.00
0463,0463481934479752,$550.00
0464,0464929479741315,$550.00
0465,0465081582479719,$550.00
0466,0466479722161710,$550.00
0467,0467210769479732,$550.00
0468,0468523356479755,$550.00
0469,0469538862847973,$550.00
0470,0470770521147970,$550.00
0471,0471174999479719,$550.00
0472,0472173326147976,$550.00
0473,0473704797413538,$550.00
0474,0474373563479788,$550.00
0475,0475947976749468,$550.00
0476,0476929634797444,$550.00
0477,0477189479735968,$550.00
0478,0478479772615241,$550.00
0479,0479479711795010,$550.00
0480,0480001770747975,$550.00
0481,0481614747975219,$550.00
0482,0482154797419465,$550.00
0483,0483242792047979,$550.00
0484,0484507301494797,$550.00
0485,0485841042479756,$550.00
0486,0486504797647924,$550.00
0487,0487667734797210,$550.00
0488,0488347754797254,$550.00
0489,0489368161479715,$550.00
0490,0490047972479177,$550.00
0491,0491160947972488,$550.00
0492,0492560216024797,$550.00
0493,0493987880704797,$550.00
0494,0494960214797687,$550.00
0495,0495678447977090,$550.00
0496,0496147977411511,$550.00
0497,0497252107479731,$550.00
0498,0498369479714878,$550.00
0499,0499300479785104,$550.00
0500,0500621404479713,$550.00
0501,0501847975256589,$550.00
0502,0502700148447978,$550.00
0503,0503579855047972,$550.00
0504,0504958684479747,$550.00
0505,0505464797776731,$550.00
0506,0506494247972538,$550.00
0507,0507398644247973,$550.00
0508,0508440814797330,$550.00
0509,0509674797066010,$550.00
0510,0510286214479764,$550.00
0511,0511408367047973,$550.00
0512,0512479759453891,$550.00
0513,0513513479726240,$550.00
0514,0514649879479737,$550.00
0515,0515669863479756,$550.00
0516,0516479714788440,$550.00
0517,0517345175074797,$550.00
0518,0518817214479711,$550.00
0519,0519514797683903,$550.00
0520,0520588479795223,$550.00
0521,0521898164194797,$550.00
0522,0522583617479734,$550.00
0523,0523987068479799,$550.00
0524,0524479773804934,$550.00
0525,0525847978131633,$550.00
0526,0526647974561384,$550.00
0527,0527103694797754,$550.00
0528,0528646747976423,$550.00
0529,0529327479796362,$550.00
0530,0530800998747973,$550.00
0531,0531347974644787,$550.00
0532,0532839947970706,$550.00
0533,0533044797502682,$550.00
0534,0534647979630586,$550.00
0535,0535514147424797,$550.00
0536,0536309647977343,$550.00
0537,0537523716647970,$550.00
0538,0538122471474797,$550.00
0539,0539237479745035,$550.00
0540,0540835247979651,$550.00
0541,0541709610147973,$550.00
0542,0542530162647970,$550.00
0543,0543864797287898,$550.00
0544,0544112947347972,$550.00
0545,0545479774748826,$550.00
0546,0546207247975261,$550.00
0547,0547071479796521,$550.00
0548,0548616479743008,$550.00
0549,0549494797177426,$550.00
0550,0550066322547977,$550.00
0551,0551565912847974,$550.00
0552,0552437933479701,$550.00
0553,0553897479731530,$550.00
0554,0554083794797192,$550.00
0555,0555817768124797,$550.00
0556,0556254325694797,$550.00
0557,0557534554514797,$550.00
0558,0558479755087247,$550.00
0559,0559817321054797,$550.00
0560,0560842544797660,$550.00
0561,0561249939947974,$550.00
0562,0562281847647977,$550.00
0563,0563615479751075,$550.00
0564,0564818470747977,$550.00
0565,0565734748479742,$550.00
0566,0566430357479711,$550.00
0567,0567030392479701,$550.00
0568,0568510479767103,$550.00
0569,0569479713695108,$550.00
0570,0570123647972826,$550.00
0571,0571847976180401,$550.00
0572,0572479785359450,$550.00
0573,0573097435864797,$550.00
0574,0574664797396805,$550.00
0575,0575402479791165,$550.00
0576,0576971374797207,$550.00
0577,0577440047970051,$550.00
0578,0578647976496389,$550.00
0579,0579054797490929,$550.00
0580,0580997179479766,$550.00
0581,0581869479714289,$550.00
0582,0582264757479718,$550.00
0583,0583547974683703,$550.00
0584,0584319261974797,$550.00
0585,0585420673624797,$550.00
0586,0586960479773190,$550.00
0587,0587326047979040,$550.00
0588,0588780479710749,$550.00
0589,0589479793480062,$550.00
0590,0590804797016833,$550.00
0591,0591523479781293,$550.00
0592,0592986138347971,$550.00
0593,0593479727276621,$550.00
0594,0594479725132251,$550.00
0595,0595693047976215,$550.00
0596,0596537047976261,$550.00
0597,0597500479794906,$550.00
0598,0598115247974819,$550.00
0599,0599944797994938,$550.00
0600,0600817075344797,$550.00
0601,0601647975094446,$550.00
0602,0602836586479707,$550.00
0603,0603668847978066,$550.00
0604,0604479735785982,$550.00
0605,0605324797152075,$550.00
0606,0606479756595966,$550.00
0607,0607147976922355,$550.00
0608,0608486294797096,$550.00
0609,0609877978364797,$550.00
0610,0610284797978034,$550.00
0611,0611984060479776,$550.00
0612,0612648934847970,$550.00
0613,0613186615064797,$550.00
0614,0614394747975280,$550.00
0615,0615447979072340,$550.00
0616,0616444797022209,$550.00
0617,0617479793162986,$550.00
0618,0618873227479761,$550.00
0619,0619680054104797,$550.00
0620,0620147979639739,$550.00
0621,0621479758048914,$550.00
0622,0622466524394797,$550.00
0623,0623261896147979,$550.00
0624,0624293479791635,$550.00
0625,0625551147974535,$550.00
0626,0626479713721486,$550.00
0627,0627777187947971,$550.00
0628,0628558479769542,$550.00
0629,0629170942479792,$550.00
0630,0630924244797147,$550.00
0631,0631282479743514,$550.00
0632,0632647972533028,$550.00
0633,0633824797974579,$550.00
0634,0634847977895311,$550.00
0635,0635003500047975,$550.00
0636,0636024797589100,$550.00
0637,0637124797290120,$550.00
0638,0638331479719710,$550.00
0639,0639674797426357,$550.00
0640,0640662998274797,$550.00
0641,0641091847977235,$550.00
0642,0642689479712426,$550.00
0643,0643147974813988,$550.00
0644,0644730547975612,$550.00
0645,0645154684797022,$550.00
0646,0646479745038230,$550.00
0647,0647030436479767,$550.00
0648,0648479713518338,$550.00
0649,0649385324797206,$550.00
0650,0650340077274797,$550.00
0651,0651285644797347,$550.00
0652,0652479703273592,$550.00
0653,0653092615447975,$550.00
0654,0654447973221411,$550.00
0655,0655874797371102,$550.00
0656,0656070147975872,$550.00
0657,0657147974991520,$550.00
0658,0658647977813176,$550.00
0659,0659413756594797,$550.00
0660,0660854797918165,$550.00
0661,0661134964797367,$550.00
0662,0662479774049201,$550.00
0663,0663747977141819,$550.00
0664,0664050847974492,$550.00
0665,0665218479792399,$550.00
0666,0666608479734081,$550.00
0667,0667574934797864,$550.00
0668,0668618647974350,$550.00
0669,0669277182647976,$550.00
0670,0670047975473654,$550.00
0671,0671069558147971,$550.00
0672,0672047973684290,$550.00
0673,0673157547974350,$550.00
0674,0674479732299298,$550.00
0675,0675113200694797,$550.00
0676,0676824479704718,$550.00
0677,0677350270074797,$550.00
0678,0678624479779145,$550.00
0679,0679386496479723,$550.00
0680,0680699647973192,$550.00
0681,0681824334044797,$550.00
0682,0682817680479708,$550.00
0683,0683590042347976,$550.00
0684,0684498353647973,$550.00
0685,0685058606479792,$550.00
0686,0686811574479775,$550.00
0687,0687272147971653,$550.00
0688,0688651347974949,$550.00
0689,0689347970096877,$550.00
0690,0690247971078360,$550.00
0691,0691479700897495,$550.00
0692,0692083362847972,$550.00
0693,0693192479720859,$550.00
0694,0694585143584797,$550.00
0695,0695347975841783,$550.00
0696,0696414797708345,$550.00
0697,0697750460994797,$550.00
0698,0698863335347976,$550.00
0699,0699354797607547,$550.00
0700,0700107024797604,$550.00
0701,0701187479739054,$550.00
0702,0702725479793143,$550.00
0703,0703156447479709,$550.00
0704,0704801479743904,$550.00
0705,0705398872847974,$550.00
0706,0706935794479770,$550.00
0707,0707264547977545,$550.00
0708,0708889247975820,$550.00
0709,0709414801479769,$550.00
0710,0710898133479781,$550.00
0711,0711347979115098,$550.00
0712,0712479725795280,$550.00
0713,0713747979443474,$550.00
0714,0714934864797546,$550.00
0715,0715947979915213,$550.00
0716,0716914479706407,$550.00
0717,0717288875479704,$550.00
0718,0718775376784797,$550.00
0719,0719388479752803,$550.00
0720,0720242946647976,$550.00
0721,0721170942479789,$550.00
0722,0722302479765860,$550.00
0723,0723919833479732,$550.00
0724,0724918268347979,$550.00
0725,0725479705119296,$550.00
0726,0726447972235985,$550.00
0727,0727044984797897,$550.00
0728,0728122324797368,$550.00
0729,0729629906514797,$550.00
0730,0730847978185600,$550.00
0731,0731479790781670,$550.00
0732,0732147973198107,$550.00
0733,0733550839247970,$550.00
0734,0734334797874675,$550.00
0735,0735966766479791,$550.00
0736,0736393035484797,$550.00
0737,0737989428114797,$550.00
0738,0738868120844797,$550.00
0739,0739870479792821,$550.00
0740,0740486047979014,$550.00
0741,0741124684797944,$550.00
0742,0742167652447974,$550.00
0743,0743776045344797,$550.00
0744,0744226513479792,$550.00
0745,0745969547976297,$550.00
0746,0746248213544797,$550.00
0747,0747970956847972,$550.00
0748,0748484797161766,$550.00
0749,0749347978144818,$550.00
0750,0750118054797497,$550.00
0751,0751033594424797,$550.00
0752,0752268247975513,$550.00
0753,0753911620414797,$550.00
0754,0754672447976619,$550.00
0755,0755624797132598,$550.00
0756,0756447972562388,$550.00
0757,0757212951374797,$550.00
0758,0758455274747977,$550.00
0759,0759670479756912,$550.00
0760,0760309142747978,$550.00
0761,0761150347972079,$550.00
0762,0762200284479724,$550.00
0763,0763812447974159,$550.00
0764,0764547979122194,$550.00
0765,0765205924797512,$550.00
0766,0766965524797505,$550.00
0767,0767241875447976,$550.00
0768,0768847971911840,$550.00
0769,0769863252479742,$550.00
0770,0770634797789763,$550.00
0771,0771436541347973,$550.00
0772,0772479748649724,$550.00
0773,0773479709093901,$550.00
0774,0774479762241103,$550.00
0775,0775552910247979,$550.00
0776,0776479792088145,$550.00
0777,0777872310874797,$550.00
0778,0778176447973072,$550.00
0779,0779899479763679,$550.00
0780,0780650247971605,$550.00
0781,0781056811734797,$550.00
0782,0782931784194797,$550.00
0783,0783479726867329,$550.00
0784,0784714635284797,$550.00
0785,0785479767796033,$550.00
0786,0786667915474797,$550.00
0787,0787447971243477,$550.00
0788,0788255654797695,$550.00
0789,0789583878284797,$550.00
0790,0790565962934797,$550.00
0791,0791147976978906,$550.00
0792,0792264797372565,$550.00
0793,0793216294447975,$550.00
0794,0794574797845609,$550.00
0795,0795479736995609,$550.00
0796,0796047974809737,$550.00
0797,0797711479798467,$550.00
0798,0798510304797131,$550.00
0799,0799012209264797,$550.00
0800,0800647977206280,$550.00
0801,0801396479782352,$550.00
0802,0802904797059626,$550.00
0803,0803304797934675,$550.00
0804,0804647974928802,$550.00
0805,0805821066784797,$550.00
0806,0806247975676632,$550.00
0807,0807671002147975,$550.00
0808,0808547975426130,$550.00
0809,0809497648479707,$550.00
0810,0810277134797822,$550.00
0811,0811034797319709,$550.00
0812,0812390504797168,$550.00
0813,0813881124797804,$550.00
0814,0814308498147979,$550.00
0815,0815805384797326,$550.00
0816,0816225479767981,$550.00
0817,0817514797443350,$550.00
0818,0818824797679587,$550.00
0819,0819868352147974,$550.00
0820,0820088090047974,$550.00
0821,0821564291479787,$550.00
0822,0822847747977727,$550.00
0823,0823479746109541,$550.00
0824,0824347972174958,$550.00
0825,0825147975267842,$550.00
0826,0826347973183387,$550.00
0827,0827824231444797,$550.00
0828,0828444797291081,$550.00
0829,0829479770893925,$550.00
0830,0830247976536939,$550.00
0831,0831191688004797,$550.00
0832,0832818479726687,$550.00
0833,0833634797021331,$550.00
0834,0834116479783517,$550.00
0835,0835047977538883,$550.00
0836,0836844347970524,$550.00
0837,0837206305924797,$550.00
0838,0838064797356108,$550.00
0839,0839044149847972,$550.00
0840,0840445479702166,$550.00
0841,0841479796021460,$550.00
0842,0842179914454797,$550.00
0843,0843988411479769,$550.00
0844,0844472514797510,$550.00
0845,0845407865479762,$550.00
0846,0846332479745274,$550.00
0847,0847767184797192,$550.00
0848,0848847971864780,$550.00
0849,0849784147971093,$550.00
0850,0850479778542549,$550.00
0851,0851146974797205,$550.00
0852,0852783664797768,$550.00
0853,0853963324479763,$550.00
0854,0854482754479747,$550.00
0855,0855379035874797,$550.00
0856,0856898371247976,$550.00
0857,0857012124797173,$550.00
0858,0858479712925499,$550.00
0859,0859784381947971,$550.00
0860,0860562012914797,$550.00
0861,0861964477224797,$550.00
0862,0862013479764476,$550.00
0863,0863510370479739,$550.00
0864,0864479792318630,$550.00
0865,0865820479718284,$550.00
0866,0866994797132346,$550.00
0867,0867821587547973,$550.00
0868,0868833761247973,$550.00
0869,0869864847975301,$550.00
0870,0870024479716819,$550.00
0871,0871414699479780,$550.00
0872,0872479770682731,$550.00
0873,0873479753289248,$550.00
0874,0874228678544797,$550.00
0875,0875047972160992,$550.00
0876,0876544797626894,$550.00
0877,0877547979106883,$550.00
0878,0878915814797861,$550.00
0879,0879883695479709,$550.00
0880,0880987034797354,$550.00
0881,0881447973274146,$550.00
0882,0882993794747975,$550.00
0883,0883842487847975,$550.00
0884,0884113507414797,$550.00
0885,0885379472479713,$550.00
0886,0886183479705620,$550.00
0887,0887843144797795,$550.00
0888,0888998147970798,$550.00
0889,0889047976951431,$550.00
0890,0890470479731667,$550.00
0891,0891614477647974,$550.00
0892,0892147976021400,$550.00
0893,0893479791963406,$550.00
0894,0894967479749838,$550.00
0895,0895114797900183,$550.00
0896,0896132047970839,$550.00
0897,0897020300847974,$550.00
0898,0898694797485945,$550.00
0899,0899313118047970,$550.00
0900,0900385306644797,$550.00
0901,0901283479713344,$550.00
0902,0902333702479720,$550.00
0903,0903991479707999,$550.00
0904,0904944479797545,$550.00
0905,0905370349447974,$550.00
0906,0906147976372989,$550.00
0907,0907647971983704,$550.00
0908,0908494797337263,$550.00
0909,0909863047973215,$550.00
0910,0910121847972177,$550.00
0911,0911147978647315,$550.00
0912,0912857105847973,$550.00
0913,0913724797390692,$550.00
0914,0914479799822087,$550.00
0915,0915479734368059,$550.00
0916,0916936479752288,$550.00
0917,0917402947977155,$550.00
0918,0918233827479761,$550.00
0919,0919479779606834,$550.00
0920,0920948347970553,$550.00
0921,0921447975771898,$550.00
0922,0922830600479703,$550.00
0923,0923693414797360,$550.00
0924,0924915354797892,$550.00
0925,0925331833479706,$550.00
0926,0926479798097602,$550.00
0927,0927802479711032,$550.00
0928,0928750509047971,$550.00
0929,0929584527224797,$550.00
0930,0930479704384356,$550.00
0931,0931749479707368,$550.00
0932,0932172942479790,$550.00
0933,0933174797426257,$550.00
0934,0934479788335828,$550.00
0935,0935418939747970,$550.00
0936,0936194723479716,$550.00
0937,0937516434797740,$550.00
0938,0938334797206653,$550.00
0939,0939247995014797,$550.00
0940,0940162479799064,$550.00
0941,0941824797310187,$550.00
0942,0942047975164678,$550.00
0943,0943408847975313,$550.00
0944,0944647974455866,$550.00
0945,0945479789956634,$550.00
0946,0946218479779427,$550.00
0947,0947005654797333,$550.00
0948,0948923575347972,$550.00
0949,0949851847971646,$550.00
0950,0950506234797118,$550.00
0951,0951154797913785,$550.00
0952,0952479714155920,$550.00
0953,0953222493547978,$550.00
0954,0954757947973567,$550.00
0955,0955395479748212,$550.00
0956,0956479788836681,$550.00
0957,0957950362747978,$550.00
0958,0958274247973354,$550.00
0959,0959479742834538,$550.00
0960,0960993854797546,$550.00
0961,0961356524479702,$550.00
0962,0962447979517390,$550.00
0963,0963479748424544,$550.00
0964,0964052521647976,$550.00
0965,0965245654747979,$550.00
0966,0966767147976080,$550.00
0967,0967615924844797,$550.00
0968,0968747976166634,$550.00
0969,0969235924797641,$550.00
0970,0970373047978806,$550.00
0971,0971247979309708,$550.00
0972,0972144479784178,$550.00
0973,0973474797876245,$550.00
0974,0974609214797540,$550.00
0975,0975769672414797,$550.00
0976,0976479787443121,$550.00
0977,0977805474797053,$550.00
0978,0978447970972396,$550.00
0979,0979315680324797,$550.00
0980,0980479793556658,$550.00
0981,0981234647973216,$550.00
0982,0982247971353377,$550.00
0983,0983843092984797,$550.00
0984,0984935034797899,$550.00
0985,0985479763740912,$550.00
0986,0986850847970863,$550.00
0987,0987109475479737,$550.00
0988,0988430479715952,$550.00
0989,0989355264524797,$550.00
0990,0990622434797260,$550.00
0991,0991004797004369,$550.00
0992,0992086543447974,$550.00
0993,0993604797027116,$550.00
0994,0994479748837999,$550.00
0995,0995479701683752,$550.00
0996,0996479788706526,$550.00
0997,0997185426479758,$550.00
0998,0998947976637182,$550.00
0999,0999715364797499,$550.00
1000,1000047976007208,$550.00
1001,1001661596479728,$800.00
1002,1002823403479761,$800.00
1003,1003933215404797,$800.00
1004,1004347977004912,$800.00
1005,1005047970995028,$800.00
1006,1006958994547971,$800.00
1007,1007894797218970,$800.00
1008,1008541454797949,$800.00
1009,1009047971621943,$800.00
1010,1010479709100845,$800.00
1011,1011550479747272,$800.00
1012,1012741227479700,$800.00
1013,1013479734163510,$800.00
1014,1014238479775614,$800.00
1015,1015604797128943,$800.00
1016,1016404797421778,$800.00
1017,1017744797541645,$800.00
1018,1018587021304797,$800.00
1019,1019400487347970,$800.00
1020,1020724797066948,$800.00
1021,1021154046479774,$800.00
1022,1022337817479709,$800.00
1023,1023469843479776,$800.00
1024,1024479742385913,$800.00
1025,1025479766022838,$800.00
1026,1026640479712974,$800.00
1027,1027479780092219,$800.00
1028,1028347975838444,$800.00
1029,1029514147978221,$800.00
1030,1030479757515592,$800.00
1031,1031338914797677,$800.00
1032,1032479711742636,$800.00
1033,1033868479729884,$800.00
1034,1034147973002249,$800.00
1035,1035854434147973,$800.00
1036,1036649479722467,$800.00
1037,1037434147977973,$800.00
1038,1038011846964797,$800.00
1039,1039618479701171,$800.00
1040,1040247979076847,$800.00
1041,1041474944947977,$800.00
1042,1042441154797607,$800.00
1043,1043295479711477,$800.00
1044,1044102890479722,$800.00
1045,1045479779103078,$800.00
1046,1046663479707507,$800.00
1047,1047653247947972,$800.00
1048,1048083479768466,$800.00
1049,1049801479730558,$800.00
1050,1050494194797191,$800.00
1051,1051554797450027,$800.00
1052,1052339647972714,$800.00
1053,1053047002479782,$800.00
1054,1054373547974265,$800.00
1055,1055547479719231,$800.00
1056,1056344797134152,$800.00
1057,1057501446647970,$800.00
1058,1058539047974477,$800.00
1059,1059244797430139,$800.00
1060,1060479720332163,$800.00
1061,1061120758364797,$800.00
1062,1062479759555714,$800.00
1063,1063479761710789,$800.00
1064,1064527107394797,$800.00
1065,1065190504797213,$800.00
1066,1066922344797392,$800.00
1067,1067247971266442,$800.00
1068,1068503618694797,$800.00
1069,1069263646294797,$800.00
1070,1070840006447973,$800.00
1071,1071147977971614,$800.00
1072,1072918966154797,$800.00
1073,1073235125479708,$800.00
1074,1074474797686882,$800.00
1075,1075629479798742,$800.00
1076,1076899996747977,$800.00
1077,1077162053347977,$800.00
1078,1078479758273431,$800.00
1079,1079622624047973,$800.00
1080,1080947978851462,$800.00
1081,1081060816347975,$800.00
1082,1082901828847978,$800.00
1083,1083950747971731,$800.00
1084,1084117265144797,$800.00
1085,1085733388247975,$800.00
1086,1086554797166216,$800.00
1087,1087164797662712,$800.00
1088,1088479705521481,$800.00
1089,1089479736650495,$800.00
1090,1090479767382029,$800.00
1091,1091647970435937,$800.00
1092,1092313479791638,$800.00
1093,1093412754797810,$800.00
1094,1094090479781107,$800.00
1095,1095383476479783,$800.00
1096,1096324797558994,$800.00
1097,1097591478479706,$800.00
1098,1098748479707620,$800.00
1099,1099714047978031,$800.00
1100,1100131847975372,$800.00
1101,1101294797368533,$800.00
1102,1102567844797777,$800.00
1103,1103285914797159,$800.00
1104,1104130479721862,$800.00
1105,1105479764363158,$800.00
1106,1106345744797222,$800.00
1107,1107306676047974,$800.00
1108,1108661657147971,$800.00
1109,1109084797511845,$800.00
1110,1110897794797683,$800.00
1111,1111548057594797,$800.00
1112,1112523395864797,$800.00
1113,1113484847973059,$800.00
1114,1114874479779121,$800.00
1115,1115062010479770,$800.00
1116,1116845479710591,$800.00
1117,1117821247978939,$800.00
1118,1118154320384797,$800.00
1119,1119447974688780,$800.00
1120,1120860479712589,$800.00
1121,1121319474147976,$800.00
1122,1122529284797933,$800.00
1123,1123447976688829,$800.00
1124,1124550073134797,$800.00
1125,1125204797049913,$800.00
1126,1126479798310046,$800.00
1127,1127468474797152,$800.00
1128,1128947971714922,$800.00
1129,1129235684797638,$800.00
1130,1130047974370886,$800.00
1131,1131479751658428,$800.00
1132,1132083059404797,$800.00
1133,1133479782630323,$800.00
1134,1134157479720366,$800.00
1135,1135870047976666,$800.00
1136,1136060314797297,$800.00
1137,1137860324414797,$800.00
1138,1138747977549849,$800.00
1139,1139634381784797,$800.00
1140,1140390847979476,$800.00
1141,1141479734731149,$800.00
1142,1142690306147971,$800.00
1143,1143247974477587,$800.00
1144,1144479702558227,$800.00
1145,1145209926479721,$800.00
1146,1146432447973843,$800.00
1147,1147278547978268,$800.00
1148,1148382447977710,$800.00
1149,1149920247973144,$800.00
1150,1150176747979118,$800.00
1151,1151479702021006,$800.00
1152,1152992361647974,$800.00
1153,1153647979590516,$800.00
1154,1154605704797859,$800.00
1155,1155007884797131,$800.00
1156,1156473534797152,$800.00
1157,1157182479799661,$800.00
1158,1158479735567928,$800.00
1159,1159783547973854,$800.00
1160,1160479751836520,$800.00
1161,1161356984797810,$800.00
1162,1162357479725072,$800.00
1163,1163205479725816,$800.00
1164,1164920950264797,$800.00
1165,1165969213464797,$800.00
1166,1166479759243986,$800.00
1167,1167774506047976,$800.00
1168,1168934314094797,$800.00
1169,1169843947977458,$800.00
1170,1170224647972384,$800.00
1171,1171970479710759,$800.00
1172,1172654454797937,$800.00
1173,1173549274797868,$800.00
1174,1174956718294797,$800.00
1175,1175741547973480,$800.00
1176,1176689573479783,$800.00
1177,1177688147973536,$800.00
1178,1178332839654797,$800.00
1179,1179947976422700,$800.00
1180,1180247979990415,$800.00
1181,1181829347972906,$800.00
1182,1182479759910812,$800.00
1183,1183029243347970,$800.00
1184,1184665479731835,$800.00
1185,1185467479768887,$800.00
1186,1186670004797899,$800.00
1187,1187993420774797,$800.00
1188,1188479794232319,$800.00
1189,1189767653247973,$800.00
1190,1190381479746209,$800.00
1191,1191379479749740,$800.00
1192,1192547974441299,$800.00
1193,1193219152247975,$800.00
1194,1194228001479748,$800.00
1195,1195057186479711,$800.00
1196,1196813479747666,$800.00
1197,1197011544797232,$800.00
1198,1198884709347973,$800.00
1199,1199019047976149,$800.00
1200,1200037811479717,$800.00
1201,1201479783323074,$800.00
1202,1202479722102960,$800.00
1203,1203714797902561,$800.00
1204,1204585263394797,$800.00
1205,1205399823547970,$800.00
1206,1206875976864797,$800.00
1207,1207880764479718,$800.00
1208,1208734797063374,$800.00
1209,1209647978595765,$800.00
1210,1210147970230438,$800.00
1211,1211547979703622,$800.00
1212,1212479754752760,$800.00
1213,1213047098644797,$800.00
1214,1214316534797617,$800.00
1215,1215285479762443,$800.00
1216,1216285434797302,$800.00
1217,1217760347975412,$800.00
1218,1218479796098695,$800.00
1219,1219422614797942,$800.00
1220,1220847973837049,$800.00
1221,1221847973671706,$800.00
1222,1222479786373387,$800.00
1223,1223947976960591,$800.00
1224,1224019988479757,$800.00
1225,1225767479795046,$800.00
1226,1226282947978906,$800.00
1227,1227540270479758,$800.00
1228,1228479734164932,$800.00
1229,1229872405479736,$800.00
1230,1230126147974664,$800.00
1231,1231426479719846,$800.00
1232,1232747970518901,$800.00
1233,1233197984797400,$800.00
1234,1234412479720217,$800.00
1235,1235224797903032,$800.00
1236,1236684797423824,$800.00
1237,1237347979556151,$800.00
1238,1238242353674797,$800.00
1239,1239473011479730,$800.00
1240,1240683350994797,$800.00
1241,1241545423479702,$800.00
1242,1242290730479765,$800.00
1243,1243464283494797,$800.00
1244,1244479780626808,$800.00
1245,1245373553447975,$800.00
1246,1246614797011909,$800.00
1247,1247629794797104,$800.00
1248,1248177124797354,$800.00
1249,1249967091479795,$800.00
1250,1250014842479778,$800.00
1251,1251960430834797,$800.00
1252,1252811514479784,$800.00
1253,1253479791666277,$800.00
1254,1254947979464628,$800.00
1255,1255584609479777,$800.00
1256,1256479755814883,$800.00
1257,1257354144797287,$800.00
1258,1258879479757309,$800.00
1259,1259059614797443,$800.00
1260,1260355204797069,$800.00
1261,1261941216947978,$800.00
1262,1262494797283577,$800.00
1263,1263927247973576,$800.00
1264,1264233704797498,$800.00
1265,1265667479798639,$800.00
1266,1266479723697367,$800.00
1267,1267196224797365,$800.00
1268,1268789479721668,$800.00
1269,1269258747971090,$800.00
1270,1270350885479759,$800.00
1271,1271562847971407,$800.00
1272,1272479745309146,$800.00
1273,1273531147973369,$800.00
1274,1274479723453786,$800.00
1275,1275140661647976,$800.00
1276,1276936847954797,$800.00
1277,1277327047970007,$800.00
1278,1278493210554797,$800.00
1279,1279073247978273,$800.00
1280,1280448744479700,$800.00
1281,1281004797336217,$800.00
1282,1282669686704797,$800.00
1283,1283992479798685,$800.00
1284,1284741479776710,$800.00
1285,1285847979754566,$800.00
1286,1286766345479708,$800.00
1287,1287145928484797,$800.00
1288,1288158479767006,$800.00
1289,1289945479760839,$800.00
1290,1290655483547977,$800.00
1291,1291961379947972,$800.00
1292,1292616262214797,$800.00
1293,1293146373347975,$800.00
1294,1294479777490046,$800.00
1295,1295453824797900,$800.00
1296,1296947976795479,$800.00
1297,1297718047979555,$800.00
1298,1298230721479731,$800.00
1299,1299686577747976,$800.00
1300,1300479767231904,$800.00
1301,1301764797749235,$800.00
1302,1302000747973528,$800.00
1303,1303078721104797,$800.00
1304,1304657051479725,$800.00
1305,1305598047973810,$800.00
1306,1306662615247974,$800.00
1307,1307847970248309,$800.00
1308,1308797479729893,$800.00
1309,1309687984747978,$800.00
1310,1310739775479742,$800.00
1311,1311368555247972,$800.00
1312,1312414797168259,$800.00
1313,1313154797203572,$800.00
1314,1314164797491503,$800.00
1315,1315797479715082,$800.00
1316,1316399859504797,$800.00
1317,1317147979785909,$800.00
1318,1318162984047974,$800.00
1319,1319494118479764,$800.00
1320,1320479725465006,$800.00
1321,1321479778308866,$800.00
1322,1322139247973892,$800.00
1323,1323653470479738,$800.00
1324,1324893564479762,$800.00
1325,1325047976881914,$800.00
1326,1326479707461539,$800.00
1327,1327927604797999,$800.00
1328,1328901479721563,$800.00
1329,1329547979388340,$800.00
1330,1330942364797562,$800.00
1331,1331147978719680,$800.00
1332,1332479711237707,$800.00
1333,1333434797021503,$800.00
1334,1334366479715752,$800.00
1335,1335723268084797,$800.00
1336,1336498947970756,$800.00
1337,1337079787574797,$800.00
1338,1338041547977119,$800.00
1339,1339238434797083,$800.00
1340,1340969479744138,$800.00
1341,1341982479749195,$800.00
1342,1342630954797656,$800.00
1343,1343616247973611,$800.00
1344,1344592479742409,$800.00
1345,1345548962534797,$800.00
1346,1346154797624017,$800.00
1347,1347844797012480,$800.00
1348,1348414797581388,$800.00
1349,1349497614797155,$800.00
1350,1350276479761813,$800.00
1351,1351547975261017,$800.00
1352,1352050479766402,$800.00
1353,1353023263847971,$800.00
1354,1354887806447975,$800.00
1355,1355692888647979,$800.00
1356,1356966020364797,$800.00
1357,1357204247974065,$800.00
1358,1358447978612423,$800.00
1359,1359280147971202,$800.00
1360,1360761479704358,$800.00
1361,1361148247972907,$800.00
1362,1362800347979370,$800.00
1363,1363147977496214,$800.00
1364,1364047977101200,$800.00
1365,1365047977619233,$800.00
1366,1366447974028527,$800.00
1367,1367648479797542,$800.00
1368,1368103947971616,$800.00
1369,1369939170724797,$800.00
1370,1370999904797684,$800.00
1371,1371404797398713,$800.00
1372,1372204479722893,$800.00
1373,1373902945047978,$800.00
1374,1374088004797863,$800.00
1375,1375658864797619,$800.00
1376,1376007334797751,$800.00
1377,1377354797583341,$800.00
1378,1378163479736915,$800.00
1379,1379618884797205,$800.00
1380,1380747979967059,$800.00
1381,1381414797424641,$800.00
1382,1382099479769990,$800.00
1383,1383252168547975,$800.00
1384,1384873174797981,$800.00
1385,1385929094797376,$800.00
1386,1386324797060839,$800.00
1387,1387263604797608,$800.00
1388,1388547979768188,$800.00
1389,1389474684797123,$800.00
1390,1390973479768013,$800.00
1391,1391147974279710,$800.00
1392,1392352747974453,$800.00
1393,1393735084797428,$800.00
1394,1394473425984797,$800.00
1395,1395024797407861,$800.00
1396,1396047970957667,$800.00
1397,1397184647974082,$800.00
1398,1398479733610319,$800.00
1399,1399647977531812,$800.00
1400,1400479799766425,$800.00
1401,1401431949479750,$800.00
1402,1402964434797959,$800.00
1403,1403095835479716,$800.00
1404,1404671647976012,$800.00
1405,1405255573479752,$800.00
1406,1406178185414797,$800.00
1407,1407326880847977,$800.00
1408,1408061897134797,$800.00
1409,1409716547979742,$800.00
1410,1410634797297238,$800.00
1411,1411497247974661,$800.00
1412,1412184797205197,$800.00
1413,1413759048479714,$800.00
1414,1414479761618333,$800.00
1415,1415414003304797,$800.00
1416,1416479703736275,$800.00
1417,1417434159247974,$800.00
1418,1418013547974194,$800.00
1419,1419947974481872,$800.00
1420,1420524797536871,$800.00
1421,1421247977834848,$800.00
1422,1422656149547977,$800.00
1423,1423847147979073,$800.00
1424,1424300687584797,$800.00
1425,1425409018947978,$800.00
1426,1426464797634067,$800.00
1427,1427115417479758,$800.00
1428,1428985660334797,$800.00
1429,1429479735588488,$800.00
1430,1430479781614605,$800.00
1431,1431524797691669,$800.00
1432,1432185479724882,$800.00
1433,1433814797008401,$800.00
1434,1434347979563767,$800.00
1435,1435399479718804,$800.00
1436,1436641479748040,$800.00
1437,1437531779774797,$800.00
1438,1438892479733175,$800.00
1439,1439634797283606,$800.00
1440,1440989371947973,$800.00
1441,1441887716347975,$800.00
1442,1442112547978618,$800.00
1443,1443745674797075,$800.00
1444,1444344094797985,$800.00
1445,1445110354479704,$800.00
1446,1446028479701308,$800.00
1447,1447074797196142,$800.00
1448,1448648719514797,$800.00
1449,1449803347970048,$800.00
1450,1450479767492553,$800.00
1451,1451047971051585,$800.00
1452,1452479764188369,$800.00
1453,1453313744797757,$800.00
1454,1454410854797441,$800.00
1455,1455915479763052,$800.00
1456,1456479772924672,$800.00
1457,1457479731598217,$800.00
1458,1458247974067788,$800.00
1459,1459047973118109,$800.00
1460,1460647978023672,$800.00
1461,1461505479713979,$800.00
1462,1462479727316751,$800.00
1463,1463441347971663,$800.00
1464,1464173325947977,$800.00
1465,1465479713013400,$800.00
1466,1466927431247979,$800.00
1467,1467852914797996,$800.00
1468,1468383628479739,$800.00
1469,1469458678104797,$800.00
1470,1470479723192143,$800.00
1471,1471337354797425,$800.00
1472,1472986147977582,$800.00
1473,1473710479735016,$800.00
1474,1474341947970375,$800.00
1475,1475964797777550,$800.00
1476,1476255514479767,$800.00
1477,1477105269547978,$800.00
1478,1478114797875392,$800.00
1479,1479053301479730,$800.00
1480,1480221847971749,$800.00
1481,1481390507947970,$800.00
1482,1482553479764947,$800.00
1483,1483059692534797,$800.00
1484,1484747971528786,$800.00
1485,1485490901047978,$800.00
1486,1486437074797952,$800.00
1487,1487567074347977,$800.00
1488,1488479702609904,$800.00
1489,1489815664797650,$800.00
1490,1490479743090513,$800.00
1491,1491941263479731,$800.00
1492,1492755294797637,$800.00
1493,1493147972680002,$800.00
1494,1494410479751064,$800.00
1495,1495043947947974,$800.00
1496,1496095274797157,$800.00
1497,1497555970404797,$800.00
1498,1498191220874797,$800.00
1499,1499981220047974,$800.00
1500,1500249479720656,$800.00
1501,1501606547978708,$800.00
1502,1502479738199710,$800.00
1503,1503533990154797,$800.00
1504,1504447976985688,$800.00
1505,1505774797199867,$800.00
1506,1506666639479743,$800.00
1507,1507411835144797,$800.00
1508,1508376479734999,$800.00
1509,1509515118479713,$800.00
1510,1510279368647971,$800.00
1511,1511347978385087,$800.00
1512,1512947978192237,$800.00
1513,1513949330947974,$800.00
1514,1514395302774797,$800.00
1515,1515238350014797,$800.00
1516,1516498394797207,$800.00
1517,1517106479742729,$800.00
1518,1518619668547975,$800.00
1519,1519547754797168,$800.00
1520,1520336479722362,$800.00
1521,1521865724797918,$800.00
1522,1522486054797353,$800.00
1523,1523330757574797,$800.00
1524,1524479726968173,$800.00
1525,1525947972500305,$800.00
1526,1526519450479701,$800.00
1527,1527347976436693,$800.00
1528,1528479735848284,$800.00
1529,1529214797947312,$800.00
1530,1530447974281262,$800.00
1531,1531942479708446,$800.00
1532,1532214797884642,$800.00
1533,1533747971482991,$800.00
1534,1534232479750574,$800.00
1535,1535947976109257,$800.00
1536,1536764797179111,$800.00
1537,1537893582479789,$800.00
1538,1538504466547972,$800.00
1539,1539682743604797,$800.00
1540,1540766414797423,$800.00
1541,1541947975840717,$800.00
1542,1542147979507212,$800.00
1543,1543791954797540,$800.00
1544,1544479705443135,$800.00
1545,1545924540134797,$800.00
1546,1546530547971395,$800.00
1547,1547241547976335,$800.00
1548,1548479776913086,$800.00
1549,1549163330647977,$800.00
1550,1550130047975549,$800.00
1551,1551764194797806,$800.00
1552,1552479704330336,$800.00
1553,1553604797712396,$800.00
1554,1554947973550051,$800.00
1555,1555684797573485,$800.00
1556,1556783479721334,$800.00
1557,1557412253147977,$800.00
1558,1558584479783158,$800.00
1559,1559323479710059,$800.00
1560,1560175147973564,$800.00
1561,1561479736628300,$800.00
1562,1562479741090786,$800.00
1563,1563413414479726,$800.00
1564,1564132699644797,$800.00
1565,1565450602479714,$800.00
1566,1566479788899891,$800.00
1567,1567647975337881,$800.00
1568,1568479798928569,$800.00
1569,1569340702647977,$800.00
1570,1570715479791124,$800.00
1571,1571958691479745,$800.00
1572,1572007852044797,$800.00
1573,1573834144797098,$800.00
1574,1574947977886802,$800.00
1575,1575200046847972,$800.00
1576,1576826847971143,$800.00
1577,1577479747900758,$800.00
1578,1578715479708122,$800.00
1579,1579479724832370,$800.00
1580,1580247976944156,$800.00
1581,1581479707794660,$800.00
1582,1582992347971578,$800.00
1583,1583061063404797,$800.00
1584,1584393814797635,$800.00
1585,1585307628479775,$800.00
1586,1586324947977537,$800.00
1587,1587479725319828,$800.00
1588,1588074797803263,$800.00
1589,1589479758667685,$800.00
1590,1590484797810682,$800.00
1591,1591755479781814,$800.00
1592,1592747976499708,$800.00
1593,1593979147978916,$800.00
1594,1594479764209470,$800.00
1595,1595574797948279,$800.00
1596,1596794797946754,$800.00
1597,1597455449479727,$800.00
1598,1598347970234168,$800.00
1599,1599441107479786,$800.00
1600,1600448787479741,$800.00
1601,1601377417479793,$800.00
1602,1602545874847970,$800.00
1603,1603784574797243,$800.00
1604,1604144797829485,$800.00
1605,1605141773047975,$800.00
1606,1606680061264797,$800.00
1607,1607661879747972,$800.00
1608,1608630447784797,$800.00
1609,1609657479768194,$800.00
1610,1610347978840691,$800.00
1611,1611732823314797,$800.00
1612,1612889139824797,$800.00
1613,1613539647976957,$800.00
1614,1614088502447971,$800.00
1615,1615574797987422,$800.00
1616,1616694797293968,$800.00
1617,1617479719990448,$800.00
1618,1618292158144797,$800.00
1619,1619649042479712,$800.00
1620,1620903847976236,$800.00
1621,1621744797658647,$800.00
1622,1622332247972088,$800.00
1623,1623647977982867,$800.00
1624,1624548479724514,$800.00
1625,1625494033247974,$800.00
1626,1626575891747976,$800.00
1627,1627907047979202,$800.00
1628,1628479773118186,$800.00
1629,1629396366447977,$800.00
1630,1630606774797741,$800.00
1631,1631255205147974,$800.00
1632,1632553647979147,$800.00
1633,1633937379479760,$800.00
1634,1634612753479772,$800.00
1635,1635447977847980,$800.00
1636,1636660479764222,$800.00
1637,1637308484797184,$800.00
1638,1638334747973442,$800.00
1639,1639976874797271,$800.00
1640,1640693479760720,$800.00
1641,1641514797494242,$800.00
1642,1642076479737622,$800.00
1643,1643073857479733,$800.00
1644,1644178243274797,$800.00
1645,1645479724762595,$800.00
1646,1646591064797923,$800.00
1647,1647900099479721,$800.00
1648,1648047975423924,$800.00
1649,1649156479791109,$800.00
1650,1650479717676732,$800.00
1651,1651022458479753,$800.00
1652,1652340633954797,$800.00
1653,1653694797018940,$800.00
1654,1654110547254797,$800.00
1655,1655837847977769,$800.00
1656,1656624797436402,$800.00
1657,1657747976450536,$800.00
1658,1658858098479705,$800.00
1659,1659974324797728,$800.00
1660,1660479794768406,$800.00
1661,1661804769479721,$800.00
1662,1662774447976136,$800.00
1663,1663008947971054,$800.00
1664,1664439475854797,$800.00
1665,1665374257547970,$800.00
1666,1666575347976902,$800.00
1667,1667486484797591,$800.00
1668,1668479741405688,$800.00
1669,1669295479750063,$800.00
1670,1670114033447976,$800.00
1671,1671076484547979,$800.00
1672,1672200479707798,$800.00
1673,1673504954797186,$800.00
1674,1674228514797057,$800.00
1675,1675755616479782,$800.00
1676,1676147971760636,$800.00
1677,1677479781122901,$800.00
1678,1678404740847971,$800.00
1679,1679479720514418,$800.00
1680,1680085012479722,$800.00
1681,1681479751222030,$800.00
1682,1682624247979114,$800.00
1683,1683067479741056,$800.00
1684,1684854797726786,$800.00
1685,1685039800479723,$800.00
1686,1686005010479788,$800.00
1687,1687241479730360,$800.00
1688,1688524797672250,$800.00
1689,1689044554797425,$800.00
1690,1690818479731480,$800.00
1691,1691974797527854,$800.00
1692,1692147977980656,$800.00
1693,1693547976687309,$800.00
1694,1694888656047971,$800.00
1695,1695520947978158,$800.00
1696,1696502406654797,$800.00
1697,1697754797391177,$800.00
1698,1698771299247971,$800.00
1699,1699205447970382,$800.00
1700,1700479737814007,$800.00
1701,1701341345947971,$800.00
1702,1702847970221005,$800.00
1703,1703702347975175,$800.00
1704,1704479769772482,$800.00
1705,1705589289479799,$800.00
1706,1706481479751708,$800.00
1707,1707144797608303,$800.00
1708,1708554797713053,$800.00
1709,1709049479779634,$800.00
1710,1710620004797022,$800.00
1711,1711347979677043,$800.00
1712,1712747971182451,$800.00
1713,1713479744281134,$800.00
1714,1714185440479791,$800.00
1715,1715479796193946,$800.00
1716,1716397479768561,$800.00
1717,1717474797174513,$800.00
1718,1718919994344797,$800.00
1719,1719843864479750,$800.00
1720,1720360714797488,$800.00
1721,1721686479784284,$800.00
1722,1722204479734851,$800.00
1723,1723379930479714,$800.00
1724,1724196759014797,$800.00
1725,1725083004797327,$800.00
1726,1726850207479721,$800.00
1727,1727855655479784,$800.00
1728,1728047977706986,$800.00
1729,1729247971733393,$800.00
1730,1730744797815341,$800.00
1731,1731147971051558,$800.00
1732,1732147979503332,$800.00
1733,1733334021479716,$800.00
1734,1734794797132005,$800.00
1735,1735177014797302,$800.00
1736,1736288444797409,$800.00
1737,1737915685479782,$800.00
1738,1738347978417807,$800.00
1739,1739621262047972,$800.00
1740,1740177765324797,$800.00
1741,1741431342479721,$800.00
1742,1742431903947971,$800.00
1743,1743479709442296,$800.00
1744,1744557963347970,$800.00
1745,1745099324797483,$800.00
1746,1746347977593294,$800.00
1747,1747174797018039,$800.00
1748,1748548739964797,$800.00
1749,1749725347973968,$800.00
1750,1750926347972479,$800.00
1751,1751444479789870,$800.00
1752,1752352814797895,$800.00
1753,1753556154797916,$800.00
1754,1754447975269940,$800.00
1755,1755554797149415,$800.00
1756,1756779479707495,$800.00
1757,1757162475234797,$800.00
1758,1758747975566774,$800.00
1759,1759847971366914,$800.00
1760,1760160744797237,$800.00
1761,1761021963479722,$800.00
1762,1762124797364193,$800.00
1763,1763479768081444,$800.00
1764,1764547975356940,$800.00
1765,1765884054479764,$800.00
1766,1766684797462722,$800.00
1767,1767479792201618,$800.00
1768,1768189347971450,$800.00
1769,1769725030479730,$800.00
1770,1770373814797984,$800.00
1771,1771679225034797,$800.00
1772,1772647972832447,$800.00
1773,1773686384797321,$800.00
1774,1774620582479797,$800.00
1775,1775442624797918,$800.00
1776,1776627894594797,$800.00
1777,1777509540814797,$800.00
1778,1778652447975735,$800.00
1779,1779181047977449,$800.00
1780,1780361431247974,$800.00
1781,1781479737089717,$800.00
1782,1782017547977261,$800.00
1783,1783094797583311,$800.00
1784,1784906447978180,$800.00
1785,1785988247974503,$800.00
1786,1786014797196679,$800.00
1787,1787908644797471,$800.00
1788,1788479767888482,$800.00
1789,1789424494797345,$800.00
1790,1790479777498146,$800.00
1791,1791335453479708,$800.00
1792,1792385900479746,$800.00
1793,1793479723978045,$800.00
1794,1794454797556019,$800.00
1795,1795989284797455,$800.00
1796,1796314667824797,$800.00
1797,1797789479756974,$800.00
1798,1798664797325534,$800.00
1799,1799278894797965,$800.00
1800,1800479779599033,$800.00
1801,1801094104344797,$800.00
1802,1802479798742272,$800.00
1803,1803674985479723,$800.00
1804,1804980848479732,$800.00
1805,1805413133479750,$800.00
1806,1806479738020294,$800.00
1807,1807360934797889,$800.00
1808,1808428804147976,$800.00
1809,1809479704432920,$800.00
1810,1810547975550356,$800.00
1811,1811381574834797,$800.00
1812,1812307602479709,$800.00
1813,1813026424479705,$800.00
1814,1814297583854797,$800.00
1815,1815404797951611,$800.00
1816,1816348914797761,$800.00
1817,1817047974507948,$800.00
1818,1818614797996979,$800.00
1819,1819076773084797,$800.00
1820,1820753020254797,$800.00
1821,1821544797828331,$800.00
1822,1822710214797494,$800.00
1823,1823344797456327,$800.00
1824,1824758934797193,$800.00
1825,1825084797554556,$800.00
1826,1826281320104797,$800.00
1827,1827747971681697,$800.00
1828,1828479734714184,$800.00
1829,1829449479784003,$800.00
1830,1830814797128817,$800.00
1831,1831854797799822,$800.00
1832,1832254797267968,$800.00
1833,1833155747974778,$800.00
1834,1834847976350392,$800.00
1835,1835904515764797,$800.00
1836,1836647971315841,$800.00
1837,1837310918479777,$800.00
1838,1838479750391770,$800.00
1839,1839647978088869,$800.00
1840,1840095470479731,$800.00
1841,1841647975854183,$800.00
1842,1842712900847978,$800.00
1843,1843047973679465,$800.00
1844,1844556147978486,$800.00
1845,1845479739144673,$800.00
1846,1846758512284797,$800.00
1847,1847614797637462,$800.00
1848,1848847977369639,$800.00
1849,1849971114479714,$800.00
1850,1850603284797571,$800.00
1851,1851172572479720,$800.00
1852,1852695403479771,$800.00
1853,1853242251147979,$800.00
1854,1854767728147973,$800.00
1855,1855661638479739,$800.00
1856,1856684112047977,$800.00
1857,1857542924797927,$800.00
1858,1858949731447978,$800.00
1859,1859479723671405,$800.00
1860,1860304479795129,$800.00
1861,1861664479723471,$800.00
1862,1862244797285048,$800.00
1863,1863479769104350,$800.00
1864,1864074838479723,$800.00
1865,1865273524797055,$800.00
1866,1866350747976476,$800.00
1867,1867936004797867,$800.00
1868,1868779147977738,$800.00
1869,1869187479793210,$800.00
1870,1870474971479712,$800.00
1871,1871479724390729,$800.00
1872,1872822079024797,$800.00
1873,1873697747975673,$800.00
1874,1874689347347972,$800.00
1875,1875623479770511,$800.00
1876,1876567097184797,$800.00
1877,1877174279479766,$800.00
1878,1878362847971147,$800.00
1879,1879549479777714,$800.00
1880,1880727147977191,$800.00
1881,1881934797142824,$800.00
1882,1882622545994797,$800.00
1883,1883654797334644,$800.00
1884,1884254797497571,$800.00
1885,1885015624797247,$800.00
1886,1886817548479781,$800.00
1887,1887479722700407,$800.00
1888,1888309479711867,$800.00
1889,1889047975588162,$800.00
1890,1890188479747115,$800.00
1891,1891936840747975,$800.00
1892,1892054009547971,$800.00
1893,1893147975193743,$800.00
1894,1894924797721602,$800.00
1895,1895520494797119,$800.00
1896,1896258947974327,$800.00
1897,1897394797151357,$800.00
1898,1898284747971355,$800.00
1899,1899045347975623,$800.00
1900,1900946479773568,$800.00
1901,1901347973451227,$800.00
1902,1902479789343886,$800.00
1903,1903047975265129,$800.00
1904,1904146997479728,$800.00
1905,1905047971372663,$800.00
1906,1906805222479752,$800.00
1907,1907734797751245,$800.00
1908,1908203075479769,$800.00
1909,1909975479702714,$800.00
1910,1910232347973639,$800.00
1911,1911934797834248,$800.00
1912,1912205762447978,$800.00
1913,1913947978968241,$800.00
1914,1914112537479782,$800.00
1915,1915047971505685,$800.00
1916,1916494797154790,$800.00
1917,1917676747971061,$800.00
1918,1918154797284884,$800.00
1919,1919064511994797,$800.00
1920,1920207116479772,$800.00
1921,1921447977808363,$800.00
1922,1922347973407062,$800.00
1923,1923192228347971,$800.00
1924,1924377337154797,$800.00
1925,1925447971036238,$800.00
1926,1926751479753977,$800.00
1927,1927479747888089,$800.00
1928,1928328380814797,$800.00
1929,1929674276774797,$800.00
1930,1930805248479740,$800.00
1931,1931719652547977,$800.00
1932,1932976874797483,$800.00
1933,1933778963247974,$800.00
1934,1934479794644278,$800.00
1935,1935048647976039,$800.00
1936,1936161479769019,$800.00
1937,1937174797152956,$800.00
1938,1938704797845666,$800.00
1939,1939479752700664,$800.00
1940,1940242248479774,$800.00
1941,1941483116479764,$800.00
1942,1942347974243179,$800.00
1943,1943896717934797,$800.00
1944,1944621747971397,$800.00
1945,1945369647974777,$800.00
1946,1946703747975043,$800.00
1947,1947625617479768,$800.00
1948,1948784147974273,$800.00
1949,1949747970582291,$800.00
1950,1950577847977289,$800.00
1951,1951904304797687,$800.00
1952,1952479742568351,$800.00
1953,1953165303047972,$800.00
1954,1954145215479710,$800.00
1955,1955372047972099,$800.00
1956,1956925676479765,$800.00
1957,1957247973164504,$800.00
1958,1958925954797329,$800.00
1959,1959347976475721,$800.00
1960,1960500479744781,$800.00
1961,1961376479768098,$800.00
1962,1962759969479784,$800.00
1963,1963424899774797,$800.00
1964,1964479753930739,$800.00
1965,1965479798959081,$800.00
1966,1966623157547975,$800.00
1967,1967052370147970,$800.00
1968,1968147971356564,$800.00
1969,1969479702671744,$800.00
1970,1970035536479789,$800.00
1971,1971547979847193,$800.00
1972,1972645429479707,$800.00
1973,1973226479776064,$800.00
1974,1974893479716835,$800.00
1975,1975264797424860,$800.00
1976,1976303711447979,$800.00
1977,1977134479718306,$800.00
1978,1978941924247972,$800.00
1979,1979959479720987,$800.00
1980,1980186510479763,$800.00
1981,1981947973129304,$800.00
1982,1982152647978453,$800.00
1983,1983868226479721,$800.00
1984,1984378024797504,$800.00
1985,1985479726138474,$800.00
1986,1986050647971892,$800.00
1987,1987964797105865,$800.00
1988,1988666938547974,$800.00
1989,1989141283894797,$800.00
1990,1990422532354797,$800.00
1991,1991022640054797,$800.00
1992,1992047979969939,$800.00
1993,1993479753149513,$800.00
1994,1994586385084797,$800.00
1995,1995456479706016,$800.00
1996,1996695479726380,$800.00
1997,1997697479754815,$800.00
1998,1998028479782894,$800.00
1999,1999947970623032,$800.00
2000,2000487479708971,$800.00
2001,test1,test
2002,test2,test
2003,test3,test
2004,test4,test
2005,test5,test
2006,IET6a0bbca5cd7553.24436131,Gourmet
2007,IET6a0bbca5cdc4c5.32444911,Gourmet
2008,IET6a0c97cc47f4c2.78809997,Gourmet
2009,IET6a0c97cc4847a5.27993165,Gourmet
2010,IET6a0c97cc488941.44719151,Gourmet
2011,IET6a0c97cc48c842.46424788,Gourmet
2012,IET6a0f95e46d03f2.90999178,Gourmet
2013,IET6a10763f256377.29168256,Gourmet
2014,IET6a10763f25b466.31149997,Gourmet
2015,IET6a108f27e5b1f9.94268486,Gourmet
2016,IET6a108f27e60e75.73210591,Gourmet
2017,IET6a10d19aad4aa3.67957548,Gourmet
2018,IET6a120065bfc659.46826551,Gourmet
2019,IET6a1211e9ea3254.07747225,Gourmet
2020,IET6a132fc9208c77.90438576,Gourmet
2021,IET6a132fc920e1e5.32532220,Gourmet
2022,IET6a13aee4d43e91.82599281,Gourmet
2023,IET6a13aee4d49324.73125127,Gourmet
2024,IET6a147a69771804.25803571,Gourmet
2025,IET6a15ddded8f6f9.00739966,Gourmet
2026,IET6a16e0eb774a96.53595427,Gourmet
2027,IET6a16e0eb779334.28905545,Gourmet
2028,IET6a1b17c9a00eb6.34333422,Gourmet
2029,IET6a1b17c9a05cd1.92337226,Gourmet
2030,IET6a1b5c8bd26397.79134479,Gourmet
2031,IET6a1b5c8bd2b3d4.50919426,Gourmet
2032,IET6a1cb0b6428db9.80981039,Gourmet
2033,IET6a1cb0b642e2f3.06909345,Gourmet
2034,IET6a1cb23026efd8.13422131,Gourmet
2035,IET6a1cb230274617.66063156,Gourmet
2036,IET6a1cb230278924.83479502,Gourmet
2037,IET6a1cb23027ca45.77824075,Gourmet
2038,IET6a1d9a2b175e66.11104142,Gourmet
2039,IET6a1eeaffbd1aa5.93869737,Gourmet
2040,IET6a1f351c1f2286.97669269,Gourmet
2041,IET6a20145268d974.55532808,Gourmet
2042,IET6a2014526932e1.70347854,Gourmet
2043,IET6a26d75e40be93.15051863,Gourmet
2044,IET6a26d75e4122d6.50924312,Gourmet
2045,IET6a275251c5f794.98959199,Gourmet
2046,IET6a275251c648c4.29126528,Gourmet
2047,IET6a27632abac8f7.81285199,Gourmet
2048,IET6a28639452b757.86914721,Gourmet
2049,IET6a2863945335e3.59826189,Gourmet
2050,IET6a2ad0eee77038.68762166,Gourmet
2051,IET6a2bb6ad83f958.58076708,Gourmet
2052,IET6a2efd830f86f7.84380403,Gourmet
2053,IET6a300c472facd4.36505254,Gourmet
2054,IET6a300cdf241461.06433138,Gourmet
2055,IET6a30c2772d8177.04362949,Gourmet
2056,IET6a31c0ef3a3d64.09482381,Gourmet
2057,IET6a32a4542a5452.96250372,Gourmet
2058,IET6a3346c7d631d0.45936289,Gourmet
2059,IET6a355d13bb8269.24028581,Gourmet
2060,IET6a36e16c3a98f1.48475606,Gourmet
2061,IET6a36e16c3ad8b3.91188569,Gourmet
2062,IET6a378717b21ce6.47590224,Gourmet
2063,IET6a3a1d66cfcb65.50592333,Gourmet
2064,IET6a3aa670d5e114.84829856,Gourmet
2065,IET6a3aa670d632d5.27051343,Gourmet
2066,IET6a3c4dc9393ae3.80727328,Gourmet
2067,IET6a3c4dc93997f6.89540839,Gourmet
2068,IET6a3d2ce7be8201.23618600,Gourmet
2069,IET6a3f179aa111f7.36579993,Gourmet
2070,IET6a3f179aa17cc0.22700717,Gourmet
2071,IET6a414d2b7e1050.32792213,Gourmet
2072,IET6a42d9c38b3cf0.35592331,Gourmet
2073,IET6a4432b10a93e2.82931926,Gourmet
2074,IET6a4432b10ae301.59370773,Gourmet
2075,IET6a4458692d9b57.42430603,Gourmet
2076,IET6a4458692df450.25112037,Gourmet
2077,IET6a4458692e46a4.68472280,Gourmet
2078,IET6a45b03c981013.70819440,Gourmet
2079,IET6a45b03c985b57.65836507,Gourmet
2080,IET6a45c0e2a512b8.80051809,Gourmet
2081,IET6a45c0e2a55144.15837186,Gourmet
2082,IET6a4daba39acb33.40023190,Gourmet
2083,IET6a4db36d5dc409.80345677,Gourmet
2084,IET6a52995ba75505.82573424,Gourmet
2085,IET6a57fca9a2eb43.43131374,Gourmet
2086,IET6a584116903745.33763915,Gourmet
2087,IET6a584116908424.79709240,Gourmet
2088,IET6a597f71dedf97.65400735,Gourmet
2089,IET6a5a1e29c88945.28853031,Gourmet
2090,IET6a5a1e29c8d619.33959684,Gourmet
2091,IET6a5a1e29c92220.33963731,Gourmet
2092,IET6a5a55962b0235.06339162,Gourmet
2093,IET6a5cd7d1371138.24763021,Gourmet
2094,IET6a5fc71e162557.88170132,Gourmet
2095,IET6a5fe5864ec794.45298336,Gourmet
2096,IET6a5fe5864f09a2.78276889,Gourmet
2097,IET6a602469da5957.29369185,Gourmet
2098,IET6a602469dac172.24234776,Gourmet
2099,IET6a625f034aad50.54945905,Gourmet
2100,IET6a625f034af3e2.65178287,Gourmet
2101,IET6a626f0a8ad576.98833339,Gourmet
2102,IET6a6357c0d217d3.08096397,Gourmet
2103,IET6a6357c0d26d90.01966268,Gourmet
2104,IET6a63717d2ed041.37266799,Gourmet
2105,IET6a674784d8a6c9.21541851,Gourmet
2106,IET6a68d7154e5b73.45050293,Gourmet
2107,IET6a68d7154ea6c1.21949613,Gourmet
2108,IET6a6942a34d33e8.26913107,Gourmet
2109,IET6a6942a34d8400.46694653,Gourmet
2110,IET6a6942a34dc7d8.13955258,Gourmet
2111,IET6a6942a34e0b05.61316026,Gourmet
2112,IET6a6aa4e0a51146.33655741,Gourmet
2113,IET6a6aa4e0a56df9.40586346,Gourmet
2114,IET6a6b1420777094.75452577,Gourmet
2115,IET6a6b169bcf3794.77304993,Gourmet
2116,IET6a6b9fdf526c15.72371115,Gourmet
2117,IET6a6bb09ae5b673.59385850,Gourmet
2118,IET6a6bb6ae412150.13601326,Gourmet
2119,IET6a6cb36f64df43.88124666,Gourmet
2120,IET6a6d57f16f7556.53355908,Gourmet
2121,IET6a6e64c60eefe9.81439181,Gourmet
2122,IET6a6e64c60f32f8.03885710,Gourmet
2123,IET6a6f71dee13232.82253832,Gourmet
2124,IET6a6f71dee17d62.63664073,Gourmet
2125,IET6a6f7793644fc8.20419159,Gourmet
2126,IET6a6fbe81a62f56.22497421,Gourmet
2127,IET6a6fc762ed9250.67643660,Gourmet
2128,IET6a6fc762edda94.44921391,Gourmet
2129,IET6a700a24538be4.71277385,Gourmet
2130,IET6a70d5e51171b0.41777309,Gourmet
2131,IET6a70d5e511b5f2.25100613,Gourmet
2132,IET6a72197c1fa895.87770649,Gourmet
2133,IET6a72a1a7e839e9.68656589,Gourmet
2134,IET6a735cae3b9346.08749805,Gourmet
2135,IET6a73d892443249.76690514,Gourmet
2136,IET6a73d892448044.02399928,Gourmet
2137,IET6a73f80b3a89d3.69190785,Gourmet
2138,IET6a73f80b3ad638.69825552,Gourmet
2139,IET6a74783e545290.41161895,Gourmet
2140,IET6a74783e54a2c1.12760451,Gourmet
2141,IET6a74783e54e769.94085249,Gourmet
2142,IET6a74783e552830.44845195,Gourmet
2143,IET6a74783e556783.74031703,Gourmet
2144,IET6a74783e55a712.12508953,Gourmet
2145,IET6a748e77313533.38972043,Gourmet
2146,IET6a748e77319075.71682722,Gourmet
2147,IET6a751126ee8354.98641761,Gourmet
2148,IET6a754593bdc1a1.79963151,Gourmet
2149,IET6a77a1b3b873c3.57842323,Gourmet
2150,IET6a77ed31854664.00351914,Gourmet
2151,IET6a77ed31859397.79456151,Gourmet
2152,IET6a78661bf41e74.34924924,Gourmet
2153,IET6a78661c0053c4.72376043,Gourmet
2154,IET6a795a23d118b8.29872354,Gourmet
2155,IET6a79622c183956.65782308,Gourmet
2156,IET6a79622c188b37.73219964,Gourmet
2157,IET6a79f918e6ba38.60416171,Gourmet
2158,IET6a7a5d7d74c0a5.02923679,Gourmet
2159,IET6a7a5d7d752041.20818408,Gourmet
2160,IET6a7a6968527c65.40959621,Gourmet
2161,IET6a7a6dded8ee38.66735513,Gourmet
2162,IET6a7b6589f1ddd1.53161878,Gourmet
2163,IET6a7b6589f24433.20674367,Gourmet
2164,IET6a7bae674ab680.39266367,Gourmet
2165,IET6a7c5632825e84.59040050,Gourmet
2166,IET6a7c6dd5933149.47210005,Gourmet
2167,IET6a7c6dd5939613.75715463,Gourmet
2168,IET6a7c96556b7d96.79725083,Gourmet
2169,IET6a7cd84de4cf69.73242651,Gourmet
2170,IET6a7d2f3b162371.55430017,Gourmet
2171,IET6a7d2f3b168918.86640422,Gourmet
2172,IET6a7d2f3b16cf60.35982322,Gourmet
2173,IET6a7e91285d9712.58180999,Gourmet
2174,IET6a7f5ad9964a95.13238051,Gourmet
2175,IET6a7f5ad9968a57.41658963,Gourmet
2176,IET6a7fa79a35bfe2.44347513,Gourmet
2177,IET6a809d82a6dc34.88327816,Gourmet
2178,IET6a809d82a744b3.44014193,Gourmet
2179,IET6a80f8fd23b1b0.24293197,Gourmet
2180,IET6a80f8fd241045.91752019,Gourmet
2181,IET6a81049cc60078.57455972,Gourmet
2182,IET6a81c2cc114678.30672348,Gourmet
2183,IET6a81c2cc119405.52035339,Gourmet
2184,IET6a82ff5f95ad71.45425793,Gourmet
2185,IET6a82ff5f961ef1.96834357,Gourmet
2186,IET6a8300d5a90704.67747425,Gourmet
2187,IET6a8300d5a955a2.36528053,Gourmet
2188,IET6a8468bc09df44.86298047,Gourmet
2189,IET6a8468bc0a31c5.80233842,Gourmet
2190,IET6a84cb27ef97a7.84785934,Gourmet
2191,IET6a84cb27efd445.41179201,Gourmet
2192,IET6a84f243aa0bd0.12251893,Gourmet
2193,IET6a84f243aa5b46.81926631,Gourmet
2194,IET6a84f243aa98f5.85522846,Gourmet
2195,IET6a84f243aade06.63802625,Gourmet
2196,IET6a85c99d8b8970.51871583,Gourmet
2197,IET6a86314f7bafa4.80700389,Gourmet
2198,IET6a867c1f3129e8.73068216,Gourmet
2199,IET6a867c1f316c04.50290866,Gourmet
2200,IET6a89c4970a3f17.52547312,Gourmet
2201,IET6a89c4970aa2c6.72608975,Gourmet
2202,IET6a89c4970af8a6.90826406,Gourmet
2203,IET6a89c4970b4a94.83667326,Gourmet
2204,IET6a89fe82d6d250.95862659,Gourmet
2205,IET6a8a1287d13794.47143231,Gourmet
2206,IET6a8a21ff8b7be1.58347368,Gourmet
2207,IET6a8a4edbb11d73.03145644,Gourmet
2208,IET6a8af0c5de49f0.94273465,Gourmet
2209,IET6a8af7ccd089c6.31772979,Gourmet
2210,IET6a8af7ccd0d5c3.68593940,Gourmet
2211,IET6a8af98a396d95.92830063,Gourmet
2212,IET6a8af98a39bae0.71590167,Gourmet
2213,IET6a8b60aac03ea2.87886590,Gourmet
2214,IET6a8b6aa4888bd8.38310201,Gourmet
2215,IET6a8b740f45cfc9.14235923,Gourmet
2216,IET6a8b740f462a74.56091911,Gourmet
2217,IET6a8b7ddd0a74a5.47635677,Gourmet
2218,IET6a8cac8b3de5e3.30525755,Gourmet
2219,IET6a8cac8b3e39e1.66457065,Gourmet
2220,IET6a8cc8535e5e60.77665454,Gourmet
2221,IET6a8cc8535ec7b3.35371001,Gourmet
2222,IET6a8ee4128d1183.43788477,Gourmet
2223,IET6a8ee4128d6135.76831815,Gourmet
2224,IET6a8f06e25123c6.28873106,Gourmet
2225,IET6a8f668ea06428.87350532,Gourmet
2226,IET6a8f83b083f921.19514903,Gourmet
2227,IET6a8f83b08443a6.61799302,Gourmet
2228,IET6a904525c11a78.83301812,Gourmet
2229,IET6a905a20aa6757.50467522,Gourmet
2230,IET6a905a20aabce8.18523781,Gourmet
2231,IET6a90673f7a6ec4.98789782,Gourmet
2232,IET6a90673f7abdc7.51015406,Gourmet
2233,IET6a907a19d4a879.25075508,Gourmet
2234,IET6a90e26ed6e7c9.14294499,Gourmet
2235,IET6a90e26ed742c3.36317145,Gourmet
2236,IET6a915db335e897.26352080,Gourmet
2237,IET6a915db3363965.35417373,Gourmet
2238,IET6a919a5c67bc59.02201246,Gourmet
2239,IET6a919d4a7c05a7.33972792,Gourmet
2240,IET6a919d4a7c4877.97916552,Gourmet
2241,IET6a91a492394b12.63079846,Gourmet
2242,IET6a91a4923999a0.25432786,Gourmet
2243,IET6a91aa82352fa4.64372077,Gourmet
2244,IET6a91aa823571b0.45656752,Gourmet
2245,IET6a91c3afb44545.27019452,Gourmet
2246,IET6a9200fa58c472.26233160,Gourmet
2247,IET6a920fdc08e085.66210400,Gourmet
2248,IET6a922ffce8d9c1.81626621,Gourmet
2249,IET6a923067862d00.29605113,Gourmet
2250,IET6a92399c6426d5.62348360,Gourmet
2251,IET6a92399c647bb8.43730298,Gourmet
2252,IET6a925796874465.41636437,Gourmet
2253,IET6a92af85e261d1.89456929,Gourmet
2254,IET6a92c5659df635.57205763,Gourmet
2255,IET6a92c5659e4606.71817464,Gourmet
2256,IET6a92c5659e8ae4.52696126,Gourmet
2257,IET6a92c5659ece96.72975917,Gourmet
2258,IET6a92dba55d1081.86986883,Gourmet
2259,IET6a92e605459c46.60785260,Gourmet
2260,IET6a92f02506a883.26436292,Gourmet
2261,IET6a92f59f011f25.30496975,Gourmet
2262,IET6a92f59f016ed1.48386852,Gourmet
2263,IET6a92f91e8bfc24.30754936,Gourmet
2264,IET6a92f91e8c4bb0.77011754,Gourmet
2265,IET6a92fba1a7cb46.87717880,Gourmet
2266,IET6a92fbec2e83b8.47163203,Gourmet
2267,IET6a92fbec2ed760.40147958,Gourmet
2268,IET6a92fc80355cb0.64628762,Gourmet
2269,IET6a92fc8035b4e4.51275387,Gourmet
2270,IET6a92fda1939270.66061571,Gourmet
2271,IET6a9303f2e75979.43455245,Gourmet
2272,IET6a9308f8801985.33524524,Gourmet
2273,IET6a9312ff21b8c3.00007918,Gourmet
2274,IET6a9312ff221dc9.44516071,Gourmet
2275,IET6a9312ff2267f5.73432384,Gourmet
2276,IET6a9317d7bf0e56.17212849,Gourmet
2277,IET6a9317d7bf5701.08596255,Gourmet
2278,IET6a931bdcd2b7d6.83165900,Gourmet
2279,IET6a932358a48688.52716756,Gourmet
2280,IET6a93270fdb8cd7.99168482,Gourmet
2281,IET6a9327dd26f3f0.31784159,Gourmet
2282,IET6a9328684dcae1.26270648,Gourmet
2283,IET6a9328684e1851.25807193,Gourmet
2284,IET6a9342e044c155.86164503,Gourmet
2285,IET6a9348c50c1358.17627868,Gourmet
2286,IET6a934963025969.93794262,Gourmet
2287,IET6a93496302c8c5.65469045,Gourmet
2288,IET6a93a327166505.60602421,Gourmet
2289,IET6a93ac6a8cc3c3.12085691,Gourmet
2290,IET6a93b0e5609497.54631660,Gourmet
2291,IET6a940fbd6559e1.93638588,Gourmet
2292,IET6a9416ab30e7a9.95106826,Gourmet
2293,IET6a9418eb714074.68396837,Gourmet
2294,IET6a9421a82549e8.32690423,Gourmet
2295,IET6a9429a09acbe7.65757982,Gourmet
2296,IET6a942be941f304.54050101,Gourmet
2297,IET6a9437031fafb1.83543905,Gourmet
2298,IET6a94445b048ea8.46291626,Gourmet
2299,IET6a94445b04f3a6.57810297,Gourmet
2300,IET6a944630e449d5.54569239,Gourmet
2301,IET6a944c47c86883.77737502,Gourmet
2302,IET6a944c47c8dc52.37739177,Gourmet
2303,IET6a944c47c939e4.22674161,Gourmet
2304,IET6a944d32826614.95480582,Gourmet
2305,IET6a944d3282b426.29333519,Gourmet
2306,IET6a944e7828a658.31277364,Gourmet
2307,IET6a945272340857.42094288,Gourmet
2308,IET6a94547d0cfbb7.14212636,Gourmet
2309,IET6a945538b72624.73759765,Gourmet
2310,IET6a945af8a736e3.16458603,Gourmet
2311,IET6a945af8a790f0.99268975,Gourmet
2312,IET6a945e66327da4.28662121,Gourmet
2313,TK6a7b867b4a1867.90587708,Gourmet comp
2314,TK6a7b867b772af3.11001680,Gourmet comp
2315,TK6a7b867bac0251.85822615,Gourmet comp
2316,TK6a7b867be096d2.79274559,Gourmet comp
2317,TK6a7ce3b5d6c917.75051789,Gourmet comp
2318,TK6a8463e50b8dc1.77899972,Gourmet comp
2319,TK6a8463e50fdf24.66125243,Gourmet comp
2320,TK6a8ce5793025b3.48193121,Gourmet comp
2321,TK6a8ce59b1486c9.23160875,Gourmet comp
2322,TK6a8ce5bf134481.36253325,Gourmet comp
2323,TK6a8ce5e25926a2.55238431,Gourmet comp
2324,TK6a8ce62e09cb98.48328878,Gourmet comp
2325,TK6a8e21f7c5b435.16387273,Gourmet comp
2326,TK6a8e21f815f8b5.60250674,Gourmet comp
2327,TK6a8e226d0d3507.47651793,Gourmet comp
2328,TK6a8e37184282e8.54244803,Gourmet comp
2329,TK6a8e3ed6efa740.42430031,Gourmet comp
2330,TK6a8e3ed756d390.21379412,Gourmet comp
2331,TK6a921d346bb0a8.72112838,Gourmet comp
2332,TK6a921d349b6797.12437200,Gourmet comp
2333,TK6a924996e281f8.99433266,Gourmet comp
2334,TK6a9249972a17b0.43442952,Gourmet comp
2335,TK6a938d09d48e48.11435243,Gourmet comp
2336,TK6a938d0a23e305.32575856,Gourmet comp
2337,IET6a11af9b5e2a08.55277720,Gourmet FF
2338,IET6a11af9b5e6df0.33926453,Gourmet FF
2339,IET6a130cb4714c32.78163372,Gourmet FF
2340,IET6a130d65488148.44671643,Gourmet FF
2341,IET6a130e2853e358.14633870,Gourmet FF
2342,IET6a148ec07c5333.00020117,Gourmet FF
2343,IET6a148efee93a67.08406155,Gourmet FF
2344,IET6a14900d2fc5f6.35738250,Gourmet FF
2345,IET6a15a027169f16.39657890,Gourmet FF
2346,IET6a15a02716e0e6.23219336,Gourmet FF
2347,IET6a15d56eb94ba7.29708257,Gourmet FF
2348,IET6a1648bb629e27.13201060,Gourmet FF
2349,IET6a16f1464617f7.21148376,Gourmet FF
2350,IET6a16f377c2f040.74961359,Gourmet FF
2351,IET6a17249a1772d9.44159410,Gourmet FF
2352,IET6a184cb126f295.90628111,Gourmet FF
2353,IET6a184cb1273d80.21742662,Gourmet FF
2354,IET6a184cb12787d6.73533436,Gourmet FF
2355,IET6a189931c76974.42425416,Gourmet FF
2356,IET6a1ca463a15337.09988504,Gourmet FF
2357,IET6a1da323cbbc59.74810117,Gourmet FF
2358,IET6a1da323cc1518.87680137,Gourmet FF
2359,IET6a2211dac51f37.74549511,Gourmet FF
2360,IET6a2211dac56e05.74173886,Gourmet FF
2361,IET6a2ca48bd572a8.46040715,Gourmet FF
2362,IET6a2ca48bd614e9.27871084,Gourmet FF
2363,IET6a30b85237de66.02747865,Gourmet FF
2364,IET6a30b852382ad6.34776497,Gourmet FF
2365,IET6a31c2bb2dec90.94253117,Gourmet FF
2366,IET6a31c2bb2e3400.19607396,Gourmet FF
2367,IET6a5d0a7728e550.56548533,Gourmet FF
2368,IET6a5d75553028c9.84660243,Gourmet FF
2369,IET6a652d02c2a064.25496459,Gourmet FF
2370,IET6a6bad8c06f018.24253139,Gourmet FF
2371,IET6a709f4db51932.33612494,Gourmet FF
2372,IET6a72698370d968.42135974,Gourmet FF
2373,IET6a7a6cc186c4a1.18548368,Gourmet FF
2374,IET6a7a6f29d3f363.36516634,Gourmet FF
2375,IET6a7a709e817500.31527303,Gourmet FF
2376,IET6a7a709e81bdd6.94476743,Gourmet FF
2377,IET6a7b1be93c9141.63513785,Gourmet FF
2378,IET6a850544c257f1.43147415,Gourmet FF
2379,IET6a850544c2bee0.36177530,Gourmet FF
2380,IET6a85f30a4ea718.69148974,Gourmet FF
2381,IET6a87396a585749.55075037,Gourmet FF
2382,IET6a87396a58b794.27216167,Gourmet FF
2383,IET6a87396a5903e6.70920063,Gourmet FF
2384,IET6a87396a594f80.03037496,Gourmet FF
2385,IET6a87396a599a40.53434016,Gourmet FF
2386,IET6a873a3c23a276.36409253,Gourmet FF
2387,IET6a873a3c23eda6.73646438,Gourmet FF
2388,IET6a873a3c243000.73334856,Gourmet FF
2389,IET6a873a3c247e50.55683015,Gourmet FF
2390,IET6a88963a249144.40591304,Gourmet FF
2391,IET6a8cd79cf265d1.76747489,Gourmet FF
2392,IET6a8cd79cf2b463.63387548,Gourmet FF
2393,IET6a8de3d5cbea35.84333440,Gourmet FF
2394,IET6a8de3d5cc3a62.52253331,Gourmet FF
2395,IET6a8dee36a54e72.04115570,Gourmet FF
2396,IET6a8dee36a5a441.96937367,Gourmet FF
2397,IET6a8dee36a5e6e5.85516368,Gourmet FF
2398,IET6a8dee36a628c9.87474980,Gourmet FF
2399,IET6a8dee36a677c9.12770524,Gourmet FF
2400,IET6a8e39ad398474.57069225,Gourmet FF
2401,IET6a8e39ad3a0bd0.94409704,Gourmet FF
2402,IET6a8e405b4129a9.75697682,Gourmet FF
2403,IET6a8e405b41a531.56539783,Gourmet FF
2404,IET6a8f5fa41f03f3.68310811,Gourmet FF
2405,IET6a8f5fa41f5293.50393689,Gourmet FF
2406,IET6a8f5fa41f9566.29027141,Gourmet FF
2407,IET6a906319a46167.83768464,Gourmet FF
2408,IET6a90bf80909416.73871033,Gourmet FF
2409,IET6a90bf80917061.83987325,Gourmet FF
2410,IET6a91eb3065ee01.52888558,Gourmet FF
2411,IET6a91eb30666866.97498157,Gourmet FF
2412,TK6a78e960b48151.16042510,Gourmet1F
2413,TK6a78e961074920.59555134,Gourmet1F
2414,TK6a78e96145eb95.55522694,Gourmet1F
2415,TK6a78e961779952.37691478,Gourmet1F
2416,TK6a8b3fe9b03a89.39819289,Gourmet1F
2417,TK6a8b3fe9db8e67.99990568,Gourmet1F
2418,TK6a8b3fea1163f2.93047827,Gourmet1F
2419,IET6a0f7ad38b5df1.14785764,Local Classics
2420,IET6a0f7ad38bbfb1.16068292,Local Classics
2421,IET6a1117e254a100.54424286,Local Classics
2422,IET6a12fc0aa41ba9.82736530,Local Classics
2423,IET6a144417958513.89153246,Local Classics
2424,IET6a14441795c8e7.58811801,Local Classics
2425,IET6a1470af51e9a7.88397301,Local Classics
2426,IET6a1470af5232d0.51705655,Local Classics
2427,IET6a159a3e958d37.13466487,Local Classics
2428,IET6a15af3648c723.15308319,Local Classics
2429,IET6a15af36492699.26211545,Local Classics
2430,IET6a161c686c9ab5.12108475,Local Classics
2431,IET6a161c686ce188.45858262,Local Classics
2432,IET6a161e50df8933.25817807,Local Classics
2433,IET6a16254e44a9c9.83037947,Local Classics
2434,IET6a172db7d80b84.53173127,Local Classics
2435,IET6a172db7d9cd85.56115080,Local Classics
2436,IET6a172db7da1561.15087313,Local Classics
2437,IET6a18c6870db282.62576917,Local Classics
2438,IET6a18c6870e0d01.85246725,Local Classics
2439,IET6a1a3661785188.89988239,Local Classics
2440,IET6a1a366178a200.32970875,Local Classics
2441,IET6a1b208ca3a106.82877623,Local Classics
2442,IET6a1b208ca411f0.88647186,Local Classics
2443,IET6a1b208ca45dd8.22145241,Local Classics
2444,IET6a1b208ca4add7.70661848,Local Classics
2445,IET6a1c51e4008bb1.08953858,Local Classics
2446,IET6a1dd694051c08.24729985,Local Classics
2447,IET6a1f46c01a6008.36339789,Local Classics
2448,IET6a1f46c01ac329.82432203,Local Classics
2449,IET6a216acaa78de5.14356011,Local Classics
2450,IET6a2608ef6c28d7.82956537,Local Classics
2451,IET6a271b6d6f5685.84751553,Local Classics
2452,IET6a271b6d6f9bf4.30766942,Local Classics
2453,IET6a2bb6ad83afd1.81663865,Local Classics
2454,IET6a30c2772d3b96.16629485,Local Classics
2455,IET6a331c7817e4e4.72087764,Local Classics
2456,IET6a35fed9d07fe5.25515952,Local Classics
2457,IET6a3bf448783f27.40019383,Local Classics
2458,IET6a3bf448787ff1.68793843,Local Classics
2459,IET6a3c193e1095b6.25489089,Local Classics
2460,IET6a3c193e110d62.07435736,Local Classics
2461,IET6a3eb2b6491720.56893428,Local Classics
2462,IET6a3eb2b6497be2.54054994,Local Classics
2463,IET6a3eb2c7d5ce78.61062933,Local Classics
2464,IET6a3eb2c7d612d3.29353013,Local Classics
2465,IET6a414d2b7da567.67475848,Local Classics
2466,IET6a45add8af3e10.58918067,Local Classics
2467,IET6a46cb368a9db9.47464600,Local Classics
2468,IET6a4876e39d4456.48887849,Local Classics
2469,IET6a4997d64dbf95.47131103,Local Classics
2470,IET6a49d4207339d2.77548340,Local Classics
2471,IET6a4ccb4daa8123.65207134,Local Classics
2472,IET6a4eac86c72135.13064483,Local Classics
2473,IET6a4ef0f8c910e6.23791305,Local Classics
2474,IET6a4ef0f8c97506.53871830,Local Classics
2475,IET6a50b370583c15.55381800,Local Classics
2476,IET6a5161b579edf3.33532469,Local Classics
2477,IET6a52e48974bc72.38484480,Local Classics
2478,IET6a554917aaf1e4.53260087,Local Classics
2479,IET6a555a9e9730b2.01683823,Local Classics
2480,IET6a56507c986d95.07357804,Local Classics
2481,IET6a566a648f5e24.85010166,Local Classics
2482,IET6a566b8faba099.20947948,Local Classics
2483,IET6a56e969a2f367.72636241,Local Classics
2484,IET6a5812827a0818.61511152,Local Classics
2485,IET6a58563c6eb5b1.79724750,Local Classics
2486,IET6a5ac2c1913739.04448675,Local Classics
2487,IET6a5ac2c1919323.53580791,Local Classics
2488,IET6a5b0c6bd82923.25515187,Local Classics
2489,IET6a5cd9c0cd3fa1.95103935,Local Classics
2490,IET6a5cd9c0cda133.84875530,Local Classics
2491,IET6a5cda2b0f3e42.63977005,Local Classics
2492,IET6a5feb5ab65891.19328585,Local Classics
2493,IET6a5feb5ab6a529.70076815,Local Classics
2494,IET6a5feb5ab6edb0.77906491,Local Classics
2495,IET6a617d9533f260.42693686,Local Classics
2496,IET6a62843e7232d7.93987126,Local Classics
2497,IET6a62843e729868.24224081,Local Classics
2498,IET6a64079fdcede0.48242637,Local Classics
2499,IET6a640fee4687b0.57131298,Local Classics
2500,IET6a661ed1dac634.61302262,Local Classics
2501,IET6a661ed1db2221.77422751,Local Classics
2502,IET6a67745f4da063.80314238,Local Classics
2503,IET6a67745f4dfe88.46754510,Local Classics
2504,IET6a6b5cd664e4e6.95246877,Local Classics
2505,IET6a6b5cd6654182.76738050,Local Classics
2506,IET6a6bd9363b4525.33958142,Local Classics
2507,IET6a6bd9363b8d64.97972746,Local Classics
2508,IET6a6be92fee91e4.76966930,Local Classics
2509,IET6a6be92feee4e5.04831741,Local Classics
2510,IET6a6c9370719022.19141242,Local Classics
2511,IET6a6c937071e014.78843417,Local Classics
2512,IET6a6c9370722895.98720362,Local Classics
2513,IET6a6ce607a90cc5.26743133,Local Classics
2514,IET6a6d59f05b7769.34650041,Local Classics
2515,IET6a6dfac180cd83.71322635,Local Classics
2516,IET6a70a6f0d89590.30425641,Local Classics
2517,IET6a70edb9797b51.77474939,Local Classics
2518,IET6a713463380ec6.19262544,Local Classics
2519,IET6a7134633863c6.99717265,Local Classics
2520,IET6a72197c1f5769.11041305,Local Classics
2521,IET6a721b3b99a4c2.73586500,Local Classics
2522,IET6a731cf69623b6.64966288,Local Classics
2523,IET6a732fc0eb3505.53789233,Local Classics
2524,IET6a732fc0eb7ed3.43583858,Local Classics
2525,IET6a735cae3b3817.48457807,Local Classics
2526,IET6a7388097e82c3.06604087,Local Classics
2527,IET6a7388097ed5c0.96490986,Local Classics
2528,IET6a74aef1915856.76843947,Local Classics
2529,IET6a74aef191c899.56103673,Local Classics
2530,IET6a74cbca5a0bb6.77567949,Local Classics
2531,IET6a74faafb8b171.60687702,Local Classics
2532,IET6a74faafb917c6.73093570,Local Classics
2533,IET6a754593bd7259.85983366,Local Classics
2534,IET6a756cb86a0c92.56930671,Local Classics
2535,IET6a7626a8b8b480.43827154,Local Classics
2536,IET6a7725d4307360.79870920,Local Classics
2537,IET6a77d6159872f6.39587713,Local Classics
2538,IET6a788fdca47ff6.32966753,Local Classics
2539,IET6a78d5dd2ae412.00324083,Local Classics
2540,IET6a78d5dd2b2528.07262354,Local Classics
2541,IET6a78fed6762096.47941016,Local Classics
2542,IET6a7917b80f1d53.43574204,Local Classics
2543,IET6a7917b80f6eb8.12095645,Local Classics
2544,IET6a7b74c31e74a8.89290086,Local Classics
2545,IET6a7b74c31ec9f3.05710893,Local Classics
2546,IET6a7b74c31f0f58.82797763,Local Classics
2547,IET6a7b7dedd85cf0.62524081,Local Classics
2548,IET6a7b7e43cb5c23.36394771,Local Classics
2549,IET6a7b7fba418e12.57520157,Local Classics
2550,IET6a7bbd714c8c03.60164471,Local Classics
2551,IET6a7bd7e9454a08.37299326,Local Classics
2552,IET6a7cb6e99c0ad2.12828353,Local Classics
2553,IET6a7d205f700493.55594519,Local Classics
2554,IET6a7d565d9352d3.78728893,Local Classics
2555,IET6a7d565d93ba19.19258166,Local Classics
2556,IET6a7f1759e55e72.88866336,Local Classics
2557,IET6a7f1759e5b1d2.06979337,Local Classics
2558,IET6a7f7bbf36be99.11757108,Local Classics
2559,IET6a7fc8ed571ab3.82428261,Local Classics
2560,IET6a7ff070230376.84870583,Local Classics
2561,IET6a7ff070236601.66284666,Local Classics
2562,IET6a7ff276ee67d6.22245929,Local Classics
2563,IET6a7ff276eeb8f2.70515035,Local Classics
2564,IET6a81049cc5a389.83578399,Local Classics
2565,IET6a83482c3c6f33.63205032,Local Classics
2566,IET6a83482c3cd147.84429738,Local Classics
2567,IET6a83a3d757f524.35178815,Local Classics
2568,IET6a84654d68ae41.32811060,Local Classics
2569,IET6a8467374ce499.70332843,Local Classics
2570,IET6a846d1dae8986.32505958,Local Classics
2571,IET6a846d1daee487.46007257,Local Classics
2572,IET6a84b7861fa0b8.19954938,Local Classics
2573,IET6a84b7861ff122.58579874,Local Classics
2574,IET6a84b786203d37.82709247,Local Classics
2575,IET6a85321a0e9508.12419121,Local Classics
2576,IET6a85321a0eeac7.36909385,Local Classics
2577,IET6a85321a0f3065.97853055,Local Classics
2578,IET6a85321a0f7103.14272367,Local Classics
2579,IET6a85891b2b63a3.28016400,Local Classics
2580,IET6a85891b2bb521.53865310,Local Classics
2581,IET6a85c99d8b3407.35521199,Local Classics
2582,IET6a85f1a844ded9.99413417,Local Classics
2583,IET6a85f1a8452a10.25204367,Local Classics
2584,IET6a872e902a2fc6.41856894,Local Classics
2585,IET6a872e902a84f1.97678081,Local Classics
2586,IET6a87827bbf0af2.17571101,Local Classics
2587,IET6a87827bbf7266.38218683,Local Classics
2588,IET6a8851e4b2fde1.62007478,Local Classics
2589,IET6a8851e4b35347.07153113,Local Classics
2590,IET6a8851e4b3a2b3.30235483,Local Classics
2591,IET6a885343abc317.41158763,Local Classics
2592,IET6a8897c42defb9.60994840,Local Classics
2593,IET6a8897c430a1d1.02445852,Local Classics
2594,IET6a88e46fb40f17.29559124,Local Classics
2595,IET6a88e46fb45803.44041929,Local Classics
2596,IET6a88e46fb49a95.40978487,Local Classics
2597,IET6a88e46fb4dba9.91631906,Local Classics
2598,IET6a88e936da73b2.22638220,Local Classics
2599,IET6a8a1287d0e359.51535583,Local Classics
2600,IET6a8a530dd70609.88635564,Local Classics
2601,IET6a8a530dd75af4.56332734,Local Classics
2602,IET6a8a5b52177df6.59101148,Local Classics
2603,IET6a8a5b5217ff12.66265894,Local Classics
2604,IET6a8a9eb744bc54.10579590,Local Classics
2605,IET6a8a9eb7450bf6.93068608,Local Classics
2606,IET6a8a9eb7456367.72772980,Local Classics
2607,IET6a8af4c34e8490.46051148,Local Classics
2608,IET6a8b5efc561356.73031976,Local Classics
2609,IET6a8b624e674bf6.53031890,Local Classics
2610,IET6a8b9bd8dfe5e8.19483230,Local Classics
2611,IET6a8c547718d119.77422422,Local Classics
2612,IET6a8c5477191ce2.35945921,Local Classics
2613,IET6a8c55fb218b68.06003346,Local Classics
2614,IET6a8c826d959b15.66252348,Local Classics
2615,IET6a8ccc1eb31dc0.94057484,Local Classics
2616,IET6a8cd40d470805.60467333,Local Classics
2617,IET6a8cd40d4764f1.33553235,Local Classics
2618,IET6a8cd62354a3e2.34426457,Local Classics
2619,IET6a8cd6235502f1.01752590,Local Classics
2620,IET6a8cf788807a39.88003369,Local Classics
2621,IET6a8cf78880dac9.31624962,Local Classics
2622,IET6a8cfaafc13d01.99766274,Local Classics
2623,IET6a8cfaafc191d1.93598043,Local Classics
2624,IET6a8cfaafc1d828.54651061,Local Classics
2625,IET6a8cfc01ce0260.02734198,Local Classics
2626,IET6a8cfc01ce4a70.88077426,Local Classics
2627,IET6a8da7c1e77cf5.35338975,Local Classics
2628,IET6a8da8e4aa6775.06523481,Local Classics
2629,IET6a8daa0919cdf8.63915509,Local Classics
2630,IET6a8daa091a2943.08786460,Local Classics
2631,IET6a8df95288dd95.09983283,Local Classics
2632,IET6a8df952892cb1.71349155,Local Classics
2633,IET6a8e0a0b698132.95970956,Local Classics
2634,IET6a8e0a0b69e280.32798873,Local Classics
2635,IET6a8e28cddaeec8.17105894,Local Classics
2636,IET6a8e28cddb43e8.52463576,Local Classics
2637,IET6a8e28cddb8649.22149942,Local Classics
2638,IET6a8e28cddbc726.53823861,Local Classics
2639,IET6a8ef91edb3d11.43884417,Local Classics
2640,IET6a8ef91edbadf8.17718828,Local Classics
2641,IET6a8f2a11bb3351.54670832,Local Classics
2642,IET6a8f668ea01d26.23571391,Local Classics
2643,IET6a903be7171cb7.72363979,Local Classics
2644,IET6a903be7177975.44370273,Local Classics
2645,IET6a903be717e632.86461355,Local Classics
2646,IET6a906318c64dd3.67012087,Local Classics
2647,IET6a906318c69364.67800813,Local Classics
2648,IET6a906318c6de74.11883527,Local Classics
2649,IET6a906b5ae08864.84094949,Local Classics
2650,IET6a9075777f0029.03426321,Local Classics
2651,IET6a9075777f5806.97292806,Local Classics
2652,IET6a907af7ce49b3.58976963,Local Classics
2653,IET6a90b7c0a15af3.06764219,Local Classics
2654,IET6a90b7c0a1c5e8.56593333,Local Classics
2655,IET6a91704eb217f6.71168754,Local Classics
2656,IET6a91875a8a1bb9.15468154,Local Classics
2657,IET6a9192a0138608.92890794,Local Classics
2658,IET6a919aec0e8f22.96763237,Local Classics
2659,IET6a919e74c9ab63.62107040,Local Classics
2660,IET6a919fde2a8982.79632182,Local Classics
2661,IET6a91b2134bcd37.23392769,Local Classics
2662,IET6a91bb0c911823.23944552,Local Classics
2663,IET6a91bb0c9175b5.18821922,Local Classics
2664,IET6a91bb0c91cdf6.76042907,Local Classics
2665,IET6a91c0bc85db44.99873074,Local Classics
2666,IET6a91c499c54cd4.75566053,Local Classics
2667,IET6a91c499c5b7e0.96649534,Local Classics
2668,IET6a91c4ec3374c7.38508887,Local Classics
2669,IET6a91c4ec33d3e8.55994585,Local Classics
2670,IET6a91c4ec342757.50538757,Local Classics
2671,IET6a91e6834683d2.62850427,Local Classics
2672,IET6a91ec3585e649.94683020,Local Classics
2673,IET6a91f29a2cc210.70457318,Local Classics
2674,IET6a920013950aa2.63427240,Local Classics
2675,IET6a920013956177.09811577,Local Classics
2676,IET6a9204e6cdd044.76178145,Local Classics
2677,IET6a921022c74823.50043456,Local Classics
2678,IET6a921e3c9f54e7.67970582,Local Classics
2679,IET6a926d79abcfa5.64553210,Local Classics
2680,IET6a926d79ac1dc6.84931702,Local Classics
2681,IET6a92864ee25711.13284130,Local Classics
2682,IET6a92864ee2b157.88133053,Local Classics
2683,IET6a92864ee30081.50705825,Local Classics
2684,IET6a92864ee34f27.64261388,Local Classics
2685,IET6a92db94612c22.01812141,Local Classics
2686,IET6a92db946185b2.00600002,Local Classics
2687,IET6a92db9461ce17.26455848,Local Classics
2688,IET6a92f24e080750.62515666,Local Classics
2689,IET6a92f498a8a1d3.49552910,Local Classics
2690,IET6a92f7523f1cb9.57753345,Local Classics
2691,IET6a92fba1a77af9.37965928,Local Classics
2692,IET6a9303f2e6fae4.85286017,Local Classics
2693,IET6a9308f87fbeb9.02519974,Local Classics
2694,IET6a9309571e3c16.85588923,Local Classics
2695,IET6a9309571eab15.84896324,Local Classics
2696,IET6a931c6734eba0.01179304,Local Classics
2697,IET6a9329354510d2.19527741,Local Classics
2698,IET6a932dc93aed90.38630448,Local Classics
2699,IET6a932eadbe89b3.56115732,Local Classics
2700,IET6a93357c254d94.46769785,Local Classics
2701,IET6a93357c25a2b6.67041508,Local Classics
2702,IET6a9335e55ff743.42786456,Local Classics
2703,IET6a9336c032db72.57995729,Local Classics
2704,IET6a9337764a8ae5.49719378,Local Classics
2705,IET6a934e038fb363.38420143,Local Classics
2706,IET6a935581e6c634.58849014,Local Classics
2707,IET6a936c76752519.09995209,Local Classics
2708,IET6a936c767579f8.29359700,Local Classics
2709,IET6a936c7675c1e3.37437477,Local Classics
2710,IET6a936c76760e44.53746042,Local Classics
2711,IET6a936c76766282.46038473,Local Classics
2712,IET6a9374b845d8c3.46055816,Local Classics
2713,IET6a9374b8464bb0.66561798,Local Classics
2714,IET6a93771f597911.67677393,Local Classics
2715,IET6a937f67c51144.22364187,Local Classics
2716,IET6a937f67c56918.32281252,Local Classics
2717,IET6a938176c79074.26636797,Local Classics
2718,IET6a9382e835e6c5.61238761,Local Classics
2719,IET6a9384e5d07f01.88183208,Local Classics
2720,IET6a938d078b5177.45050352,Local Classics
2721,IET6a938d078b98f9.86045520,Local Classics
2722,IET6a9396192ab637.79492867,Local Classics
2723,IET6a940f19bef1e8.12399342,Local Classics
2724,IET6a9414e5b21a24.63481654,Local Classics
2725,IET6a941ede2086a5.71028112,Local Classics
2726,IET6a941ede20e491.59655600,Local Classics
2727,IET6a94284b3b14f9.73993703,Local Classics
2728,IET6a94284b3b5ba2.10800812,Local Classics
2729,IET6a942856277992.27361377,Local Classics
2730,IET6a94285627ce70.49114554,Local Classics
2731,IET6a942856281030.19252736,Local Classics
2732,IET6a9428562851a2.65282055,Local Classics
2733,IET6a942856289462.89806798,Local Classics
2734,IET6a942c66943ad5.85411637,Local Classics
2735,IET6a942c66948a55.81068740,Local Classics
2736,IET6a9438cea22067.19723431,Local Classics
2737,IET6a943a1cde7187.41405658,Local Classics
2738,IET6a943a1cdecce9.14641734,Local Classics
2739,IET6a944248896917.00504282,Local Classics
2740,IET6a9442fa766ba3.16536597,Local Classics
2741,IET6a94435cedead3.34873697,Local Classics
2742,IET6a944575855ab0.07792562,Local Classics
2743,IET6a9455385cdf36.52978963,Local Classics
2744,IET6a9459eb585997.40590127,Local Classics
2745,TK6a8ce59b765c58.09408525,Local Classics C
2746,TK6a8ce604278379.80388643,Local Classics C
2747,TK6a8e222896e711.17719996,Local Classics C
2748,TK6a8e2228c129a8.04382990,Local Classics C
2749,TK6a8e22dcd60340.12735611,Local Classics C
2750,TK6a8e22dd137a13.85413332,Local Classics C
2751,TK6a8e4792084ca2.91362104,Local Classics C
2752,TK6a8e47923889e8.49825733,Local Classics C
2753,TK6a8e4792679031.55712706,Local Classics C
2754,TK6a90e30a5ae9d2.33026905,Local Classics C
2755,TK6a92eb3c8b5b65.52574933,Local Classics C
2756,TK6a93469a508ed9.19595601,Local Classics C
2757,TK6a93469a7e3596.39857539,Local Classics C
2758,IET6a790b74bcda84.32273088,Local Classics F
2759,IET6a790b74bd3194.13830883,Local Classics F
2760,IET6a790b74bd7a04.08170376,Local Classics F
2761,IET6a790b74bdc352.26628570,Local Classics F
2762,IET6a790b74be0b45.68322882,Local Classics F
2763,IET6a79e2059b12c6.41355465,Local Classics F
2764,IET6a8a57bf7ee5b8.02795086,Local Classics F
2765,IET6a8a57bf7f4012.32082461,Local Classics F
2766,IET6a8d84b6601284.88019612,Local Classics F
2767,IET6a8d84b66076a5.54726704,Local Classics F
2768,IET6a931f8dd31f28.09601012,Local Classics F
2769,IET6a931f8dd37537.44306615,Local Classics F
2770,IET6a9339a0965315.95641787,Local Classics F
2771,6D86SC8FMTD0F6Q2,aEarly Local 
2772,RN86T22AMTD0F7KU,aEarly Local 
2773,V186VQYQMTD0F7LO,aEarly Local 
2774,K186VAYNMTD0F7QG,aEarly Local 
2775,H186V3H6MTD0F7R1,aEarly Local 
2776,KD86TSP9MTD0F7Y6,aEarly Local 
2777,9D86X5H7MTD0F82D,aEarly Local 
2778,QH86WY2SMTD0F83E,aEarly Local 
2779,3X86WQWRMTD0F864,aEarly Local 
2780,XS86WF67MTD0F86M,aEarly Local 
2781,C986X1GCMTD0F87A,aEarly Local 
2782,N186XBVJMTD0F87T,aEarly Local 
2783,7986X5FQMTD0F88L,aEarly Local 
2784,5N86W1N8MTD0F897,aEarly Local 
2785,SX86X0N8MTD0F8AI,aEarly Local 
2786,FN86XDKNMTD0F8B1,aEarly Local 
2787,EH86XVEAMTD0F8BN,aEarly Local 
2788,39871ZYCMTD0F8MF,aEarly Local 
2789,HS871131MTD0F8N8,aEarly Local 
2790,0S871BN9MTD0F8TR,aEarly Local 
2791,TH871VKWMTD0F8UG,aEarly Local 
2792,41871H0VMTD0F8V4,aEarly Local 
2793,ND871SEDMTD0F8VW,aEarly Local 
2794,PS870YQAMTD0F8WK,aEarly Local 
2795,1X870PHQMTD0F8XD,aEarly Local 
2796,D5871PPBMTD0F935,aEarly Local 
2797,CH870QBZMTD0F956,aEarly Local 
2798,RH871ZVFMTD0F960,aEarly Local 
2799,5S870VBMMTD0F96L,aEarly Local 
2800,Y9870T1AMTD0F977,aEarly Local 
2801,TS870FA6MTD0F97U,aEarly Local 
2802,PD8704FTMTD0F9CN,aEarly Local 
2803,G1871A43MTD0F9DD,aEarly Local 
2804,ES872C52MTD0F9G3,aEarly Local 
2805,XH873HJGMTD0F9H8,aEarly Local 
2806,BH873Z82MTD0F9MV,aEarly Local 
2807,C98730ZRMTD0F9NK,aEarly Local 
2808,BD874DXYMTD0F9U3,aEarly Local 
2809,718747SQMTD0F9UT,aEarly Local 
2810,C1875W2GMTD0F9VC,aEarly Local 
2811,P9874BX9MTD0F9WF,aEarly Local 
2812,SH875QZ5MTD0F9WZ,aEarly Local 
2813,4H875J5YMTD0F9XL,aEarly Local 
2814,Y5874FFKMTD0F9Y7,aEarly Local 
2815,FN876K0CMTD0FA3D,aEarly Local 
2816,3H876JX1MTD0FA43,aEarly Local 
2817,99879F2VMTD0FA5B,aEarly Local 
2818,6S879YTHMTD0FA64,aEarly Local 
2819,T186SK8KMTD0F69Q,aE Gourmet
2820,QX86SA2VMTD0F6BM,aE Gourmet
2821,5D86SE5VMTD0F6D3,aE Gourmet
2822,9X86R0GAMTD0F6EC,aE Gourmet
2823,5D86RW6QMTD0F6GO,aE Gourmet
2824,9N86SGRGMTD0F6HN,aE Gourmet
2825,MS86RTW1MTD0F6IP,aE Gourmet
2826,F186RN46MTD0F6JQ,aE Gourmet
2827,BX86RV14MTD0F6KO,aE Gourmet
2828,BN86SF76MTD0F6LS,aE Gourmet
2829,4X86RCM2MTD0F6O3,aE Gourmet
2830,3S86SGNHMTD0F6P7,aE Gourmet
2831,BH86R8KFMTD0F6SW,aE Gourmet
2832,0H86SQHEMTD0F6UD,aE Gourmet
2833,BD86RE6TMTD0F6VA,aE Gourmet
2834,9186S9D1MTD0F6WB,aE Gourmet
2835,4986SPCKMTD0F6X9,aE Gourmet
2836,1H86SQMCMTD0F6Y2,aE Gourmet
2837,8986RRBRMTD0F6YR,aE Gourmet
2838,G186R0QDMTD0F6ZQ,aE Gourmet
2839,7X86SM4RMTD0F70H,aE Gourmet
2840,JX86RRYBMTD0F718,aE Gourmet
2841,2986RBKRMTD0F72H,aE Gourmet
2842,8H86R3QMMTD0F73A,aE Gourmet
2843,4X86SHNEMTD0F740,aE Gourmet
2844,C586R1EAMTD0F74P,aE Gourmet
2845,AS86R2K2MTD0F75C,aE Gourmet
2846,4986S233MTD0F75X,aE Gourmet
2847,MH86SCFTMTD0F76M,aE Gourmet
2848,HD86S32EMTD0F775,aE Gourmet
2849,2986SJZPMTD0F77Q,aE Gourmet
2850,MH86SFGZMTD0F789,aE Gourmet
2851,6S86R35DMTD0F78R,aE Gourmet
2852,GH86SWDJMTD0F79D,aE Gourmet
2853,AH86SBX9MTD0F7AI,aE Gourmet
2854,7186RB3KMTD0F7B3,aE Gourmet
2855,JD86R6NAMTD0F7BS,aE Gourmet
2856,BD86R9SJMTD0F7CD,aE Gourmet
2857,RD86S5S5MTD0F7CX,aE Gourmet
2858,TN86SHE4MTD0F7DG,aE Gourmet
2859,2986RHWGMTD0F7EA,aE Gourmet
2860,VH86SZ56MTD0F7ER,aE Gourmet
2861,0986RXQ4MTD0F7FF,aE Gourmet
2862,QH86S6ZYMTD0F7FW,aE Gourmet
2863,2586R942MTD0F7GH,aE Gourmet
2864,XD86RRJWMTD0F7H3,aE Gourmet
2865,2X86STTEMTD0F7HL,aE Gourmet
2866,7N86TG4WMTD0F7JN,aE Gourmet
2867,W586VJNZMTD0F7K8,aE Gourmet
2868,PX86TTQ9MTD0F7MA,aE Gourmet
2869,CD86VBXRMTD0F7MZ,aE Gourmet
2870,B586TCZEMTD0F7P8,aE Gourmet
2871,Q586T5Y0MTD0F7PT,aE Gourmet
2872,6D86V7V8MTD0F7SL,aE Gourmet
2873,WN86V8X6MTD0F7T8,aE Gourmet
2874,HD86VM3CMTD0F7TQ,aE Gourmet
2875,Q586VCTXMTD0F7U9,aE Gourmet
2876,2186VN80MTD0F7US,aE Gourmet
2877,5D86TV19MTD0F7VJ,aE Gourmet
2878,3N86VNZ7MTD0F7W3,aE Gourmet
2879,FH86VK00MTD0F7WN,aE Gourmet
2880,R186V0QTMTD0F7X3,aE Gourmet
2881,PS86VM2YMTD0F7XM,aE Gourmet
2882,GS86TCCJMTD0F7YS,aE Gourmet
2883,K186X83KMTD0F805,aE Gourmet
2884,AX86WJSMMTD0F80S,aE Gourmet
2885,FS86WQNCMTD0F83W,aE Gourmet
2886,D586XQECMTD0F84H,aE Gourmet
2887,D986WJN1MTD0F84Z,aE Gourmet
2888,1186WENWMTD0F85K,aE Gourmet
2889,A986Z984MTD0F8CA,aGourmet
2890,MD86YWTCMTD0F8DN,aGourmet
2891,SD86ZY7KMTD0F8E7,aGourmet
2892,VN86Y41YMTD0F8F3,aGourmet
2893,MD86Y95XMTD0F8FT,aGourmet
2894,M186ZPWAMTD0F8GD,aGourmet
2895,D986YCQZMTD0F8H2,aGourmet
2896,E986Z1Y4MTD0F8HP,aGourmet
2897,0H86ZMBHMTD0F8I9,aGourmet
2898,GN86Y9G3MTD0F8IU,aGourmet
2899,2H86YA3PMTD0F8JE,aGourmet
2900,0D86YYSGMTD0F8K1,aGourmet
2901,2186Z25AMTD0F8L8,aGourmet
2902,T1870QGRMTD0F8NZ,aGourmet
2903,V1871GP4MTD0F8OR,aGourmet
2904,FN871F0YMTD0F8PO,aGourmet
2905,0587038GMTD0F8QK,aGourmet
2906,YH871Y1RMTD0F8RB,aGourmet
2907,11871WMTMTD0F8RZ,aGourmet
2908,WS871GF4MTD0F8SJ,aGourmet
2909,A1871SF0MTD0F8T6,aGourmet
2910,YD870WD6MTD0F8Y0,aGourmet
2911,158706ZYMTD0F8YN,aGourmet
2912,J9871T4PMTD0F8ZE,aGourmet
2913,8S870XAMMTD0F91P,aGourmet
2914,SN870N87MTD0F92F,aGourmet
2915,Q9870KS9MTD0F93V,aGourmet
2916,HD870RM1MTD0F94J,aGourmet
2917,CH870ZBAMTD0F98K,aGourmet
2918,71871TC3MTD0F993,aGourmet
2919,Q98708P9MTD0F99T,aGourmet
2920,A9871213MTD0F9AF,aGourmet
2921,19871Z81MTD0F9B5,aGourmet
2922,CS8712GAMTD0F9BR,aGourmet
2923,FD8731T8MTD0F9E9,aGourmet
2924,VD873Q8YMTD0F9FF,aGourmet
2925,NH872659MTD0F9J2,aGourmet
2926,T58728Z9MTD0F9JT,aGourmet
2927,T1872MTFMTD0F9LJ,aGourmet
2928,EH872JBHMTD0F9M9,aGourmet
2929,5X872J9DMTD0F9O8,aGourmet
2930,YS8724PGMTD0F9OQ,aGourmet
2931,3S8749Z8MTD0F9PA,aGourmet
2932,F18755EXMTD0F9PS,aGourmet
2933,8D875CV3MTD0F9QG,aGourmet
2934,W1875J90MTD0F9TG,aGourmet
2935,9S874XRCMTD0F9VX,aGourmet
2936,79874TQKMTD0F9ZF,aGourmet
2937,YS874642MTD0FA16,aGourmet
2938,C1874XBBMTD0FA1P,aGourmet
2939,XD876RE6MTD0FA27,aGourmet
2940,QD87702BMTD0FA2Q,aGourmet
2941,M187MFR5MTD0FA8V,aGourmet
2942,6X88J17EMTD0FAGZ,aGourmet
2943,WS88Z38XMTD0FALE,aGourmet
2944,JN890B25MTD0FAMA,aGourmet
2945,QH89X818MTD0FAN2,aGourmet
2946,AH8BWYABMTD0FANO,aGourmet
2947,618BYA15MTD0FAOA,aGourmet
2948,JD8D8JN6MTD0FD0A,aGourmet
2949,XD8D9A37MTD0FD0S,aGourmet
2950,SN8DCFBNMTEI3CWF,aGourmet
2951,QS8DDA31MTEMMM13,aGourmet
2952,9D8DDH2DMTESAVEZ,aGourmet
2953,718DD0JAMTESAVFK,aGourmet
2954,BN8DDYDJMTESAVG4,aGourmet
2955,6S8DEQ7MMTF2H3ZT,aGourmet
2956,QH8DFHAPMTFYU3H1,aGourmet
2957,018DFMVGMTFYU3HM,aGourmet
2958,RH874P5BMTD0F9R9,aGourmet F
2959,JH874G0ZMTD0F9S7,aGourmet F
2960,A1875Y60MTD0F9SS,aGourmet F
2961,QH8752MDMTD0FA00,aGourmet F
2962,C5874VTDMTD0FA0O,aGourmet F
2963,9S87RPG9MTD0FA9E,aGourmet F
2964,YH87SM92MTD0FAA1,aGourmet F
2965,H987SMNTMTD0FAAR,aGourmet F
2966,CS87RZEYMTD0FABB,aGourmet F
2967,JH88RQ2AMTD0FAHI,aGourmet F
2968,R588SEMPMTD0FAHZ,aGourmet F
2969,TD88V8Z8MTD0FAIK,aGourmet F
2970,6188VBCWMTD0FAJC,aGourmet F
2971,DH88TJDMMTD0FAK2,aGourmet F
2972,VD8C10FEMTD0FAOT,aGourmet F
2973,XD8C819CMTD0FAQ1,aGourmet F
2974,X98C8V7MMTD0FAQT,aGourmet F
2975,X98CDAWHMTD0FASI,aGourmet F
2976,198CMDT3MTD0FAUQ,aGourmet F
2977,Y18CNMF7MTD0FAVF,aGourmet F
2978,W98CN0H6MTD0FAW6,aGourmet F
2979,8N8CN1WNMTD0FAWW,aGourmet F
2980,7S8CS2BTMTD0FBJW,aGourmet F
2981,BN8CSSQXMTD0FBKR,aGourmet F
2982,RS8CTTNCMTD0FBLG,aGourmet F
2983,V58D0CJJMTD0FBM1,aGourmet F
2984,HN8D1M9YMTD0FBN7,aGourmet F
2985,MS8D7QYSMTD0FCYP,aGourmet F
2986,KS8DEJ3ZMTF59JTE,aGourmet F
2987,CH8DE4A2MTFW1VS0,aGourmet F
2988,ND87G8JPMTD0FA89,aLocal 
2989,EN87Z6HFMTD0FABX,aLocal 
2990,NS87YNPPMTD0FADS,aLocal 
2991,8S886PATMTD0FAEE,aLocal 
2992,ZN887C9EMTD0FAEW,aLocal 
2993,P588BR9QMTD0FAGE,aLocal 
2994,YD8CR479MTD0FBJE,aLocal 
2995,058DACJEMTE16CM3,aLocal 
2996,G98DAYWNMTE16CNT,aLocal 
2997,PN8DDCF0MTEWTSKT,aLocal 
2998,R18DC1ZCMTF1HHBT,aLocal 
2999,0H8DDE22MTF1HHCJ,aLocal 
3000,798DFRZ5MTF66P94,aLocal 
3001,DN8DFB5CMTF66P9T,aLocal 
3002,YN8DE79PMTF66PAP,aLocal 
3003,8X8D2YH2MTD0FBNW,aLocal f
3004,1N8D3KS7MTD0FBPW,aLocal f
3005,718D2TVZMTD0FBQG,aLocal f
3006,2H8D3AVHMTD0FBR1,aLocal f
3007,S18D23EWMTD0FBRP,aLocal f
3008,KS8D4DYYMTD0FCK7,aLocal f
3009,6D8CG4CRMTD0FAT2,aGourmet C
3010,ZX8CHQPEMTD0FATX,aGourmet C
3011,M18CQWNFMTD0FAXL,aGourmet C
3012,JH8CP6BBMTD0FAYD,aGourmet C
3013,918CQQ2VMTD0FAYV,aGourmet C
3014,QN8CQQ8JMTD0FAZF,aGourmet C
3015,XX8CPCE3MTD0FAZX,aGourmet C
3016,HX8CQGREMTD0FB0N,aGourmet C
3017,5S8CPHR8MTD0FB15,aGourmet C
3018,X58CPWARMTD0FB1T,aGourmet C
3019,9X8CPP3QMTD0FB2C,aGourmet C
3020,1N8CQH1TMTD0FB2X,aGourmet C
3021,598D0KP9MTD0FBMN,aGourmet C
3022,WS8D5DXEMTD0FBS7,aGourmet C
3023,R18D47J8MTD0FBSR,aGourmet C
3024,298D5QH5MTD0FBT8,aGourmet C
3025,E58D4X0QMTD0FBTV,aGourmet C
3026,FS8D5ADSMTD0FBUG,aGourmet C
3027,ZN8D5NFCMTD0FBUZ,aGourmet C
3028,ZX8D57KJMTD0FBVI,aGourmet C
3029,6D8D583DMTD0FBW1,aGourmet C
3030,058D5WCKMTD0FBWN,aGourmet C
3031,VN8D5CV9MTD0FBX9,aGourmet C
3032,GD8D5GA7MTD0FBXQ,aGourmet C
3033,TX8D5XCRMTD0FBY8,aGourmet C
3034,A58D5R6WMTD0FBYP,aGourmet C
3035,F58D5990MTD0FBZB,aGourmet C
3036,XN8D5MMCMTD0FBZR,aGourmet C
3037,N18D40W7MTD0FC09,aGourmet C
3038,PN8D5KCPMTD0FC0Q,aGourmet C
3039,RS8D4V41MTD0FC17,aGourmet C
3040,598D594BMTD0FC1T,aGourmet C
3041,YX8D4E5QMTD0FC2A,aGourmet C
3042,V18D5241MTD0FC2S,aGourmet C
3043,4N8D5EVFMTD0FC3B,aGourmet C
3044,AX8D5HF8MTD0FC3S,aGourmet C
3045,M18D55WFMTD0FC4C,aGourmet C
3046,1N8D5KGDMTD0FC4S,aGourmet C
3047,SD8D4ZQRMTD0FC5B,aGourmet C
3048,9N8D4ZKJMTD0FC5T,aGourmet C
3049,W18D4C2PMTD0FC69,aGourmet C
3050,XD8D5X73MTD0FC6U,aGourmet C
3051,A58D54JZMTD0FC7C,aGourmet C
3052,ZD8D4ZEGMTD0FC7T,aGourmet C
3053,WX8D5FGBMTD0FC8A,aGourmet C
3054,XX8D4H3EMTD0FC8Y,aGourmet C
3055,3D8D5Q0YMTD0FC9Z,aGourmet C
3056,018D4W5WMTD0FCAF,aGourmet C
3057,J18D4BEAMTD0FCAW,aGourmet C
3058,1X8D45W7MTD0FCBD,aGourmet C
3059,C18D57RCMTD0FCBV,aGourmet C
3060,2D8D4DR7MTD0FCCG,aGourmet C
3061,8S8D5178MTD0FCCY,aGourmet C
3062,SN8D486BMTD0FCDG,aGourmet C
3063,H98D581BMTD0FCDY,aGourmet C
3064,FX8D5FBWMTD0FCEH,aGourmet C
3065,6H8D5PFQMTD0FCF4,aGourmet C
3066,5N8D4ZKRMTD0FCFP,aGourmet C
3067,VS8D5GZSMTD0FCIL,aGourmet C
3068,CS8D4HA7MTD0FCJ5,aGourmet C
3069,R98D5436MTD0FCJP,aGourmet C
3070,F18D5ECKMTD0FCLC,aGourmet C
3071,0D8D4Q0YMTD0FCLU,aGourmet C
3072,FX8D7SJCMTD0FCOJ,aGourmet C
3073,TD8D6RYHMTD0FCP2,aGourmet C
3074,158D775VMTD0FCPL,aGourmet C
3075,QS8D7WHPMTD0FCQ7,aGourmet C
3076,K58D6TY4MTD0FCQR,aGourmet C
3077,T98D6YSAMTD0FCRB,aGourmet C
3078,N58D7WJBMTD0FCRW,aGourmet C
3079,X98D7FM7MTD0FCSJ,aGourmet C
3080,MX8D60ZJMTD0FCT6,aGourmet C
3081,698D7FV9MTD0FCTU,aGourmet C
3082,JH8D7N23MTD0FCUE,aGourmet C
3083,798D7N8FMTD0FCUY,aGourmet C
3084,FD8D6EB5MTD0FCVG,aGourmet C
3085,R98D67JHMTD0FCW3,aGourmet C
3086,P98D6BQ4MTD0FCWL,aGourmet C
3087,MX8D7H2VMTD0FCX2,aGourmet C
3088,WN8D6T6YMTD0FCXK,aGourmet C
3089,G18D743WMTD0FCZ8,aGourmet C
3090,P98D75E2MTD0FCZR,aGourmet C
3091,0S8D8HBWMTD0FD1U,aGourmet C
3092,D98D9N5ZMTD0FD4X,aGourmet C
3093,8D8D84BMMTD0FD5G,aGourmet C
3094,T58D935ZMTD0FD5Y,aGourmet C
3095,898D9Z91MTD0FD6J,aGourmet C
3096,7D8D9T3QMTD0FD71,aGourmet C
3097,AN8D929JMTD0FD7J,aGourmet C
3098,GD8D9RRAMTD0FD98,aGourmet C
3099,4S8D96Q1MTD0FD9R,aGourmet C
3100,E98D86QGMTD0FDA8,aGourmet C
3101,N18D9DYAMTD0FDAR,aGourmet C
3102,Y18D8MJFMTD0FDBB,aGourmet C
3103,SS8D9NMKMTD0FDBY,aGourmet C
3104,EX8D846GMTD0FDCF,aGourmet C
3105,3H8D8XRSMTD0FDCY,aGourmet C
3106,5D8D84VCMTD0FDDK,aGourmet C
3107,YH8D80Z5MTD0FDE6,aGourmet C
3108,V58D9ZRNMTD0FDES,aGourmet C
3109,1H8D9WZJMTD0FDFH,aGourmet C
3110,VX8D9FN7MTD0FDFZ,aGourmet C
3111,QD8D8CSNMTD0FDGJ,aGourmet C
3112,7N8D9KF8MTD0FDH1,aGourmet C
3113,KN8D8SWZMTD0FDHI,aGourmet C
3114,9X8D8G7PMTD0FDI2,aGourmet C
3115,Z18D8ZZ1MTD0FDIM,aGourmet C
3116,K18D9NGCMTD0FDJ3,aGourmet C
3117,4X8D86HPMTD0FDJL,aGourmet C
3118,XN8D8YWRMTD0FDL5,aGourmet C
3119,S58D9YBYMTD0FDLO,aGourmet C
3120,XD8D98CFMTD0FDM7,aGourmet C
3121,A18D8XJEMTD0FDMQ,aGourmet C
3122,0N8DAEBSMTD0FDNC,aGourmet C
3123,YX8DBCQCMTD0FDNT,aGourmet C
3124,EH8DBMA3MTE16CPG,aGourmet C
3125,8N8DB0CYMTE16CQM,aGourmet C
3126,5N8DAZAHMTE16CRN,aGourmet C
3127,KN8DACVPMTE16CSR,aGourmet C
3128,198DAVB0MTE16CTL,aGourmet C
3129,098DCTYMMTE16CXH,aGourmet C
3130,6H8DD4W9MTE16CY3,aGourmet C
3131,3H8DCDA6MTEDTWQV,aGourmet C
3132,M98DCM9TMTEDTWRF,aGourmet C
3133,V18DD4TKMTEE17R4,aGourmet C
3134,SS8DCBMVMTEE17SD,aGourmet C
3135,158DCBBKMTEGI65H,aGourmet C
3136,2X8DDZTMMTEGI661,aGourmet C
3137,TH8DD5XPMTEP9JI8,aGourmet C
3138,358DD934MTEP9JJ8,aGourmet C
3139,BH8DE0DSMTFCQJ3O,aGourmet C
3140,NN8DF41QMTFFWAHH,aGourmet C
3141,318DFZ2DMTFIINY1,aGourmet C
3142,DS8DEMW3MTFIINYM,aGourmet C
3143,WD8DFKNMMTFIINZ7,aGourmet C
3144,8X8DF96GMTFSMR4X,aGourmet C
3145,2H8DEFGHMTFSMR6J,aGourmet C
3146,2S8DE9ZNMTFSMR7L,aGourmet C
3147,8X8DF2T0MTFSMR8K,aGourmet C
3148,JD8DFG6WMTFSMR9C,aGourmet C
3149,898DFF69MTFSMRA1,aGourmet C
3150,X98DE8WNMTFTQKW8,aGourmet C
3151,MD8DFG3JMTFTQKWX,aGourmet C
3152,XD8DEGQWMTFX9EFS,aGourmet C
3153,818DF1KEMTFX9EGI,aGourmet C
3154,618DF6VAMTFX9EH5,aGourmet C
3155,6D8DED7BMTFX9EHR,aGourmet C
3156,YD8CPPR5MTD0FB3L,aLocal comp
3157,M98CQ1WEMTD0FB45,aLocal comp
3158,2D8CQCHSMTD0FB4R,aLocal comp
3159,RH8CPPD6MTD0FB5D,aLocal comp
3160,ZX8CP7NKMTD0FB5Y,aLocal comp
3161,118CQGQZMTD0FB6M,aLocal comp
3162,M18CPW3KMTD0FB7A,aLocal comp
3163,018CQX2ZMTD0FB81,aLocal comp
3164,C58CPCZGMTD0FB8Q,aLocal comp
3165,H58CP76WMTD0FB9K,aLocal comp
3166,0S8CQEHAMTD0FBAD,aLocal comp
3167,798CQC80MTD0FBB6,aLocal comp
3168,GD8CQ8C5MTD0FBC3,aLocal comp
3169,WS8CP7KYMTD0FBCP,aLocal comp
3170,158CPFQ6MTD0FBD9,aLocal comp
3171,1S8CQJA7MTD0FBDU,aLocal comp
3172,VS8CPT9TMTD0FBEC,aLocal comp
3173,H98CQ3ZYMTD0FBEX,aLocal comp
3174,T58CQFJEMTD0FBFG,aLocal comp
3175,TH8CPEV1MTD0FBFZ,aLocal comp
3176,AS8CQQ2XMTD0FBGI,aLocal comp
3177,YH8CQ4QEMTD0FBH0,aLocal comp
3178,RX8CQMHRMTD0FBHR,aLocal comp
3179,BN8CQJVPMTD0FBIA,aLocal comp
3180,WS8CQFAZMTD0FBIW,aLocal comp
3181,7N8D52KZMTD0FCG8,aLocal comp
3182,CS8D5KW7MTD0FCGT,aLocal comp
3183,1N8D4WR4MTD0FCHC,aLocal comp
3184,Y58D42TZMTD0FCI1,aLocal comp
3185,GS8D91H7MTD0FD1C,aLocal comp
3186,VH8D854JMTD0FD2A,aLocal comp
3187,QS8D91DNMTD0FD84,aLocal comp
3188,A18D8EP5MTD0FD8M,aLocal comp
3189,618D9NCJMTD0FDK3,aLocal comp
3190,K58D8VAQMTD0FDKN,aLocal comp
3191,M98DAK30MTE16CUQ,aLocal comp
3192,YD8DC5THMTE16CVK,aLocal comp
3193,KN8DC5KFMTE16CWS,aLocal comp
3194,HX8DFQVQMTFCMPID,aLocal comp
3195,EH8DFHW6MTFUM7LL,aLocal comp
3196,9N8DENF9MTFUM7M9,aLocal comp
3197,358DE76YMTFUM7N3,aLocal comp
