00101,36234949100101,Kids
00102,63794949100102,Kids
00103,92764949100103,Kids
00104,70234949100104,Kids
00105,96524949100105,Kids
00106,45974949100106,Kids
00107,39554949100107,Kids
00108,32434949100108,Kids
00109,14844949100109,Kids
00110,88804949100110,Kids
00111,90184949100111,Kids
00112,85594949100112,Kids
00113,72634949100113,Kids
00114,96064949100114,Kids
00115,89004949100115,Kids
00116,49864949100116,Kids
00117,50114949100117,Kids
00118,35224949100118,Kids
00119,49184949100119,Kids
00120,48864949100120,Kids
00121,77044949100121,Kids
00122,85154949100122,Kids
00123,69744949100123,Kids
00124,38614949100124,Kids
00125,65994949100125,Kids
00126,86244949100126,Kids
00127,95134949100127,Kids
00128,78914949100128,Kids
00129,68144949100129,Kids
00130,93094949100130,Kids
00131,57214949100131,Kids
00132,87304949100132,Kids
00133,21564949100133,Kids
00134,49624949100134,Kids
00135,39834949100135,Kids
00136,65404949100136,Kids
00137,61974949100137,Kids
00138,26764949100138,Kids
00139,15794949100139,Kids
00140,77864949100140,Kids
00141,46054949100141,Kids
00142,32614949100142,Kids
00143,56454949100143,Kids
00144,73764949100144,Kids
00145,87214949100145,Kids
00146,25074949100146,Kids
00147,23724949100147,Kids
00148,90494949100148,Kids
00149,33874949100149,Kids
00150,37024949100150,Kids
00151,94594949100151,Kids
00152,30204949100152,Kids
00153,50234949100153,Kids
00154,53964949100154,Kids
00155,48194949100155,Kids
00156,88664949100156,Kids
00157,49584949100157,Kids
00158,94174949100158,Kids
00159,15274949100159,Kids
00160,36734949100160,Kids
00161,50044949100161,Kids
00162,41404949100162,Kids
00163,80274949100163,Kids
00164,54164949100164,Kids
00165,12894949100165,Kids
00166,39964949100166,Kids
00167,85874949100167,Kids
00168,56114949100168,Kids
00169,63294949100169,Kids
00170,12414949100170,Kids
00171,89954949100171,Kids
00172,32004949100172,Kids
00173,13664949100173,Kids
00174,99744949100174,Kids
00175,35224949100175,Kids
00176,46924949100176,Kids
00177,79314949100177,Kids
00178,44014949100178,Kids
00179,71134949100179,Kids
00180,85524949100180,Kids
00181,86914949100181,Kids
00182,33474949100182,Kids
00183,88534949100183,Kids
00184,98484949100184,Kids
00185,55094949100185,Kids
00186,40284949100186,Kids
00187,86604949100187,Kids
00188,71344949100188,Kids
00189,77834949100189,Kids
00190,80594949100190,Kids
00191,22444949100191,Kids
00192,25944949100192,Kids
00193,50244949100193,Kids
00194,47304949100194,Kids
00195,43064949100195,Kids
00196,44334949100196,Kids
00197,46774949100197,Kids
00198,15114949100198,Kids
00199,19974949100199,Kids
00200,45174949100200,Kids
00201,92064949100201,Kids
00202,28224949100202,Kids
00203,96124949100203,Kids
00204,32664949100204,Kids
00205,44214949100205,Kids
00206,90524949100206,Kids
00207,85554949100207,Kids
00208,97884949100208,Kids
00209,40514949100209,Kids
00210,88194949100210,Kids
00211,65314949100211,Kids
00212,82784949100212,Kids
00213,65794949100213,Kids
00214,94894949100214,Kids
00215,90054949100215,Kids
00216,76524949100216,Kids
00217,83164949100217,Kids
00218,69414949100218,Kids
00219,19054949100219,Kids
00220,34434949100220,Kids
00221,97324949100221,Kids
00222,25824949100222,Kids
00223,85704949100223,Kids
00224,49364949100224,Kids
00225,60314949100225,Kids
00226,46114949100226,Kids
00227,49644949100227,Kids
00228,15624949100228,Kids
00229,69784949100229,Kids
00230,45394949100230,Kids
00231,81174949100231,Kids
00232,35404949100232,Kids
00233,49844949100233,Kids
00234,99514949100234,Kids
00235,48354949100235,Kids
00236,37644949100236,Kids
00237,84274949100237,Kids
00238,75264949100238,Kids
00239,86524949100239,Kids
00240,49464949100240,Kids
00241,52344949100241,Kids
00242,92944949100242,Kids
00243,20324949100243,Kids
00244,40074949100244,Kids
00245,97074949100245,Kids
00246,21614949100246,Kids
00247,68214949100247,Kids
00248,57144949100248,Kids
00249,36044949100249,Kids
00250,76694949100250,Kids
00251,39574949100251,Kids
00252,25764949100252,Kids
00253,54614949100253,Kids
00254,90144949100254,Kids
00255,84134949100255,Kids
00256,19814949100256,Kids
00257,71804949100257,Kids
00258,63124949100258,Kids
00259,24084949100259,Kids
00260,15864949100260,Kids
00261,28484949100261,Kids
00262,21114949100262,Kids
00263,58554949100263,Kids
00264,29614949100264,Kids
00265,18194949100265,Kids
00266,71614949100266,Kids
00267,50704949100267,Kids
00268,94764949100268,Kids
00269,80424949100269,Kids
00270,34274949100270,Kids
00271,97174949100271,Kids
00272,84474949100272,Kids
00273,16394949100273,Kids
00274,83564949100274,Kids
00275,40204949100275,Kids
00276,95194949100276,Kids
00277,37334949100277,Kids
00278,63924949100278,Kids
00279,82084949100279,Kids
00280,43144949100280,Kids
00281,85254949100281,Kids
00282,87424949100282,Kids
00283,72254949100283,Kids
00284,93134949100284,Kids
00285,76264949100285,Kids
00286,73914949100286,Kids
00287,76774949100287,Kids
00288,30094949100288,Kids
00289,76294949100289,Kids
00290,33674949100290,Kids
00291,70434949100291,Kids
00292,92834949100292,Kids
00293,49434949100293,Kids
00294,12594949100294,Kids
00295,11184949100295,Kids
00296,30604949100296,Kids
00297,78664949100297,Kids
00298,59804949100298,Kids
00299,27234949100299,Kids
00300,71844949100300,Kids
00301,69204949100301,Kids
00302,37864949100302,Kids
00303,86574949100303,Kids
00304,25734949100304,Kids
00305,14214949100305,Kids
00306,85364949100306,Kids
00307,49034949100307,Kids
00308,25994949100308,Kids
00309,13114949100309,Kids
00310,22154949100310,Kids
00311,10724949100311,Kids
00312,37334949100312,Kids
00313,42384949100313,Kids
00314,36914949100314,Kids
00315,41144949100315,Kids
00316,14374949100316,Kids
00317,18834949100317,Kids
00318,47414949100318,Kids
00319,32714949100319,Kids
00320,83014949100320,Kids
00321,65334949100321,Kids
00322,73054949100322,Kids
00323,22764949100323,Kids
00324,24384949100324,Kids
00325,79184949100325,Kids
00326,90134949100326,Kids
00327,88094949100327,Kids
00328,41194949100328,Kids
00329,42844949100329,Kids
00330,89414949100330,Kids
00331,81994949100331,Kids
00332,16694949100332,Kids
00333,87184949100333,Kids
00334,66344949100334,Kids
00335,23804949100335,Kids
00336,56044949100336,Kids
00337,37364949100337,Kids
00338,33664949100338,Kids
00339,60874949100339,Kids
00340,60244949100340,Kids
00341,60984949100341,Kids
00342,56594949100342,Kids
00343,93184949100343,Kids
00344,42534949100344,Kids
00345,78984949100345,Kids
00346,40484949100346,Kids
00347,50314949100347,Kids
00348,17284949100348,Kids
00349,98864949100349,Kids
00350,80954949100350,Kids
00351,10994949100351,Kids
00352,91404949100352,Kids
00353,30494949100353,Kids
00354,26604949100354,Kids
00355,75134949100355,Kids
00356,38304949100356,Kids
00357,64314949100357,Kids
00358,54064949100358,Kids
00359,78374949100359,Kids
00360,64204949100360,Kids
00361,82264949100361,Kids
00362,95764949100362,Kids
00363,49084949100363,Kids
00364,67114949100364,Kids
00365,80934949100365,Kids
00366,10044949100366,Kids
00367,57904949100367,Kids
00368,88214949100368,Kids
00369,77404949100369,Kids
00370,43774949100370,Kids
00371,89784949100371,Kids
00372,65784949100372,Kids
00373,37514949100373,Kids
00374,57574949100374,Kids
00375,28544949100375,Kids
00376,61554949100376,Kids
00377,96624949100377,Kids
00378,33434949100378,Kids
00379,23824949100379,Kids
00380,59674949100380,Kids
00381,82964949100381,Kids
00382,64874949100382,Kids
00383,70674949100383,Kids
00384,58074949100384,Kids
00385,53324949100385,Kids
00386,99594949100386,Kids
00387,61604949100387,Kids
00388,92414949100388,Kids
00389,41384949100389,Kids
00390,64674949100390,Kids
00391,41074949100391,Kids
00392,12444949100392,Kids
00393,98514949100393,Kids
00394,14154949100394,Kids
00395,32534949100395,Kids
00396,90924949100396,Kids
00397,87014949100397,Kids
00398,29254949100398,Kids
00399,67934949100399,Kids
00400,35084949100400,Kids
00401,35924949200401,Adults
00402,51004949200402,Adults
00403,59844949200403,Adults
00404,90414949200404,Adults
00405,69254949200405,Adults
00406,95394949200406,Adults
00407,55854949200407,Adults
00408,97204949200408,Adults
00409,86874949200409,Adults
00410,41084949200410,Adults
00411,65724949200411,Adults
00412,99354949200412,Adults
00413,97664949200413,Adults
00414,69464949200414,Adults
00415,90824949200415,Adults
00416,75824949200416,Adults
00417,35394949200417,Adults
00418,47384949200418,Adults
00419,86244949200419,Adults
00420,54524949200420,Adults
00421,46954949200421,Adults
00422,12304949200422,Adults
00423,35274949200423,Adults
00424,68714949200424,Adults
00425,83144949200425,Adults
00426,49894949200426,Adults
00427,46414949200427,Adults
00428,45954949200428,Adults
00429,51984949200429,Adults
00430,14304949200430,Adults
00431,22984949200431,Adults
00432,79424949200432,Adults
00433,84444949200433,Adults
00434,80664949200434,Adults
00435,75084949200435,Adults
00436,91954949200436,Adults
00437,12794949200437,Adults
00438,60394949200438,Adults
00439,54194949200439,Adults
00440,62314949200440,Adults
00441,41284949200441,Adults
00442,88744949200442,Adults
00443,10094949200443,Adults
00444,94154949200444,Adults
00445,89534949200445,Adults
00446,75034949200446,Adults
00447,40524949200447,Adults
00448,57484949200448,Adults
00449,58274949200449,Adults
00450,75254949200450,Adults
00451,73124949200451,Adults
00452,62444949200452,Adults
00453,27584949200453,Adults
00454,57234949200454,Adults
00455,30014949200455,Adults
00456,55844949200456,Adults
00457,27724949200457,Adults
00458,48314949200458,Adults
00459,14784949200459,Adults
00460,69984949200460,Adults
00461,12404949200461,Adults
00462,35484949200462,Adults
00463,72084949200463,Adults
00464,44084949200464,Adults
00465,34564949200465,Adults
00466,68074949200466,Adults
00467,59594949200467,Adults
00468,28224949200468,Adults
00469,84654949200469,Adults
00470,22854949200470,Adults
00471,82604949200471,Adults
00472,49674949200472,Adults
00473,41414949200473,Adults
00474,21744949200474,Adults
00475,50994949200475,Adults
00476,91884949200476,Adults
00477,95134949200477,Adults
00478,61924949200478,Adults
00479,68804949200479,Adults
00480,95844949200480,Adults
00481,23514949200481,Adults
00482,28534949200482,Adults
00483,36284949200483,Adults
00484,73994949200484,Adults
00485,19834949200485,Adults
00486,89794949200486,Adults
00487,84354949200487,Adults
00488,66634949200488,Adults
00489,13804949200489,Adults
00490,34704949200490,Adults
00491,41714949200491,Adults
00492,30844949200492,Adults
00493,94824949200493,Adults
00494,73134949200494,Adults
00495,94314949200495,Adults
00496,21864949200496,Adults
00497,57824949200497,Adults
00498,38544949200498,Adults
00499,27434949200499,Adults
00500,37014949200500,Adults
00501,51424949200501,Adults
00502,53104949200502,Adults
00503,20164949200503,Adults
00504,62104949200504,Adults
00505,78824949200505,Adults
00506,45364949200506,Adults
00507,22474949200507,Adults
00508,50344949200508,Adults
00509,61044949200509,Adults
00510,10424949200510,Adults
00511,54754949200511,Adults
00512,13734949200512,Adults
00513,12694949200513,Adults
00514,22524949200514,Adults
00515,79794949200515,Adults
00516,46984949200516,Adults
00517,60264949200517,Adults
00518,90304949200518,Adults
00519,77384949200519,Adults
00520,13914949200520,Adults
00521,32944949200521,Adults
00522,34394949200522,Adults
00523,51274949200523,Adults
00524,66344949200524,Adults
00525,65834949200525,Adults
00526,17554949200526,Adults
00527,58744949200527,Adults
00528,15564949200528,Adults
00529,55794949200529,Adults
00530,17384949200530,Adults
00531,82644949200531,Adults
00532,76144949200532,Adults
00533,39664949200533,Adults
00534,41454949200534,Adults
00535,15924949200535,Adults
00536,12414949200536,Adults
00537,55094949200537,Adults
00538,94934949200538,Adults
00539,28614949200539,Adults
00540,17354949200540,Adults
00541,23804949200541,Adults
00542,80834949200542,Adults
00543,57414949200543,Adults
00544,83954949200544,Adults
00545,17354949200545,Adults
00546,82534949200546,Adults
00547,37734949200547,Adults
00548,29224949200548,Adults
00549,95444949200549,Adults
00550,39074949200550,Adults
00551,68144949200551,Adults
00552,80464949200552,Adults
00553,76724949200553,Adults
00554,72684949200554,Adults
00555,57504949200555,Adults
00556,44304949200556,Adults
00557,51984949200557,Adults
00558,29054949200558,Adults
00559,24424949200559,Adults
00560,28014949200560,Adults
00561,20044949200561,Adults
00562,29914949200562,Adults
00563,59314949200563,Adults
00564,13444949200564,Adults
00565,85934949200565,Adults
00566,58204949200566,Adults
00567,38954949200567,Adults
00568,83424949200568,Adults
00569,51774949200569,Adults
00570,15784949200570,Adults
00571,83454949200571,Adults
00572,40714949200572,Adults
00573,19984949200573,Adults
00574,73494949200574,Adults
00575,45874949200575,Adults
00576,39334949200576,Adults
00577,29064949200577,Adults
00578,53904949200578,Adults
00579,14144949200579,Adults
00580,68514949200580,Adults
00581,71944949200581,Adults
00582,96394949200582,Adults
00583,25714949200583,Adults
00584,89124949200584,Adults
00585,46694949200585,Adults
00586,84894949200586,Adults
00587,74484949200587,Adults
00588,12534949200588,Adults
00589,89834949200589,Adults
00590,87944949200590,Adults
00591,50404949200591,Adults
00592,62014949200592,Adults
00593,32114949200593,Adults
00594,11434949200594,Adults
00595,61484949200595,Adults
00596,76694949200596,Adults
00597,46794949200597,Adults
00598,83684949200598,Adults
00599,58304949200599,Adults
00600,97934949200600,Adults
00601,62714903100601,CHILD $100
00602,81884903100602,CHILD $100
00603,15804903100603,CHILD $100
00604,99154903100604,CHILD $100
00605,75654903100605,CHILD $100
00606,90814903100606,CHILD $100
00607,48274903100607,CHILD $100
00608,26474903100608,CHILD $100
00609,62064903100609,CHILD $100
00610,39074903100610,CHILD $100
00611,53594903100611,CHILD $100
00612,32764903100612,CHILD $100
00613,88934903100613,CHILD $100
00614,23774903100614,CHILD $100
00615,16034903100615,CHILD $100
00616,58384903100616,CHILD $100
00617,25794903100617,CHILD $100
00618,14514903100618,CHILD $100
00619,32404903100619,CHILD $100
00620,65964903100620,CHILD $100
00621,35434903100621,CHILD $100
00622,91004903100622,CHILD $100
00623,49194903100623,CHILD $100
00624,19244903100624,CHILD $100
00625,97204903100625,CHILD $100
00626,73284903100626,CHILD $100
00627,71984903100627,CHILD $100
00628,64524903100628,CHILD $100
00629,92874903100629,CHILD $100
00630,74264903100630,CHILD $100
00631,37584903100631,CHILD $100
00632,14564903100632,CHILD $100
00633,94774903100633,CHILD $100
00634,85004903100634,CHILD $100
00635,68484903100635,CHILD $100
00636,24964903100636,CHILD $100
00637,46704903100637,CHILD $100
00638,32304903100638,CHILD $100
00639,29944903100639,CHILD $100
00640,33134903100640,CHILD $100
00641,97114903100641,CHILD $100
00642,38844903100642,CHILD $100
00643,99464903100643,CHILD $100
00644,29604903100644,CHILD $100
00645,54984903100645,CHILD $100
00646,75884903100646,CHILD $100
00647,98904903100647,CHILD $100
00648,82024903100648,CHILD $100
00649,38004903100649,CHILD $100
00650,88434903100650,CHILD $100
00651,18924903100651,CHILD $100
00652,21534903100652,CHILD $100
00653,63444903100653,CHILD $100
00654,52854903100654,CHILD $100
00655,26034903100655,CHILD $100
00656,51614903100656,CHILD $100
00657,21364903100657,CHILD $100
00658,57024903100658,CHILD $100
00659,42194903100659,CHILD $100
00660,29604903100660,CHILD $100
00661,30464903100661,CHILD $100
00662,43034903100662,CHILD $100
00663,66774903100663,CHILD $100
00664,30524903100664,CHILD $100
00665,96274903100665,CHILD $100
00666,22334903100666,CHILD $100
00667,71084903100667,CHILD $100
00668,33494903100668,CHILD $100
00669,62074903100669,CHILD $100
00670,43324903100670,CHILD $100
00671,95474903100671,CHILD $100
00672,80674903100672,CHILD $100
00673,32014903100673,CHILD $100
00674,91624903100674,CHILD $100
00675,98784903100675,CHILD $100
00676,98624903100676,CHILD $100
00677,96984903100677,CHILD $100
00678,12634903100678,CHILD $100
00679,10434903100679,CHILD $100
00680,12274903100680,CHILD $100
00681,82934903100681,CHILD $100
00682,86714903100682,CHILD $100
00683,74884903100683,CHILD $100
00684,61224903100684,CHILD $100
00685,41554903100685,CHILD $100
00686,96884903100686,CHILD $100
00687,48784903100687,CHILD $100
00688,58784903100688,CHILD $100
00689,43624903100689,CHILD $100
00690,38934903100690,CHILD $100
00691,40384903100691,CHILD $100
00692,23284903100692,CHILD $100
00693,84774903100693,CHILD $100
00694,44084903100694,CHILD $100
00695,21634903100695,CHILD $100
00696,21994903100696,CHILD $100
00697,13784903100697,CHILD $100
00698,54144903100698,CHILD $100
00699,82684903100699,CHILD $100
00700,37564903100700,CHILD $100
00701,23324903100701,CHILD $100
00702,59204903100702,CHILD $100
00703,78944903100703,CHILD $100
00704,36924903100704,CHILD $100
00705,83274903100705,CHILD $100
00706,87744903100706,CHILD $100
00707,20614903100707,CHILD $100
00708,62644903100708,CHILD $100
00709,26514903100709,CHILD $100
00710,39304903100710,CHILD $100
00711,34644903100711,CHILD $100
00712,76914903100712,CHILD $100
00713,17144903100713,CHILD $100
00714,79654903100714,CHILD $100
00715,79364903100715,CHILD $100
00716,97864903100716,CHILD $100
00717,51334903100717,CHILD $100
00718,68444903100718,CHILD $100
00719,41494903100719,CHILD $100
00720,88564903100720,CHILD $100
00721,20554903100721,CHILD $100
00722,89334903100722,CHILD $100
00723,35604903100723,CHILD $100
00724,48344903100724,CHILD $100
00725,67394903100725,CHILD $100
00726,12724903100726,CHILD $100
00727,96204903100727,CHILD $100
00728,36764903100728,CHILD $100
00729,63844903100729,CHILD $100
00730,70784903100730,CHILD $100
00731,72324903100731,CHILD $100
00732,39984903100732,CHILD $100
00733,12024903100733,CHILD $100
00734,15264903100734,CHILD $100
00735,84414903100735,CHILD $100
00736,39684903100736,CHILD $100
00737,17514903100737,CHILD $100
00738,97504903100738,CHILD $100
00739,13994903100739,CHILD $100
00740,14474903100740,CHILD $100
00741,15134903100741,CHILD $100
00742,91224903100742,CHILD $100
00743,95604903100743,CHILD $100
00744,53774903100744,CHILD $100
00745,57194903100745,CHILD $100
00746,47564903100746,CHILD $100
00747,91434903100747,CHILD $100
00748,44274903100748,CHILD $100
00749,84324903100749,CHILD $100
00750,82814903100750,CHILD $100
00751,18234903100751,CHILD $100
00752,98764903100752,CHILD $100
00753,78714903100753,CHILD $100
00754,98534903100754,CHILD $100
00755,86904903100755,CHILD $100
00756,17634903100756,CHILD $100
00757,59884903100757,CHILD $100
00758,64254903100758,CHILD $100
00759,34594903100759,CHILD $100
00760,32674903100760,CHILD $100
00761,13034903100761,CHILD $100
00762,52544903100762,CHILD $100
00763,99074903100763,CHILD $100
00764,43574903100764,CHILD $100
00765,19724903100765,CHILD $100
00766,26794903100766,CHILD $100
00767,35934903100767,CHILD $100
00768,46784903100768,CHILD $100
00769,51244903100769,CHILD $100
00770,11234903100770,CHILD $100
00771,48004903100771,CHILD $100
00772,46914903100772,CHILD $100
00773,54384903100773,CHILD $100
00774,13714903100774,CHILD $100
00775,27414903100775,CHILD $100
00776,80674903100776,CHILD $100
00777,59654903100777,CHILD $100
00778,60764903100778,CHILD $100
00779,80144903100779,CHILD $100
00780,83244903100780,CHILD $100
00781,42124903100781,CHILD $100
00782,75324903100782,CHILD $100
00783,83044903100783,CHILD $100
00784,47204903100784,CHILD $100
00785,74674903100785,CHILD $100
00786,46864903100786,CHILD $100
00787,73384903100787,CHILD $100
00788,23934903100788,CHILD $100
00789,53804903100789,CHILD $100
00790,44004903100790,CHILD $100
00791,30824903100791,CHILD $100
00792,57514903100792,CHILD $100
00793,77894903100793,CHILD $100
00794,69754903100794,CHILD $100
00795,42004903100795,CHILD $100
00796,51134903100796,CHILD $100
00797,37984903100797,CHILD $100
00798,29114903100798,CHILD $100
00799,37584903100799,CHILD $100
00800,16014903100800,CHILD $100
00801,41064903100801,CHILD $100
00802,79224903100802,CHILD $100
00803,91694903100803,CHILD $100
00804,72784903100804,CHILD $100
00805,45854903100805,CHILD $100
00806,12064903100806,CHILD $100
00807,24094903100807,CHILD $100
00808,25414903100808,CHILD $100
00809,61074903100809,CHILD $100
00810,99554903100810,CHILD $100
00811,14564903100811,CHILD $100
00812,37604903100812,CHILD $100
00813,96254903100813,CHILD $100
00814,71294903100814,CHILD $100
00815,70024903100815,CHILD $100
00816,71684903100816,CHILD $100
00817,44994903100817,CHILD $100
00818,94604903100818,CHILD $100
00819,54074903100819,CHILD $100
00820,70074903100820,CHILD $100
00821,40714903100821,CHILD $100
00822,67284903100822,CHILD $100
00823,98964903100823,CHILD $100
00824,69104903100824,CHILD $100
00825,25014903100825,CHILD $100
00826,12724903100826,CHILD $100
00827,50174903100827,CHILD $100
00828,65484903100828,CHILD $100
00829,58384903100829,CHILD $100
00830,47544903100830,CHILD $100
00831,13404903100831,CHILD $100
00832,85194903100832,CHILD $100
00833,23524903100833,CHILD $100
00834,11804903100834,CHILD $100
00835,24154903100835,CHILD $100
00836,94894903100836,CHILD $100
00837,71084903100837,CHILD $100
00838,21594903100838,CHILD $100
00839,99714903100839,CHILD $100
00840,25814903100840,CHILD $100
00841,98024903100841,CHILD $100
00842,54264903100842,CHILD $100
00843,43744903100843,CHILD $100
00844,90144903100844,CHILD $100
00845,58304903100845,CHILD $100
00846,96014903100846,CHILD $100
00847,83214903100847,CHILD $100
00848,40034903100848,CHILD $100
00849,26224903100849,CHILD $100
00850,42084903100850,CHILD $100
00851,88054903100851,CHILD $100
00852,68864903100852,CHILD $100
00853,12184903100853,CHILD $100
00854,69404903100854,CHILD $100
00855,73094903100855,CHILD $100
00856,25264903100856,CHILD $100
00857,70944903100857,CHILD $100
00858,41744903100858,CHILD $100
00859,92634903100859,CHILD $100
00860,89434903100860,CHILD $100
00861,72474903100861,CHILD $100
00862,17394903100862,CHILD $100
00863,67474903100863,CHILD $100
00864,32154903100864,CHILD $100
00865,35174903100865,CHILD $100
00866,59264903100866,CHILD $100
00867,84414903100867,CHILD $100
00868,26074903100868,CHILD $100
00869,31664903100869,CHILD $100
00870,67624903100870,CHILD $100
00871,88354903100871,CHILD $100
00872,39674903100872,CHILD $100
00873,27074903100873,CHILD $100
00874,85194903100874,CHILD $100
00875,46754903100875,CHILD $100
00876,63714903100876,CHILD $100
00877,99834903100877,CHILD $100
00878,84814903100878,CHILD $100
00879,46684903100879,CHILD $100
00880,90044903100880,CHILD $100
00881,54944903100881,CHILD $100
00882,49624903100882,CHILD $100
00883,54374903100883,CHILD $100
00884,23114903100884,CHILD $100
00885,49754903100885,CHILD $100
00886,75674903100886,CHILD $100
00887,57264903100887,CHILD $100
00888,63784903100888,CHILD $100
00889,72244903100889,CHILD $100
00890,47154903100890,CHILD $100
00891,48464903100891,CHILD $100
00892,35814903100892,CHILD $100
00893,71824903100893,CHILD $100
00894,53964903100894,CHILD $100
00895,33854903100895,CHILD $100
00896,84684903100896,CHILD $100
00897,22604903100897,CHILD $100
00898,21944903100898,CHILD $100
00899,61564903100899,CHILD $100
00900,49104903100900,CHILD $100
00901,99134903200901,ADULT $120
00902,85464903200902,ADULT $120
00903,94064903200903,ADULT $120
00904,24824903200904,ADULT $120
00905,64774903200905,ADULT $120
00906,82654903200906,ADULT $120
00907,82654903200907,ADULT $120
00908,51094903200908,ADULT $120
00909,32404903200909,ADULT $120
00910,63004903200910,ADULT $120
00911,64484903200911,ADULT $120
00912,89544903200912,ADULT $120
00913,77704903200913,ADULT $120
00914,97514903200914,ADULT $120
00915,12114903200915,ADULT $120
00916,25644903200916,ADULT $120
00917,55004903200917,ADULT $120
00918,21424903200918,ADULT $120
00919,65534903200919,ADULT $120
00920,52504903200920,ADULT $120
00921,65484903200921,ADULT $120
00922,99254903200922,ADULT $120
00923,66714903200923,ADULT $120
00924,87404903200924,ADULT $120
00925,47994903200925,ADULT $120
00926,92584903200926,ADULT $120
00927,16594903200927,ADULT $120
00928,20614903200928,ADULT $120
00929,22354903200929,ADULT $120
00930,60134903200930,ADULT $120
00931,14654903200931,ADULT $120
00932,76824903200932,ADULT $120
00933,85064903200933,ADULT $120
00934,10434903200934,ADULT $120
00935,40924903200935,ADULT $120
00936,29064903200936,ADULT $120
00937,67694903200937,ADULT $120
00938,26974903200938,ADULT $120
00939,30524903200939,ADULT $120
00940,55104903200940,ADULT $120
00941,27564903200941,ADULT $120
00942,55894903200942,ADULT $120
00943,60684903200943,ADULT $120
00944,86344903200944,ADULT $120
00945,41084903200945,ADULT $120
00946,76094903200946,ADULT $120
00947,20314903200947,ADULT $120
00948,79254903200948,ADULT $120
00949,19504903200949,ADULT $120
00950,21934903200950,ADULT $120
00951,21974903200951,ADULT $120
00952,39224903200952,ADULT $120
00953,87214903200953,ADULT $120
00954,88354903200954,ADULT $120
00955,26454903200955,ADULT $120
00956,67044903200956,ADULT $120
00957,82544903200957,ADULT $120
00958,68564903200958,ADULT $120
00959,29774903200959,ADULT $120
00960,67734903200960,ADULT $120
00961,70984903200961,ADULT $120
00962,64164903200962,ADULT $120
00963,92734903200963,ADULT $120
00964,22034903200964,ADULT $120
00965,71014903200965,ADULT $120
00966,47834903200966,ADULT $120
00967,32964903200967,ADULT $120
00968,10224903200968,ADULT $120
00969,72384903200969,ADULT $120
00970,78444903200970,ADULT $120
00971,39394903200971,ADULT $120
00972,78564903200972,ADULT $120
00973,76884903200973,ADULT $120
00974,88784903200974,ADULT $120
00975,49354903200975,ADULT $120
00976,38264903200976,ADULT $120
00977,71624903200977,ADULT $120
00978,55654903200978,ADULT $120
00979,48054903200979,ADULT $120
00980,96764903200980,ADULT $120
00981,24804903200981,ADULT $120
00982,12544903200982,ADULT $120
00983,30644903200983,ADULT $120
00984,71754903200984,ADULT $120
00985,84014903200985,ADULT $120
00986,84774903200986,ADULT $120
00987,76734903200987,ADULT $120
00988,67524903200988,ADULT $120
00989,77034903200989,ADULT $120
00990,97214903200990,ADULT $120
00991,87434903200991,ADULT $120
00992,93874903200992,ADULT $120
00993,25074903200993,ADULT $120
00994,14344903200994,ADULT $120
00995,84884903200995,ADULT $120
00996,67544903200996,ADULT $120
00997,48554903200997,ADULT $120
00998,42974903200998,ADULT $120
00999,84264903200999,ADULT $120
01000,16084903201000,ADULT $120
01001,25434903201001,ADULT $120
01002,37394903201002,ADULT $120
01003,78354903201003,ADULT $120
01004,34284903201004,ADULT $120
01005,81944903201005,ADULT $120
01006,97004903201006,ADULT $120
01007,44544903201007,ADULT $120
01008,83084903201008,ADULT $120
01009,25904903201009,ADULT $120
01010,16524903201010,ADULT $120
01011,64384903201011,ADULT $120
01012,80984903201012,ADULT $120
01013,62464903201013,ADULT $120
01014,18554903201014,ADULT $120
01015,15604903201015,ADULT $120
01016,17924903201016,ADULT $120
01017,92434903201017,ADULT $120
01018,68834903201018,ADULT $120
01019,96634903201019,ADULT $120
01020,91674903201020,ADULT $120
01021,23044903201021,ADULT $120
01022,23844903201022,ADULT $120
01023,23674903201023,ADULT $120
01024,56854903201024,ADULT $120
01025,11184903201025,ADULT $120
01026,70974903201026,ADULT $120
01027,50174903201027,ADULT $120
01028,36184903201028,ADULT $120
01029,99234903201029,ADULT $120
01030,21184903201030,ADULT $120
01031,28904903201031,ADULT $120
01032,94474903201032,ADULT $120
01033,53374903201033,ADULT $120
01034,64124903201034,ADULT $120
01035,26464903201035,ADULT $120
01036,15074903201036,ADULT $120
01037,34284903201037,ADULT $120
01038,15874903201038,ADULT $120
01039,60324903201039,ADULT $120
01040,88654903201040,ADULT $120
01041,30474903201041,ADULT $120
01042,29004903201042,ADULT $120
01043,38384903201043,ADULT $120
01044,34734903201044,ADULT $120
01045,34064903201045,ADULT $120
01046,65274903201046,ADULT $120
01047,80914903201047,ADULT $120
01048,15514903201048,ADULT $120
01049,59054903201049,ADULT $120
01050,20824903201050,ADULT $120
01051,55204903201051,ADULT $120
01052,52314903201052,ADULT $120
01053,92104903201053,ADULT $120
01054,53764903201054,ADULT $120
01055,32524903201055,ADULT $120
01056,94464903201056,ADULT $120
01057,65854903201057,ADULT $120
01058,34384903201058,ADULT $120
01059,47644903201059,ADULT $120
01060,20744903201060,ADULT $120
01061,34634903201061,ADULT $120
01062,97744903201062,ADULT $120
01063,60914903201063,ADULT $120
01064,23234903201064,ADULT $120
01065,12794903201065,ADULT $120
01066,48964903201066,ADULT $120
01067,32774903201067,ADULT $120
01068,23754903201068,ADULT $120
01069,15474903201069,ADULT $120
01070,50684903201070,ADULT $120
01071,20764903201071,ADULT $120
01072,12774903201072,ADULT $120
01073,31904903201073,ADULT $120
01074,73404903201074,ADULT $120
01075,29094903201075,ADULT $120
01076,50814903201076,ADULT $120
01077,21144903201077,ADULT $120
01078,88024903201078,ADULT $120
01079,60644903201079,ADULT $120
01080,22364903201080,ADULT $120
01081,20414903201081,ADULT $120
01082,11074903201082,ADULT $120
01083,11524903201083,ADULT $120
01084,42234903201084,ADULT $120
01085,95804903201085,ADULT $120
01086,32294903201086,ADULT $120
01087,38054903201087,ADULT $120
01088,74534903201088,ADULT $120
01089,45674903201089,ADULT $120
01090,64864903201090,ADULT $120
01091,46364903201091,ADULT $120
01092,24054903201092,ADULT $120
01093,26294903201093,ADULT $120
01094,28014903201094,ADULT $120
01095,14374903201095,ADULT $120
01096,30134903201096,ADULT $120
01097,30234903201097,ADULT $120
01098,62204903201098,ADULT $120
01099,66344903201099,ADULT $120
01100,63114903201100,ADULT $120
01101,17074903301101,VIP
01102,46754903301102,VIP
01103,29904903301103,VIP
01104,83244903301104,VIP
01105,66744903301105,VIP
01106,40044903301106,VIP
01107,95584903301107,VIP
01108,42044903301108,VIP
01109,15284903301109,VIP
01110,22124903301110,VIP
01111,58854903301111,VIP
01112,86264903301112,VIP
01113,13074903301113,VIP
01114,19884903301114,VIP
01115,24634903301115,VIP
01116,64254903301116,VIP
01117,25704903301117,VIP
01118,74734903301118,VIP
01119,54324903301119,VIP
01120,44874903301120,VIP
01121,77194903301121,VIP
01122,52744903301122,VIP
01123,15404903301123,VIP
01124,48914903301124,VIP
01125,65794903301125,VIP
01126,17274903301126,VIP
01127,83344903301127,VIP
01128,72994903301128,VIP
01129,52264903301129,VIP
01130,84164903301130,VIP
01131,96244903301131,VIP
01132,45994903301132,VIP
01133,30654903301133,VIP
01134,29404903301134,VIP
01135,11834903301135,VIP
01136,77884903301136,VIP
01137,81574903301137,VIP
01138,89234903301138,VIP
01139,26934903301139,VIP
01140,11244903301140,VIP
01141,98024903301141,VIP
01142,72864903301142,VIP
01143,89604903301143,VIP
01144,75044903301144,VIP
01145,73614903301145,VIP
01146,27584903301146,VIP
01147,63594903301147,VIP
01148,31194903301148,VIP
01149,53354903301149,VIP
01150,26414903301150,VIP
01151,95404903301151,VIP
01152,53284903301152,VIP
01153,16984903301153,VIP
01154,68324903301154,VIP
01155,13814903301155,VIP
01156,98134903301156,VIP
01157,54694903301157,VIP
01158,90824903301158,VIP
01159,11894903301159,VIP
01160,19654903301160,VIP
01161,25454903301161,VIP
01162,95164903301162,VIP
01163,91544903301163,VIP
01164,65184903301164,VIP
01165,47764903301165,VIP
01166,23944903301166,VIP
01167,70584903301167,VIP
01168,44524903301168,VIP
01169,22964903301169,VIP
01170,21304903301170,VIP
01171,62184903301171,VIP
01172,51204903301172,VIP
01173,80964903301173,VIP
01174,85574903301174,VIP
01175,76954903301175,VIP
01176,36524903301176,VIP
01177,58594903301177,VIP
01178,14464903301178,VIP
01179,97484903301179,VIP
01180,35854903301180,VIP
01181,80324903301181,VIP
01182,92634903301182,VIP
01183,85364903301183,VIP
01184,57584903301184,VIP
01185,81584903301185,VIP
01186,91934903301186,VIP
01187,10674903301187,VIP
01188,84544903301188,VIP
01189,74544903301189,VIP
01190,94014903301190,VIP
01191,84064903301191,VIP
01192,97894903301192,VIP
01193,76354903301193,VIP
01194,75514903301194,VIP
01195,21314903301195,VIP
01196,33524903301196,VIP
01197,59984903301197,VIP
01198,55674903301198,VIP
01199,40244903301199,VIP
01200,30954903301200,VIP
01201,17454903301201,VIP
01202,86524903301202,VIP
01203,80404903301203,VIP
01204,74754903301204,VIP
01205,45634903301205,VIP
01206,85564903301206,VIP
01207,34984903301207,VIP
01208,18504903301208,VIP
01209,94564903301209,VIP
01210,50854903301210,VIP
01211,95374903301211,VIP
01212,81044903301212,VIP
01213,98174903301213,VIP
01214,28714903301214,VIP
01215,38254903301215,VIP
01216,15594903301216,VIP
01217,37594903301217,VIP
01218,13884903301218,VIP
01219,65024903301219,VIP
01220,10954903301220,VIP
01221,26924903301221,VIP
01222,52144903301222,VIP
01223,43944903301223,VIP
01224,85544903301224,VIP
01225,61544903301225,VIP
01226,95514903301226,VIP
01227,34584903301227,VIP
01228,43794903301228,VIP
01229,58854903301229,VIP
01230,59914903301230,VIP
01231,24874903301231,VIP
01232,84984903301232,VIP
01233,11604903301233,VIP
01234,85254903301234,VIP
01235,50664903301235,VIP
01236,84714903301236,VIP
01237,73604903301237,VIP
01238,98144903301238,VIP
01239,67724903301239,VIP
01240,68784903301240,VIP
01241,38104903301241,VIP
01242,27064903301242,VIP
01243,26304903301243,VIP
01244,79604903301244,VIP
01245,98464903301245,VIP
01246,39954903301246,VIP
01247,58124903301247,VIP
01248,65114903301248,VIP
01249,11554903301249,VIP
01250,84454903301250,VIP
01251,55944903301251,VIP
01252,60154903301252,VIP
01253,83384903301253,VIP
01254,80504903301254,VIP
01255,85584903301255,VIP
01256,30424903301256,VIP
01257,17574903301257,VIP
01258,45504903301258,VIP
01259,10444903301259,VIP
01260,98824903301260,VIP
01261,35964903301261,VIP
01262,61984903301262,VIP
01263,38524903301263,VIP
01264,74444903301264,VIP
01265,41994903301265,VIP
01266,87774903301266,VIP
01267,32014903301267,VIP
01268,83874903301268,VIP
01269,66454903301269,VIP
01270,58634903301270,VIP
01271,99264903301271,VIP
01272,55194903301272,VIP
01273,15764903301273,VIP
01274,13404903301274,VIP
01275,39354903301275,VIP
01276,34324903301276,VIP
01277,72774903301277,VIP
01278,61684903301278,VIP
01279,69064903301279,VIP
01280,73964903301280,VIP
01281,40014903301281,VIP
01282,14004903301282,VIP
01283,42494903301283,VIP
01284,54984903301284,VIP
01285,55494903301285,VIP
01286,24434903301286,VIP
01287,43044903301287,VIP
01288,70324903301288,VIP
01289,71004903301289,VIP
01290,85774903301290,VIP
01291,97924903301291,VIP
01292,21444903301292,VIP
01293,72844903301293,VIP
01294,87194903301294,VIP
01295,95254903301295,VIP
01296,47144903301296,VIP
01297,55174903301297,VIP
01298,74414903301298,VIP
01299,83524903301299,VIP
01300,75064903301300,VIP
01301,15724903401301,T2 CHILD $120
01302,82324903401302,T2 CHILD $120
01303,53664903401303,T2 CHILD $120
01304,25544903401304,T2 CHILD $120
01305,64114903401305,T2 CHILD $120
01306,80174903401306,T2 CHILD $120
01307,13574903401307,T2 CHILD $120
01308,38024903401308,T2 CHILD $120
01309,12644903401309,T2 CHILD $120
01310,29204903401310,T2 CHILD $120
01311,85114903401311,T2 CHILD $120
01312,89954903401312,T2 CHILD $120
01313,69554903401313,T2 CHILD $120
01314,52814903401314,T2 CHILD $120
01315,83734903401315,T2 CHILD $120
01316,88234903401316,T2 CHILD $120
01317,24814903401317,T2 CHILD $120
01318,89224903401318,T2 CHILD $120
01319,20394903401319,T2 CHILD $120
01320,73074903401320,T2 CHILD $120
01321,78404903401321,T2 CHILD $120
01322,16644903401322,T2 CHILD $120
01323,86134903401323,T2 CHILD $120
01324,84424903401324,T2 CHILD $120
01325,71094903401325,T2 CHILD $120
01326,70854903401326,T2 CHILD $120
01327,29154903401327,T2 CHILD $120
01328,50884903401328,T2 CHILD $120
01329,87714903401329,T2 CHILD $120
01330,25484903401330,T2 CHILD $120
01331,84254903401331,T2 CHILD $120
01332,61084903401332,T2 CHILD $120
01333,92974903401333,T2 CHILD $120
01334,14554903401334,T2 CHILD $120
01335,34974903401335,T2 CHILD $120
01336,27644903401336,T2 CHILD $120
01337,39704903401337,T2 CHILD $120
01338,27704903401338,T2 CHILD $120
01339,98014903401339,T2 CHILD $120
01340,93504903401340,T2 CHILD $120
01341,89644903401341,T2 CHILD $120
01342,57824903401342,T2 CHILD $120
01343,30364903401343,T2 CHILD $120
01344,70894903401344,T2 CHILD $120
01345,46734903401345,T2 CHILD $120
01346,91204903401346,T2 CHILD $120
01347,58724903401347,T2 CHILD $120
01348,72734903401348,T2 CHILD $120
01349,72904903401349,T2 CHILD $120
01350,30214903401350,T2 CHILD $120
01351,31684903401351,T2 CHILD $120
01352,86474903401352,T2 CHILD $120
01353,76334903401353,T2 CHILD $120
01354,88414903401354,T2 CHILD $120
01355,34104903401355,T2 CHILD $120
01356,20614903401356,T2 CHILD $120
01357,22244903401357,T2 CHILD $120
01358,38274903401358,T2 CHILD $120
01359,34254903401359,T2 CHILD $120
01360,43484903401360,T2 CHILD $120
01361,86174903401361,T2 CHILD $120
01362,11284903401362,T2 CHILD $120
01363,93274903401363,T2 CHILD $120
01364,44764903401364,T2 CHILD $120
01365,19794903401365,T2 CHILD $120
01366,60614903401366,T2 CHILD $120
01367,57264903401367,T2 CHILD $120
01368,19314903401368,T2 CHILD $120
01369,69114903401369,T2 CHILD $120
01370,16314903401370,T2 CHILD $120
01371,81774903401371,T2 CHILD $120
01372,23594903401372,T2 CHILD $120
01373,25344903401373,T2 CHILD $120
01374,82864903401374,T2 CHILD $120
01375,98834903401375,T2 CHILD $120
01376,64614903401376,T2 CHILD $120
01377,98114903401377,T2 CHILD $120
01378,19504903401378,T2 CHILD $120
01379,26534903401379,T2 CHILD $120
01380,11284903401380,T2 CHILD $120
01381,11334903401381,T2 CHILD $120
01382,52694903401382,T2 CHILD $120
01383,90984903401383,T2 CHILD $120
01384,68354903401384,T2 CHILD $120
01385,11364903401385,T2 CHILD $120
01386,11424903401386,T2 CHILD $120
01387,90904903401387,T2 CHILD $120
01388,12804903401388,T2 CHILD $120
01389,97864903401389,T2 CHILD $120
01390,14774903401390,T2 CHILD $120
01391,34634903401391,T2 CHILD $120
01392,72754903401392,T2 CHILD $120
01393,87124903401393,T2 CHILD $120
01394,12144903401394,T2 CHILD $120
01395,79634903401395,T2 CHILD $120
01396,28904903401396,T2 CHILD $120
01397,57724903401397,T2 CHILD $120
01398,65834903401398,T2 CHILD $120
01399,44604903401399,T2 CHILD $120
01400,48344903401400,T2 CHILD $120
01401,98884903401401,T2 CHILD $120
01402,26284903401402,T2 CHILD $120
01403,23894903401403,T2 CHILD $120
01404,11094903401404,T2 CHILD $120
01405,81284903401405,T2 CHILD $120
01406,39644903401406,T2 CHILD $120
01407,34634903401407,T2 CHILD $120
01408,28904903401408,T2 CHILD $120
01409,80264903401409,T2 CHILD $120
01410,87994903401410,T2 CHILD $120
01411,46224903401411,T2 CHILD $120
01412,86704903401412,T2 CHILD $120
01413,11654903401413,T2 CHILD $120
01414,91974903401414,T2 CHILD $120
01415,32364903401415,T2 CHILD $120
01416,66504903401416,T2 CHILD $120
01417,10034903401417,T2 CHILD $120
01418,35954903401418,T2 CHILD $120
01419,45604903401419,T2 CHILD $120
01420,63814903401420,T2 CHILD $120
01421,19544903401421,T2 CHILD $120
01422,25654903401422,T2 CHILD $120
01423,44344903401423,T2 CHILD $120
01424,96514903401424,T2 CHILD $120
01425,37114903401425,T2 CHILD $120
01426,98354903401426,T2 CHILD $120
01427,12414903401427,T2 CHILD $120
01428,16314903401428,T2 CHILD $120
01429,18334903401429,T2 CHILD $120
01430,55524903401430,T2 CHILD $120
01431,11044903401431,T2 CHILD $120
01432,72574903401432,T2 CHILD $120
01433,75604903401433,T2 CHILD $120
01434,37954903401434,T2 CHILD $120
01435,73424903401435,T2 CHILD $120
01436,58824903401436,T2 CHILD $120
01437,69054903401437,T2 CHILD $120
01438,43464903401438,T2 CHILD $120
01439,31794903401439,T2 CHILD $120
01440,11594903401440,T2 CHILD $120
01441,29744903401441,T2 CHILD $120
01442,97004903401442,T2 CHILD $120
01443,86844903401443,T2 CHILD $120
01444,31804903401444,T2 CHILD $120
01445,65434903401445,T2 CHILD $120
01446,83384903401446,T2 CHILD $120
01447,49874903401447,T2 CHILD $120
01448,38764903401448,T2 CHILD $120
01449,18934903401449,T2 CHILD $120
01450,52334903401450,T2 CHILD $120
01451,47254903401451,T2 CHILD $120
01452,86464903401452,T2 CHILD $120
01453,48804903401453,T2 CHILD $120
01454,96234903401454,T2 CHILD $120
01455,77464903401455,T2 CHILD $120
01456,72574903401456,T2 CHILD $120
01457,62714903401457,T2 CHILD $120
01458,70254903401458,T2 CHILD $120
01459,40654903401459,T2 CHILD $120
01460,99794903401460,T2 CHILD $120
01461,73174903401461,T2 CHILD $120
01462,54984903401462,T2 CHILD $120
01463,60634903401463,T2 CHILD $120
01464,49794903401464,T2 CHILD $120
01465,35824903401465,T2 CHILD $120
01466,31634903401466,T2 CHILD $120
01467,19454903401467,T2 CHILD $120
01468,79584903401468,T2 CHILD $120
01469,70214903401469,T2 CHILD $120
01470,29634903401470,T2 CHILD $120
01471,14384903401471,T2 CHILD $120
01472,60464903401472,T2 CHILD $120
01473,73104903401473,T2 CHILD $120
01474,26864903401474,T2 CHILD $120
01475,27474903401475,T2 CHILD $120
01476,29404903401476,T2 CHILD $120
01477,74234903401477,T2 CHILD $120
01478,52224903401478,T2 CHILD $120
01479,67584903401479,T2 CHILD $120
01480,32914903401480,T2 CHILD $120
01481,74604903401481,T2 CHILD $120
01482,40884903401482,T2 CHILD $120
01483,64924903401483,T2 CHILD $120
01484,83554903401484,T2 CHILD $120
01485,87224903401485,T2 CHILD $120
01486,71824903401486,T2 CHILD $120
01487,58044903401487,T2 CHILD $120
01488,48744903401488,T2 CHILD $120
01489,20494903401489,T2 CHILD $120
01490,88134903401490,T2 CHILD $120
01491,43434903401491,T2 CHILD $120
01492,12194903401492,T2 CHILD $120
01493,33824903401493,T2 CHILD $120
01494,89534903401494,T2 CHILD $120
01495,27474903401495,T2 CHILD $120
01496,27844903401496,T2 CHILD $120
01497,16094903401497,T2 CHILD $120
01498,77614903401498,T2 CHILD $120
01499,11034903401499,T2 CHILD $120
01500,76214903401500,T2 CHILD $120
01501,76304903401501,T2 CHILD $120
01502,23484903401502,T2 CHILD $120
01503,86464903401503,T2 CHILD $120
01504,43374903401504,T2 CHILD $120
01505,66924903401505,T2 CHILD $120
01506,37854903401506,T2 CHILD $120
01507,17164903401507,T2 CHILD $120
01508,82294903401508,T2 CHILD $120
01509,29634903401509,T2 CHILD $120
01510,23824903401510,T2 CHILD $120
01511,99554903401511,T2 CHILD $120
01512,96784903401512,T2 CHILD $120
01513,33624903401513,T2 CHILD $120
01514,71894903401514,T2 CHILD $120
01515,67664903401515,T2 CHILD $120
01516,57904903401516,T2 CHILD $120
01517,36384903401517,T2 CHILD $120
01518,67744903401518,T2 CHILD $120
01519,90154903401519,T2 CHILD $120
01520,72834903401520,T2 CHILD $120
01521,36994903401521,T2 CHILD $120
01522,42324903401522,T2 CHILD $120
01523,79804903401523,T2 CHILD $120
01524,26304903401524,T2 CHILD $120
01525,71834903401525,T2 CHILD $120
01526,94484903401526,T2 CHILD $120
01527,15594903401527,T2 CHILD $120
01528,54504903401528,T2 CHILD $120
01529,52994903401529,T2 CHILD $120
01530,66244903401530,T2 CHILD $120
01531,17224903401531,T2 CHILD $120
01532,51494903401532,T2 CHILD $120
01533,78904903401533,T2 CHILD $120
01534,50304903401534,T2 CHILD $120
01535,82104903401535,T2 CHILD $120
01536,98094903401536,T2 CHILD $120
01537,47754903401537,T2 CHILD $120
01538,20314903401538,T2 CHILD $120
01539,24984903401539,T2 CHILD $120
01540,13314903401540,T2 CHILD $120
01541,13164903401541,T2 CHILD $120
01542,23474903401542,T2 CHILD $120
01543,69844903401543,T2 CHILD $120
01544,98194903401544,T2 CHILD $120
01545,22544903401545,T2 CHILD $120
01546,35704903401546,T2 CHILD $120
01547,24564903401547,T2 CHILD $120
01548,12334903401548,T2 CHILD $120
01549,67824903401549,T2 CHILD $120
01550,19304903401550,T2 CHILD $120
01551,97844903401551,T2 CHILD $120
01552,12664903401552,T2 CHILD $120
01553,58784903401553,T2 CHILD $120
01554,93114903401554,T2 CHILD $120
01555,28834903401555,T2 CHILD $120
01556,54924903401556,T2 CHILD $120
01557,88784903401557,T2 CHILD $120
01558,95154903401558,T2 CHILD $120
01559,39074903401559,T2 CHILD $120
01560,87604903401560,T2 CHILD $120
01561,93074903401561,T2 CHILD $120
01562,67804903401562,T2 CHILD $120
01563,97074903401563,T2 CHILD $120
01564,98254903401564,T2 CHILD $120
01565,69574903401565,T2 CHILD $120
01566,45424903401566,T2 CHILD $120
01567,15374903401567,T2 CHILD $120
01568,92464903401568,T2 CHILD $120
01569,52154903401569,T2 CHILD $120
01570,44534903401570,T2 CHILD $120
01571,19994903401571,T2 CHILD $120
01572,95254903401572,T2 CHILD $120
01573,16414903401573,T2 CHILD $120
01574,76484903401574,T2 CHILD $120
01575,82524903401575,T2 CHILD $120
01576,84944903401576,T2 CHILD $120
01577,77924903401577,T2 CHILD $120
01578,92594903401578,T2 CHILD $120
01579,84654903401579,T2 CHILD $120
01580,39634903401580,T2 CHILD $120
01581,83114903401581,T2 CHILD $120
01582,41814903401582,T2 CHILD $120
01583,95194903401583,T2 CHILD $120
01584,96024903401584,T2 CHILD $120
01585,32444903401585,T2 CHILD $120
01586,40844903401586,T2 CHILD $120
01587,39584903401587,T2 CHILD $120
01588,10894903401588,T2 CHILD $120
01589,76214903401589,T2 CHILD $120
01590,26864903401590,T2 CHILD $120
01591,21964903401591,T2 CHILD $120
01592,84954903401592,T2 CHILD $120
01593,82904903401593,T2 CHILD $120
01594,62624903401594,T2 CHILD $120
01595,39684903401595,T2 CHILD $120
01596,39314903401596,T2 CHILD $120
01597,39884903401597,T2 CHILD $120
01598,34144903401598,T2 CHILD $120
01599,80314903401599,T2 CHILD $120
01600,74294903401600,T2 CHILD $120
01601,26704903401601,T2 CHILD $120
01602,90834903401602,T2 CHILD $120
01603,61254903401603,T2 CHILD $120
01604,60944903401604,T2 CHILD $120
01605,30924903401605,T2 CHILD $120
01606,28194903401606,T2 CHILD $120
01607,61644903401607,T2 CHILD $120
01608,14864903401608,T2 CHILD $120
01609,56344903401609,T2 CHILD $120
01610,42914903401610,T2 CHILD $120
01611,37024903401611,T2 CHILD $120
01612,52634903401612,T2 CHILD $120
01613,73814903401613,T2 CHILD $120
01614,70574903401614,T2 CHILD $120
01615,96254903401615,T2 CHILD $120
01616,10764903401616,T2 CHILD $120
01617,84514903401617,T2 CHILD $120
01618,45804903401618,T2 CHILD $120
01619,81114903401619,T2 CHILD $120
01620,77004903401620,T2 CHILD $120
01621,25714903401621,T2 CHILD $120
01622,94894903401622,T2 CHILD $120
01623,68334903401623,T2 CHILD $120
01624,94374903401624,T2 CHILD $120
01625,59054903401625,T2 CHILD $120
01626,31004903401626,T2 CHILD $120
01627,84074903401627,T2 CHILD $120
01628,57464903401628,T2 CHILD $120
01629,71374903401629,T2 CHILD $120
01630,41784903401630,T2 CHILD $120
01631,21014903401631,T2 CHILD $120
01632,91384903401632,T2 CHILD $120
01633,97944903401633,T2 CHILD $120
01634,49534903401634,T2 CHILD $120
01635,27834903401635,T2 CHILD $120
01636,93184903401636,T2 CHILD $120
01637,48274903401637,T2 CHILD $120
01638,83884903401638,T2 CHILD $120
01639,21294903401639,T2 CHILD $120
01640,25744903401640,T2 CHILD $120
01641,84354903401641,T2 CHILD $120
01642,46944903401642,T2 CHILD $120
01643,30724903401643,T2 CHILD $120
01644,54144903401644,T2 CHILD $120
01645,31504903401645,T2 CHILD $120
01646,40924903401646,T2 CHILD $120
01647,25094903401647,T2 CHILD $120
01648,74664903401648,T2 CHILD $120
01649,71574903401649,T2 CHILD $120
01650,88314903401650,T2 CHILD $120
01651,32504903401651,T2 CHILD $120
01652,76084903401652,T2 CHILD $120
01653,18814903401653,T2 CHILD $120
01654,54584903401654,T2 CHILD $120
01655,12254903401655,T2 CHILD $120
01656,73664903401656,T2 CHILD $120
01657,58074903401657,T2 CHILD $120
01658,43274903401658,T2 CHILD $120
01659,19344903401659,T2 CHILD $120
01660,65534903401660,T2 CHILD $120
01661,65634903401661,T2 CHILD $120
01662,93654903401662,T2 CHILD $120
01663,31504903401663,T2 CHILD $120
01664,11564903401664,T2 CHILD $120
01665,32464903401665,T2 CHILD $120
01666,80944903401666,T2 CHILD $120
01667,68784903401667,T2 CHILD $120
01668,14804903401668,T2 CHILD $120
01669,60024903401669,T2 CHILD $120
01670,88894903401670,T2 CHILD $120
01671,65494903401671,T2 CHILD $120
01672,75394903401672,T2 CHILD $120
01673,18524903401673,T2 CHILD $120
01674,85014903401674,T2 CHILD $120
01675,34814903401675,T2 CHILD $120
01676,46974903401676,T2 CHILD $120
01677,37714903401677,T2 CHILD $120
01678,68144903401678,T2 CHILD $120
01679,75764903401679,T2 CHILD $120
01680,65544903401680,T2 CHILD $120
01681,30184903401681,T2 CHILD $120
01682,58694903401682,T2 CHILD $120
01683,42794903401683,T2 CHILD $120
01684,10944903401684,T2 CHILD $120
01685,47094903401685,T2 CHILD $120
01686,21254903401686,T2 CHILD $120
01687,47774903401687,T2 CHILD $120
01688,70644903401688,T2 CHILD $120
01689,26524903401689,T2 CHILD $120
01690,79724903401690,T2 CHILD $120
01691,84514903401691,T2 CHILD $120
01692,66324903401692,T2 CHILD $120
01693,14204903401693,T2 CHILD $120
01694,35074903401694,T2 CHILD $120
01695,35874903401695,T2 CHILD $120
01696,62614903401696,T2 CHILD $120
01697,46804903401697,T2 CHILD $120
01698,75364903401698,T2 CHILD $120
01699,63174903401699,T2 CHILD $120
01700,98584903401700,T2 CHILD $120
01701,57734903401701,T2 CHILD $120
01702,68534903401702,T2 CHILD $120
01703,28344903401703,T2 CHILD $120
01704,31654903401704,T2 CHILD $120
01705,75404903401705,T2 CHILD $120
01706,47434903401706,T2 CHILD $120
01707,18354903401707,T2 CHILD $120
01708,33944903401708,T2 CHILD $120
01709,84034903401709,T2 CHILD $120
01710,87574903401710,T2 CHILD $120
01711,82334903401711,T2 CHILD $120
01712,31234903401712,T2 CHILD $120
01713,86894903401713,T2 CHILD $120
01714,27254903401714,T2 CHILD $120
01715,81054903401715,T2 CHILD $120
01716,64374903401716,T2 CHILD $120
01717,12124903401717,T2 CHILD $120
01718,20184903401718,T2 CHILD $120
01719,98954903401719,T2 CHILD $120
01720,43134903401720,T2 CHILD $120
01721,90974903401721,T2 CHILD $120
01722,30684903401722,T2 CHILD $120
01723,68694903401723,T2 CHILD $120
01724,62664903401724,T2 CHILD $120
01725,88654903401725,T2 CHILD $120
01726,71344903401726,T2 CHILD $120
01727,48174903401727,T2 CHILD $120
01728,22384903401728,T2 CHILD $120
01729,87524903401729,T2 CHILD $120
01730,13134903401730,T2 CHILD $120
01731,70074903401731,T2 CHILD $120
01732,77374903401732,T2 CHILD $120
01733,32964903401733,T2 CHILD $120
01734,48104903401734,T2 CHILD $120
01735,13884903401735,T2 CHILD $120
01736,32314903401736,T2 CHILD $120
01737,21574903401737,T2 CHILD $120
01738,94514903401738,T2 CHILD $120
01739,40414903401739,T2 CHILD $120
01740,17854903401740,T2 CHILD $120
01741,72014903401741,T2 CHILD $120
01742,34524903401742,T2 CHILD $120
01743,58874903401743,T2 CHILD $120
01744,19534903401744,T2 CHILD $120
01745,98274903401745,T2 CHILD $120
01746,64294903401746,T2 CHILD $120
01747,26354903401747,T2 CHILD $120
01748,59204903401748,T2 CHILD $120
01749,85444903401749,T2 CHILD $120
01750,76704903401750,T2 CHILD $120
01751,89864903401751,T2 CHILD $120
01752,38924903401752,T2 CHILD $120
01753,17994903401753,T2 CHILD $120
01754,56464903401754,T2 CHILD $120
01755,30914903401755,T2 CHILD $120
01756,57354903401756,T2 CHILD $120
01757,10554903401757,T2 CHILD $120
01758,47784903401758,T2 CHILD $120
01759,82464903401759,T2 CHILD $120
01760,28664903401760,T2 CHILD $120
01761,11214903401761,T2 CHILD $120
01762,54534903401762,T2 CHILD $120
01763,58534903401763,T2 CHILD $120
01764,43964903401764,T2 CHILD $120
01765,67274903401765,T2 CHILD $120
01766,52914903401766,T2 CHILD $120
01767,36184903401767,T2 CHILD $120
01768,35194903401768,T2 CHILD $120
01769,73574903401769,T2 CHILD $120
01770,26574903401770,T2 CHILD $120
01771,70054903401771,T2 CHILD $120
01772,91514903401772,T2 CHILD $120
01773,83214903401773,T2 CHILD $120
01774,24294903401774,T2 CHILD $120
01775,19444903401775,T2 CHILD $120
01776,78244903401776,T2 CHILD $120
01777,10894903401777,T2 CHILD $120
01778,60144903401778,T2 CHILD $120
01779,27744903401779,T2 CHILD $120
01780,88244903401780,T2 CHILD $120
01781,78634903401781,T2 CHILD $120
01782,36134903401782,T2 CHILD $120
01783,34574903401783,T2 CHILD $120
01784,15844903401784,T2 CHILD $120
01785,24134903401785,T2 CHILD $120
01786,47374903401786,T2 CHILD $120
01787,30244903401787,T2 CHILD $120
01788,53204903401788,T2 CHILD $120
01789,41454903401789,T2 CHILD $120
01790,79704903401790,T2 CHILD $120
01791,62814903401791,T2 CHILD $120
01792,39274903401792,T2 CHILD $120
01793,34404903401793,T2 CHILD $120
01794,89894903401794,T2 CHILD $120
01795,87614903401795,T2 CHILD $120
01796,91164903401796,T2 CHILD $120
01797,62234903401797,T2 CHILD $120
01798,18284903401798,T2 CHILD $120
01799,19314903401799,T2 CHILD $120
01800,88104903401800,T2 CHILD $120
01801,87974903401801,T2 CHILD $120
01802,93904903401802,T2 CHILD $120
01803,76344903401803,T2 CHILD $120
01804,77754903401804,T2 CHILD $120
01805,19214903401805,T2 CHILD $120
01806,82184903401806,T2 CHILD $120
01807,68094903401807,T2 CHILD $120
01808,75204903401808,T2 CHILD $120
01809,41304903401809,T2 CHILD $120
01810,85094903401810,T2 CHILD $120
01811,54294903401811,T2 CHILD $120
01812,64324903401812,T2 CHILD $120
01813,73254903401813,T2 CHILD $120
01814,13784903401814,T2 CHILD $120
01815,37134903401815,T2 CHILD $120
01816,21704903401816,T2 CHILD $120
01817,55954903401817,T2 CHILD $120
01818,73714903401818,T2 CHILD $120
01819,35754903401819,T2 CHILD $120
01820,53034903401820,T2 CHILD $120
01821,82924903401821,T2 CHILD $120
01822,12424903401822,T2 CHILD $120
01823,93284903401823,T2 CHILD $120
01824,12024903401824,T2 CHILD $120
01825,13674903401825,T2 CHILD $120
01826,99524903401826,T2 CHILD $120
01827,36404903401827,T2 CHILD $120
01828,41814903401828,T2 CHILD $120
01829,99404903401829,T2 CHILD $120
01830,59524903401830,T2 CHILD $120
01831,67314903401831,T2 CHILD $120
01832,58864903401832,T2 CHILD $120
01833,11364903401833,T2 CHILD $120
01834,96834903401834,T2 CHILD $120
01835,28344903401835,T2 CHILD $120
01836,69374903401836,T2 CHILD $120
01837,51554903401837,T2 CHILD $120
01838,53544903401838,T2 CHILD $120
01839,38894903401839,T2 CHILD $120
01840,58204903401840,T2 CHILD $120
01841,46074903401841,T2 CHILD $120
01842,29484903401842,T2 CHILD $120
01843,75064903401843,T2 CHILD $120
01844,80224903401844,T2 CHILD $120
01845,60864903401845,T2 CHILD $120
01846,34944903401846,T2 CHILD $120
01847,21614903401847,T2 CHILD $120
01848,14314903401848,T2 CHILD $120
01849,60024903401849,T2 CHILD $120
01850,25824903401850,T2 CHILD $120
01851,16494903401851,T2 CHILD $120
01852,59644903401852,T2 CHILD $120
01853,36534903401853,T2 CHILD $120
01854,51234903401854,T2 CHILD $120
01855,97934903401855,T2 CHILD $120
01856,84724903401856,T2 CHILD $120
01857,75574903401857,T2 CHILD $120
01858,63744903401858,T2 CHILD $120
01859,53934903401859,T2 CHILD $120
01860,78684903401860,T2 CHILD $120
01861,80344903401861,T2 CHILD $120
01862,21954903401862,T2 CHILD $120
01863,14274903401863,T2 CHILD $120
01864,85274903401864,T2 CHILD $120
01865,60264903401865,T2 CHILD $120
01866,15694903401866,T2 CHILD $120
01867,75094903401867,T2 CHILD $120
01868,69194903401868,T2 CHILD $120
01869,81804903401869,T2 CHILD $120
01870,53664903401870,T2 CHILD $120
01871,35914903401871,T2 CHILD $120
01872,75064903401872,T2 CHILD $120
01873,61764903401873,T2 CHILD $120
01874,53604903401874,T2 CHILD $120
01875,59124903401875,T2 CHILD $120
01876,48784903401876,T2 CHILD $120
01877,33034903401877,T2 CHILD $120
01878,34964903401878,T2 CHILD $120
01879,92064903401879,T2 CHILD $120
01880,41484903401880,T2 CHILD $120
01881,72904903401881,T2 CHILD $120
01882,63984903401882,T2 CHILD $120
01883,31534903401883,T2 CHILD $120
01884,75864903401884,T2 CHILD $120
01885,73824903401885,T2 CHILD $120
01886,41474903401886,T2 CHILD $120
01887,90834903401887,T2 CHILD $120
01888,35194903401888,T2 CHILD $120
01889,76684903401889,T2 CHILD $120
01890,52854903401890,T2 CHILD $120
01891,19284903401891,T2 CHILD $120
01892,24624903401892,T2 CHILD $120
01893,86624903401893,T2 CHILD $120
01894,20884903401894,T2 CHILD $120
01895,54244903401895,T2 CHILD $120
01896,35154903401896,T2 CHILD $120
01897,91254903401897,T2 CHILD $120
01898,10764903401898,T2 CHILD $120
01899,95684903401899,T2 CHILD $120
01900,80014903401900,T2 CHILD $120
01901,11534903401901,T2 CHILD $120
01902,17854903401902,T2 CHILD $120
01903,73204903401903,T2 CHILD $120
01904,83594903401904,T2 CHILD $120
01905,34934903401905,T2 CHILD $120
01906,47784903401906,T2 CHILD $120
01907,65524903401907,T2 CHILD $120
01908,62804903401908,T2 CHILD $120
01909,71314903401909,T2 CHILD $120
01910,39124903401910,T2 CHILD $120
01911,82554903401911,T2 CHILD $120
01912,61024903401912,T2 CHILD $120
01913,41164903401913,T2 CHILD $120
01914,78534903401914,T2 CHILD $120
01915,49944903401915,T2 CHILD $120
01916,14504903401916,T2 CHILD $120
01917,96374903401917,T2 CHILD $120
01918,98444903401918,T2 CHILD $120
01919,86034903401919,T2 CHILD $120
01920,91234903401920,T2 CHILD $120
01921,53564903401921,T2 CHILD $120
01922,47174903401922,T2 CHILD $120
01923,81494903401923,T2 CHILD $120
01924,62424903401924,T2 CHILD $120
01925,19804903401925,T2 CHILD $120
01926,81604903401926,T2 CHILD $120
01927,21284903401927,T2 CHILD $120
01928,46324903401928,T2 CHILD $120
01929,50914903401929,T2 CHILD $120
01930,62364903401930,T2 CHILD $120
01931,59174903401931,T2 CHILD $120
01932,14674903401932,T2 CHILD $120
01933,12304903401933,T2 CHILD $120
01934,61424903401934,T2 CHILD $120
01935,74834903401935,T2 CHILD $120
01936,41614903401936,T2 CHILD $120
01937,92144903401937,T2 CHILD $120
01938,82314903401938,T2 CHILD $120
01939,63334903401939,T2 CHILD $120
01940,35094903401940,T2 CHILD $120
01941,77264903401941,T2 CHILD $120
01942,72744903401942,T2 CHILD $120
01943,97154903401943,T2 CHILD $120
01944,30764903401944,T2 CHILD $120
01945,91344903401945,T2 CHILD $120
01946,49774903401946,T2 CHILD $120
01947,40774903401947,T2 CHILD $120
01948,58364903401948,T2 CHILD $120
01949,95744903401949,T2 CHILD $120
01950,67454903401950,T2 CHILD $120
01951,97604903401951,T2 CHILD $120
01952,30684903401952,T2 CHILD $120
01953,42764903401953,T2 CHILD $120
01954,27014903401954,T2 CHILD $120
01955,29664903401955,T2 CHILD $120
01956,14914903401956,T2 CHILD $120
01957,51434903401957,T2 CHILD $120
01958,49464903401958,T2 CHILD $120
01959,19464903401959,T2 CHILD $120
01960,76574903401960,T2 CHILD $120
01961,65784903401961,T2 CHILD $120
01962,60814903401962,T2 CHILD $120
01963,24614903401963,T2 CHILD $120
01964,55944903401964,T2 CHILD $120
01965,75664903401965,T2 CHILD $120
01966,29704903401966,T2 CHILD $120
01967,54864903401967,T2 CHILD $120
01968,86924903401968,T2 CHILD $120
01969,89974903401969,T2 CHILD $120
01970,47534903401970,T2 CHILD $120
01971,21624903401971,T2 CHILD $120
01972,58474903401972,T2 CHILD $120
01973,42474903401973,T2 CHILD $120
01974,71154903401974,T2 CHILD $120
01975,59924903401975,T2 CHILD $120
01976,88494903401976,T2 CHILD $120
01977,80044903401977,T2 CHILD $120
01978,48024903401978,T2 CHILD $120
01979,63084903401979,T2 CHILD $120
01980,30264903401980,T2 CHILD $120
01981,63504903401981,T2 CHILD $120
01982,63824903401982,T2 CHILD $120
01983,49614903401983,T2 CHILD $120
01984,81324903401984,T2 CHILD $120
01985,80854903401985,T2 CHILD $120
01986,62684903401986,T2 CHILD $120
01987,12834903401987,T2 CHILD $120
01988,64884903401988,T2 CHILD $120
01989,83084903401989,T2 CHILD $120
01990,39754903401990,T2 CHILD $120
01991,62834903401991,T2 CHILD $120
01992,83734903401992,T2 CHILD $120
01993,82434903401993,T2 CHILD $120
01994,76434903401994,T2 CHILD $120
01995,51074903401995,T2 CHILD $120
01996,26674903401996,T2 CHILD $120
01997,13204903401997,T2 CHILD $120
01998,37994903401998,T2 CHILD $120
01999,27364903401999,T2 CHILD $120
02000,87344903402000,T2 CHILD $120
02001,64974903502001,T2 ADULT $140
02002,13744903502002,T2 ADULT $140
02003,89424903502003,T2 ADULT $140
02004,45754903502004,T2 ADULT $140
02005,48474903502005,T2 ADULT $140
02006,59654903502006,T2 ADULT $140
02007,74924903502007,T2 ADULT $140
02008,12044903502008,T2 ADULT $140
02009,43794903502009,T2 ADULT $140
02010,53584903502010,T2 ADULT $140
02011,85944903502011,T2 ADULT $140
02012,23024903502012,T2 ADULT $140
02013,81194903502013,T2 ADULT $140
02014,22874903502014,T2 ADULT $140
02015,46114903502015,T2 ADULT $140
02016,20984903502016,T2 ADULT $140
02017,24404903502017,T2 ADULT $140
02018,44494903502018,T2 ADULT $140
02019,90054903502019,T2 ADULT $140
02020,35164903502020,T2 ADULT $140
02021,16334903502021,T2 ADULT $140
02022,77784903502022,T2 ADULT $140
02023,75464903502023,T2 ADULT $140
02024,25624903502024,T2 ADULT $140
02025,47434903502025,T2 ADULT $140
02026,89514903502026,T2 ADULT $140
02027,17614903502027,T2 ADULT $140
02028,19664903502028,T2 ADULT $140
02029,86444903502029,T2 ADULT $140
02030,21614903502030,T2 ADULT $140
02031,96384903502031,T2 ADULT $140
02032,90694903502032,T2 ADULT $140
02033,53704903502033,T2 ADULT $140
02034,51244903502034,T2 ADULT $140
02035,55844903502035,T2 ADULT $140
02036,89734903502036,T2 ADULT $140
02037,86834903502037,T2 ADULT $140
02038,63554903502038,T2 ADULT $140
02039,66204903502039,T2 ADULT $140
02040,29214903502040,T2 ADULT $140
02041,19174903502041,T2 ADULT $140
02042,46774903502042,T2 ADULT $140
02043,78424903502043,T2 ADULT $140
02044,39434903502044,T2 ADULT $140
02045,50404903502045,T2 ADULT $140
02046,59884903502046,T2 ADULT $140
02047,11184903502047,T2 ADULT $140
02048,77464903502048,T2 ADULT $140
02049,89954903502049,T2 ADULT $140
02050,42774903502050,T2 ADULT $140
02051,50414903502051,T2 ADULT $140
02052,18564903502052,T2 ADULT $140
02053,22714903502053,T2 ADULT $140
02054,98874903502054,T2 ADULT $140
02055,71414903502055,T2 ADULT $140
02056,40044903502056,T2 ADULT $140
02057,87324903502057,T2 ADULT $140
02058,80394903502058,T2 ADULT $140
02059,73284903502059,T2 ADULT $140
02060,37714903502060,T2 ADULT $140
02061,17004903502061,T2 ADULT $140
02062,95854903502062,T2 ADULT $140
02063,95994903502063,T2 ADULT $140
02064,54784903502064,T2 ADULT $140
02065,92724903502065,T2 ADULT $140
02066,50364903502066,T2 ADULT $140
02067,69914903502067,T2 ADULT $140
02068,13254903502068,T2 ADULT $140
02069,59134903502069,T2 ADULT $140
02070,18174903502070,T2 ADULT $140
02071,47854903502071,T2 ADULT $140
02072,97824903502072,T2 ADULT $140
02073,42734903502073,T2 ADULT $140
02074,97904903502074,T2 ADULT $140
02075,99574903502075,T2 ADULT $140
02076,82324903502076,T2 ADULT $140
02077,52674903502077,T2 ADULT $140
02078,20204903502078,T2 ADULT $140
02079,48854903502079,T2 ADULT $140
02080,28604903502080,T2 ADULT $140
02081,44084903502081,T2 ADULT $140
02082,37814903502082,T2 ADULT $140
02083,42964903502083,T2 ADULT $140
02084,17894903502084,T2 ADULT $140
02085,93804903502085,T2 ADULT $140
02086,38344903502086,T2 ADULT $140
02087,64764903502087,T2 ADULT $140
02088,84794903502088,T2 ADULT $140
02089,58694903502089,T2 ADULT $140
02090,29364903502090,T2 ADULT $140
02091,97174903502091,T2 ADULT $140
02092,83644903502092,T2 ADULT $140
02093,66384903502093,T2 ADULT $140
02094,16064903502094,T2 ADULT $140
02095,40254903502095,T2 ADULT $140
02096,27414903502096,T2 ADULT $140
02097,38604903502097,T2 ADULT $140
02098,81404903502098,T2 ADULT $140
02099,10714903502099,T2 ADULT $140
02100,89094903502100,T2 ADULT $140
02101,46924903502101,T2 ADULT $140
02102,38814903502102,T2 ADULT $140
02103,33914903502103,T2 ADULT $140
02104,85684903502104,T2 ADULT $140
02105,61034903502105,T2 ADULT $140
02106,97294903502106,T2 ADULT $140
02107,28464903502107,T2 ADULT $140
02108,64514903502108,T2 ADULT $140
02109,79574903502109,T2 ADULT $140
02110,19114903502110,T2 ADULT $140
02111,83204903502111,T2 ADULT $140
02112,12184903502112,T2 ADULT $140
02113,13364903502113,T2 ADULT $140
02114,99934903502114,T2 ADULT $140
02115,36764903502115,T2 ADULT $140
02116,35964903502116,T2 ADULT $140
02117,41174903502117,T2 ADULT $140
02118,11504903502118,T2 ADULT $140
02119,69554903502119,T2 ADULT $140
02120,27724903502120,T2 ADULT $140
02121,88084903502121,T2 ADULT $140
02122,96744903502122,T2 ADULT $140
02123,58324903502123,T2 ADULT $140
02124,70284903502124,T2 ADULT $140
02125,46194903502125,T2 ADULT $140
02126,77524903502126,T2 ADULT $140
02127,33234903502127,T2 ADULT $140
02128,56394903502128,T2 ADULT $140
02129,17914903502129,T2 ADULT $140
02130,34694903502130,T2 ADULT $140
02131,27284903502131,T2 ADULT $140
02132,50094903502132,T2 ADULT $140
02133,41764903502133,T2 ADULT $140
02134,60794903502134,T2 ADULT $140
02135,38444903502135,T2 ADULT $140
02136,40614903502136,T2 ADULT $140
02137,20664903502137,T2 ADULT $140
02138,25254903502138,T2 ADULT $140
02139,14154903502139,T2 ADULT $140
02140,78804903502140,T2 ADULT $140
02141,32674903502141,T2 ADULT $140
02142,81944903502142,T2 ADULT $140
02143,38314903502143,T2 ADULT $140
02144,76024903502144,T2 ADULT $140
02145,34334903502145,T2 ADULT $140
02146,29454903502146,T2 ADULT $140
02147,90874903502147,T2 ADULT $140
02148,75584903502148,T2 ADULT $140
02149,36384903502149,T2 ADULT $140
02150,43644903502150,T2 ADULT $140
02151,99844903502151,T2 ADULT $140
02152,96594903502152,T2 ADULT $140
02153,32074903502153,T2 ADULT $140
02154,82844903502154,T2 ADULT $140
02155,15814903502155,T2 ADULT $140
02156,90424903502156,T2 ADULT $140
02157,37974903502157,T2 ADULT $140
02158,35564903502158,T2 ADULT $140
02159,88974903502159,T2 ADULT $140
02160,99554903502160,T2 ADULT $140
02161,67194903502161,T2 ADULT $140
02162,70524903502162,T2 ADULT $140
02163,88694903502163,T2 ADULT $140
02164,79054903502164,T2 ADULT $140
02165,35224903502165,T2 ADULT $140
02166,19444903502166,T2 ADULT $140
02167,75524903502167,T2 ADULT $140
02168,10414903502168,T2 ADULT $140
02169,48154903502169,T2 ADULT $140
02170,42084903502170,T2 ADULT $140
02171,25704903502171,T2 ADULT $140
02172,38004903502172,T2 ADULT $140
02173,83524903502173,T2 ADULT $140
02174,54014903502174,T2 ADULT $140
02175,18234903502175,T2 ADULT $140
02176,87954903502176,T2 ADULT $140
02177,53574903502177,T2 ADULT $140
02178,76684903502178,T2 ADULT $140
02179,84374903502179,T2 ADULT $140
02180,49584903502180,T2 ADULT $140
02181,70974903502181,T2 ADULT $140
02182,70094903502182,T2 ADULT $140
02183,79724903502183,T2 ADULT $140
02184,69264903502184,T2 ADULT $140
02185,17224903502185,T2 ADULT $140
02186,57994903502186,T2 ADULT $140
02187,28694903502187,T2 ADULT $140
02188,56884903502188,T2 ADULT $140
02189,33294903502189,T2 ADULT $140
02190,95484903502190,T2 ADULT $140
02191,41564903502191,T2 ADULT $140
02192,24704903502192,T2 ADULT $140
02193,43024903502193,T2 ADULT $140
02194,79224903502194,T2 ADULT $140
02195,74034903502195,T2 ADULT $140
02196,88784903502196,T2 ADULT $140
02197,18854903502197,T2 ADULT $140
02198,30044903502198,T2 ADULT $140
02199,69204903502199,T2 ADULT $140
02200,42904903502200,T2 ADULT $140
02201,90084903502201,T2 ADULT $140
02202,38114903502202,T2 ADULT $140
02203,32174903502203,T2 ADULT $140
02204,34934903502204,T2 ADULT $140
02205,43704903502205,T2 ADULT $140
02206,50634903502206,T2 ADULT $140
02207,37004903502207,T2 ADULT $140
02208,95774903502208,T2 ADULT $140
02209,17634903502209,T2 ADULT $140
02210,41934903502210,T2 ADULT $140
02211,76304903502211,T2 ADULT $140
02212,50764903502212,T2 ADULT $140
02213,46534903502213,T2 ADULT $140
02214,26174903502214,T2 ADULT $140
02215,23234903502215,T2 ADULT $140
02216,83524903502216,T2 ADULT $140
02217,80074903502217,T2 ADULT $140
02218,92474903502218,T2 ADULT $140
02219,66024903502219,T2 ADULT $140
02220,62484903502220,T2 ADULT $140
02221,23714903502221,T2 ADULT $140
02222,12614903502222,T2 ADULT $140
02223,85054903502223,T2 ADULT $140
02224,59644903502224,T2 ADULT $140
02225,71964903502225,T2 ADULT $140
02226,41094903502226,T2 ADULT $140
02227,42334903502227,T2 ADULT $140
02228,82104903502228,T2 ADULT $140
02229,74224903502229,T2 ADULT $140
02230,27924903502230,T2 ADULT $140
02231,33554903502231,T2 ADULT $140
02232,95884903502232,T2 ADULT $140
02233,93004903502233,T2 ADULT $140
02234,83634903502234,T2 ADULT $140
02235,92634903502235,T2 ADULT $140
02236,72394903502236,T2 ADULT $140
02237,84754903502237,T2 ADULT $140
02238,97094903502238,T2 ADULT $140
02239,18724903502239,T2 ADULT $140
02240,57294903502240,T2 ADULT $140
02241,53084903502241,T2 ADULT $140
02242,85504903502242,T2 ADULT $140
02243,35744903502243,T2 ADULT $140
02244,81924903502244,T2 ADULT $140
02245,44624903502245,T2 ADULT $140
02246,27184903502246,T2 ADULT $140
02247,34444903502247,T2 ADULT $140
02248,97194903502248,T2 ADULT $140
02249,77214903502249,T2 ADULT $140
02250,76634903502250,T2 ADULT $140
02251,96874903502251,T2 ADULT $140
02252,20034903502252,T2 ADULT $140
02253,90784903502253,T2 ADULT $140
02254,82244903502254,T2 ADULT $140
02255,53504903502255,T2 ADULT $140
02256,72204903502256,T2 ADULT $140
02257,10584903502257,T2 ADULT $140
02258,26464903502258,T2 ADULT $140
02259,52664903502259,T2 ADULT $140
02260,61824903502260,T2 ADULT $140
02261,12914903502261,T2 ADULT $140
02262,38394903502262,T2 ADULT $140
02263,72634903502263,T2 ADULT $140
02264,37194903502264,T2 ADULT $140
02265,93494903502265,T2 ADULT $140
02266,68984903502266,T2 ADULT $140
02267,86144903502267,T2 ADULT $140
02268,63214903502268,T2 ADULT $140
02269,18254903502269,T2 ADULT $140
02270,38734903502270,T2 ADULT $140
02271,67424903502271,T2 ADULT $140
02272,20344903502272,T2 ADULT $140
02273,16494903502273,T2 ADULT $140
02274,97734903502274,T2 ADULT $140
02275,21744903502275,T2 ADULT $140
02276,55894903502276,T2 ADULT $140
02277,56784903502277,T2 ADULT $140
02278,98434903502278,T2 ADULT $140
02279,37404903502279,T2 ADULT $140
02280,68084903502280,T2 ADULT $140
02281,45194903502281,T2 ADULT $140
02282,80754903502282,T2 ADULT $140
02283,90304903502283,T2 ADULT $140
02284,22334903502284,T2 ADULT $140
02285,46094903502285,T2 ADULT $140
02286,59714903502286,T2 ADULT $140
02287,50984903502287,T2 ADULT $140
02288,20184903502288,T2 ADULT $140
02289,75414903502289,T2 ADULT $140
02290,15634903502290,T2 ADULT $140
02291,74094903502291,T2 ADULT $140
02292,30754903502292,T2 ADULT $140
02293,96444903502293,T2 ADULT $140
02294,86754903502294,T2 ADULT $140
02295,20504903502295,T2 ADULT $140
02296,94614903502296,T2 ADULT $140
02297,38114903502297,T2 ADULT $140
02298,64464903502298,T2 ADULT $140
02299,71764903502299,T2 ADULT $140
02300,10204903502300,T2 ADULT $140
02301,15764903602301,3ON1 $300
02302,80844903602302,3ON1 $300
02303,17194903602303,3ON1 $300
02304,32704903602304,3ON1 $300
02305,34414903602305,3ON1 $300
02306,58914903602306,3ON1 $300
02307,93364903602307,3ON1 $300
02308,65484903602308,3ON1 $300
02309,74594903602309,3ON1 $300
02310,85254903602310,3ON1 $300
02311,46194903602311,3ON1 $300
02312,44014903602312,3ON1 $300
02313,20584903602313,3ON1 $300
02314,85164903602314,3ON1 $300
02315,15394903602315,3ON1 $300
02316,72194903602316,3ON1 $300
02317,61184903602317,3ON1 $300
02318,60304903602318,3ON1 $300
02319,91544903602319,3ON1 $300
02320,41394903602320,3ON1 $300
02321,33054903602321,3ON1 $300
02322,78904903602322,3ON1 $300
02323,75684903602323,3ON1 $300
02324,81704903602324,3ON1 $300
02325,46424903602325,3ON1 $300
02326,18354903602326,3ON1 $300
02327,71224903602327,3ON1 $300
02328,45984903602328,3ON1 $300
02329,53414903602329,3ON1 $300
02330,50384903602330,3ON1 $300
02331,18564903602331,3ON1 $300
02332,96164903602332,3ON1 $300
02333,68834903602333,3ON1 $300
02334,68754903602334,3ON1 $300
02335,62074903602335,3ON1 $300
02336,52214903602336,3ON1 $300
02337,53414903602337,3ON1 $300
02338,39374903602338,3ON1 $300
02339,39684903602339,3ON1 $300
02340,23514903602340,3ON1 $300
02341,89614903602341,3ON1 $300
02342,12954903602342,3ON1 $300
02343,74864903602343,3ON1 $300
02344,72774903602344,3ON1 $300
02345,39934903602345,3ON1 $300
02346,70164903602346,3ON1 $300
02347,21174903602347,3ON1 $300
02348,82454903602348,3ON1 $300
02349,37634903602349,3ON1 $300
02350,19364903602350,3ON1 $300
02351,64554903102351,ADULT $140 TIER 2
02352,43364903102352,ADULT $140 TIER 2
02353,84174903102353,ADULT $140 TIER 2
02354,24404903102354,ADULT $140 TIER 2
02355,32574903102355,ADULT $140 TIER 2
02356,20964903102356,ADULT $140 TIER 2
02357,78964903102357,ADULT $140 TIER 2
02358,99724903102358,ADULT $140 TIER 2
02359,99974903102359,ADULT $140 TIER 2
02360,41024903102360,ADULT $140 TIER 2
02361,94394903102361,ADULT $140 TIER 2
02362,29144903102362,ADULT $140 TIER 2
02363,47224903102363,ADULT $140 TIER 2
02364,25374903102364,ADULT $140 TIER 2
02365,55594903102365,ADULT $140 TIER 2
02366,65314903102366,ADULT $140 TIER 2
02367,21864903102367,ADULT $140 TIER 2
02368,54474903102368,ADULT $140 TIER 2
02369,41794903102369,ADULT $140 TIER 2
02370,88734903102370,ADULT $140 TIER 2
02371,28084903102371,ADULT $140 TIER 2
02372,98844903102372,ADULT $140 TIER 2
02373,12054903102373,ADULT $140 TIER 2
02374,70314903102374,ADULT $140 TIER 2
02375,68774903102375,ADULT $140 TIER 2
02376,42974903102376,ADULT $140 TIER 2
02377,93574903102377,ADULT $140 TIER 2
02378,16564903102378,ADULT $140 TIER 2
02379,40044903102379,ADULT $140 TIER 2
02380,91664903102380,ADULT $140 TIER 2
02381,82494903102381,ADULT $140 TIER 2
02382,27244903102382,ADULT $140 TIER 2
02383,98204903102383,ADULT $140 TIER 2
02384,29054903102384,ADULT $140 TIER 2
02385,47124903102385,ADULT $140 TIER 2
02386,15514903102386,ADULT $140 TIER 2
02387,59414903102387,ADULT $140 TIER 2
02388,29894903102388,ADULT $140 TIER 2
02389,53764903102389,ADULT $140 TIER 2
02390,80614903102390,ADULT $140 TIER 2
02391,81564903102391,ADULT $140 TIER 2
02392,53554903102392,ADULT $140 TIER 2
02393,94954903102393,ADULT $140 TIER 2
02394,93004903102394,ADULT $140 TIER 2
02395,18934903102395,ADULT $140 TIER 2
02396,70364903102396,ADULT $140 TIER 2
02397,40324903102397,ADULT $140 TIER 2
02398,22014903102398,ADULT $140 TIER 2
02399,59124903102399,ADULT $140 TIER 2
02400,40574903102400,ADULT $140 TIER 2
02401,59764903102401,ADULT $140 TIER 2
02402,16014903102402,ADULT $140 TIER 2
02403,32704903102403,ADULT $140 TIER 2
02404,95704903102404,ADULT $140 TIER 2
02405,79304903102405,ADULT $140 TIER 2
02406,55034903102406,ADULT $140 TIER 2
02407,95104903102407,ADULT $140 TIER 2
02408,22504903102408,ADULT $140 TIER 2
02409,69364903102409,ADULT $140 TIER 2
02410,76004903102410,ADULT $140 TIER 2
02411,81274903102411,ADULT $140 TIER 2
02412,29314903102412,ADULT $140 TIER 2
02413,85514903102413,ADULT $140 TIER 2
02414,30314903102414,ADULT $140 TIER 2
02415,52614903102415,ADULT $140 TIER 2
02416,95004903102416,ADULT $140 TIER 2
02417,61774903102417,ADULT $140 TIER 2
02418,54014903102418,ADULT $140 TIER 2
02419,56574903102419,ADULT $140 TIER 2
02420,60384903102420,ADULT $140 TIER 2
02421,76384903102421,ADULT $140 TIER 2
02422,30494903102422,ADULT $140 TIER 2
02423,88654903102423,ADULT $140 TIER 2
02424,12054903102424,ADULT $140 TIER 2
02425,10124903102425,ADULT $140 TIER 2
02426,75594903102426,ADULT $140 TIER 2
02427,76954903102427,ADULT $140 TIER 2
02428,58864903102428,ADULT $140 TIER 2
02429,37024903102429,ADULT $140 TIER 2
02430,55284903102430,ADULT $140 TIER 2
02431,69174903102431,ADULT $140 TIER 2
02432,40844903102432,ADULT $140 TIER 2
02433,57724903102433,ADULT $140 TIER 2
02434,25834903102434,ADULT $140 TIER 2
02435,82164903102435,ADULT $140 TIER 2
02436,70524903102436,ADULT $140 TIER 2
02437,55184903102437,ADULT $140 TIER 2
02438,66404903102438,ADULT $140 TIER 2
02439,63984903102439,ADULT $140 TIER 2
02440,16914903102440,ADULT $140 TIER 2
02441,23034903102441,ADULT $140 TIER 2
02442,44324903102442,ADULT $140 TIER 2
02443,58364903102443,ADULT $140 TIER 2
02444,91874903102444,ADULT $140 TIER 2
02445,96284903102445,ADULT $140 TIER 2
02446,32614903102446,ADULT $140 TIER 2
02447,31824903102447,ADULT $140 TIER 2
02448,19054903102448,ADULT $140 TIER 2
02449,74674903102449,ADULT $140 TIER 2
02450,30234903102450,ADULT $140 TIER 2
02451,83114903102451,ADULT $140 TIER 2
02452,25234903102452,ADULT $140 TIER 2
02453,48404903102453,ADULT $140 TIER 2
02454,64684903102454,ADULT $140 TIER 2
02455,45334903102455,ADULT $140 TIER 2
02456,54324903102456,ADULT $140 TIER 2
02457,56434903102457,ADULT $140 TIER 2
02458,47224903102458,ADULT $140 TIER 2
02459,10384903102459,ADULT $140 TIER 2
02460,83684903102460,ADULT $140 TIER 2
02461,37264903102461,ADULT $140 TIER 2
02462,10454903102462,ADULT $140 TIER 2
02463,66054903102463,ADULT $140 TIER 2
02464,13104903102464,ADULT $140 TIER 2
02465,72224903102465,ADULT $140 TIER 2
02466,98504903102466,ADULT $140 TIER 2
02467,55544903102467,ADULT $140 TIER 2
02468,26114903102468,ADULT $140 TIER 2
02469,21244903102469,ADULT $140 TIER 2
02470,39744903102470,ADULT $140 TIER 2
02471,79464903102471,ADULT $140 TIER 2
02472,74004903102472,ADULT $140 TIER 2
02473,81134903102473,ADULT $140 TIER 2
02474,81824903102474,ADULT $140 TIER 2
02475,30394903102475,ADULT $140 TIER 2
02476,12164903102476,ADULT $140 TIER 2
02477,16394903102477,ADULT $140 TIER 2
02478,59454903102478,ADULT $140 TIER 2
02479,49904903102479,ADULT $140 TIER 2
02480,28974903102480,ADULT $140 TIER 2
02481,32424903102481,ADULT $140 TIER 2
02482,14464903102482,ADULT $140 TIER 2
02483,18104903102483,ADULT $140 TIER 2
02484,17274903102484,ADULT $140 TIER 2
02485,51384903102485,ADULT $140 TIER 2
02486,28504903102486,ADULT $140 TIER 2
02487,55634903102487,ADULT $140 TIER 2
02488,48194903102488,ADULT $140 TIER 2
02489,90464903102489,ADULT $140 TIER 2
02490,78194903102490,ADULT $140 TIER 2
02491,58264903102491,ADULT $140 TIER 2
02492,57644903102492,ADULT $140 TIER 2
02493,32604903102493,ADULT $140 TIER 2
02494,92804903102494,ADULT $140 TIER 2
02495,63844903102495,ADULT $140 TIER 2
02496,95144903102496,ADULT $140 TIER 2
02497,49834903102497,ADULT $140 TIER 2
02498,34374903102498,ADULT $140 TIER 2
02499,11904903102499,ADULT $140 TIER 2
02500,55294903102500,ADULT $140 TIER 2
02501,59034903102501,ADULT $140 TIER 2
02502,90354903102502,ADULT $140 TIER 2
02503,65604903102503,ADULT $140 TIER 2
02504,61604903102504,ADULT $140 TIER 2
02505,10244903102505,ADULT $140 TIER 2
02506,78844903102506,ADULT $140 TIER 2
02507,56394903102507,ADULT $140 TIER 2
02508,62984903102508,ADULT $140 TIER 2
02509,17364903102509,ADULT $140 TIER 2
02510,46154903102510,ADULT $140 TIER 2
02511,30914903102511,ADULT $140 TIER 2
02512,82604903102512,ADULT $140 TIER 2
02513,61544903102513,ADULT $140 TIER 2
02514,77024903102514,ADULT $140 TIER 2
02515,10584903102515,ADULT $140 TIER 2
02516,39294903102516,ADULT $140 TIER 2
02517,76884903102517,ADULT $140 TIER 2
02518,37244903102518,ADULT $140 TIER 2
02519,43644903102519,ADULT $140 TIER 2
02520,41474903102520,ADULT $140 TIER 2
02521,58774903102521,ADULT $140 TIER 2
02522,58824903102522,ADULT $140 TIER 2
02523,99654903102523,ADULT $140 TIER 2
02524,73544903102524,ADULT $140 TIER 2
02525,14614903102525,ADULT $140 TIER 2
02526,57674903102526,ADULT $140 TIER 2
02527,76594903102527,ADULT $140 TIER 2
02528,64814903102528,ADULT $140 TIER 2
02529,27114903102529,ADULT $140 TIER 2
02530,83714903102530,ADULT $140 TIER 2
02531,10284903102531,ADULT $140 TIER 2
02532,70864903102532,ADULT $140 TIER 2
02533,70134903102533,ADULT $140 TIER 2
02534,63564903102534,ADULT $140 TIER 2
02535,36484903102535,ADULT $140 TIER 2
02536,27524903102536,ADULT $140 TIER 2
02537,26904903102537,ADULT $140 TIER 2
02538,15684903102538,ADULT $140 TIER 2
02539,15454903102539,ADULT $140 TIER 2
02540,67164903102540,ADULT $140 TIER 2
02541,90774903102541,ADULT $140 TIER 2
02542,18034903102542,ADULT $140 TIER 2
02543,78914903102543,ADULT $140 TIER 2
02544,47754903102544,ADULT $140 TIER 2
02545,18624903102545,ADULT $140 TIER 2
02546,18234903102546,ADULT $140 TIER 2
02547,29624903102547,ADULT $140 TIER 2
02548,94124903102548,ADULT $140 TIER 2
02549,26484903102549,ADULT $140 TIER 2
02550,26234903102550,ADULT $140 TIER 2
02551,23404903102551,ADULT $140 TIER 2
02552,81964903102552,ADULT $140 TIER 2
02553,87924903102553,ADULT $140 TIER 2
02554,59434903102554,ADULT $140 TIER 2
02555,13644903102555,ADULT $140 TIER 2
02556,44204903102556,ADULT $140 TIER 2
02557,64834903102557,ADULT $140 TIER 2
02558,20374903102558,ADULT $140 TIER 2
02559,28374903102559,ADULT $140 TIER 2
02560,59894903102560,ADULT $140 TIER 2
02561,40634903102561,ADULT $140 TIER 2
02562,46864903102562,ADULT $140 TIER 2
02563,19754903102563,ADULT $140 TIER 2
02564,75654903102564,ADULT $140 TIER 2
02565,46104903102565,ADULT $140 TIER 2
02566,74664903102566,ADULT $140 TIER 2
02567,96144903102567,ADULT $140 TIER 2
02568,19554903102568,ADULT $140 TIER 2
02569,77684903102569,ADULT $140 TIER 2
02570,52644903102570,ADULT $140 TIER 2
02571,56624903102571,ADULT $140 TIER 2
02572,27514903102572,ADULT $140 TIER 2
02573,48204903102573,ADULT $140 TIER 2
02574,90374903102574,ADULT $140 TIER 2
02575,27974903102575,ADULT $140 TIER 2
02576,62224903102576,ADULT $140 TIER 2
02577,30214903102577,ADULT $140 TIER 2
02578,88394903102578,ADULT $140 TIER 2
02579,44304903102579,ADULT $140 TIER 2
02580,94574903102580,ADULT $140 TIER 2
02581,71714903102581,ADULT $140 TIER 2
02582,20784903102582,ADULT $140 TIER 2
02583,98984903102583,ADULT $140 TIER 2
02584,37504903102584,ADULT $140 TIER 2
02585,34484903102585,ADULT $140 TIER 2
02586,60324903102586,ADULT $140 TIER 2
02587,39264903102587,ADULT $140 TIER 2
02588,62434903102588,ADULT $140 TIER 2
02589,84844903102589,ADULT $140 TIER 2
02590,96204903102590,ADULT $140 TIER 2
02591,23234903102591,ADULT $140 TIER 2
02592,38224903102592,ADULT $140 TIER 2
02593,36944903102593,ADULT $140 TIER 2
02594,84124903102594,ADULT $140 TIER 2
02595,99384903102595,ADULT $140 TIER 2
02596,72474903102596,ADULT $140 TIER 2
02597,68494903102597,ADULT $140 TIER 2
02598,58994903102598,ADULT $140 TIER 2
02599,78664903102599,ADULT $140 TIER 2
02600,85524903102600,ADULT $140 TIER 2
02601,19154903102601,ADULT $140 TIER 2
02602,80034903102602,ADULT $140 TIER 2
02603,58964903102603,ADULT $140 TIER 2
02604,36834903102604,ADULT $140 TIER 2
02605,61204903102605,ADULT $140 TIER 2
02606,18524903102606,ADULT $140 TIER 2
02607,72154903102607,ADULT $140 TIER 2
02608,83844903102608,ADULT $140 TIER 2
02609,42884903102609,ADULT $140 TIER 2
02610,87834903102610,ADULT $140 TIER 2
02611,23664903102611,ADULT $140 TIER 2
02612,43454903102612,ADULT $140 TIER 2
02613,24164903102613,ADULT $140 TIER 2
02614,46204903102614,ADULT $140 TIER 2
02615,14464903102615,ADULT $140 TIER 2
02616,45874903102616,ADULT $140 TIER 2
02617,25014903102617,ADULT $140 TIER 2
02618,41824903102618,ADULT $140 TIER 2
02619,55594903102619,ADULT $140 TIER 2
02620,41054903102620,ADULT $140 TIER 2
02621,66214903102621,ADULT $140 TIER 2
02622,40494903102622,ADULT $140 TIER 2
02623,75244903102623,ADULT $140 TIER 2
02624,47584903102624,ADULT $140 TIER 2
02625,52604903102625,ADULT $140 TIER 2
02626,85814903102626,ADULT $140 TIER 2
02627,38254903102627,ADULT $140 TIER 2
02628,64124903102628,ADULT $140 TIER 2
02629,38884903102629,ADULT $140 TIER 2
02630,41844903102630,ADULT $140 TIER 2
02631,88104903102631,ADULT $140 TIER 2
02632,93254903102632,ADULT $140 TIER 2
02633,67874903102633,ADULT $140 TIER 2
02634,78194903102634,ADULT $140 TIER 2
02635,81534903102635,ADULT $140 TIER 2
02636,97934903102636,ADULT $140 TIER 2
02637,31334903102637,ADULT $140 TIER 2
02638,97764903102638,ADULT $140 TIER 2
02639,45524903102639,ADULT $140 TIER 2
02640,70414903102640,ADULT $140 TIER 2
02641,93184903102641,ADULT $140 TIER 2
02642,86854903102642,ADULT $140 TIER 2
02643,26784903102643,ADULT $140 TIER 2
02644,33574903102644,ADULT $140 TIER 2
02645,55374903102645,ADULT $140 TIER 2
02646,37814903102646,ADULT $140 TIER 2
02647,53874903102647,ADULT $140 TIER 2
02648,64904903102648,ADULT $140 TIER 2
02649,96064903102649,ADULT $140 TIER 2
02650,74214903102650,ADULT $140 TIER 2
02651,KFICFT4N9LF,ADULT on
02652,WS7YT1UWEN,ADULT on
02653,CWBS4YSTQPI,ADULT on
02654,KOP40MRAB08,ADULT on
02655,FGDPWHH2YKV,ADULT on
02656,XX7XK6SBKQP,ADULT on
02657,8VE54D4RNS3,ADULT on
02658,3OBNPBIC9O2,ADULT on
02659,AANQV4L4Q6W,ADULT on
02660,5SOQ6PNF5FX,ADULT on
02661,H3L8KX7YOID,ADULT on
02662,LLA3WK0V4JH,ADULT on
02663,TE55OSRDZ7,ADULT on
02664,1XJX2K9UU9L,ADULT on
02665,XGPXVJHEJK,ADULT on
02666,NMD9M6I3EX,ADULT on
02667,TRS0KU6ET6,ADULT on
02668,T2FVC2VQJEE,ADULT on
02669,XXM0QOX0AUF,ADULT on
02670,8SMW5TEVF4U,ADULT on
02671,BKK8SV1F7Z,ADULT on
02672,FH5MABUU38,ADULT on
02673,8PS6YAJ1XLD,ADULT on
02674,0U4OAHGOMAG,ADULT on
02675,TH1Z4I44DCJ,ADULT on
02676,CG62NUBRQYW,ADULT on
02677,5BO0QWVP1X3,ADULT on
02678,HEVVG5Z2PLT,ADULT on
02679,JCHEEK38SGA,ADULT on
02680,OILA4FW3T9,ADULT on
02681,9HDFLM9VA8,ADULT on
02682,LGTC1148D2,ADULT on
02683,WM1UEAQCA3,ADULT on
02684,DTWK692W2V5,ADULT on
02685,OF2DFJO95ZA,ADULT on
02686,9OAOADEOV49,ADULT on
02687,ZEL39T0RUL,ADULT on
02688,87P69VGUNMV,ADULT on
02689,QAIEM9ROD8,ADULT on
02690,GIGO429NF3P,ADULT on
02691,6RXN6XFCSNL,ADULT on
02692,2BLK2MRM0ST,ADULT on
02693,EUEPVZZXZV,ADULT on
02694,8OFVI80ATM8,ADULT on
02695,IFRPQ3MQ5M,ADULT on
02696,85K87Y0ZSCO,ADULT on
02697,COYUQQHEOGQ,ADULT on
02698,0PDA4NHIMPH,ADULT on
02699,Q5BMKHL8L3,ADULT on
02700,1YDFB0FD3OA,ADULT on
02701,U9G0UNGW84,ADULT on
02702,YF7W08NT3VC,ADULT on
02703,LHA5NQDRLN,ADULT on
02704,3DAT9XVIDXD,ADULT on
02705,CWXOC31ACHG,ADULT on
02706,IE1UWXEYKGN,ADULT on
02707,N170U57RMR,ADULT on
02708,AMBOSCXOVE,ADULT on
02709,7VG47X22JPI,ADULT on
02710,FZ6T3RM7WY,ADULT on
02711,O9KN0ER3UZQ,ADULT on
02712,INFE6004ZG,ADULT on
02713,SNNEKPQIYDN,ADULT on
02714,AGDLE4QTJAJ,ADULT on
02715,3ZWX2SNMTSJ,ADULT on
02716,8JOZ7ZR5WP,ADULT on
02717,65P3PH0MHV3,ADULT on
02718,K175KRPWNKP,ADULT on
02719,I611VFEZXQ,ADULT on
02720,LV3WY40I84,ADULT on
02721,O0TQ6AGQN88,ADULT on
02722,ND3WDRROMNH,ADULT on
02723,E761ZNH2COL,ADULT on
02724,WMMW85GOJP,ADULT on
02725,8T7XSHHVMPK,ADULT on
02726,6ZOUSACVQZ8,ADULT on
02727,PN94D904G9D,ADULT on
02728,3DTK9QBSCIF,ADULT on
02729,8X75BI4S66C,ADULT on
02730,SJWZ50HNCS8,ADULT on
02731,LE21ZUO628B,ADULT on
02732,N64EJY4FTYH,ADULT on
02733,SBYZYUCOTJC,ADULT on
02734,X5U97NACKDC,ADULT on
02735,UE4DCYC9GFF,ADULT on
02736,GVI73O10WCN,ADULT on
02737,YA8X91AXF9M,ADULT on
02738,S552CCPP1Y8,ADULT on
02739,VD6Q64CRGHH,ADULT on
02740,HOLKJ7SQZSJ,ADULT on
02741,0949RB8F7DBA,ADULT on
02742,GF7E7JXSW,ADULT on
02743,PWJQSZQUAZ,ADULT on
02744,5FSB07QF5F5,ADULT on
02745,1LE7DW168EYH,ADULT on
02746,1KBHDE6NE55,ADULT on
02747,W6WHN7NSQT,ADULT on
02748,65U25J0LODE,ADULT on
02749,3L7CSL8W7VS,ADULT on
02750,ILNWZC8M0BC,ADULT on
02751,G7RGZ9I6JW,ADULT on
02752,YIRTHG57ID,ADULT on
02753,5OD7F5X7M6F,ADULT on
02754,ULFGDUP5NL,ADULT on
02755,BDZXEK2O3MM,ADULT on
02756,L2IUBPVM95E,ADULT on
02757,3I1J39QZU41,ADULT on
02758,9SOPKTPF4CA,ADULT on
02759,AMAECBR98W,ADULT on
02760,CJ7L0KUSVYH,ADULT on
02761,ILFJ4986O1,ADULT on
02762,JUJORNKEDYQ,ADULT on
02763,Z1LS46PJLQM,ADULT on
02764,3H93ST3PKE4,ADULT on
02765,Y9QILA3EHEC,ADULT on
02766,N4RYY9EIM3B,ADULT on
02767,0P7LEOH7JEFN,ADULT on
02768,9YWQBFG83U,ADULT on
02769,VIZTRR1TH4G,ADULT on
02770,XN0XFN4N2K,ADULT on
02771,KVLSMBC4NQC,ADULT on
02772,UTF3N1H4L1P,ADULT on
02773,2N6N7ZUL5NU,ADULT on
02774,M366PX28XE,ADULT on
02775,LDH963S057G,ADULT on
02776,RB708CUOOHC,ADULT on
02777,8YS02WT59G,ADULT on
02778,HB9ATPTEA9G,ADULT on
02779,J0Q6IWLKI6N,ADULT on
02780,ZB8CFPNWNPR,ADULT on
02781,1Z5R3YEVTE9,ADULT on
02782,3BUEO1YF98Q,ADULT on
02783,UIIM6EDWR6E,ADULT on
02784,2LJN9DI4LJ,ADULT on
02785,R9IT4VEQ3A,ADULT on
02786,ZTF4W2HKUWI,ADULT on
02787,XVA8KTDCT7,ADULT on
02788,CXIAIJ3K29S,ADULT on
02789,89DVB3627Y,ADULT on
02790,75XMEKOD7LJ,ADULT on
02791,8YYQKP2ZGNG,CHILD on
02792,UA73MKGRUBJ,CHILD on
02793,0Y16HG7VXHEM,CHILD on
02794,2BV241ORMMT,CHILD on
02795,XOKKLQC2US8,CHILD on
02796,0CJ9Q8GPA49O,CHILD on
02797,V58PTX3DUHM,CHILD on
02798,IX4H02QGXQ,CHILD on
02799,6ABFD35SV1H,CHILD on
02800,XT6C4W6NFIH,CHILD on
02801,B3MS9VFBYNB,CHILD on
02802,O2VNCY99AAJ,CHILD on
02803,XESTMLU1KU9,CHILD on
02804,TGU6KFOJ9WH,CHILD on
02805,W404GG6UB0M,CHILD on
02806,I4W4F1XV7H9,CHILD on
02807,KWVIAGESTL,CHILD on
02808,J7GQGJY3B3L,CHILD on
02809,T7BG0F6B63,CHILD on
02810,7DFDI0VDHLE,CHILD on
02811,A61U1FJXDX7,CHILD on
02812,3MWJ461FUZL,CHILD on
02813,63MR5HKDAB4,CHILD on
02814,DIKOF33XMVL,CHILD on
02815,5J5GOAYF44,CHILD on
02816,PK3SOVFVCPL,CHILD on
02817,W03JYIKFITG,CHILD on
02818,W44UNVSQAF,CHILD on
02819,VS31V09F6ZC,CHILD on
02820,S024EAC36LQ,CHILD on
02821,5GO1WHKKKQQ,CHILD on
02822,6PJXI95DND7,CHILD on
02823,O1P7V9UXXKG,CHILD on
02824,LZ9QB5EOD4,CHILD on
02825,LLA673OWGEJ,CHILD on
02826,JDMV0XFXOGO,CHILD on
02827,4YXZGCVAIG4,CHILD on
02828,TQXN68BWFS,CHILD on
02829,BJZNKHU248I,CHILD on
02830,LWEMMYL90FO,CHILD on
02831,GDNAPI5UTW,CHILD on
02832,YL0N9IYQK3,CHILD on
02833,5WIFSVS18UP,CHILD on
02834,3RJ8OCA132V,CHILD on
02835,4IXILX9FFQU,CHILD on
02836,7BQTEPP910P,CHILD on
02837,74NLE9S0NBR,CHILD on
02838,OX92131IMC,CHILD on
02839,6CXN5D9GCUB,CHILD on
02840,UWT8TT680X,CHILD on
02841,UFNUKLOCFJD,CHILD on
02842,495EBLPF4LK,CHILD on
02843,5JN4IU1LQUY,CHILD on
02844,V9MOZG843JE,CHILD on
02845,7UD57P6F5MH,CHILD on
02846,QZISYYH04BA,CHILD on
02847,VPH13OYK58M,CHILD on
02848,5S9G4I17FJQ,CHILD on
02849,Z19DT3V208,CHILD on
02850,TKO1GMSYW9,CHILD on
02851,H92551ZWNHP,CHILD on
02852,YJJFVT49T9C,CHILD on
02853,VVFVC8TEV5J,CHILD on
02854,5OE8JNRM2A,CHILD on
02855,CEVDMQRT095,CHILD on
02856,P8EGGJ0R1BJ,CHILD on
02857,HISGXV41C7N,CHILD on
02858,NRIVIGNVOP,CHILD on
02859,GRTQDOD48RC,CHILD on
02860,8F90JUTM52C,CHILD on
02861,U5LPZF28URB,CHILD on
02862,SGJM1JIHH5D,CHILD on
02863,09E7RIO4VT4J,CHILD on
02864,UGE49D7R7V,CHILD on
02865,DZ4BJOO2CUO,CHILD on
02866,YN4LOKK2AVJ,CHILD on
02867,BKTFM6H32ZF,CHILD on
02868,RTRSY8FA8ZJ,CHILD on
02869,MK723MRNK8,CHILD on
02870,3FM5V7WFLK8,CHILD on
02871,YR9GIV53DXE,CHILD on
02872,KPADT6W1KDG,CHILD on
02873,H7YQKOWWX4A,CHILD on
02874,Z9I8FC189HA,CHILD on
02875,T1X5INJHV2,CHILD on
02876,EXP3RGYI95,CHILD on
02877,UL062KC0RWJ,CHILD on
02878,CR6113VSNRM,CHILD on
02879,BWHS93CEUC9,CHILD on
02880,T9K5J08HYVM,CHILD on
02881,12TWZQNXHQRJ,CHILD on
02882,QHU58CRZCN,CHILD on
02883,UODBQFEPXH,CHILD on
02884,LTTJ850YYZ,CHILD on
02885,DEKSCHM7FF7,CHILD on
02886,8AX2UTHKDAD,CHILD on
02887,4YE1LSAT3J,CHILD on
02888,K4CITHBUI4O,CHILD on
02889,9W8NDY14DDW,CHILD on
02890,YTRTNL70QCF,CHILD on
02891,COLCZ3I3DM7,CHILD on
02892,KA2I0JYLVR,CHILD on
02893,XPINU6B8MVF,CHILD on
02894,GXUR4K4NLH9,CHILD on
02895,DQPS7JRSKE8,CHILD on
02896,5JB93O4MBCP,CHILD on
02897,GYNWUIID39F,CHILD on
02898,9IOBPD41UH4,CHILD on
02899,N15821E0WYG,CHILD on
02900,9FCYKWU65N6,CHILD on
02901,SRY7VR23PG,CHILD on
02902,X5YX8T3JE1,CHILD on
02903,CMU12IT07UL,CHILD on
02904,ULYV4AD81O,CHILD on
02905,X7D0EH2U6G,CHILD on
02906,F1ZD2PMW29M,CHILD on
02907,USGE2OH1A28,CHILD on
02908,BHHRWOHBSS5,CHILD on
02909,PYA3EUAV4YK,CHILD on
02910,HMW7S0TORY5,CHILD on
02911,1Q1K1NBM2ZNI,CHILD on
02912,V1Z9HDQ38K,CHILD on
02913,B8MF2ZYGHIC,CHILD on
02914,TAIYPCB4GHB,CHILD on
02915,KB4W4T9RHIC,CHILD on
02916,E6A22D9X3JC,CHILD on
02917,8BP3WAXQ126,CHILD on
02918,K4KYZ3J7VEM,CHILD on
02919,J8LB673S1Q8,CHILD on
02920,26FLFF5OBL3,CHILD on
02921,1GM6XMH15UN,CHILD on
02922,BYTZNAWGWKI,CHILD on
02923,XC1XNROKGRQ,CHILD on
02924,HMIR37VJM0D,CHILD on
02925,A222WQYP5MK,CHILD on
02926,NX307VP5TH,CHILD on
02927,DU5PCVPEKF,CHILD on
02928,SZ02Q12J6R8,CHILD on
02929,33V59PH2ETI,CHILD on
02930,EFCF84GOJNS,CHILD on
02931,WUCNPE1VTC7,CHILD on
02932,JYRRF8L4RBP,CHILD on
02933,21P18329PNT,CHILD on
02934,6IT99PVM94S,CHILD on
02935,1U1UUOXQ0B7,CHILD on
02936,ZSUUMZ7B6O,CHILD on
02937,HB2H9K4PBAI,CHILD on
02938,C2T6K75KESO,CHILD on
02939,BMZYGY2LT1G,CHILD on
02940,FFH7ZRF49UO,CHILD on
02941,CBEA551RPJJ,CHILD on
02942,TUB14784CQG,CHILD on
02943,QO0D7PX22TE,CHILD on
02944,I28OYCX0UDJ,CHILD on
02945,EKN706HWCPM,CHILD on
02946,8NMDQA331CV,CHILD on
02947,QDYGK5PHGB8,LAST BATCH ADULT on
02948,C9GAK1DI2XK,LAST BATCH ADULT on
02949,YQLWNUOUZY,LAST BATCH ADULT on
02950,DZ7HERUWK5,LAST BATCH ADULT on
02951,1CLPZMGTLN5,LAST BATCH ADULT on
02952,C9WF9PRPXZP,LAST BATCH ADULT on
02953,U6P1C7I4ZG,LAST BATCH ADULT on
02954,1PDD9INHFAC,LAST BATCH ADULT on
02955,YMJI93KP7AK,LAST BATCH ADULT on
02956,LHB5IKS19,LAST BATCH ADULT on
02957,3PT6AK94MC3,LAST BATCH ADULT on
02958,2TGJGNBEWA4,LAST BATCH ADULT on
02959,8QDHOYK7FPP,LAST BATCH ADULT on
02960,RZ84NE3BAJ,LAST BATCH ADULT on
02961,N4GY51UYM1,LAST BATCH ADULT on
02962,WIIW79L2AL,LAST BATCH ADULT on
02963,2P6NXX7M9QD,LAST BATCH ADULT on
02964,T7SIV129NJ,LAST BATCH ADULT on
02965,Q6OYPN9U2DD,LAST BATCH ADULT on
02966,80JQVOY7AM3,LAST BATCH ADULT on
02967,GU3EZ2MO5F,LAST BATCH ADULT on
02968,0IN865HMI59C,LAST BATCH ADULT on
02969,582SFUHVEUW,LAST BATCH ADULT on
02970,6HRC6B36PUX,LAST BATCH ADULT on
02971,7NEIENF3IBV,LAST BATCH ADULT on
02972,GA0PRWBF8C5,LAST BATCH ADULT on
02973,BWZAIJ8I5YA,LAST BATCH ADULT on
02974,MEVNPNCKSQM,LAST BATCH ADULT on
02975,YGAD0YXPP8M,LAST BATCH ADULT on
02976,37T2DLTXRDV,LAST BATCH ADULT on
02977,MXDRC5ZHO1,LAST BATCH ADULT on
02978,D10ZZUMEGCK,LAST BATCH ADULT on
02979,NSRYXXJZ6F,LAST BATCH ADULT on
02980,DEHS28CLY5I,LAST BATCH ADULT on
02981,K2LCAHJ09L7,LAST BATCH ADULT on
02982,NUCIEWTIFX,LAST BATCH ADULT on
02983,KN2644FG2MN,LAST BATCH ADULT on
02984,R5RXWYGIFSR,LAST BATCH ADULT on
02985,KTRK5UW6OWG,LAST BATCH ADULT on
02986,9GFT401DL54,LAST BATCH ADULT on
02987,YGFPCZW4AY,LAST BATCH ADULT on
02988,WK75UI2MP3I,LAST BATCH ADULT on
02989,KCXIN7CE3CC,LAST BATCH ADULT on
02990,7G9KWIAY5NG,LAST BATCH ADULT on
02991,W8L6N8ZLWN,LAST BATCH ADULT on
02992,F8LRRNB8WEG,LAST BATCH ADULT on
02993,4BNHUA9ERP2,LAST BATCH ADULT on
02994,ENGPMCZE6CU,LAST BATCH ADULT on
02995,8SNIV0GMFZW,LAST BATCH ADULT on
02996,IV1YOBG2G5,LAST BATCH ADULT on
02997,XVBM9IONE58,LAST BATCH ADULT on
02998,BJ6G5T4J6W,LAST BATCH ADULT on
02999,PCRNAQ8ZAC,LAST BATCH ADULT on
03000,BW73URR5UT5,LAST BATCH ADULT on
03001,LS6WJ9514ZE,LAST BATCH ADULT on
03002,CQRZCHNX88,LAST BATCH ADULT on
03003,ZBPH4G7YSC,LAST BATCH ADULT on
03004,PCMGNFVQB4,LAST BATCH ADULT on
03005,05PC8881Z19C,LAST BATCH ADULT on
03006,YLXUYYT999L,LAST BATCH ADULT on
03007,7FGGANT2SN9,LAST BATCH ADULT on
03008,H0MIFDAQIU,LAST BATCH ADULT on
03009,SCBSHSOFLH,LAST BATCH ADULT on
03010,TQDOZUKTTBS,LAST BATCH ADULT on
03011,E4GQU1ATR0R,LAST BATCH ADULT on
03012,CMB4EDOJ20L,LAST BATCH ADULT on
03013,1JPZ2GTBGQS,LAST BATCH ADULT on
03014,USEA0VXA0BM,LAST BATCH ADULT on
03015,8XEWTXWLDMV,LAST BATCH ADULT on
03016,4H6OT7QJLAU,LAST BATCH ADULT on
03017,620YAHYNAQS,LAST BATCH ADULT on
03018,DZIXAFKX1R9,LAST BATCH ADULT on
03019,L97DZFVZ56A,LAST BATCH ADULT on
03020,296JKWFELJR,LAST BATCH ADULT on
03021,9A1NSA0YS1N,LAST BATCH ADULT on
03022,IFEU45E40W,LAST BATCH ADULT on
03023,PVTIBS5XYP,LAST BATCH ADULT on
03024,0QBZP7SK3OYG,LAST BATCH ADULT on
03025,1XZOEAJQ5FK,LAST BATCH ADULT on
03026,4D47KOT9ZHO,LAST BATCH ADULT on
03027,7MXA474X384,LAST BATCH ADULT on
03028,59JEKX69JCA,LAST BATCH ADULT on
03029,4J7JLJFXGAG,LAST BATCH ADULT on
03030,IZEY1RX4XOJ,LAST BATCH ADULT on
03031,JY0YW5008FE,LAST BATCH ADULT on
03032,MXZ1FUXREX,LAST BATCH ADULT on
03033,H4AM6F4C4Z8,LAST BATCH ADULT on
03034,DNID89SLA3M,LAST BATCH ADULT on
03035,JXWHJDYUGY,LAST BATCH ADULT on
03036,UQ74C1VGZ4,LAST BATCH ADULT on
03037,1756C1T11ZX,LAST BATCH ADULT on
03038,MZBYZCJ35CG,LAST BATCH ADULT on
03039,7KBUDZ6UDXG,LAST BATCH ADULT on
03040,RECQRNKOQ9O,LAST BATCH ADULT on
03041,I2KHYTBO3MK,LAST BATCH ADULT on
03042,GDXXJ9WMP46,LAST BATCH ADULT on
03043,KWEFN0LI9X,LAST BATCH ADULT on
03044,H6G2PYN7MS,LAST BATCH ADULT on
03045,QO15WKGUNJO,LAST BATCH ADULT on
03046,2RF7K8WV60I,LAST BATCH ADULT on
03047,3AH5303TTBJ,LAST BATCH ADULT on
03048,R5F36RKDRI,LAST BATCH ADULT on
03049,U8GAVCLRX8B,LAST BATCH ADULT on
03050,7BAW7ASATUX,LAST BATCH ADULT on
03051,PZ4YPX4JCDN,LAST BATCH ADULT on
03052,O7PXNEPJVL,LAST BATCH ADULT on
03053,T236HFX3WJP,LAST BATCH ADULT on
03054,ZJS64UB8DJ,LAST BATCH ADULT on
03055,0NC26SOZZD3,LAST BATCH ADULT on
03056,9GLDIT6MRHV,LAST BATCH ADULT on
03057,0DUFYN85QRWP,LAST BATCH ADULT on
03058,JE4NALW5Y9P,LAST BATCH ADULT on
03059,E9LW46YYRYI,LAST BATCH ADULT on
03060,TSMZ6T05EFR,LAST BATCH ADULT on
03061,4OOLJ89SZZC,LAST BATCH ADULT on
03062,6Z8ZGAV046I,LAST BATCH ADULT on
03063,XFWXBV9EN4,LAST BATCH ADULT on
03064,VTHILOCCZHS,LAST BATCH ADULT on
03065,SJJLV8OEJQN,LAST BATCH ADULT on
03066,ED8165UMDLD,LAST BATCH ADULT on
03067,33232YHEC3C,LAST BATCH ADULT on
03068,39R0YEGSYAC,LAST BATCH ADULT on
03069,TLJUY02QW,LAST BATCH ADULT on
03070,WWTDPINN94D,LAST BATCH ADULT on
03071,895R3XC3C6C,LAST BATCH ADULT on
03072,V30I1XKXPA,LAST BATCH ADULT on
03073,AO31DPNXTTS,LAST BATCH ADULT on
03074,4V3VXZHA9GU,LAST BATCH ADULT on
03075,64AKQZP35R5,LAST BATCH ADULT on
03076,B5JGU5LV0W,LAST BATCH ADULT on
03077,3EKG2A3GHB2,LAST BATCH ADULT on
03078,6XJYPBU9KMD,LAST BATCH ADULT on
03079,I6TF9F1B7L,LAST BATCH ADULT on
03080,E0X35470NR9,LAST BATCH ADULT on
03081,HPP7CQOEPGB,LAST BATCH ADULT on
03082,40MRCY3PAM,LAST BATCH ADULT on
03083,IWNCSDAHHS,LAST BATCH ADULT on
03084,D5FOPREW44U,LAST BATCH ADULT on
03085,EWVBNO6UD98,LAST BATCH ADULT on
03086,7WBBW7CQ9VN,LAST BATCH ADULT on
03087,B71O8K4LAS,LAST BATCH ADULT on
03088,W32IZ8QLCGI,LAST BATCH ADULT on
03089,17ZL2AS637F,LAST BATCH ADULT on
03090,3MBUHVS87QW,LAST BATCH ADULT on
03091,0ZU8748LBS2M,LAST BATCH ADULT on
03092,8ZANF7PRN87,LAST BATCH ADULT on
03093,6I8VVGO054A,LAST BATCH ADULT on
03094,7JRUGCFPKVB,LAST BATCH ADULT on
03095,T4HHDH6DRAB,LAST BATCH ADULT on
03096,CM3078NVF77,LAST BATCH ADULT on
03097,645DGRMR6CA,LAST BATCH ADULT on
03098,86N5ODTTK4R,LAST BATCH ADULT on
03099,8IFELURJCFM,LAST BATCH ADULT on
03100,JGKCOANE4P,LAST BATCH ADULT on
03101,M2ABJX8APOR,LAST BATCH ADULT on
03102,ZBYN6Y6Y9FD,LAST BATCH ADULT on
03103,MXPUV9FI47N,LAST BATCH ADULT on
03104,Y0JMI92G8,LAST BATCH ADULT on
03105,TUUHFIBZBG,LAST BATCH ADULT on
03106,A3NLVCUZH8M,LAST BATCH ADULT on
03107,QFUMQY4GM3R,LAST BATCH ADULT on
03108,ZD2C2WGQS9T,LAST BATCH ADULT on
03109,4SR86BQM0Y3,LAST BATCH ADULT on
03110,Y1KWSMN5ZAL,LAST BATCH ADULT on
03111,QHWJ4OVYSRH,LAST BATCH ADULT on
03112,KSWTJ1HTRN,LAST BATCH ADULT on
03113,A5GUD86Y0U,LAST BATCH ADULT on
03114,73J09YZB616,LAST BATCH ADULT on
03115,J11WR07J33T,LAST BATCH ADULT on
03116,8USPG5ZK4MF,LAST BATCH ADULT on
03117,7JTBXHTTHF6,LAST BATCH ADULT on
03118,8G5D6HAJVF7,LAST BATCH ADULT on
03119,12EJ69NEUASF,LAST BATCH ADULT on
03120,IKNF7H9VHBC,LAST BATCH ADULT on
03121,E9HAW339HTU,LAST BATCH ADULT on
03122,3FWRSKIYFX2,LAST BATCH ADULT on
03123,6HZ00JZUZ76,LAST BATCH ADULT on
03124,CWXGYUV8IOP,LAST BATCH ADULT on
03125,RME75596YMJ,LAST BATCH ADULT on
03126,27GZIIZU363,LAST BATCH ADULT on
03127,FUDU0DP0BQ,LAST BATCH ADULT on
03128,1S6VT72WKBL,LAST BATCH ADULT on
03129,Q8WRVOCRDIC,LAST BATCH ADULT on
03130,4P26D1RNYH9,LAST BATCH ADULT on
03131,HU3DMWK82AP,LAST BATCH ADULT on
03132,ULMWCN6L4HC,LAST BATCH ADULT on
03133,LPMYV75H1HE,LAST BATCH ADULT on
03134,7RTIHVJ85U6,LAST BATCH ADULT on
03135,3WK0EP4G2YS,LAST BATCH ADULT on
03136,RA4C86ALS38,LAST BATCH ADULT on
03137,UP5NHDCCGTC,LAST BATCH KIDS on
03138,TV9ZXO2YFWM,LAST BATCH KIDS on
03139,HNTZ7ZOY5S,LAST BATCH KIDS on
03140,76GIFCC4DGR,LAST BATCH KIDS on
03141,NJ3ZI9FNZJC,LAST BATCH KIDS on
03142,72WCE9TBHY3,LAST BATCH KIDS on
03143,7UD6DP4L9WT,LAST BATCH KIDS on
03144,F8BWXLWAEWH,LAST BATCH KIDS on
03145,89D37MB0NXF,LAST BATCH KIDS on
03146,55ENWVBA5X,LAST BATCH KIDS on
03147,PG7GO9KQJA,LAST BATCH KIDS on
03148,KP716NVL0P,LAST BATCH KIDS on
03149,UUAYZD527D,LAST BATCH KIDS on
03150,4TEBZNNPGSH,LAST BATCH KIDS on
03151,02Q3HZ6R2PGK,LAST BATCH KIDS on
03152,DR9A7CK1Y0D,LAST BATCH KIDS on
03153,IJ5E0E7UM7,LAST BATCH KIDS on
03154,31IXG2RV6EG,LAST BATCH KIDS on
03155,STFOYEYHZJ,LAST BATCH KIDS on
03156,VIXGJW5M5G,LAST BATCH KIDS on
03157,O3F113GA6E,LAST BATCH KIDS on
03158,P3ONZMA15DF,LAST BATCH KIDS on
03159,AQSCFI2OINQ,LAST BATCH KIDS on
03160,XLOOKEIT08,LAST BATCH KIDS on
03161,V2UZOG6XZ4L,LAST BATCH KIDS on
03162,53C60KH5PK2,LAST BATCH KIDS on
03163,YUI63Q0ABY,LAST BATCH KIDS on
03164,KXC0FWKH54,LAST BATCH KIDS on
03165,18YENH2OKJJ,LAST BATCH KIDS on
03166,UWGKU79QGB,LAST BATCH KIDS on
03167,3E7CAJEYDRA,LAST BATCH KIDS on
03168,ZZJE4PFKOYS,LAST BATCH KIDS on
03169,XEJ6QET1LB,LAST BATCH KIDS on
03170,ANU5RRTKFBO,LAST BATCH KIDS on
03171,MGR9HZK6C5J,LAST BATCH KIDS on
03172,V6DUS2IZDT9,LAST BATCH KIDS on
03173,QDOWKXOJPTA,LAST BATCH KIDS on
03174,1PCPS64OP0Z,LAST BATCH KIDS on
03175,B1SVDUNOA88,LAST BATCH KIDS on
03176,VFV586WVTFE,LAST BATCH KIDS on
03177,EJSR2TRVL4G,LAST BATCH KIDS on
03178,VL5B6NZ80SC,LAST BATCH KIDS on
03179,8Z1A6QU91JQ,LAST BATCH KIDS on
03180,LVEAGDXLDC,LAST BATCH KIDS on
03181,KEY2NJHXVVG,LAST BATCH KIDS on
03182,2U8P20CRJ07,LAST BATCH KIDS on
03183,OLDCKX56CKD,LAST BATCH KIDS on
03184,RD8WBEAJLD,LAST BATCH KIDS on
03185,8JUISSFPTY7,LAST BATCH KIDS on
03186,5MAJCFXE11W,LAST BATCH KIDS on
03187,JO3WAUKDTC,LAST BATCH KIDS on
03188,DY6JZONO46H,LAST BATCH KIDS on
03189,30XY9FIBZIR,LAST BATCH KIDS on
03190,T7I6633OF1,LAST BATCH KIDS on
03191,UN6T0PC7NM,LAST BATCH KIDS on
03192,S110IWMV2C8,LAST BATCH KIDS on
03193,V4LA4JPHCO,LAST BATCH KIDS on
03194,BDQIGHTDAIB,LAST BATCH KIDS on
03195,JAVPUUTFYU,LAST BATCH KIDS on
03196,A2T24YQCK7C,LAST BATCH KIDS on
03197,ZQ99JF0483,LAST BATCH KIDS on
03198,JY3FJFL2ZS9,LAST BATCH KIDS on
03199,PB2KVRJNT2E,LAST BATCH KIDS on
03200,00HYYAYCAL9,LAST BATCH KIDS on
03201,PWLNPSD141O,LAST BATCH KIDS on
03202,WFZKWE1CH5,LAST BATCH KIDS on
03203,18RH20WT3IU,LAST BATCH KIDS on
03204,619OD6IZF5W,LAST BATCH KIDS on
03205,G45LB7W616I,LAST BATCH KIDS on
03206,MA8RPF9TCU,LAST BATCH KIDS on
03207,JSM4MKXNWF,LAST BATCH KIDS on
03208,E50PDXGU6ZN,LAST BATCH KIDS on
03209,4OIQMZDO43,LAST BATCH KIDS on
03210,NJUIT2NRB2,LAST BATCH KIDS on
03211,T9I4SGV6S7,LAST BATCH KIDS on
03212,CTILRF131MH,LAST BATCH KIDS on
03213,SDXFCILPEX,LAST BATCH KIDS on
03214,KL89G6F4SSH,LAST BATCH KIDS on
03215,WEECWC6KCK,LAST BATCH KIDS on
03216,7YWK4A6ASHM,LAST BATCH KIDS on
03217,TTECNHUEQVP,LAST BATCH KIDS on
03218,90DWX0TIOLK,LAST BATCH KIDS on
03219,9KD1XIQB9XD,LAST BATCH KIDS on
03220,SXF20JWENON,LAST BATCH KIDS on
03221,5O6O6CRVV85,LAST BATCH KIDS on
03222,W27C2O1S6GM,LAST BATCH KIDS on
03223,W3WQMPDLHGS,LAST BATCH KIDS on
03224,5GD19Q70Q5C,LAST BATCH KIDS on
03225,799JRW0AJI8,LAST BATCH KIDS on
03226,T9XIHLWEN7G,LAST BATCH KIDS on
03227,DWCRYOKXIBC,LAST BATCH KIDS on
03228,1JMLC8NBPUK,LAST BATCH KIDS on
03229,QHG37RDKD5O,LAST BATCH KIDS on
03230,3DOG4IU11T,LAST BATCH KIDS on
03231,0BOI80XMP3XH,LAST BATCH KIDS on
03232,CZILHD1MGQ7,LAST BATCH KIDS on
03233,FDWP1GFWTA,LAST BATCH KIDS on
03234,5TD08BVFS5D,LAST BATCH KIDS on
03235,C27PXBEO70Q,LAST BATCH KIDS on
03236,EHUQLETF414,LAST BATCH KIDS on
03237,98GMKKEH9X,LAST BATCH KIDS on
03238,0Y2JVARO1JOI,LAST BATCH KIDS on
03239,OVTANWXY9G,LAST BATCH KIDS on
03240,C4JYM5D45UC,LAST BATCH KIDS on
03241,ADZ6X5KI1UJ,LAST BATCH KIDS on
03242,ITUSLFC0YU9,LAST BATCH KIDS on
03243,LHI6A13Q1D,LAST BATCH KIDS on
03244,W1RX1T7H2C,LAST BATCH KIDS on
03245,V9JM9WTDWP,LAST BATCH KIDS on
03246,S9NJF044JXS,LAST BATCH KIDS on
03247,L54OQPYFAY,LAST BATCH KIDS on
03248,2COVUBB9YEB,LAST BATCH KIDS on
03249,N5NGSUO04E,LAST BATCH KIDS on
03250,9ZER9C2C1NF,LAST BATCH KIDS on
03251,3HG449Y0T4S,LAST BATCH KIDS on
03252,898912JMGI6,LAST BATCH KIDS on
03253,CQBQHT0OXUN,LAST BATCH KIDS on
03254,P4BI8AD6G6M,LAST BATCH KIDS on
03255,J7NKT5LPSW7,LAST BATCH KIDS on
03256,87YQLR9UGOW,LAST BATCH KIDS on
03257,MI7HEH2R6AQ,LAST BATCH KIDS on
03258,6NA804BY7I,LAST BATCH KIDS on
03259,QEGDYGSPBIB,LAST BATCH KIDS on
03260,WMJ953EXQG,LAST BATCH KIDS on
03261,KFP4VAU00BC,LAST BATCH KIDS on
03262,RL22EGKOUDR,LAST BATCH KIDS on
03263,ZCWPBJIQ1KS,LAST BATCH KIDS on
03264,DE9ZRRH5OKG,LAST BATCH KIDS on
03265,AQMDFN3QR9H,LAST BATCH KIDS on
03266,SG25SV96QWO,LAST BATCH KIDS on
03267,X95R9VMY7X8,LAST BATCH KIDS on
03268,JOJBQIQHTIJ,LAST BATCH KIDS on
03269,BAWPZDWBF2D,LAST BATCH KIDS on
03270,WNA7X3XQ6OM,LAST BATCH KIDS on
03271,9O2OGDQLRNQ,LAST BATCH KIDS on
03272,JC7M0K29X3R,LAST BATCH KIDS on
03273,FEWNTFQR8Y,LAST BATCH KIDS on
03274,2624FJN5E9X,LAST BATCH KIDS on
03275,ZN4I51XUWI,LAST BATCH KIDS on
03276,0T6U1WM8RUF,LAST BATCH KIDS on
03277,8FWGEBBCYGO,LAST BATCH KIDS on
03278,3XXEHUZTBNK,LAST BATCH KIDS on
03279,N6INDSJG46,LAST BATCH KIDS on
03280,O6L1P867DWL,LAST BATCH KIDS on
03281,S84FL6HADNC,LAST BATCH KIDS on
03282,N0BZTB9YB2B,LAST BATCH KIDS on
03283,9XCW0Q1LOJ,LAST BATCH KIDS on
03284,B024WDOYDQ,LAST BATCH KIDS on
03285,3UDW0QXBEQW,LAST BATCH KIDS on
03286,GEXEP7VMQBS,LAST BATCH KIDS on
03287,WHSM84T5XGB,LAST BATCH KIDS on
03288,ISL5C1GTLR,LAST BATCH KIDS on
03289,7T6MB78TF0F,LAST BATCH KIDS on
03290,5CH3K8CEGRI,LAST BATCH KIDS on
03291,KPZ5L2ZK9EO,LAST BATCH KIDS on
03292,UBALVLZDH6B,LAST BATCH KIDS on
03293,HPIKLM0GZG,LAST BATCH KIDS on
03294,3VLIZHP45Q5,LAST BATCH KIDS on
03295,FAZIDEB8XVH,LAST BATCH KIDS on
03296,Y4LFLQ9K7J7,LAST BATCH KIDS on
03297,FN6XPQ329BK,LAST BATCH KIDS on
03298,YTLJAQJ91W,LAST BATCH KIDS on
03299,LLJHB9Y0A1,LAST BATCH KIDS on
03300,HZ4OQK5XTML,LAST BATCH KIDS on
03301,4TACS3PCRQY,LAST BATCH KIDS on
03302,ZZETY092TOJ,LAST BATCH KIDS on
03303,SJIC068LWUR,LAST BATCH KIDS on
03304,TWJSZ9FMI6D,LAST BATCH KIDS on
03305,91UAK16NW1H,LAST BATCH KIDS on
03306,3ZH3A5OEHB3,LAST BATCH KIDS on
03307,MCJ0I6JMUIP,LAST BATCH KIDS on
03308,T06ERHUFIW,LAST BATCH KIDS on
03309,HCCC3K64OVT,LAST BATCH KIDS on
03310,Z9AKIN88CQM,LAST BATCH KIDS on
03311,L68JDBK7RRS,LAST BATCH KIDS on
03312,U3J8K5MRTV,LAST BATCH KIDS on
03313,XIX2WSZX39R,LAST BATCH KIDS on
03314,4YUPDRTMJMB,LAST BATCH KIDS on
03315,L9GPSWCFKX,LAST BATCH KIDS on
03316,FMFQGYYWSHN,LAST BATCH KIDS on
03317,T0S9R1HOGJ,LAST BATCH KIDS on
03318,JGXA6B9ZZG,LAST BATCH KIDS on
03319,WUXRJYTOOK,LAST BATCH KIDS on
03320,MQYRKPT1J3,LAST BATCH KIDS on
03321,9KD46GS2BHG,LAST BATCH KIDS on
03322,1IXE5IB8I6N,LAST BATCH KIDS on
03323,NJHJIOJTIL,LAST BATCH KIDS on
03324,97JD2TDEI0R,LAST BATCH KIDS on
03325,D7621ANJHG,LAST BATCH KIDS on
03326,QBDZXPTCDA,LAST BATCH KIDS on
03327,R2UXHRYZT1M,LAST BATCH KIDS on
03328,EU2E9Q5Y70N,LAST BATCH KIDS on
03329,Z99510VLS9L,LAST BATCH KIDS on
03330,G6YK0WQ3HQ7,VIP 4yrs +on
03331,8PV7ZC1G9R5,VIP 4yrs +on
03332,UF3M5D1RA5S,VIP 4yrs +on
03333,ZET6CXOONM8,VIP 4yrs +on
03334,PJLR2Q88BAK,VIP 4yrs +on
03335,EC2MRQG9L85,VIP 4yrs +on
03336,WUAGI46D6AH,VIP 4yrs +on
03337,33QDE2FLEAI,VIP 4yrs +on
03338,CRT4L0JYQIL,VIP 4yrs +on
03339,PY8OHLIU2T8,VIP 4yrs +on
03340,K35NPHRC4Q,VIP 4yrs +on
03341,324SZ0FJRQD,VIP 4yrs +on
03342,HIO52S4224,VIP 4yrs +on
03343,WQNIL68FBQ,VIP 4yrs +on
03344,89HYDTO0JZA,VIP 4yrs +on
03345,8P2P1GU9A9J,VIP 4yrs +on
03346,XERGPC92BHG,VIP 4yrs +on
03347,JV049WT32T,VIP 4yrs +on
03348,HWE623HVV49,VIP 4yrs +on
03349,CQIYK1LO5M,VIP 4yrs +on
03350,LE1QN2491K,VIP 4yrs +on
03351,5UQ9QF0NNNV,VIP 4yrs +on
03352,KLGMIYZJEZ,VIP 4yrs +on
03353,QOMASR4V2K,VIP 4yrs +on
03354,LTGUWPMFWBC,VIP 4yrs +on
03355,49GCFP3LC7,VIP 4yrs +on
03356,RS1B6C3FP6J,VIP 4yrs +on
03357,0BA6TS2F43NQ,VIP 4yrs +on
03358,KATXJ6S2II,VIP 4yrs +on
03359,LFD0VEPGWBT,VIP 4yrs +on
03360,4666BSEOK26,VIP 4yrs +on
03361,3O3R6ZAXP97,VIP 4yrs +on
03362,FPM5WLM84V6,VIP 4yrs +on
03363,359ZMOOGL2X,VIP 4yrs +on
03364,ZMUGRCEXQP,VIP 4yrs +on
03365,K2EGDWVDJUA,VIP 4yrs +on
03366,B76Z6JZMXCT,VIP 4yrs +on
03367,P3VWNVVOJDR,VIP 4yrs +on
03368,2Y917E23MNP,VIP 4yrs +on
03369,X8OTIJZGIKJ,VIP 4yrs +on
03370,8X0QVZ5OSI3,VIP 4yrs +on
03371,0TNGP9YF8AXF,VIP 4yrs +on
03372,4CXLGROHTNR,VIP 4yrs +on
03373,5UAF7XQJK5I,VIP 4yrs +on
03374,IA8R1QKW4H,VIP 4yrs +on
03375,VAI5NZREEDH,VIP 4yrs +on
03376,FXKL0H1699S,VIP 4yrs +on
03377,7E0E1HTMFM,VIP 4yrs +on
03378,NZA95WMGIDP,VIP 4yrs +on
03379,0NFBRCCGC26,VIP 4yrs +on
03380,XE5W1ELBG8O,VIP 4yrs +on
03381,KQYZAFQJ5RP,VIP 4yrs +on
03382,CJ1EF4P5QNL,VIP 4yrs +on
03383,OUGFNHS484,VIP 4yrs +on
03384,TT3BUKYSHNE,VIP 4yrs +on
03385,J6XE6P9CZEA,VIP 4yrs +on
03386,J075BM12MO,VIP 4yrs +on
03387,01YWEHVIE4JQ,VIP 4yrs +on
03388,71SKS5ARXWL,VIP 4yrs +on
03389,V2ZWIMXUVAS,VIP 4yrs +on
03390,JB5CS7QE0O,VIP 4yrs +on
03391,UDSCEYNW84E,VIP 4yrs +on
03392,ZSO4XB153UJ,VIP 4yrs +on
03393,TF0AGPNMFD,VIP 4yrs +on
03394,DS9WESL143,VIP 4yrs +on
03395,CW5IUKY0SG4,VIP 4yrs +on
03396,TTC8E095NB8,VIP 4yrs +on
03397,2D9ELBY6LR2,VIP 4yrs +on
03398,POS61KQAKWG,VIP 4yrs +on
03399,BWQFL6Q4LFW,VIP 4yrs +on
03400,L60O9VE3ZRD,VIP 4yrs +on
03401,QYXAAZFFXTK,VIP 4yrs +on
03402,NHXVVVFJS2,VIP 4yrs +on
03403,DM8KKBY5SM8,VIP 4yrs +on
03404,YIR4R8HNT4G,VIP 4yrs +on
03405,4MN4WZ8CCS8,VIP 4yrs +on
03406,4H6C2CPY9B9,VIP 4yrs +on
03407,ZVF94U33C9H,VIP 4yrs +on
03408,VHKTUHYWOT,VIP 4yrs +on
03409,AUD641L97M7,VIP 4yrs +on
03410,6L4N2M3EUKY,VIP 4yrs +on
03411,F4574XO2N66,VIP 4yrs +on
03412,89HXQ21C36F,VIP 4yrs +on
03413,H5YYXL71K4L,VIP 4yrs +on
03414,5B10NW310TV,VIP 4yrs +on
03415,AW4CKDIPAU,VIP 4yrs +on
03416,OEY99QWKRZ,VIP 4yrs +on
03417,YQQZF4I0BX9,VIP 4yrs +on
03418,INAL8I0RFZJ,VIP 4yrs +on
03419,PEIA356SBC,VIP 4yrs +on
03420,AMTQ4FMA1SP,VIP 4yrs +on
03421,NH5M2F80QO,VIP 4yrs +on
03422,8DR0FQ7RRVP,VIP 4yrs +on
03423,VWEQWNUY8W,VIP 4yrs +on
03424,29H5HL05ESL,VIP 4yrs +on
03425,JBKC977WNO,VIP 4yrs +on
03426,QZ92FZINSQ,VIP 4yrs +on
03427,C7QUU38FQGF,VIP 4yrs +on
03428,W5OPKCAVUIO,VIP 4yrs +on
03429,FTEEIQVQ9X4,VIP 4yrs +on
03430,AZ6KCI61G8U,VIP 4yrs +on
03431,TLX6RF1014,VIP 4yrs +on
