0001,0001948049416133,Female Gen
0002,0002448045889949,Female Gen
0003,0003848041908933,Female Gen
0004,0004954359048048,Female Gen
0005,0005734516480420,Female Gen
0006,0006555543548045,Female Gen
0007,0007784804989205,Female Gen
0008,0008931420124804,Female Gen
0009,0009722480482703,Female Gen
0010,0010547238244804,Female Gen
0011,0011755707648041,Female Gen
0012,0012348044781391,Female Gen
0013,0013480426546465,Female Gen
0014,0014845480416380,Female Gen
0015,0015060480468194,Female Gen
0016,0016544804560752,Female Gen
0017,0017877148049564,Female Gen
0018,0018634348046101,Female Gen
0019,0019974804341748,Female Gen
0020,0020647148043433,Female Gen
0021,0021774348049630,Female Gen
0022,0022948047524807,Female Gen
0023,0023236674804945,Female Gen
0024,0024369063724804,Female Gen
0025,0025759924848046,Female Gen
0026,0026322774804775,Female Gen
0027,0027794248046614,Female Gen
0028,0028480466705519,Female Gen
0029,0029646824804083,Female Gen
0030,0030548048556966,Female Gen
0031,0031480458145451,Female Gen
0032,0032850934480413,Female Gen
0033,0033911398724804,Female Gen
0034,0034491643548040,Female Gen
0035,0035620244804322,Female Gen
0036,0036048047007259,Female Gen
0037,0037796434804934,Female Gen
0038,0038448041134490,Female Gen
0039,0039360369248042,Female Gen
0040,0040569894804005,Female Gen
0041,0041970480452432,Female Gen
0042,0042974804632803,Female Gen
0043,0043529480410642,Female Gen
0044,0044755748042264,Female Gen
0045,0045578461148043,Female Gen
0046,0046913571984804,Female Gen
0047,0047754804214636,Female Gen
0048,0048948046534359,Female Gen
0049,0049480458205259,Female Gen
0050,0050490480479062,Female Gen
0051,0051544804264261,Female Gen
0052,0052272883848047,Female Gen
0053,0053370348043375,Female Gen
0054,0054327984348041,Female Gen
0055,0055374248040041,Female Gen
0056,0056248045936147,Female Gen
0057,0057601616480421,Female Gen
0058,0058264944804076,Female Gen
0059,0059174324804859,Female Gen
0060,0060648047798557,Female Gen
0061,0061484404804486,Female Gen
0062,0062774804959455,Female Gen
0063,0063107427148040,Female Gen
0064,0064948043321459,Female Gen
0065,0065308904804169,Female Gen
0066,0066243480481456,Female Gen
0067,0067912480433144,Female Gen
0068,0068797848049801,Female Gen
0069,0069148048912172,Female Gen
0070,0070248042745260,Female Gen
0071,0071874804356098,Female Gen
0072,0072480421042717,Female Gen
0073,0073741338480461,Female Gen
0074,0074794248047434,Female Gen
0075,0075883480414559,Female Gen
0076,0076383148042682,Female Gen
0077,0077339486644804,Female Gen
0078,0078325095348049,Female Gen
0079,0079544480456626,Female Gen
0080,0080480433378091,Female Gen
0081,0081209884804138,Female Gen
0082,0082745748042733,Female Gen
0083,0083948043935714,Female Gen
0084,0084438554804275,Female Gen
0085,0085051854804714,Female Gen
0086,0086709578480438,Female Gen
0087,0087848040513224,Female Gen
0088,0088425164854804,Female Gen
0089,0089263148044577,Female Gen
0090,0090848049781389,Female Gen
0091,0091824804592272,Female Gen
0092,0092172864804127,Female Gen
0093,0093199268148045,Female Gen
0094,0094835722480461,Female Gen
0095,0095480484167000,Female Gen
0096,0096662997184804,Female Gen
0097,0097334804887197,Female Gen
0098,0098233048049377,Female Gen
0099,0099142554804415,Female Gen
0100,0100094634804017,Female Gen
0101,0101448042390874,Female Gen
0102,0102480496515131,Female Gen
0103,0103240480493072,Female Gen
0104,0104110684804845,Female Gen
0105,0105491848042003,Female Gen
0106,0106548043778537,Female Gen
0107,0107948040172698,Female Gen
0108,0108680848248040,Female Gen
0109,0109356833474804,Female Gen
0110,0110048044469989,Female Gen
0111,0111369480438032,Female Gen
0112,0112964480421356,Female Gen
0113,0113148047125115,Female Gen
0114,0114107480408946,Female Gen
0115,0115303480452425,Female Gen
0116,0116905148045249,Female Gen
0117,0117537480407485,Female Gen
0118,0118480412625476,Female Gen
0119,0119670480411346,Female Gen
0120,0120903748043994,Female Gen
0121,0121774804149228,Female Gen
0122,0122480477010725,Female Gen
0123,0123025240904804,Female Gen
0124,0124842480443674,Female Gen
0125,0125441417948040,Female Gen
0126,0126863104804970,Female Gen
0127,0127533540048043,Female Gen
0128,0128248046344901,Female Gen
0129,0129248043576758,Female Gen
0130,0130028948040747,Female Gen
0131,0131606886448041,Female Gen
0132,0132624804333933,Female Gen
0133,0133394804619686,Female Gen
0134,0134728464480481,Female Gen
0135,0135512029454804,Female Gen
0136,0136574058480480,Female Gen
0137,0137073060248041,Female Gen
0138,0138834540148044,Female Gen
0139,0139348045191494,Female Gen
0140,0140648042781812,Female Gen
0141,0141229734804908,Female Gen
0142,0142273618254804,Female Gen
0143,0143044804923627,Female Gen
0144,0144964804530953,Female Gen
0145,0145480455212352,Female Gen
0146,0146922480447712,Female Gen
0147,0147354804835707,Female Gen
0148,0148744804362555,Female Gen
0149,0149517214804045,Female Gen
0150,0150559194804829,Female Gen
0151,0151748049247188,Female Gen
0152,0152480410754284,Female Gen
0153,0153348049812745,Female Gen
0154,0154440594804917,Female Gen
0155,0155480434038528,Female Gen
0156,0156548042670972,Female Gen
0157,0157964804747877,Female Gen
0158,0158480464899668,Female Gen
0159,0159996666504804,Female Gen
0160,0160480485025835,Female Gen
0161,0161084804443936,Female Gen
0162,0162480415623695,Female Gen
0163,0163970148041946,Female Gen
0164,0164264804380712,Female Gen
0165,0165480442890046,Female Gen
0166,0166504804056695,Female Gen
0167,0167480449037447,Female Gen
0168,0168807748040650,Female Gen
0169,0169851528348047,Female Gen
0170,0170341179284804,Female Gen
0171,0171510920480452,Female Gen
0172,0172074048045822,Female Gen
0173,0173756548040895,Female Gen
0174,0174704804502634,Female Gen
0175,0175480451456160,Female Gen
0176,0176480486044491,Female Gen
0177,0177394804716762,Female Gen
0178,0178954804048073,Female Gen
0179,0179234804363766,Female Gen
0180,0180422983548046,Female Gen
0181,0181580879134804,Female Gen
0182,0182092534804286,Female Gen
0183,0183904804086508,Female Gen
0184,0184480423318033,Female Gen
0185,0185088480419053,Female Gen
0186,0186425548040095,Female Gen
0187,0187480497703070,Female Gen
0188,0188006724480464,Female Gen
0189,0189337444948044,Female Gen
0190,0190472230024804,Female Gen
0191,0191150480458449,Female Gen
0192,0192480494968909,Female Gen
0193,0193019759248043,Female Gen
0194,0194045404804944,Female Gen
0195,0195321537464804,Female Gen
0196,0196774804418528,Female Gen
0197,0197594804785682,Female Gen
0198,0198482681480431,Female Gen
0199,0199927414804369,Female Gen
0200,0200248043542753,Female Gen
0201,0201869264048044,Female Gen
0202,0202348049826188,Female Gen
0203,0203764804473707,Female Gen
0204,0204592248049103,Female Gen
0205,0205447480454637,Female Gen
0206,0206480482216682,Female Gen
0207,0207607814804321,Female Gen
0208,0208480477470679,Female Gen
0209,0209480496014337,Female Gen
0210,0210527480472651,Female Gen
0211,0211553659248048,Female Gen
0212,0212804967054804,Female Gen
0213,0213480435508635,Female Gen
0214,0214547432124804,Female Gen
0215,0215118711548049,Female Gen
0216,0216616724804071,Female Gen
0217,0217148049628223,Female Gen
0218,0218348047393791,Female Gen
0219,0219448047258862,Female Gen
0220,0220032292948046,Female Gen
0221,0221248047165390,Female Gen
0222,0222238480438388,Female Gen
0223,0223957644324804,Female Gen
0224,0224755480403013,Female Gen
0225,0225480429339712,Female Gen
0226,0226443295480436,Female Gen
0227,0227347044804346,Female Gen
0228,0228814804809595,Female Gen
0229,0229213948045853,Female Gen
0230,0230480436880404,Female Gen
0231,0231834480488351,Female Gen
0232,0232948047238781,Female Gen
0233,0233372840480445,Female Gen
0234,0234432534284804,Female Gen
0235,0235590480424945,Female Gen
0236,0236051566014804,Female Gen
0237,0237010988748042,Female Gen
0238,0238227480408355,Female Gen
0239,0239439729480451,Female Gen
0240,0240914848046097,Female Gen
0241,0241394848041241,Female Gen
0242,0242272480409486,Female Gen
0243,0243548046529497,Female Gen
0244,0244844804859848,Female Gen
0245,0245532480406960,Female Gen
0246,0246178040480404,Female Gen
0247,0247377774804720,Female Gen
0248,0248648046284807,Female Gen
0249,0249765480415348,Female Gen
0250,0250648043238036,Female Gen
0251,0251132711204804,Female Gen
0252,0252494804417420,Female Gen
0253,0253387528124804,Female Gen
0254,0254928480439073,Female Gen
0255,0255309684804279,Female Gen
0256,0256494804597776,Female Gen
0257,0257480496112207,Female Gen
0258,0258607423814804,Female Gen
0259,0259292828748041,Female Gen
0260,0260455578984804,Female Gen
0261,0261195548042195,Female Gen
0262,0262434804135752,Female Gen
0263,0263242480404383,Female Gen
0264,0264445964480450,Female Gen
0265,0265333144334804,Female Gen
0266,0266291767748047,Female Gen
0267,0267264804343801,Female Gen
0268,0268221604804778,Female Gen
0269,0269036048042066,Female Gen
0270,0270294804384121,Female Gen
0271,0271642648042930,Female Gen
0272,0272784194480463,Female Gen
0273,0273744153948046,Female Gen
0274,0274652005480482,Female Gen
0275,0275655565004804,Female Gen
0276,0276124508480439,Female Gen
0277,0277829310248047,Female Gen
0278,0278480499652129,Female Gen
0279,0279497348048360,Female Gen
0280,0280395820048040,Female Gen
0281,0281069548046422,Female Gen
0282,0282848044046943,Female Gen
0283,0283433833448048,Female Gen
0284,0284932462024804,Female Gen
0285,0285354255480408,Female Gen
0286,0286480472531443,Female Gen
0287,0287254804704750,Female Gen
0288,0288448048277687,Female Gen
0289,0289480418689568,Female Gen
0290,0290365583480432,Female Gen
0291,0291448047477647,Female Gen
0292,0292480416334679,Female Gen
0293,0293832982448047,Female Gen
0294,0294773348049581,Female Gen
0295,0295983480451025,Female Gen
0296,0296848044864451,Female Gen
0297,0297187948041861,Female Gen
0298,0298322480438159,Female Gen
0299,0299362480460691,Female Gen
0300,0300052480451580,Female Gen
0301,0301348044219638,Female Gen
0302,0302832803848046,Female Gen
0303,0303356274804918,Female Gen
0304,0304410083864804,Female Gen
0305,0305348047372875,Female Gen
0306,0306480419625598,Female Gen
0307,0307401480464661,Female Gen
0308,0308503919304804,Female Gen
0309,0309480471595771,Female Gen
0310,0310985910548043,Female Gen
0311,0311211048047442,Female Gen
0312,0312222144094804,Female Gen
0313,0313233448049337,Female Gen
0314,0314534480476253,Female Gen
0315,0315480475372653,Female Gen
0316,0316337480491794,Female Gen
0317,0317714804207986,Female Gen
0318,0318544804351196,Female Gen
0319,0319403267254804,Female Gen
0320,0320948043272545,Female Gen
0321,0321480410437601,Female Gen
0322,0322956392948049,Female Gen
0323,0323440880648040,Female Gen
0324,0324805480463075,Female Gen
0325,0325134804333646,Female Gen
0326,0326187882648047,Female Gen
0327,0327988048043338,Female Gen
0328,0328408894804392,Female Gen
0329,0329997048042131,Female Gen
0330,0330480406317305,Female Gen
0331,0331048046263739,Female Gen
0332,0332025140648040,Female Gen
0333,0333414804851226,Female Gen
0334,0334480492909595,Female Gen
0335,0335480439490786,Female Gen
0336,0336326848040556,Female Gen
0337,0337227496480471,Female Gen
0338,0338440346480447,Female Gen
0339,0339098329764804,Female Gen
0340,0340755763848048,Female Gen
0341,0341020348049342,Female Gen
0342,0342480414768073,Female Gen
0343,0343751480439924,Female Gen
0344,0344468086834804,Female Gen
0345,0345341484804375,Female Gen
0346,0346252104804887,Female Gen
0347,0347548046757478,Female Gen
0348,0348549634804042,Female Gen
0349,0349434804938613,Female Gen
0350,0350448045403487,Female Gen
0351,0351904804988846,Female Gen
0352,0352361494804959,Female Gen
0353,0353087480424716,Female Gen
0354,0354017348044196,Female Gen
0355,0355696480423353,Female Gen
0356,0356341173480467,Female Gen
0357,0357704804620741,Female Gen
0358,0358848045626377,Female Gen
0359,0359980948046883,Female Gen
0360,0360538904804973,Female Gen
0361,0361748040825426,Female Gen
0362,0362043748045336,Female Gen
0363,0363949424314804,Female Gen
0364,0364201325824804,Female Gen
0365,0365073484804477,Female Gen
0366,0366655699374804,Female Gen
0367,0367588341848044,Female Gen
0368,0368719046480481,Female Gen
0369,0369669948042987,Female Gen
0370,0370034804418541,Female Gen
0371,0371480419499670,Female Gen
0372,0372480462167054,Female Gen
0373,0373480444277567,Female Gen
0374,0374546675654804,Female Gen
0375,0375848045888688,Female Gen
0376,0376337112748040,Female Gen
0377,0377526423314804,Female Gen
0378,0378432480416687,Female Gen
0379,0379242374804811,Female Gen
0380,0380048480446599,Female Gen
0381,0381848044421138,Female Gen
0382,0382450026480404,Female Gen
0383,0383675480444091,Female Gen
0384,0384794265480428,Female Gen
0385,0385480497035668,Female Gen
0386,0386295248044872,Female Gen
0387,0387448049892634,Female Gen
0388,0388349795914804,Female Gen
0389,0389042714804169,Female Gen
0390,0390773448049187,Female Gen
0391,0391084804973439,Female Gen
0392,0392448045535703,Female Gen
0393,0393774248480420,Female Gen
0394,0394848042881993,Female Gen
0395,0395494804136812,Female Gen
0396,0396249148046290,Female Gen
0397,0397716226348049,Female Gen
0398,0398013848044197,Female Gen
0399,0399968059048042,Female Gen
0400,0400803072480471,Female Gen
0401,0401642275848046,Female Gen
0402,0402414148046330,Female Gen
0403,0403480499425268,Female Gen
0404,0404991784804374,Female Gen
0405,0405548049148894,Female Gen
0406,0406294480414996,Female Gen
0407,0407323193480474,Female Gen
0408,0408148045571951,Female Gen
0409,0409153174804306,Female Gen
0410,0410480463247655,Female Gen
0411,0411075924804185,Female Gen
0412,0412994804513110,Female Gen
0413,0413737270748048,Female Gen
0414,0414480463674322,Female Gen
0415,0415348045449942,Female Gen
0416,0416636511614804,Female Gen
0417,0417024804757579,Female Gen
0418,0418948042979360,Female Gen
0419,0419123944804416,Female Gen
0420,0420672414804911,Female Gen
0421,0421948164574804,Female Gen
0422,0422480492173085,Female Gen
0423,0423038078548046,Female Gen
0424,0424463404480480,Female Gen
0425,0425048046888334,Female Gen
0426,0426928064804299,Female Gen
0427,0427874048043488,Female Gen
0428,0428480481921148,Female Gen
0429,0429236164804541,Female Gen
0430,0430016704480443,Female Gen
0431,0431266379848041,Female Gen
0432,0432914160248044,Female Gen
0433,0433501826848040,Female Gen
0434,0434118004804747,Female Gen
0435,0435956448047856,Female Gen
0436,0436480452480222,Female Gen
0437,0437865644804761,Female Gen
0438,0438185480434752,Female Gen
0439,0439318647614804,Female Gen
0440,0440480413826334,Female Gen
0441,0441166394734804,Female Gen
0442,0442574804071642,Female Gen
0443,0443622507048046,Female Gen
0444,0444754804976157,Female Gen
0445,0445717487704804,Female Gen
0446,0446048048224828,Female Gen
0447,0447148480455439,Female Gen
0448,0448102480462157,Female Gen
0449,0449684804366302,Female Gen
0450,0450748046659471,Female Gen
0451,0451480426837906,Female Gen
0452,0452099165480470,Female Gen
0453,0453025770644804,Female Gen
0454,0454412234804547,Female Gen
0455,0455867349164804,Female Gen
0456,0456809748045724,Female Gen
0457,0457016828480442,Female Gen
0458,0458894804800964,Female Gen
0459,0459675844544804,Female Gen
0460,0460883784804581,Female Gen
0461,0461243594804539,Female Gen
0462,0462717612648040,Female Gen
0463,0463695929148040,Female Gen
0464,0464468948040741,Female Gen
0465,0465201734804262,Female Gen
0466,0466784804559793,Female Gen
0467,0467566574804789,Female Gen
0468,0468084804286031,Female Gen
0469,0469480425478726,Female Gen
0470,0470548049922211,Female Gen
0471,0471534986248040,Female Gen
0472,0472680041480419,Female Gen
0473,0473719746454804,Female Gen
0474,0474413604804669,Female Gen
0475,0475290480420990,Female Gen
0476,0476448049208667,Female Gen
0477,0477682158844804,Female Gen
0478,0478693775804804,Female Gen
0479,0479748040718251,Female Gen
0480,0480509480416426,Female Gen
0481,0481648042020179,Female Gen
0482,0482134151564804,Female Gen
0483,0483199123384804,Female Gen
0484,0484480448178523,Female Gen
0485,0485884804186628,Female Gen
0486,0486329480423949,Female Gen
0487,0487589274480468,Female Gen
0488,0488877462480403,Female Gen
0489,0489580935480437,Female Gen
0490,0490189431548041,Female Gen
0491,0491480417956065,Female Gen
0492,0492110414634804,Female Gen
0493,0493344480455142,Female Gen
0494,0494228539480435,Female Gen
0495,0495805466480441,Female Gen
0496,0496468779348049,Female Gen
0497,0497105480467215,Female Gen
0498,0498480466224229,Female Gen
0499,0499000512424804,Female Gen
0500,0500335709764804,Female Gen
0501,0501348048790596,Female Gen
0502,0502122248043958,Female Gen
0503,0503048041455822,Female Gen
0504,0504928530480413,Female Gen
0505,0505166300480485,Female Gen
0506,0506080748043469,Female Gen
0507,0507335828648042,Female Gen
0508,0508784148042891,Female Gen
0509,0509842704804946,Female Gen
0510,0510451204804873,Female Gen
0511,0511248044372260,Female Gen
0512,0512270480432556,Female Gen
0513,0513480437435053,Female Gen
0514,0514480477237219,Female Gen
0515,0515283360480419,Female Gen
0516,0516348049708234,Female Gen
0517,0517225744804686,Female Gen
0518,0518545480460767,Female Gen
0519,0519734100948042,Female Gen
0520,0520793116548047,Female Gen
0521,0521480402518301,Female Gen
0522,0522416976480461,Female Gen
0523,0523834804440607,Female Gen
0524,0524371321480457,Female Gen
0525,0525130440480428,Female Gen
0526,0526434480452925,Female Gen
0527,0527708480413843,Female Gen
0528,0528480432283397,Female Gen
0529,0529248045729922,Female Gen
0530,0530597848046257,Female Gen
0531,0531055406648041,Female Gen
0532,0532243358814804,Female Gen
0533,0533633548043449,Female Gen
0534,0534265244804140,Female Gen
0535,0535598902148047,Female Gen
0536,0536480427620617,Female Gen
0537,0537460734804606,Female Gen
0538,0538818748042052,Female Gen
0539,0539245649480427,Female Gen
0540,0540384480471805,Female Gen
0541,0541296444480484,Female Gen
0542,0542548046916284,Female Gen
0543,0543398048040126,Female Gen
0544,0544313480466166,Female Gen
0545,0545480490857948,Female Gen
0546,0546048044675799,Female Gen
0547,0547926903480452,Female Gen
0548,0548480489910537,Female Gen
0549,0549757480473576,Female Gen
0550,0550263894804289,Female Gen
0551,0551544804577740,Female Gen
0552,0552480488229666,Female Gen
0553,0553495033374804,Female Gen
0554,0554148148040336,Female Gen
0555,0555157334044804,Female Gen
0556,0556336247480497,Female Gen
0557,0557448042978514,Female Gen
0558,0558435027264804,Female Gen
0559,0559336863480477,Female Gen
0560,0560364886480426,Female Gen
0561,0561704804157185,Female Gen
0562,0562480481703419,Female Gen
0563,0563878234804351,Female Gen
0564,0564448047652120,Female Gen
0565,0565920870848043,Female Gen
0566,0566791548049383,Female Gen
0567,0567189764748045,Female Gen
0568,0568948044053639,Female Gen
0569,0569767893480481,Female Gen
0570,0570348046436260,Female Gen
0571,0571548049546311,Female Gen
0572,0572164804497833,Female Gen
0573,0573353589480457,Female Gen
0574,0574990448042099,Female Gen
0575,0575184466084804,Female Gen
0576,0576340488548046,Female Gen
0577,0577456748042936,Female Gen
0578,0578575004804418,Female Gen
0579,0579785048041375,Female Gen
0580,0580446480486895,Female Gen
0581,0581065054804036,Female Gen
0582,0582348048684971,Female Gen
0583,0583480483442191,Female Gen
0584,0584449974804747,Female Gen
0585,0585035456480438,Female Gen
0586,0586794841480496,Female Gen
0587,0587403364804873,Female Gen
0588,0588955004448048,Female Gen
0589,0589821480449358,Female Gen
0590,0590206948049605,Female Gen
0591,0591529898480413,Female Gen
0592,0592709093448044,Female Gen
0593,0593802079948048,Female Gen
0594,0594154804238927,Female Gen
0595,0595865183348047,Female Gen
0596,0596748049536947,Female Gen
0597,0597858149480486,Female Gen
0598,0598480461424825,Female Gen
0599,0599480463747257,Female Gen
0600,0600348046460669,Female Gen
0601,0601348041026312,Female Gen
0602,0602480406825126,Female Gen
0603,0603451464480429,Female Gen
0604,0604994804344059,Female Gen
0605,0605902480425992,Female Gen
0606,0606756326648046,Female Gen
0607,0607441480445768,Female Gen
0608,0608480437915414,Female Gen
0609,0609192480469010,Female Gen
0610,0610806814094804,Female Gen
0611,0611844804760591,Female Gen
0612,0612480412990163,Female Gen
0613,0613768814804514,Female Gen
0614,0614886822204804,Female Gen
0615,0615480454080116,Female Gen
0616,0616800938848040,Female Gen
0617,0617914804710077,Female Gen
0618,0618920599748044,Female Gen
0619,0619150448046928,Female Gen
0620,0620899833480444,Female Gen
0621,0621480491408978,Female Gen
0622,0622958691448048,Female Gen
0623,0623194804187312,Female Gen
0624,0624963931348040,Female Gen
0625,0625603763334804,Female Gen
0626,0626977595480421,Female Gen
0627,0627492051248044,Female Gen
0628,0628979683048045,Female Gen
0629,0629037766554804,Female Gen
0630,0630115648044262,Female Gen
0631,0631965480467542,Female Gen
0632,0632525204804316,Female Gen
0633,0633480437399692,Female Gen
0634,0634565904804470,Female Gen
0635,0635412554748045,Female Gen
0636,0636421234148046,Female Gen
0637,0637474804197047,Female Gen
0638,0638480483103590,Female Gen
0639,0639102710764804,Female Gen
0640,0640748042514569,Female Gen
0641,0641161022624804,Female Gen
0642,0642377704948042,Female Gen
0643,0643887854804026,Female Gen
0644,0644598547480406,Female Gen
0645,0645554804663557,Female Gen
0646,0646480495607492,Female Gen
0647,0647497354544804,Female Gen
0648,0648280353954804,Female Gen
0649,0649480437795867,Female Gen
0650,0650174948044792,Female Gen
0651,0651648049384185,Female Gen
0652,0652834804825669,Female Gen
0653,0653418669324804,Female Gen
0654,0654548045507512,Female Gen
0655,0655148046224454,Female Gen
0656,0656041898134804,Female Gen
0657,0657478304480403,Female Gen
0658,0658801182434804,Female Gen
0659,0659480413893029,Female Gen
0660,0660860225404804,Female Gen
0661,0661244856694804,Female Gen
0662,0662088637748040,Female Gen
0663,0663994710480482,Female Gen
0664,0664968448049398,Female Gen
0665,0665900548045104,Female Gen
0666,0666396248041124,Female Gen
0667,0667053806948046,Female Gen
0668,0668480432039359,Female Gen
0669,0669848043183739,Female Gen
0670,0670304804658149,Female Gen
0671,0671284804878301,Female Gen
0672,0672612934804702,Female Gen
0673,0673617480478796,Female Gen
0674,0674627574480419,Female Gen
0675,0675983552480476,Female Gen
0676,0676648041440646,Female Gen
0677,0677148044861784,Female Gen
0678,0678590548045083,Female Gen
0679,0679516698974804,Female Gen
0680,0680984804481089,Female Gen
0681,0681378679704804,Female Gen
0682,0682948047472380,Female Gen
0683,0683390397648049,Female Gen
0684,0684624804240456,Female Gen
0685,0685931674804757,Female Gen
0686,0686000548047314,Female Gen
0687,0687484480464988,Female Gen
0688,0688468148044982,Female Gen
0689,0689152648046281,Female Gen
0690,0690283480404896,Female Gen
0691,0691276911648045,Female Gen
0692,0692154804810735,Female Gen
0693,0693919724804536,Female Gen
0694,0694515698364804,Female Gen
0695,0695480465533555,Female Gen
0696,0696884804895394,Female Gen
0697,0697236910414804,Female Gen
0698,0698480409679119,Female Gen
0699,0699448044031387,Female Gen
0700,0700670548044842,Female Gen
0701,0701510374480427,Female Gen
0702,0702386248045708,Female Gen
0703,0703521480499405,Female Gen
0704,0704656948041620,Female Gen
0705,0705603553480484,Female Gen
0706,0706348049281392,Female Gen
0707,0707814804290376,Female Gen
0708,0708054804653069,Female Gen
0709,0709232094524804,Female Gen
0710,0710684804942560,Female Gen
0711,0711727290948044,Female Gen
0712,0712480422868553,Female Gen
0713,0713164804491419,Female Gen
0714,0714869480450781,Female Gen
0715,0715648044818976,Female Gen
0716,0716242480410951,Female Gen
0717,0717253394804892,Female Gen
0718,0718495159048040,Female Gen
0719,0719978606864804,Female Gen
0720,0720450261480446,Female Gen
0721,0721148040940770,Female Gen
0722,0722859694804220,Female Gen
0723,0723196174804849,Female Gen
0724,0724782154804914,Female Gen
0725,0725922748048812,Female Gen
0726,0726680659174804,Female Gen
0727,0727848047006724,Female Gen
0728,0728404804097025,Female Gen
0729,0729348043493206,Female Gen
0730,0730480401404378,Female Gen
0731,0731264804116863,Female Gen
0732,0732480492070129,Female Gen
0733,0733217548040948,Female Gen
0734,0734742078480445,Female Gen
0735,0735948043299167,Female Gen
0736,0736764804235042,Female Gen
0737,0737548049429319,Female Gen
0738,0738921234804052,Female Gen
0739,0739659480488721,Female Gen
0740,0740575741948048,Female Gen
0741,0741324804826309,Female Gen
0742,0742428014804191,Female Gen
0743,0743964480467017,Female Gen
0744,0744527245480405,Female Gen
0745,0745480489065257,Female Gen
0746,0746396014804705,Female Gen
0747,0747901480412020,Female Gen
0748,0748247348048226,Female Gen
0749,0749892979480474,Female Gen
0750,0750824804308667,Female Gen
0751,0751556548048318,Female Gen
0752,0752212641948044,Female Gen
0753,0753348047240062,Female Gen
0754,0754064804872447,Female Gen
0755,0755252424480496,Female Gen
0756,0756444304480441,Female Gen
0757,0757848049115046,Female Gen
0758,0758315874084804,Female Gen
0759,0759480459125547,Female Gen
0760,0760039924804098,Female Gen
0761,0761468184804961,Female Gen
0762,0762989866248041,Female Gen
0763,0763692248046459,Female Gen
0764,0764151480491354,Female Gen
0765,0765648042183530,Female Gen
0766,0766480467820845,Female Gen
0767,0767463324804228,Female Gen
0768,0768248045682569,Female Gen
0769,0769333564044804,Female Gen
0770,0770862544480421,Female Gen
0771,0771981596480456,Female Gen
0772,0772942048046007,Female Gen
0773,0773124360748042,Female Gen
0774,0774894804740380,Female Gen
0775,0775167374480424,Female Gen
0776,0776904804607634,Female Gen
0777,0777729654804407,Female Gen
0778,0778092948044385,Female Gen
0779,0779668503574804,Female Gen
0780,0780509480497526,Female Gen
0781,0781559704804451,Female Gen
0782,0782368399480471,Female Gen
0783,0783248045010733,Female Gen
0784,0784164804073646,Female Gen
0785,0785216448041130,Female Gen
0786,0786447033480408,Female Gen
0787,0787052931480431,Female Gen
0788,0788873480448370,Female Gen
0789,0789225148045666,Female Gen
0790,0790663417884804,Female Gen
0791,0791529548043796,Female Gen
0792,0792001384804993,Female Gen
0793,0793764804352029,Female Gen
0794,0794256950804804,Female Gen
0795,0795248040959361,Female Gen
0796,0796813480498581,Female Gen
0797,0797452480457831,Female Gen
0798,0798187480400087,Female Gen
0799,0799825548042579,Female Gen
0800,0800643648042878,Female Gen
0801,0801148046522911,Female Gen
0802,0802742245314804,Female Gen
0803,0803185848041277,Female Gen
0804,0804480403633040,Female Gen
0805,0805334804189801,Female Gen
0806,0806801848043586,Female Gen
0807,0807038854804097,Female Gen
0808,0808764804035559,Female Gen
0809,0809480479568142,Female Gen
0810,0810416748040342,Female Gen
0811,0811248040510152,Female Gen
0812,0812787890480406,Female Gen
0813,0813831019604804,Female Gen
0814,0814724804124229,Female Gen
0815,0815700817148043,Female Gen
0816,0816424804884190,Female Gen
0817,0817675480430088,Female Gen
0818,0818435034804706,Female Gen
0819,0819952613604804,Female Gen
0820,0820861480452856,Female Gen
0821,0821913193104804,Female Gen
0822,0822736622148041,Female Gen
0823,0823896464804921,Female Gen
0824,0824522534804529,Female Gen
0825,0825382748043564,Female Gen
0826,0826566722084804,Female Gen
0827,0827489348148044,Female Gen
0828,0828077660748044,Female Gen
0829,0829218853894804,Female Gen
0830,0830140420454804,Female Gen
0831,0831250037548048,Female Gen
0832,0832948480410580,Female Gen
0833,0833244258554804,Female Gen
0834,0834119020148042,Female Gen
0835,0835534804894999,Female Gen
0836,0836619480437162,Female Gen
0837,0837648045697432,Female Gen
0838,0838648042325294,Female Gen
0839,0839480462983696,Female Gen
0840,0840346769504804,Female Gen
0841,0841284348040274,Female Gen
0842,0842048049528728,Female Gen
0843,0843098224804652,Female Gen
0844,0844852480498818,Female Gen
0845,0845444804812941,Female Gen
0846,0846480438699977,Female Gen
0847,0847034804025128,Female Gen
0848,0848492433464804,Female Gen
0849,0849913738084804,Female Gen
0850,0850788480453691,Female Gen
0851,0851249531048047,Female Gen
0852,0852266348044142,Female Gen
0853,0853464804539435,Female Gen
0854,0854428443848045,Female Gen
0855,0855480434356111,Female Gen
0856,0856006943048045,Female Gen
0857,0857448048076597,Female Gen
0858,0858344048047304,Female Gen
0859,0859409402234804,Female Gen
0860,0860413480417967,Female Gen
0861,0861694804808732,Female Gen
0862,0862742714804007,Female Gen
0863,0863279480459658,Female Gen
0864,0864674804796202,Female Gen
0865,0865834148041006,Female Gen
0866,0866501510974804,Female Gen
0867,0867615480476038,Female Gen
0868,0868534804920516,Female Gen
0869,0869584804082203,Female Gen
0870,0870144480492771,Female Gen
0871,0871940660714804,Female Gen
0872,0872937480447466,Female Gen
0873,0873480431768977,Female Gen
0874,0874348047700443,Female Gen
0875,0875413644804360,Female Gen
0876,0876448047417108,Female Gen
0877,0877189480432040,Female Gen
0878,0878945694024804,Female Gen
0879,0879180748047527,Female Gen
0880,0880417980048042,Female Gen
0881,0881294804468482,Female Gen
0882,0882836124804996,Female Gen
0883,0883499800480478,Female Gen
0884,0884740974804293,Female Gen
0885,0885480448006669,Female Gen
0886,0886812055748047,Female Gen
0887,0887803380284804,Female Gen
0888,0888569994804130,Female Gen
0889,0889221084804082,Female Gen
0890,0890150511024804,Female Gen
0891,0891955968480494,Female Gen
0892,0892480487204424,Female Gen
0893,0893448041247316,Female Gen
0894,0894994048043639,Female Gen
0895,0895014804554028,Female Gen
0896,0896955480427735,Female Gen
0897,0897889866594804,Female Gen
0898,0898465583480497,Female Gen
0899,0899848048437718,Female Gen
0900,0900469748046357,Female Gen
0901,0901844804094952,Female Gen
0902,0902348047809413,Female Gen
0903,0903480473598002,Female Gen
0904,0904480476007655,Female Gen
0905,0905061280324804,Female Gen
0906,0906080853480431,Female Gen
0907,0907958574804202,Female Gen
0908,0908504370480439,Female Gen
0909,0909443866948045,Female Gen
0910,0910480477138100,Female Gen
0911,0911851948040882,Female Gen
0912,0912480468877778,Female Gen
0913,0913651614804014,Female Gen
0914,0914115415348042,Female Gen
0915,0915480499930189,Female Gen
0916,0916262480404362,Female Gen
0917,0917480477652440,Female Gen
0918,0918109671624804,Female Gen
0919,0919448048536322,Female Gen
0920,0920514804687503,Female Gen
0921,0921749661414804,Female Gen
0922,0922510735348042,Female Gen
0923,0923093929480452,Female Gen
0924,0924943480449590,Female Gen
0925,0925154804935861,Female Gen
0926,0926870424804028,Female Gen
0927,0927448040843838,Female Gen
0928,0928480409751566,Female Gen
0929,0929643048048605,Female Gen
0930,0930321669548044,Female Gen
0931,0931480444186345,Female Gen
0932,0932177788480438,Female Gen
0933,0933216479480437,Female Gen
0934,0934397724804798,Female Gen
0935,0935923248043350,Female Gen
0936,0936248044082357,Female Gen
0937,0937674804898854,Female Gen
0938,0938482244804312,Female Gen
0939,0939970887944804,Female Gen
0940,0940480461242756,Female Gen
0941,0941944804993334,Female Gen
0942,0942798480424449,Female Gen
0943,0943096479634804,Female Gen
0944,0944322181534804,Female Gen
0945,0945480435057586,Female Gen
0946,0946373214804330,Female Gen
0947,0947104804523864,Female Gen
0948,0948404784804694,Female Gen
0949,0949732193248046,Female Gen
0950,0950148047448528,Female Gen
0951,0951823048044872,Female Gen
0952,0952382351234804,Female Gen
0953,0953207480426858,Female Gen
0954,0954973445248046,Female Gen
0955,0955414804135712,Female Gen
0956,0956574804735528,Female Gen
0957,0957544804701634,Female Gen
0958,0958373158304804,Female Gen
0959,0959248047089559,Female Gen
0960,0960418248046426,Female Gen
0961,0961248047062149,Female Gen
0962,0962934454804689,Female Gen
0963,0963963124804145,Female Gen
0964,0964525380048044,Female Gen
0965,0965114804861865,Female Gen
0966,0966195151480481,Female Gen
0967,0967528158954804,Female Gen
0968,0968480459212051,Female Gen
0969,0969304804462124,Female Gen
0970,0970291480488327,Female Gen
0971,0971480476367131,Female Gen
0972,0972787453480422,Female Gen
0973,0973587480495615,Female Gen
0974,0974480487760804,Female Gen
0975,0975726653394804,Female Gen
0976,0976843788480455,Female Gen
0977,0977443150848041,Female Gen
0978,0978949048040132,Female Gen
0979,0979324474804310,Female Gen
0980,0980480412582342,Female Gen
0981,0981480436907834,Female Gen
0982,0982029548043231,Female Gen
0983,0983057064494804,Female Gen
0984,0984480407351600,Female Gen
0985,0985480495064195,Female Gen
0986,0986076480425016,Female Gen
0987,0987295276480480,Female Gen
0988,0988534348045583,Female Gen
0989,0989166703480463,Female Gen
0990,0990674464804352,Female Gen
0991,0991448045326140,Female Gen
0992,0992480412479093,Female Gen
0993,0993914804435152,Female Gen
0994,0994634634348043,Female Gen
0995,0995480482634422,Female Gen
0996,0996292294804218,Female Gen
0997,0997533874804105,Female Gen
0998,0998765480444960,Female Gen
0999,0999389948048288,Female Gen
1000,1000021635654804,Female Gen
1001,1001480429199126,Female Gen
1002,1002974480446299,Female Gen
1003,1003794804693749,Female Gen
1004,1004461194804081,Female Gen
1005,1005664241748046,Female Gen
1006,1006202525524804,Female Gen
1007,1007784804225052,Female Gen
1008,1008466766748044,Female Gen
1009,1009480417631502,Female Gen
1010,1010370510548049,Female Gen
1011,1011112119480450,Female Gen
1012,1012075348048562,Female Gen
1013,1013084648040513,Female Gen
1014,1014748043616577,Female Gen
1015,1015994804996894,Female Gen
1016,1016004927448042,Female Gen
1017,1017480475258075,Female Gen
1018,1018480425885813,Female Gen
1019,1019101747480491,Female Gen
1020,1020595627480418,Female Gen
1021,1021724480471585,Female Gen
1022,1022688204804961,Female Gen
1023,1023068384644804,Female Gen
1024,1024631499848046,Female Gen
1025,1025739846374804,Female Gen
1026,1026968931148049,Female Gen
1027,1027397404948043,Female Gen
1028,1028039444348046,Female Gen
1029,1029892480438395,Female Gen
1030,1030398856048041,Female Gen
1031,1031480431046288,Female Gen
1032,1032480486344479,Female Gen
1033,1033404757548042,Female Gen
1034,1034144804968939,Female Gen
1035,1035548045484851,Female Gen
1036,1036714464804098,Female Gen
1037,1037191480482344,Female Gen
1038,1038884804515190,Female Gen
1039,1039086638914804,Female Gen
1040,1040304804779119,Female Gen
1041,1041612701434804,Female Gen
1042,1042204480443834,Female Gen
1043,1043767159914804,Female Gen
1044,1044046004148046,Female Gen
1045,1045686174804900,Female Gen
1046,1046308229234804,Female Gen
1047,1047481184804797,Female Gen
1048,1048591048047038,Female Gen
1049,1049057948044670,Female Gen
1050,1050164804685869,Female Gen
1051,1051426480478559,Female Gen
1052,1052419002774804,Female Gen
1053,1053932366494804,Female Gen
1054,1054497840424804,Female Gen
1055,1055737480441099,Female Gen
1056,1056173480473895,Female Gen
1057,1057974804015768,Female Gen
1058,1058454804494768,Female Gen
1059,1059952448041591,Female Gen
1060,1060948041685900,Female Gen
1061,1061784480435051,Female Gen
1062,1062778325004804,Female Gen
1063,1063461480494876,Female Gen
1064,1064403123048042,Female Gen
1065,1065197754804005,Female Gen
1066,1066164148046399,Female Gen
1067,1067480431521665,Female Gen
1068,1068214804539316,Female Gen
1069,1069466348040878,Female Gen
1070,1070800569748044,Female Gen
1071,1071450333480426,Female Gen
1072,1072971064804979,Female Gen
1073,1073096248040774,Female Gen
1074,1074088448046487,Female Gen
1075,1075744748047669,Female Gen
1076,1076887891480439,Female Gen
1077,1077664804671553,Female Gen
1078,1078829297574804,Female Gen
1079,1079544171480408,Female Gen
1080,1080958480423297,Female Gen
1081,1081999399480494,Female Gen
1082,1082228851480485,Female Gen
1083,1083434804635172,Female Gen
1084,1084068392048045,Female Gen
1085,1085397972748042,Female Gen
1086,1086974424804164,Female Gen
1087,1087691164804995,Female Gen
1088,1088956184348048,Female Gen
1089,1089689480485456,Female Gen
1090,1090669274804001,Female Gen
1091,1091048049855913,Female Gen
1092,1092403364804875,Female Gen
1093,1093480491629753,Female Gen
1094,1094198211248044,Female Gen
1095,1095434148045602,Female Gen
1096,1096087048045943,Female Gen
1097,1097414881480458,Female Gen
1098,1098667493480489,Female Gen
1099,1099744804432495,Female Gen
1100,1100836648040380,Female Gen
1101,1101489709054804,Female Gen
1102,1102059084948041,Female Gen
1103,1103035084480409,Female Gen
1104,1104594036724804,Female Gen
1105,1105480458157401,Female Gen
1106,1106331017414804,Female Gen
1107,1107480433177267,Female Gen
1108,1108480435970794,Female Gen
1109,1109741849004804,Female Gen
1110,1110374804109553,Female Gen
1111,1111990648046608,Female Gen
1112,1112502888248049,Female Gen
1113,1113552789480410,Female Gen
1114,1114091664048043,Female Gen
1115,1115619679480473,Female Gen
1116,1116048040164976,Female Gen
1117,1117709659324804,Female Gen
1118,1118430006480401,Female Gen
1119,1119574804219725,Female Gen
1120,1120384480484305,Female Gen
1121,1121933714804776,Female Gen
1122,1122124804262161,Female Gen
1123,1123182548041984,Female Gen
1124,1124562893480405,Female Gen
1125,1125184804013917,Female Gen
1126,1126550674804849,Female Gen
1127,1127248047143557,Female Gen
1128,1128814804962801,Female Gen
1129,1129648041969904,Female Gen
1130,1130285480438942,Female Gen
1131,1131949480407466,Female Gen
1132,1132480421734964,Female Gen
1133,1133568480452462,Female Gen
1134,1134614804568928,Female Gen
1135,1135553038480400,Female Gen
1136,1136260181480499,Female Gen
1137,1137221584804324,Female Gen
1138,1138600087464804,Female Gen
1139,1139103341248042,Female Gen
1140,1140242648044537,Female Gen
1141,1141602480476689,Female Gen
1142,1142867005948049,Female Gen
1143,1143770900464804,Female Gen
1144,1144480445620713,Female Gen
1145,1145061707480420,Female Gen
1146,1146480410488755,Female Gen
1147,1147444804051168,Female Gen
1148,1148209773480434,Female Gen
1149,1149677731448047,Female Gen
1150,1150754804193741,Female Gen
1151,1151302748044256,Female Gen
1152,1152595448047114,Female Gen
1153,1153163696394804,Female Gen
1154,1154480446969778,Female Gen
1155,1155499687048049,Female Gen
1156,1156861480428554,Female Gen
1157,1157992548047272,Female Gen
1158,1158948043866043,Female Gen
1159,1159903548043172,Female Gen
1160,1160195348049895,Female Gen
1161,1161754804714456,Female Gen
1162,1162367439004804,Female Gen
1163,1163476431480484,Female Gen
1164,1164247224480401,Female Gen
1165,1165693480480719,Female Gen
1166,1166648049060840,Female Gen
1167,1167825114804488,Female Gen
1168,1168425718584804,Female Gen
1169,1169370948049317,Female Gen
1170,1170534804407205,Female Gen
1171,1171454804747559,Female Gen
1172,1172296356248041,Female Gen
1173,1173964804760147,Female Gen
1174,1174369261548042,Female Gen
1175,1175716811944804,Female Gen
1176,1176024804797487,Female Gen
1177,1177688293264804,Female Gen
1178,1178148040501971,Female Gen
1179,1179248049617063,Female Gen
1180,1180534804251722,Female Gen
1181,1181748049161354,Female Gen
1182,1182924804736150,Female Gen
1183,1183480401255341,Female Gen
1184,1184871480425654,Female Gen
1185,1185125454804208,Female Gen
1186,1186044804098864,Female Gen
1187,1187517864804714,Female Gen
1188,1188262480454556,Female Gen
1189,1189954480453185,Female Gen
1190,1190333548043011,Female Gen
1191,1191261480488445,Female Gen
1192,1192350480444494,Female Gen
1193,1193480407091876,Female Gen
1194,1194448045144273,Female Gen
1195,1195611514804674,Female Gen
1196,1196688480438067,Female Gen
1197,1197282043480482,Female Gen
1198,1198068004804725,Female Gen
1199,1199084804367914,Female Gen
1200,1200474804537558,Female Gen
1201,1201993465480464,Female Gen
1202,1202464804969159,Female Gen
1203,1203641148648043,Female Gen
1204,1204281851904804,Female Gen
1205,1205324804496022,Female Gen
1206,1206480497183917,Female Gen
1207,1207934804076820,Female Gen
1208,1208631366314804,Female Gen
1209,1209369480403893,Female Gen
1210,1210310948046864,Female Gen
1211,1211444549924804,Female Gen
1212,1212551994804206,Female Gen
1213,1213788514804212,Female Gen
1214,1214043140480425,Female Gen
1215,1215413157794804,Female Gen
1216,1216574804077436,Female Gen
1217,1217483766480497,Female Gen
1218,1218492304804360,Female Gen
1219,1219480482203214,Female Gen
1220,1220535448041685,Female Gen
1221,1221962531480484,Female Gen
1222,1222730433480410,Female Gen
1223,1223258948042128,Female Gen
1224,1224614804037437,Female Gen
1225,1225535971748047,Female Gen
1226,1226194804392804,Female Gen
1227,1227941348049342,Female Gen
1228,1228299544804784,Female Gen
1229,1229045469094804,Female Gen
1230,1230932148044850,Female Gen
1231,1231869152480459,Female Gen
1232,1232534364804898,Female Gen
1233,1233324048048086,Female Gen
1234,1234944644480429,Female Gen
1235,1235269450748049,Female Gen
1236,1236979974804218,Female Gen
1237,1237584778524804,Female Gen
1238,1238596951548042,Female Gen
1239,1239480416317797,Female Gen
1240,1240448049175054,Female Gen
1241,1241568480498132,Female Gen
1242,1242409225480485,Female Gen
1243,1243581511624804,Female Gen
1244,1244125848044038,Female Gen
1245,1245339753448049,Female Gen
1246,1246100749348042,Female Gen
1247,1247458092914804,Female Gen
1248,1248977248040157,Female Gen
1249,1249880480449778,Female Gen
1250,1250253348046199,Female Gen
1251,1251591484148044,Female Gen
1252,1252430024804885,Female Gen
1253,1253448042888718,Female Gen
1254,1254330314274804,Female Gen
1255,1255480463521980,Female Gen
1256,1256380648043394,Female Gen
1257,1257593848046223,Female Gen
1258,1258480401267513,Female Gen
1259,1259843973124804,Female Gen
1260,1260742480473837,Female Gen
1261,1261760278480439,Female Gen
1262,1262373065094804,Female Gen
1263,1263393399748042,Female Gen
1264,1264929048045378,Female Gen
1265,1265437397364804,Female Gen
1266,1266607520474804,Female Gen
1267,1267580497048044,Female Gen
1268,1268239480475129,Female Gen
1269,1269145450954804,Female Gen
1270,1270395883434804,Female Gen
1271,1271247586734804,Female Gen
1272,1272814480463264,Female Gen
1273,1273147513374804,Female Gen
1274,1274048049851836,Female Gen
1275,1275772448047997,Female Gen
1276,1276016282480463,Female Gen
1277,1277051480444091,Female Gen
1278,1278282480420159,Female Gen
1279,1279480404871686,Female Gen
1280,1280415480421527,Female Gen
1281,1281781205544804,Female Gen
1282,1282970480464182,Female Gen
1283,1283348040101649,Female Gen
1284,1284844804729401,Female Gen
1285,1285234804950613,Female Gen
1286,1286480402764539,Female Gen
1287,1287503477480473,Female Gen
1288,1288648046551993,Female Gen
1289,1289190480447235,Female Gen
1290,1290656204234804,Female Gen
1291,1291480450333101,Female Gen
1292,1292005480487450,Female Gen
1293,1293957897048048,Female Gen
1294,1294196824624804,Female Gen
1295,1295298448043945,Female Gen
1296,1296948044481806,Female Gen
1297,1297654804517738,Female Gen
1298,1298085148044745,Female Gen
1299,1299048047016061,Female Gen
1300,1300831480490997,Female Gen
1301,1301480471730169,Female Gen
1302,1302283584804867,Female Gen
1303,1303480427265420,Female Gen
1304,1304925478480452,Female Gen
1305,1305434804389470,Female Gen
1306,1306426424804668,Female Gen
1307,1307648040510592,Female Gen
1308,1308148049294045,Female Gen
1309,1309648044510917,Female Gen
1310,1310381774804251,Female Gen
1311,1311024804485696,Female Gen
1312,1312480400209045,Female Gen
1313,1313220480406217,Female Gen
1314,1314081872704804,Female Gen
1315,1315337848040115,Female Gen
1316,1316317480475406,Female Gen
1317,1317816112480428,Female Gen
1318,1318848048335121,Female Gen
1319,1319614948044277,Female Gen
1320,1320991507480433,Female Gen
1321,1321499562480487,Female Gen
1322,1322363248040175,Female Gen
1323,1323678548046922,Female Gen
1324,1324820480461617,Female Gen
1325,1325316340548046,Female Gen
1326,1326573874804792,Female Gen
1327,1327695214804917,Female Gen
1328,1328734339848041,Female Gen
1329,1329053274804154,Female Gen
1330,1330537905444804,Female Gen
1331,1331048043443267,Female Gen
1332,1332548042665867,Female Gen
1333,1333197647148042,Female Gen
1334,1334241309480400,Female Gen
1335,1335014804270818,Female Gen
1336,1336229548044635,Female Gen
1337,1337507448048554,Female Gen
1338,1338351480476893,Female Gen
1339,1339544804661284,Female Gen
1340,1340036948045539,Female Gen
1341,1341700844804635,Female Gen
1342,1342590448042435,Female Gen
1343,1343524804776100,Female Gen
1344,1344480426212510,Female Gen
1345,1345571437414804,Female Gen
1346,1346135744480476,Female Gen
1347,1347264804685137,Female Gen
1348,1348810731348044,Female Gen
1349,1349044804681080,Female Gen
1350,1350914804171751,Female Gen
1351,1351084804048251,Female Gen
1352,1352582480416604,Female Gen
1353,1353656948048171,Female Gen
1354,1354848048947881,Female Gen
1355,1355554674804983,Female Gen
1356,1356948048726743,Female Gen
1357,1357554480413429,Female Gen
1358,1358506069894804,Female Gen
1359,1359480431627768,Female Gen
1360,1360885682480413,Female Gen
1361,1361648048548797,Female Gen
1362,1362889702748046,Female Gen
1363,1363024804060736,Female Gen
1364,1364084544804983,Female Gen
1365,1365886794814804,Female Gen
1366,1366562480429228,Female Gen
1367,1367476480458616,Female Gen
1368,1368848044233103,Female Gen
1369,1369716245648041,Female Gen
1370,1370480420903442,Female Gen
1371,1371984804108477,Female Gen
1372,1372786048044977,Female Gen
1373,1373044480408593,Female Gen
1374,1374803482574804,Female Gen
1375,1375480416016868,Female Gen
1376,1376291480497631,Female Gen
1377,1377677491480449,Female Gen
1378,1378748045885529,Female Gen
1379,1379266050204804,Female Gen
1380,1380048042696740,Female Gen
1381,1381459480484627,Female Gen
1382,1382104748047615,Female Gen
1383,1383542215664804,Female Gen
1384,1384535548047025,Female Gen
1385,1385912321804804,Female Gen
1386,1386554448043282,Female Gen
1387,1387528635048047,Female Gen
1388,1388046354804701,Female Gen
1389,1389480436158366,Female Gen
1390,1390088665048047,Female Gen
1391,1391202852480469,Female Gen
1392,1392324804345400,Female Gen
1393,1393480480455859,Female Gen
1394,1394481159480472,Female Gen
1395,1395425576854804,Female Gen
1396,1396266480470427,Female Gen
1397,1397548049376524,Female Gen
1398,1398040548040129,Female Gen
1399,1399588480463686,Female Gen
1400,1400198211480475,Female Gen
1401,1401992480404696,Female Gen
1402,1402624804083157,Female Gen
1403,1403198480440286,Female Gen
1404,1404814243354804,Female Gen
1405,1405054804694348,Female Gen
1406,1406248049192105,Female Gen
1407,1407085404804552,Female Gen
1408,1408324480482917,Female Gen
1409,1409884684924804,Female Gen
1410,1410489914448043,Female Gen
1411,1411712681480400,Female Gen
1412,1412886480427197,Female Gen
1413,1413724495084804,Female Gen
1414,1414736782480480,Female Gen
1415,1415011480409973,Female Gen
1416,1416484804422793,Female Gen
1417,1417448043463108,Female Gen
1418,1418048041588309,Female Gen
1419,1419046480453910,Female Gen
1420,1420177480401965,Female Gen
1421,1421166703480403,Female Gen
1422,1422393948041743,Female Gen
1423,1423375794804161,Female Gen
1424,1424672002480452,Female Gen
1425,1425646480434304,Female Gen
1426,1426480477985354,Female Gen
1427,1427524224804328,Female Gen
1428,1428852480494426,Female Gen
1429,1429926178594804,Female Gen
1430,1430868480429859,Female Gen
1431,1431480407839688,Female Gen
1432,1432384672480430,Female Gen
1433,1433510480455730,Female Gen
1434,1434151480407140,Female Gen
1435,1435654804267038,Female Gen
1436,1436209470480446,Female Gen
1437,1437666724148048,Female Gen
1438,1438480477819355,Female Gen
1439,1439091139348042,Female Gen
1440,1440866148045067,Female Gen
1441,1441254896480495,Female Gen
1442,1442684804662169,Female Gen
1443,1443348040144583,Female Gen
1444,1444048047068730,Female Gen
1445,1445560480409269,Female Gen
1446,1446480451789031,Female Gen
1447,1447430344804162,Female Gen
1448,1448325673004804,Female Gen
1449,1449364480448137,Female Gen
1450,1450890448041075,Female Gen
1451,1451506483094804,Female Gen
1452,1452734804217359,Female Gen
1453,1453848009848040,Female Gen
1454,1454132860754804,Female Gen
1455,1455366344804143,Female Gen
1456,1456934804873277,Female Gen
1457,1457184480453245,Female Gen
1458,1458481348049453,Female Gen
1459,1459894748044171,Female Gen
1460,1460691480420142,Female Gen
1461,1461480478504734,Female Gen
1462,1462927619480414,Female Gen
1463,1463878348049391,Female Gen
1464,1464734804497008,Female Gen
1465,1465523539764804,Female Gen
1466,1466248042925042,Female Gen
1467,1467734804087027,Female Gen
1468,1468602448047084,Female Gen
1469,1469243853480451,Female Gen
1470,1470416144480473,Female Gen
1471,1471932948048077,Female Gen
1472,1472032437604804,Female Gen
1473,1473048044398729,Female Gen
1474,1474976484274804,Female Gen
1475,1475299727480482,Female Gen
1476,1476264804803613,Female Gen
1477,1477476848045329,Female Gen
1478,1478622148045247,Female Gen
1479,1479729648041082,Female Gen
1480,1480583225734804,Female Gen
1481,1481767732648049,Female Gen
1482,1482548045684211,Female Gen
1483,1483382252480417,Female Gen
1484,1484848048966247,Female Gen
1485,1485914804672654,Female Gen
1486,1486480478067978,Female Gen
1487,1487497148043156,Female Gen
1488,1488536480409045,Female Gen
1489,1489648046198764,Female Gen
1490,1490966480450102,Female Gen
1491,1491814804313248,Female Gen
1492,1492448046541729,Female Gen
1493,1493480456978796,Female Gen
1494,1494301827848041,Female Gen
1495,1495010048049566,Female Gen
1496,1496764514804277,Female Gen
1497,1497148047775318,Female Gen
1498,1498392979844804,Female Gen
1499,1499920196480498,Female Gen
1500,1500480488425584,Female Gen
1501,1501725554804795,Male Gen
1502,1502448042912665,Male Gen
1503,1503739293480428,Male Gen
1504,1504138966454804,Male Gen
1505,1505393648040988,Male Gen
1506,1506897248040241,Male Gen
1507,1507074318480414,Male Gen
1508,1508301334804999,Male Gen
1509,1509271194464804,Male Gen
1510,1510048045483502,Male Gen
1511,1511811553054804,Male Gen
1512,1512483480434992,Male Gen
1513,1513887248046578,Male Gen
1514,1514612668480468,Male Gen
1515,1515948045315830,Male Gen
1516,1516110206480485,Male Gen
1517,1517170480425953,Male Gen
1518,1518480403859710,Male Gen
1519,1519280480480870,Male Gen
1520,1520480477149395,Male Gen
1521,1521333356548043,Male Gen
1522,1522941480486420,Male Gen
1523,1523748045657956,Male Gen
1524,1524024480459233,Male Gen
1525,1525976604848044,Male Gen
1526,1526193048046727,Male Gen
1527,1527480441412075,Male Gen
1528,1528484804995556,Male Gen
1529,1529524804417727,Male Gen
1530,1530294804994799,Male Gen
1531,1531480450633937,Male Gen
1532,1532614804476710,Male Gen
1533,1533694804202988,Male Gen
1534,1534578480429590,Male Gen
1535,1535448041361975,Male Gen
1536,1536400193480482,Male Gen
1537,1537370741644804,Male Gen
1538,1538808480458540,Male Gen
1539,1539922304804184,Male Gen
1540,1540188328148043,Male Gen
1541,1541445480413857,Male Gen
1542,1542480499407175,Male Gen
1543,1543536497480491,Male Gen
1544,1544331304804286,Male Gen
1545,1545878624804966,Male Gen
1546,1546534484804748,Male Gen
1547,1547705054804304,Male Gen
1548,1548464039480414,Male Gen
1549,1549480413851514,Male Gen
1550,1550190678848046,Male Gen
1551,1551480498580156,Male Gen
1552,1552790189148046,Male Gen
1553,1553154511480417,Male Gen
1554,1554480478308041,Male Gen
1555,1555000754804530,Male Gen
1556,1556480425838026,Male Gen
1557,1557616922348045,Male Gen
1558,1558480420539328,Male Gen
1559,1559904036854804,Male Gen
1560,1560214804447444,Male Gen
1561,1561819348046417,Male Gen
1562,1562267862048047,Male Gen
1563,1563037774804489,Male Gen
1564,1564852817254804,Male Gen
1565,1565648046369756,Male Gen
1566,1566078648040532,Male Gen
1567,1567706673794804,Male Gen
1568,1568241526480409,Male Gen
1569,1569127948044440,Male Gen
1570,1570648042512268,Male Gen
1571,1571419880480438,Male Gen
1572,1572341134480449,Male Gen
1573,1573806480427300,Male Gen
1574,1574480413693441,Male Gen
1575,1575807962004804,Male Gen
1576,1576342680244804,Male Gen
1577,1577784804488616,Male Gen
1578,1578932480410982,Male Gen
1579,1579104050480434,Male Gen
1580,1580480440296000,Male Gen
1581,1581589238954804,Male Gen
1582,1582938148047763,Male Gen
1583,1583204804566684,Male Gen
1584,1584986762148047,Male Gen
1585,1585466331248047,Male Gen
1586,1586002879948046,Male Gen
1587,1587131972754804,Male Gen
1588,1588697700480433,Male Gen
1589,1589388979480487,Male Gen
1590,1590848040096860,Male Gen
1591,1591448042034159,Male Gen
1592,1592355568414804,Male Gen
1593,1593217192548041,Male Gen
1594,1594944335314804,Male Gen
1595,1595818112404804,Male Gen
1596,1596270447480453,Male Gen
1597,1597480442766450,Male Gen
1598,1598800448041869,Male Gen
1599,1599749724848041,Male Gen
1600,1600480497941906,Male Gen
1601,1601999480419730,Male Gen
1602,1602616480453225,Male Gen
1603,1603032848044750,Male Gen
1604,1604480476949030,Male Gen
1605,1605954744804223,Male Gen
1606,1606863480476996,Male Gen
1607,1607566480463422,Male Gen
1608,1608832770480434,Male Gen
1609,1609879514348042,Male Gen
1610,1610373148042113,Male Gen
1611,1611426154804325,Male Gen
1612,1612015748044297,Male Gen
1613,1613032348041304,Male Gen
1614,1614480465505729,Male Gen
1615,1615084804292204,Male Gen
1616,1616576480450187,Male Gen
1617,1617345480447876,Male Gen
1618,1618364804472196,Male Gen
1619,1619427125480405,Male Gen
1620,1620234804277627,Male Gen
1621,1621604804084787,Male Gen
1622,1622948049293711,Male Gen
1623,1623883514804357,Male Gen
1624,1624047592480465,Male Gen
1625,1625860480442361,Male Gen
1626,1626874804816211,Male Gen
1627,1627306480473725,Male Gen
1628,1628438480448979,Male Gen
1629,1629593264804725,Male Gen
1630,1630968480486166,Male Gen
1631,1631244599480489,Male Gen
1632,1632548040816281,Male Gen
1633,1633858142048045,Male Gen
1634,1634390448040353,Male Gen
1635,1635947480427676,Male Gen
1636,1636203325480422,Male Gen
1637,1637686752648043,Male Gen
1638,1638480408741099,Male Gen
1639,1639642912074804,Male Gen
1640,1640480411503917,Male Gen
1641,1641348040758595,Male Gen
1642,1642294264480451,Male Gen
1643,1643259433048042,Male Gen
1644,1644042396480459,Male Gen
1645,1645297384804710,Male Gen
1646,1646245744804248,Male Gen
1647,1647446147480496,Male Gen
1648,1648885971448044,Male Gen
1649,1649924480460168,Male Gen
1650,1650187554834804,Male Gen
1651,1651354804449438,Male Gen
1652,1652723248043754,Male Gen
1653,1653480426316475,Male Gen
1654,1654462553574804,Male Gen
1655,1655148042617848,Male Gen
1656,1656685832048046,Male Gen
1657,1657824814804710,Male Gen
1658,1658606480475570,Male Gen
1659,1659994804843159,Male Gen
1660,1660405743248047,Male Gen
1661,1661769480489000,Male Gen
1662,1662324804401522,Male Gen
1663,1663142538480435,Male Gen
1664,1664648046333844,Male Gen
1665,1665141668594804,Male Gen
1666,1666480432555594,Male Gen
1667,1667742278480401,Male Gen
1668,1668433648045388,Male Gen
1669,1669314714804750,Male Gen
1670,1670480467243124,Male Gen
1671,1671059562480407,Male Gen
1672,1672417480485361,Male Gen
1673,1673202644804908,Male Gen
1674,1674214804400649,Male Gen
1675,1675779884948041,Male Gen
1676,1676075748043319,Male Gen
1677,1677953443548049,Male Gen
1678,1678480468821799,Male Gen
1679,1679119744804821,Male Gen
1680,1680114804836889,Male Gen
1681,1681364804888075,Male Gen
1682,1682929480494898,Male Gen
1683,1683480430876487,Male Gen
1684,1684480493001777,Male Gen
1685,1685765854480487,Male Gen
1686,1686504874804164,Male Gen
1687,1687170776480404,Male Gen
1688,1688495480498763,Male Gen
1689,1689442480433392,Male Gen
1690,1690667804804249,Male Gen
1691,1691480406030847,Male Gen
1692,1692043262480471,Male Gen
1693,1693748044679933,Male Gen
1694,1694480420101702,Male Gen
1695,1695366248047609,Male Gen
1696,1696259148040783,Male Gen
1697,1697829316748044,Male Gen
1698,1698127477480459,Male Gen
1699,1699782826504804,Male Gen
1700,1700210115514804,Male Gen
1701,1701845853480449,Male Gen
1702,1702934804069569,Male Gen
1703,1703544804882401,Male Gen
1704,1704044519848045,Male Gen
1705,1705754804967635,Male Gen
1706,1706790257074804,Male Gen
1707,1707553599948048,Male Gen
1708,1708952896480452,Male Gen
1709,1709628828548040,Male Gen
1710,1710980648041677,Male Gen
1711,1711124473480449,Male Gen
1712,1712794804024100,Male Gen
1713,1713480481067709,Male Gen
1714,1714480430932143,Male Gen
1715,1715745480413778,Male Gen
1716,1716623146304804,Male Gen
1717,1717480481542361,Male Gen
1718,1718480410105639,Male Gen
1719,1719748045684494,Male Gen
1720,1720792201448044,Male Gen
1721,1721678563084804,Male Gen
1722,1722598211480450,Male Gen
1723,1723084804943915,Male Gen
1724,1724730887554804,Male Gen
1725,1725032054804951,Male Gen
1726,1726573239848043,Male Gen
1727,1727480484617341,Male Gen
1728,1728893480416328,Male Gen
1729,1729149276480454,Male Gen
1730,1730356888648049,Male Gen
1731,1731374048041450,Male Gen
1732,1732448042392287,Male Gen
1733,1733768484804670,Male Gen
1734,1734480464332891,Male Gen
1735,1735220325648049,Male Gen
1736,1736310793848048,Male Gen
1737,1737091480423689,Male Gen
1738,1738480437043567,Male Gen
1739,1739986448045026,Male Gen
1740,1740548045551602,Male Gen
1741,1741914804293770,Male Gen
1742,1742222202404804,Male Gen
1743,1743348049056130,Male Gen
1744,1744927995248046,Male Gen
1745,1745535951348045,Male Gen
1746,1746993674804269,Male Gen
1747,1747964696480417,Male Gen
1748,1748574336848047,Male Gen
1749,1749212048048555,Male Gen
1750,1750355348043018,Male Gen
1751,1751997948043968,Male Gen
1752,1752891480407168,Male Gen
1753,1753787244804722,Male Gen
1754,1754748045749323,Male Gen
1755,1755448043181879,Male Gen
1756,1756624804951032,Male Gen
1757,1757448043620502,Male Gen
1758,1758321505480451,Male Gen
1759,1759594804595632,Male Gen
1760,1760480460977348,Male Gen
1761,1761253994804991,Male Gen
1762,1762480434846777,Male Gen
1763,1763065834048045,Male Gen
1764,1764703935480449,Male Gen
1765,1765480469470080,Male Gen
1766,1766048040570285,Male Gen
1767,1767948042770253,Male Gen
1768,1768441654804279,Male Gen
1769,1769262280514804,Male Gen
1770,1770582480432052,Male Gen
1771,1771480422657013,Male Gen
1772,1772655714804524,Male Gen
1773,1773713985448047,Male Gen
1774,1774597480412083,Male Gen
1775,1775661878480445,Male Gen
1776,1776833948049637,Male Gen
1777,1777677492648044,Male Gen
1778,1778000480441179,Male Gen
1779,1779439248043319,Male Gen
1780,1780441748042993,Male Gen
1781,1781565157848048,Male Gen
1782,1782149888148048,Male Gen
1783,1783523648048008,Male Gen
1784,1784808480497516,Male Gen
1785,1785904804226456,Male Gen
1786,1786851480415582,Male Gen
1787,1787448048352832,Male Gen
1788,1788389148048268,Male Gen
1789,1789557463248045,Male Gen
1790,1790658284804183,Male Gen
1791,1791248046306242,Male Gen
1792,1792893234748041,Male Gen
1793,1793315254674804,Male Gen
1794,1794841833848044,Male Gen
1795,1795148045138030,Male Gen
1796,1796941480494771,Male Gen
1797,1797420150480406,Male Gen
1798,1798009963480428,Male Gen
1799,1799448048032431,Male Gen
1800,1800742480479238,Male Gen
1801,1801544804750925,Male Gen
1802,1802948047353092,Male Gen
1803,1803069013648042,Male Gen
1804,1804990213480470,Male Gen
1805,1805480453219809,Male Gen
1806,1806480488842473,Male Gen
1807,1807967480462355,Male Gen
1808,1808934804552241,Male Gen
1809,1809248048903189,Male Gen
1810,1810480449724723,Male Gen
1811,1811480453814299,Male Gen
1812,1812197046480490,Male Gen
1813,1813384853480416,Male Gen
1814,1814480456664486,Male Gen
1815,1815564804642463,Male Gen
1816,1816248044718806,Male Gen
1817,1817248049846683,Male Gen
1818,1818459078764804,Male Gen
1819,1819632571480421,Male Gen
1820,1820684804952595,Male Gen
1821,1821905039564804,Male Gen
1822,1822458534804965,Male Gen
1823,1823863948045020,Male Gen
1824,1824480488010397,Male Gen
1825,1825461004804377,Male Gen
1826,1826184696348041,Male Gen
1827,1827480411955351,Male Gen
1828,1828480489680938,Male Gen
1829,1829574804673398,Male Gen
1830,1830628063480488,Male Gen
1831,1831831808648045,Male Gen
1832,1832539348047093,Male Gen
1833,1833179480474184,Male Gen
1834,1834048047378529,Male Gen
1835,1835782748048090,Male Gen
1836,1836262480405395,Male Gen
1837,1837976970480495,Male Gen
1838,1838187488480497,Male Gen
1839,1839101574284804,Male Gen
1840,1840448258480457,Male Gen
1841,1841426469834804,Male Gen
1842,1842448049295813,Male Gen
1843,1843746115824804,Male Gen
1844,1844494804022844,Male Gen
1845,1845357590748047,Male Gen
1846,1846608480407329,Male Gen
1847,1847768848040013,Male Gen
1848,1848245188248046,Male Gen
1849,1849818434804207,Male Gen
1850,1850999848048009,Male Gen
1851,1851348043384052,Male Gen
1852,1852382748047079,Male Gen
1853,1853364804823745,Male Gen
1854,1854703494480455,Male Gen
1855,1855334804524859,Male Gen
1856,1856885776164804,Male Gen
1857,1857873024024804,Male Gen
1858,1858004480453360,Male Gen
1859,1859415427748042,Male Gen
1860,1860230648043373,Male Gen
1861,1861620480496481,Male Gen
1862,1862064804325849,Male Gen
1863,1863982892254804,Male Gen
1864,1864034804608334,Male Gen
1865,1865103774804931,Male Gen
1866,1866437654748045,Male Gen
1867,1867654804197512,Male Gen
1868,1868324804016653,Male Gen
1869,1869745448045750,Male Gen
1870,1870589148042521,Male Gen
1871,1871133480414726,Male Gen
1872,1872577472748044,Male Gen
1873,1873442448043549,Male Gen
1874,1874748044406491,Male Gen
1875,1875434804243674,Male Gen
1876,1876101388194804,Male Gen
1877,1877293391948040,Male Gen
1878,1878460127480402,Male Gen
1879,1879148043046510,Male Gen
1880,1880096350480486,Male Gen
1881,1881917124804399,Male Gen
1882,1882918048047010,Male Gen
1883,1883480499452938,Male Gen
1884,1884357649648043,Male Gen
1885,1885365348049227,Male Gen
1886,1886480471723038,Male Gen
1887,1887692480448287,Male Gen
1888,1888213500480445,Male Gen
1889,1889586970454804,Male Gen
1890,1890854804927572,Male Gen
1891,1891347194214804,Male Gen
1892,1892912480416950,Male Gen
1893,1893493064804705,Male Gen
1894,1894018480469180,Male Gen
1895,1895673648042461,Male Gen
1896,1896550106794804,Male Gen
1897,1897683371474804,Male Gen
1898,1898495855480451,Male Gen
1899,1899153448046052,Male Gen
1900,1900026480426499,Male Gen
1901,1901538035354804,Male Gen
1902,1902084848042132,Male Gen
1903,1903965848049219,Male Gen
1904,1904480464755093,Male Gen
1905,1905581820748040,Male Gen
1906,1906899264804489,Male Gen
1907,1907991096948040,Male Gen
1908,1908991048046638,Male Gen
1909,1909794804277332,Male Gen
1910,1910480402204292,Male Gen
1911,1911694804463642,Male Gen
1912,1912048043616296,Male Gen
1913,1913754804831063,Male Gen
1914,1914044480434833,Male Gen
1915,1915962609480486,Male Gen
1916,1916264804407311,Male Gen
1917,1917786480461133,Male Gen
1918,1918251048049192,Male Gen
1919,1919685124804295,Male Gen
1920,1920191991480484,Male Gen
1921,1921954619994804,Male Gen
1922,1922276410480420,Male Gen
1923,1923379658948041,Male Gen
1924,1924612314804014,Male Gen
1925,1925683344804917,Male Gen
1926,1926480485654677,Male Gen
1927,1927824804895163,Male Gen
1928,1928305008480407,Male Gen
1929,1929982284804937,Male Gen
1930,1930883480499818,Male Gen
1931,1931665468248047,Male Gen
1932,1932044804948875,Male Gen
1933,1933964948480465,Male Gen
1934,1934667519480417,Male Gen
1935,1935339480435658,Male Gen
1936,1936063878480420,Male Gen
1937,1937648042638448,Male Gen
1938,1938148048626717,Male Gen
1939,1939799999480465,Male Gen
1940,1940739475748045,Male Gen
1941,1941362930248041,Male Gen
1942,1942389948049186,Male Gen
1943,1943192174804252,Male Gen
1944,1944461480499953,Male Gen
1945,1945376752824804,Male Gen
1946,1946644491848048,Male Gen
1947,1947731248048411,Male Gen
1948,1948863480499588,Male Gen
1949,1949149480441828,Male Gen
1950,1950424804894212,Male Gen
1951,1951480411678444,Male Gen
1952,1952934804331633,Male Gen
1953,1953941913474804,Male Gen
1954,1954694654804814,Male Gen
1955,1955780980248048,Male Gen
1956,1956181128148048,Male Gen
1957,1957848049991445,Male Gen
1958,1958594804094805,Male Gen
1959,1959576480421372,Male Gen
1960,1960480471716338,Male Gen
1961,1961035393480473,Male Gen
1962,1962064804176369,Male Gen
1963,1963762848044321,Male Gen
1964,1964250450348047,Male Gen
1965,1965622494804390,Male Gen
1966,1966424804046232,Male Gen
1967,1967267067248042,Male Gen
1968,1968480495180367,Male Gen
1969,1969193898480457,Male Gen
1970,1970348045266117,Male Gen
1971,1971214480411785,Male Gen
1972,1972187354804675,Male Gen
1973,1973714804310904,Male Gen
1974,1974548042392941,Male Gen
1975,1975548045431018,Male Gen
1976,1976504139648048,Male Gen
1977,1977825014804968,Male Gen
1978,1978234804804198,Male Gen
1979,1979681236548049,Male Gen
1980,1980480403612526,Male Gen
1981,1981148043400821,Male Gen
1982,1982348041321556,Male Gen
1983,1983126848042793,Male Gen
1984,1984954144804190,Male Gen
1985,1985848048154272,Male Gen
1986,1986748045159796,Male Gen
1987,1987156148048527,Male Gen
1988,1988480420031308,Male Gen
1989,1989720307464804,Male Gen
1990,1990948041214042,Male Gen
1991,1991551034804578,Male Gen
1992,1992480498286971,Male Gen
1993,1993216480425257,Male Gen
1994,1994664887354804,Male Gen
1995,1995532706904804,Male Gen
1996,1996309391548049,Male Gen
1997,1997348042189356,Male Gen
1998,1998456826734804,Male Gen
1999,1999689462480481,Male Gen
2000,2000524804794221,Male Gen
2001,2001055048041109,Male Gen
2002,2002848043607702,Male Gen
2003,2003732480474486,Male Gen
2004,2004114634804192,Male Gen
2005,2005748043478421,Male Gen
2006,2006436299648042,Male Gen
2007,2007603889480492,Male Gen
2008,2008763244804829,Male Gen
2009,2009479480426374,Male Gen
2010,2010564804278593,Male Gen
2011,2011048049677904,Male Gen
2012,2012480453179572,Male Gen
2013,2013460614804870,Male Gen
2014,2014016948047609,Male Gen
2015,2015646089248043,Male Gen
2016,2016480446065374,Male Gen
2017,2017758265848047,Male Gen
2018,2018480481494689,Male Gen
2019,2019763144044804,Male Gen
2020,2020738917448045,Male Gen
2021,2021985480472539,Male Gen
2022,2022106206480475,Male Gen
2023,2023873877348042,Male Gen
2024,2024248044357315,Male Gen
2025,2025659838734804,Male Gen
2026,2026013750674804,Male Gen
2027,2027741148042130,Male Gen
2028,2028480416604354,Male Gen
2029,2029661566924804,Male Gen
2030,2030628744084804,Male Gen
2031,2031480432820997,Male Gen
2032,2032395651480402,Male Gen
2033,2033566705480467,Male Gen
2034,2034274293148042,Male Gen
2035,2035480482078271,Male Gen
2036,2036381234804099,Male Gen
2037,2037848043491007,Male Gen
2038,2038223045048047,Male Gen
2039,2039561480414663,Male Gen
2040,2040171403454804,Male Gen
2041,2041372073480423,Male Gen
2042,2042084480412215,Male Gen
2043,2043533864824804,Male Gen
2044,2044048043143707,Male Gen
2045,2045480464664233,Male Gen
2046,2046480432236749,Male Gen
2047,2047480439989785,Male Gen
2048,2048576428748044,Male Gen
2049,2049897844544804,Male Gen
2050,2050690305048042,Male Gen
2051,2051197161848044,Male Gen
2052,2052480443685286,Male Gen
2053,2053173480438272,Male Gen
2054,2054480435338189,Male Gen
2055,2055480427326693,Male Gen
2056,2056007748049069,Male Gen
2057,2057317948040023,Male Gen
2058,2058873362480487,Male Gen
2059,2059586111480465,Male Gen
2060,2060448041323816,Male Gen
2061,2061250615448046,Male Gen
2062,2062154804837112,Male Gen
2063,2063325814804720,Male Gen
2064,2064481114804709,Male Gen
2065,2065770634804944,Male Gen
2066,2066016748041780,Male Gen
2067,2067873113748047,Male Gen
2068,2068668148049611,Male Gen
2069,2069480472108412,Male Gen
2070,2070064532534804,Male Gen
2071,2071968828748042,Male Gen
2072,2072134804540026,Male Gen
2073,2073667148049097,Male Gen
2074,2074148041206276,Male Gen
2075,2075389480442618,Male Gen
2076,2076548049426258,Male Gen
2077,2077460148042527,Male Gen
2078,2078512455424804,Male Gen
2079,2079480430569858,Male Gen
2080,2080714804884400,Male Gen
2081,2081350148848046,Male Gen
2082,2082659473994804,Male Gen
2083,2083516048041973,Male Gen
2084,2084084948045073,Male Gen
2085,2085904548040401,Male Gen
2086,2086480435753922,Male Gen
2087,2087480478475942,Male Gen
2088,2088580480477821,Male Gen
2089,2089480455622991,Male Gen
2090,2090480467412006,Male Gen
2091,2091423658014804,Male Gen
2092,2092048040817781,Male Gen
2093,2093687480447765,Male Gen
2094,2094480491077083,Male Gen
2095,2095481848044249,Male Gen
2096,2096200480490621,Male Gen
2097,2097948042277422,Male Gen
2098,2098888360254804,Male Gen
2099,2099059032894804,Male Gen
2100,2100715231124804,Male Gen
2101,2101194804542063,Male Gen
2102,2102644804472495,Male Gen
2103,2103948043637509,Male Gen
2104,2104970325704804,Male Gen
2105,2105510304814804,Male Gen
2106,2106480441499417,Male Gen
2107,2107948042171617,Male Gen
2108,2108681032848047,Male Gen
2109,2109534804266491,Male Gen
2110,2110448049057194,Male Gen
2111,2111317134804294,Male Gen
2112,2112190284804650,Male Gen
2113,2113293948043966,Male Gen
2114,2114317869794804,Male Gen
2115,2115406480489905,Male Gen
2116,2116333151714804,Male Gen
2117,2117064804659556,Male Gen
2118,2118391293048040,Male Gen
2119,2119228965448049,Male Gen
2120,2120048048501302,Male Gen
2121,2121319566684804,Male Gen
2122,2122848045294567,Male Gen
2123,2123839848043563,Male Gen
2124,2124602311480490,Male Gen
2125,2125748046134677,Male Gen
2126,2126048041529586,Male Gen
2127,2127769480472416,Male Gen
2128,2128948047750676,Male Gen
2129,2129185589480405,Male Gen
2130,2130149648042172,Male Gen
2131,2131480405443042,Male Gen
2132,2132503285480446,Male Gen
2133,2133645154804428,Male Gen
2134,2134276854004804,Male Gen
2135,2135348040722204,Male Gen
2136,2136890726874804,Male Gen
2137,2137148046446675,Male Gen
2138,2138518644804750,Male Gen
2139,2139635548045886,Male Gen
2140,2140263749584804,Male Gen
2141,2141454804127271,Male Gen
2142,2142249601634804,Male Gen
2143,2143436846548042,Male Gen
2144,2144148043901133,Male Gen
2145,2145848046088588,Male Gen
2146,2146323480437186,Male Gen
2147,2147344706480475,Male Gen
2148,2148480425238825,Male Gen
2149,2149179784804263,Male Gen
2150,2150378480433879,Male Gen
2151,2151534480425256,Male Gen
2152,2152748043098199,Male Gen
2153,2153048046078048,Male Gen
2154,2154156115948040,Male Gen
2155,2155100645564804,Male Gen
2156,2156086064804320,Male Gen
2157,2157002448204804,Male Gen
2158,2158528891480499,Male Gen
2159,2159864804900990,Male Gen
2160,2160804804828165,Male Gen
2161,2161604804302765,Male Gen
2162,2162426207648040,Male Gen
2163,2163135480439152,Male Gen
2164,2164601360480457,Male Gen
2165,2165990770480414,Male Gen
2166,2166820087454804,Male Gen
2167,2167002110648049,Male Gen
2168,2168222008648045,Male Gen
2169,2169673348043554,Male Gen
2170,2170852480479926,Male Gen
2171,2171087115548048,Male Gen
2172,2172004804924306,Male Gen
2173,2173480403737726,Male Gen
2174,2174480486117934,Male Gen
2175,2175403480417622,Male Gen
2176,2176048043972649,Male Gen
2177,2177214848324804,Male Gen
2178,2178033509314804,Male Gen
2179,2179548041571190,Male Gen
2180,2180313453948047,Male Gen
2181,2181711270904804,Male Gen
2182,2182379198480437,Male Gen
2183,2183636480435641,Male Gen
2184,2184048848045012,Male Gen
2185,2185480474345104,Male Gen
2186,2186923480465918,Male Gen
2187,2187713148048107,Male Gen
2188,2188190864804313,Male Gen
2189,2189299480429842,Male Gen
2190,2190330811480488,Male Gen
2191,2191948043422562,Male Gen
2192,2192218440864804,Male Gen
2193,2193448042107595,Male Gen
2194,2194264804880911,Male Gen
2195,2195789480481633,Male Gen
2196,2196071214804919,Male Gen
2197,2197644804931570,Male Gen
2198,2198448049246716,Male Gen
2199,2199054484224804,Male Gen
2200,2200271529148043,Male Gen
2201,2201292692104804,Male Gen
2202,2202082860584804,Male Gen
2203,2203465348049830,Male Gen
2204,2204761554804796,Male Gen
2205,2205864804717264,Male Gen
2206,2206439954804875,Male Gen
2207,2207341748046365,Male Gen
2208,2208025688974804,Male Gen
2209,2209548040969803,Male Gen
2210,2210167052648044,Male Gen
2211,2211487738054804,Male Gen
2212,2212585416248042,Male Gen
2213,2213480471248467,Male Gen
2214,2214399836594804,Male Gen
2215,2215455517748045,Male Gen
2216,2216136314804551,Male Gen
2217,2217413534804148,Male Gen
2218,2218892048045751,Male Gen
2219,2219035325480419,Male Gen
2220,2220525948044424,Male Gen
2221,2221480404081191,Male Gen
2222,2222648045431050,Male Gen
2223,2223885011848041,Male Gen
2224,2224313634804848,Male Gen
2225,2225812480419698,Male Gen
2226,2226101134804667,Male Gen
2227,2227381884804092,Male Gen
2228,2228374804395256,Male Gen
2229,2229481284648044,Male Gen
2230,2230183358748041,Male Gen
2231,2231193848048365,Male Gen
2232,2232480425176542,Male Gen
2233,2233973294804766,Male Gen
2234,2234438649648046,Male Gen
2235,2235248044528147,Male Gen
2236,2236328393480480,Male Gen
2237,2237461904804352,Male Gen
2238,2238946393480471,Male Gen
2239,2239990042480422,Male Gen
2240,2240414182480485,Male Gen
2241,2241080095480474,Male Gen
2242,2242072539048049,Male Gen
2243,2243556848045904,Male Gen
2244,2244480461907975,Male Gen
2245,2245550648043819,Male Gen
2246,2246480431040802,Male Gen
2247,2247812671480419,Male Gen
2248,2248318643480424,Male Gen
2249,2249480452280063,Male Gen
2250,2250310918480442,Male Gen
2251,2251441271194804,Male Gen
2252,2252480412001697,Male Gen
2253,2253965604480403,Male Gen
2254,2254348046544250,Male Gen
2255,2255348045383310,Male Gen
2256,2256527148045240,Male Gen
2257,2257948042114957,Male Gen
2258,2258694804479520,Male Gen
2259,2259248040958553,Male Gen
2260,2260387480422142,Male Gen
2261,2261048042579102,Male Gen
2262,2262867794144804,Male Gen
2263,2263241648045557,Male Gen
2264,2264480449991359,Male Gen
2265,2265172811748044,Male Gen
2266,2266857480474692,Male Gen
2267,2267812968844804,Male Gen
2268,2268431480470002,Male Gen
2269,2269629076480419,Male Gen
2270,2270305480443710,Male Gen
2271,2271174804267382,Male Gen
2272,2272520785244804,Male Gen
2273,2273700719564804,Male Gen
2274,2274395648045975,Male Gen
2275,2275174804914804,Male Gen
2276,2276480438437498,Male Gen
2277,2277480494503005,Male Gen
2278,2278548043416673,Male Gen
2279,2279659968334804,Male Gen
2280,2280480490010120,Male Gen
2281,2281037048041733,Male Gen
2282,2282914480405021,Male Gen
2283,2283339920480411,Male Gen
2284,2284480476522296,Male Gen
2285,2285742991184804,Male Gen
2286,2286553360480486,Male Gen
2287,2287574804010126,Male Gen
2288,2288156469480481,Male Gen
2289,2289802994804554,Male Gen
2290,2290355388480431,Male Gen
2291,2291828823480432,Male Gen
2292,2292952237348042,Male Gen
2293,2293971163448043,Male Gen
2294,2294645848045914,Male Gen
2295,2295339624804740,Male Gen
2296,2296299748448044,Male Gen
2297,2297743304804438,Male Gen
2298,2298577480496868,Male Gen
2299,2299635480434986,Male Gen
2300,2300960548041238,Male Gen
2301,2301048044868502,Male Gen
2302,2302878344804658,Male Gen
2303,2303919072148045,Male Gen
2304,2304569885480491,Male Gen
2305,2305480492551134,Male Gen
2306,2306448046500116,Male Gen
2307,2307632526480439,Male Gen
2308,2308453132348047,Male Gen
2309,2309604804691353,Male Gen
2310,2310480483525648,Male Gen
2311,2311994804712397,Male Gen
2312,2312227496684804,Male Gen
2313,2313048048993369,Male Gen
2314,2314144804495292,Male Gen
2315,2315148046645722,Male Gen
2316,2316004804228365,Male Gen
2317,2317192480489763,Male Gen
2318,2318222120148045,Male Gen
2319,2319167571748042,Male Gen
2320,2320336855748041,Male Gen
2321,2321480489831492,Male Gen
2322,2322641548041221,Male Gen
2323,2323626974804845,Male Gen
2324,2324761480462379,Male Gen
2325,2325937648041425,Male Gen
2326,2326692480487637,Male Gen
2327,2327380158134804,Male Gen
2328,2328877339248045,Male Gen
2329,2329034804934650,Male Gen
2330,2330244804571505,Male Gen
2331,2331199600648049,Male Gen
2332,2332585744804011,Male Gen
2333,2333249277480459,Male Gen
2334,2334279480436291,Male Gen
2335,2335133480489764,Male Gen
2336,2336954804574725,Male Gen
2337,2337687361894804,Male Gen
2338,2338030448048532,Male Gen
2339,2339548041215804,Male Gen
2340,2340480478448555,Male Gen
2341,2341112663248041,Male Gen
2342,2342480421564174,Male Gen
2343,2343578616480451,Male Gen
2344,2344475784804338,Male Gen
2345,2345948043533935,Male Gen
2346,2346636344480414,Male Gen
2347,2347317764664804,Male Gen
2348,2348811034804168,Male Gen
2349,2349612818480496,Male Gen
2350,2350545164804432,Male Gen
2351,2351257582448048,Male Gen
2352,2352361808148048,Male Gen
2353,2353975480405565,Male Gen
2354,2354248040098713,Male Gen
2355,2355048048064295,Male Gen
2356,2356762529480417,Male Gen
2357,2357692660854804,Male Gen
2358,2358829811784804,Male Gen
2359,2359044804475516,Male Gen
2360,2360459480426093,Male Gen
2361,2361204798480403,Male Gen
2362,2362390948048755,Male Gen
2363,2363661831480427,Male Gen
2364,2364057125480495,Male Gen
2365,2365480491183607,Male Gen
2366,2366870550948046,Male Gen
2367,2367774587048046,Male Gen
2368,2368748041584807,Male Gen
2369,2369480415082015,Male Gen
2370,2370636418744804,Male Gen
2371,2371195055264804,Male Gen
2372,2372058480406507,Male Gen
2373,2373281448042636,Male Gen
2374,2374480496877468,Male Gen
2375,2375348040405496,Male Gen
2376,2376889548044048,Male Gen
2377,2377636974480444,Male Gen
2378,2378838480490599,Male Gen
2379,2379279480493359,Male Gen
2380,2380061596480449,Male Gen
2381,2381012089480445,Male Gen
2382,2382325367944804,Male Gen
2383,2383674804077183,Male Gen
2384,2384574804779202,Male Gen
2385,2385375701554804,Male Gen
2386,2386464804149147,Male Gen
2387,2387375118104804,Male Gen
2388,2388536654804710,Male Gen
2389,2389775316480462,Male Gen
2390,2390210028048046,Male Gen
2391,2391414094804621,Male Gen
2392,2392559804804956,Male Gen
2393,2393303480432080,Male Gen
2394,2394589082480429,Male Gen
2395,2395538848042798,Male Gen
2396,2396246748047935,Male Gen
2397,2397862907048045,Male Gen
2398,2398474164404804,Male Gen
2399,2399648045566003,Male Gen
2400,2400444480477535,Male Gen
2401,2401584804086704,Male Gen
2402,2402480471278166,Male Gen
2403,2403058194804120,Male Gen
2404,2404115983448046,Male Gen
2405,2405514697448046,Male Gen
2406,2406480477560186,Male Gen
2407,2407336894804573,Male Gen
2408,2408864363480498,Male Gen
2409,2409449720774804,Male Gen
2410,2410288354548040,Male Gen
2411,2411219068048045,Male Gen
2412,2412214480460252,Male Gen
2413,2413881805648047,Male Gen
2414,2414480474495309,Male Gen
2415,2415259686674804,Male Gen
2416,2416248046918551,Male Gen
2417,2417252400480444,Male Gen
2418,2418060480445536,Male Gen
2419,2419048048837913,Male Gen
2420,2420034950234804,Male Gen
2421,2421976048048803,Male Gen
2422,2422867480456905,Male Gen
2423,2423441509480407,Male Gen
2424,2424272543024804,Male Gen
2425,2425548048098283,Male Gen
2426,2426130480482940,Male Gen
2427,2427366748046984,Male Gen
2428,2428812344848043,Male Gen
2429,2429591748048770,Male Gen
2430,2430164158480429,Male Gen
2431,2431748041769236,Male Gen
2432,2432276480460438,Male Gen
2433,2433480401004459,Male Gen
2434,2434806948040237,Male Gen
2435,2435468574804809,Male Gen
2436,2436480464698016,Male Gen
2437,2437628448040180,Male Gen
2438,2438948043038604,Male Gen
2439,2439275677448041,Male Gen
2440,2440535314804997,Male Gen
2441,2441416246194804,Male Gen
2442,2442524480418948,Male Gen
2443,2443824041348041,Male Gen
2444,2444229248048852,Male Gen
2445,2445848492948040,Male Gen
2446,2446895206148042,Male Gen
2447,2447914765480453,Male Gen
2448,2448480476326465,Male Gen
2449,2449748047273445,Male Gen
2450,2450356766004804,Male Gen
2451,2451484804642701,Male Gen
2452,2452935448043790,Male Gen
2453,2453784090448046,Male Gen
2454,2454753674804044,Male Gen
2455,2455856711480424,Male Gen
2456,2456845748045752,Male Gen
2457,2457108480415497,Male Gen
2458,2458480489190857,Male Gen
2459,2459354804264103,Male Gen
2460,2460746480494005,Male Gen
2461,2461708590814804,Male Gen
2462,2462034804287600,Male Gen
2463,2463861102480454,Male Gen
2464,2464318480401285,Male Gen
2465,2465604804334943,Male Gen
2466,2466556774804100,Male Gen
2467,2467748040127981,Male Gen
2468,2468600189724804,Male Gen
2469,2469480430425384,Male Gen
2470,2470336480417100,Male Gen
2471,2471154937480490,Male Gen
2472,2472408148047443,Male Gen
2473,2473892402624804,Male Gen
2474,2474094101480484,Male Gen
2475,2475460054804552,Male Gen
2476,2476976368480402,Male Gen
2477,2477682480418552,Male Gen
2478,2478574804215020,Male Gen
2479,2479798534804518,Male Gen
2480,2480480417352532,Male Gen
2481,2481480418846223,Male Gen
2482,2482976914804492,Male Gen
2483,2483165336048048,Male Gen
2484,2484480408193284,Male Gen
2485,2485827664804938,Male Gen
2486,2486982480422408,Male Gen
2487,2487661480428143,Male Gen
2488,2488773919480404,Male Gen
2489,2489114804390702,Male Gen
2490,2490104804091774,Male Gen
2491,2491480406146589,Male Gen
2492,2492787401344804,Male Gen
2493,2493002552480444,Male Gen
2494,2494172348046259,Male Gen
2495,2495049638374804,Male Gen
2496,2496284385480405,Male Gen
2497,2497714804551479,Male Gen
2498,2498480430979696,Male Gen
2499,2499553307480471,Male Gen
2500,2500480465912088,Male Gen
2501,2501159480416917,Female VIP
2502,2502055213480479,Female VIP
2503,2503914804311482,Female VIP
2504,2504599024804555,Female VIP
2505,2505848043007908,Female VIP
2506,2506426480481799,Female VIP
2507,2507313093480482,Female VIP
2508,2508127761348046,Female VIP
2509,2509480481236911,Female VIP
2510,2510976054804909,Female VIP
2511,2511412548045615,Female VIP
2512,2512926448041573,Female VIP
2513,2513334454984804,Female VIP
2514,2514469638480433,Female VIP
2515,2515348048201931,Female VIP
2516,2516171480438540,Female VIP
2517,2517095480400999,Female VIP
2518,2518435745480474,Female VIP
2519,2519828448043635,Female VIP
2520,2520070305548047,Female VIP
2521,2521767081480403,Female VIP
2522,2522504548047622,Female VIP
2523,2523884804220528,Female VIP
2524,2524404804775645,Female VIP
2525,2525191174804829,Female VIP
2526,2526477894804073,Female VIP
2527,2527084648042727,Female VIP
2528,2528990984804087,Female VIP
2529,2529248049923029,Female VIP
2530,2530783480467657,Female VIP
2531,2531082734148043,Female VIP
2532,2532563480411587,Female VIP
2533,2533784654864804,Female VIP
2534,2534048040166388,Female VIP
2535,2535465480405466,Female VIP
2536,2536448041144814,Female VIP
2537,2537406748041831,Female VIP
2538,2538277018064804,Female VIP
2539,2539070948046848,Female VIP
2540,2540431321480419,Female VIP
2541,2541238174804095,Female VIP
2542,2542171978480427,Female VIP
2543,2543004804746323,Female VIP
2544,2544227344804085,Female VIP
2545,2545784364804234,Female VIP
2546,2546351607454804,Female VIP
2547,2547524754804893,Female VIP
2548,2548048045651921,Female VIP
2549,2549887525480494,Female VIP
2550,2550296118248049,Female VIP
2551,2551134804802459,Female VIP
2552,2552480416259221,Female VIP
2553,2553148040517781,Female VIP
2554,2554631480448351,Female VIP
2555,2555090480416344,Female VIP
2556,2556864804663861,Female VIP
2557,2557480467557342,Female VIP
2558,2558928480441529,Female VIP
2559,2559805848042803,Female VIP
2560,2560964804129441,Female VIP
2561,2561480449935597,Female VIP
2562,2562256011954804,Female VIP
2563,2563884675480483,Female VIP
2564,2564092904804734,Female VIP
2565,2565897848044450,Female VIP
2566,2566565677148045,Female VIP
2567,2567551907124804,Female VIP
2568,2568182714804927,Female VIP
2569,2569843480448943,Female VIP
2570,2570975321480456,Female VIP
2571,2571994804803234,Female VIP
2572,2572480477906804,Female VIP
2573,2573357913480432,Female VIP
2574,2574079054804079,Female VIP
2575,2575385796048042,Female VIP
2576,2576480666480467,Female VIP
2577,2577373148046534,Female VIP
2578,2578292530548048,Female VIP
2579,2579187334804512,Female VIP
2580,2580484804653482,Female VIP
2581,2581914804155443,Female VIP
2582,2582577764804728,Female VIP
2583,2583542480438476,Female VIP
2584,2584374975480494,Female VIP
2585,2585591148042541,Female VIP
2586,2586834804023875,Female VIP
2587,2587152021648044,Female VIP
2588,2588543158480466,Female VIP
2589,2589243062548041,Female VIP
2590,2590748041937092,Female VIP
2591,2591445564804746,Female VIP
2592,2592448040370375,Female VIP
2593,2593548046965175,Female VIP
2594,2594436748041050,Female VIP
2595,2595134990364804,Female VIP
2596,2596025304804683,Female VIP
2597,2597188134804356,Female VIP
2598,2598322309348044,Female VIP
2599,2599292489948042,Female VIP
2600,2600048042549704,Female VIP
2601,2601304961248048,Female VIP
2602,2602168348042751,Female VIP
2603,2603373109480486,Female VIP
2604,2604801824804536,Female VIP
2605,2605861913884804,Female VIP
2606,2606754480445933,Female VIP
2607,2607348040878213,Female VIP
2608,2608848043187120,Female VIP
2609,2609464414804481,Female VIP
2610,2610428937948045,Female VIP
2611,2611618944804511,Female VIP
2612,2612241248049268,Female VIP
2613,2613078290048043,Female VIP
2614,2614248044255560,Female VIP
2615,2615083151480456,Female VIP
2616,2616848049371385,Female VIP
2617,2617480489981463,Female VIP
2618,2618747649234804,Female VIP
2619,2619564184924804,Female VIP
2620,2620404804024806,Female VIP
2621,2621623964804285,Female VIP
2622,2622843620480450,Female VIP
2623,2623516394954804,Female VIP
2624,2624730648047389,Female VIP
2625,2625664984804856,Female VIP
2626,2626971480428164,Female VIP
2627,2627501804480458,Female VIP
2628,2628480430435498,Female VIP
2629,2629265757324804,Female VIP
2630,2630683802344804,Female VIP
2631,2631420059754804,Female VIP
2632,2632480454788654,Female VIP
2633,2633480494591557,Female VIP
2634,2634284734804442,Female VIP
2635,2635772370094804,Female VIP
2636,2636404804751279,Female VIP
2637,2637576576934804,Female VIP
2638,2638480422842975,Female VIP
2639,2639480486728826,Female VIP
2640,2640548047613152,Female VIP
2641,2641048040109987,Female VIP
2642,2642788448049698,Female VIP
2643,2643212499974804,Female VIP
2644,2644191314804531,Female VIP
2645,2645480477586812,Female VIP
2646,2646402848045719,Female VIP
2647,2647462480488570,Female VIP
2648,2648052548049084,Female VIP
2649,2649480454380633,Female VIP
2650,2650911206480429,Female VIP
2651,2651548048422354,Female VIP
2652,2652206640480413,Female VIP
2653,2653480449658680,Female VIP
2654,2654394804252790,Female VIP
2655,2655269480485532,Female VIP
2656,2656068548049161,Female VIP
2657,2657847948042623,Female VIP
2658,2658148041832530,Female VIP
2659,2659370179480473,Female VIP
2660,2660519972480403,Female VIP
2661,2661734804791135,Female VIP
2662,2662411348042190,Female VIP
2663,2663064804735512,Female VIP
2664,2664752354804466,Female VIP
2665,2665814804928245,Female VIP
2666,2666871252480450,Female VIP
2667,2667581648041019,Female VIP
2668,2668428171848046,Female VIP
2669,2669893480491774,Female VIP
2670,2670654014804661,Female VIP
2671,2671924480473402,Female VIP
2672,2672029132614804,Female VIP
2673,2673364804886116,Female VIP
2674,2674529948043677,Female VIP
2675,2675480454804074,Female VIP
2676,2676894804801436,Female VIP
2677,2677612748049507,Female VIP
2678,2678042694804764,Female VIP
2679,2679480461990487,Female VIP
2680,2680074804779519,Female VIP
2681,2681598480406151,Female VIP
2682,2682964804072903,Female VIP
2683,2683707541654804,Female VIP
2684,2684801374614804,Female VIP
2685,2685370052480496,Female VIP
2686,2686150228480477,Female VIP
2687,2687305578480427,Female VIP
2688,2688713748044530,Female VIP
2689,2689480436243669,Female VIP
2690,2690695548042918,Female VIP
2691,2691948041991808,Female VIP
2692,2692501948049382,Female VIP
2693,2693304804403184,Female VIP
2694,2694734804002079,Female VIP
2695,2695844904804382,Female VIP
2696,2696480497758650,Female VIP
2697,2697260648046262,Female VIP
2698,2698584804638818,Female VIP
2699,2699287230480420,Female VIP
2700,2700534534924804,Female VIP
2701,2701480461145099,Female VIP
2702,2702948044458108,Female VIP
2703,2703384804056510,Female VIP
2704,2704517152684804,Female VIP
2705,2705480467057979,Female VIP
2706,2706480436083675,Female VIP
2707,2707890480471188,Female VIP
2708,2708311048043127,Female VIP
2709,2709508185248047,Female VIP
2710,2710253234804989,Female VIP
2711,2711578055548048,Female VIP
2712,2712365648049350,Female VIP
2713,2713117348045802,Female VIP
2714,2714480416181587,Female VIP
2715,2715491034804221,Female VIP
2716,2716897363480406,Female VIP
2717,2717963480487359,Female VIP
2718,2718480442987588,Female VIP
2719,2719866002294804,Female VIP
2720,2720000609480497,Female VIP
2721,2721364248047886,Female VIP
2722,2722960613148041,Female VIP
2723,2723722448040367,Female VIP
2724,2724480425814779,Female VIP
2725,2725664480431237,Female VIP
2726,2726502480405378,Female VIP
2727,2727893163474804,Female VIP
2728,2728436541480413,Female VIP
2729,2729262805144804,Female VIP
2730,2730748923364804,Female VIP
2731,2731048044792459,Female VIP
2732,2732405548041271,Female VIP
2733,2733448480420385,Female VIP
2734,2734182081480452,Female VIP
2735,2735086480442122,Female VIP
2736,2736234804466551,Female VIP
2737,2737800814448040,Female VIP
2738,2738757926124804,Female VIP
2739,2739544804748614,Female VIP
2740,2740321308684804,Female VIP
2741,2741033343480419,Female VIP
2742,2742919748043643,Female VIP
2743,2743170548048554,Female VIP
2744,2744039764804125,Female VIP
2745,2745344480423987,Female VIP
2746,2746222054804313,Female VIP
2747,2747941848048776,Female VIP
2748,2748214449480480,Female VIP
2749,2749866065480407,Female VIP
2750,2750082448043390,Female VIP
2751,2751480458467410,Female VIP
2752,2752353748043139,Female VIP
2753,2753907011548047,Female VIP
2754,2754541176480479,Female VIP
2755,2755480425844857,Female VIP
2756,2756114804275638,Female VIP
2757,2757427048049911,Female VIP
2758,2758839564544804,Female VIP
2759,2759948044567177,Female VIP
2760,2760624024448046,Female VIP
2761,2761040771480491,Female VIP
2762,2762480400358667,Female VIP
2763,2763480444795410,Female VIP
2764,2764148049224777,Female VIP
2765,2765048049378980,Female VIP
2766,2766264804166801,Female VIP
2767,2767946859480407,Female VIP
2768,2768524804594039,Female VIP
2769,2769394734804622,Female VIP
2770,2770249894480421,Female VIP
2771,2771048046433608,Female VIP
2772,2772497480473683,Female VIP
2773,2773824615048041,Female VIP
2774,2774234804224341,Female VIP
2775,2775480423513445,Female VIP
2776,2776405495348045,Female VIP
2777,2777448044388470,Female VIP
2778,2778711148047491,Female VIP
2779,2779824804488007,Female VIP
2780,2780541541648048,Female VIP
2781,2781848048713499,Female VIP
2782,2782132355994804,Female VIP
2783,2783380142480449,Female VIP
2784,2784480476933875,Female VIP
2785,2785234480483785,Female VIP
2786,2786096817480414,Female VIP
2787,2787703480411411,Female VIP
2788,2788264342148043,Female VIP
2789,2789480438257883,Female VIP
2790,2790816606014804,Female VIP
2791,2791048041207711,Female VIP
2792,2792777291480466,Female VIP
2793,2793480487714278,Female VIP
2794,2794094804085521,Female VIP
2795,2795963134284804,Female VIP
2796,2796274360448044,Female VIP
2797,2797848045721433,Female VIP
2798,2798482586248040,Female VIP
2799,2799914804928606,Female VIP
2800,2800784804747302,Female VIP
2801,2801103804804698,Female VIP
2802,2802464230480434,Female VIP
2803,2803848348046654,Female VIP
2804,2804671348047667,Female VIP
2805,2805462487548041,Female VIP
2806,2806195915314804,Female VIP
2807,2807774804633890,Female VIP
2808,2808999048045367,Female VIP
2809,2809648046966273,Female VIP
2810,2810144804676675,Female VIP
2811,2811480440801448,Female VIP
2812,2812849574948044,Female VIP
2813,2813515214804542,Female VIP
2814,2814851548048653,Female VIP
2815,2815480428693487,Female VIP
2816,2816653966048046,Female VIP
2817,2817548041027654,Female VIP
2818,2818944804334578,Female VIP
2819,2819653416448046,Female VIP
2820,2820263054804778,Female VIP
2821,2821958074648043,Female VIP
2822,2822434480453599,Female VIP
2823,2823045696604804,Female VIP
2824,2824901630480465,Female VIP
2825,2825648049767666,Female VIP
2826,2826148046745032,Female VIP
2827,2827480478375590,Female VIP
2828,2828514804378435,Female VIP
2829,2829837894748041,Female VIP
2830,2830510848049197,Female VIP
2831,2831998372048048,Female VIP
2832,2832934624804077,Female VIP
2833,2833494984694804,Female VIP
2834,2834769773480460,Female VIP
2835,2835346576480499,Female VIP
2836,2836634804383033,Female VIP
2837,2837665480478387,Female VIP
2838,2838681194804418,Female VIP
2839,2839748044563561,Female VIP
2840,2840716110314804,Female VIP
2841,2841954804553570,Female VIP
2842,2842884804552974,Female VIP
2843,2843287648048214,Female VIP
2844,2844688480449613,Female VIP
2845,2845670712480404,Female VIP
2846,2846480494337057,Female VIP
2847,2847033608048045,Female VIP
2848,2848349811494804,Female VIP
2849,2849998480401854,Female VIP
2850,2850848369634804,Female VIP
2851,2851455526648047,Female VIP
2852,2852984804960258,Female VIP
2853,2853933848040207,Female VIP
2854,2854774804641402,Female VIP
2855,2855844804617855,Female VIP
2856,2856480452062759,Female VIP
2857,2857480476612549,Female VIP
2858,2858048045208939,Female VIP
2859,2859480448269150,Female VIP
2860,2860874804854906,Female VIP
2861,2861333053448041,Female VIP
2862,2862764804684597,Female VIP
2863,2863834804445365,Female VIP
2864,2864691480499846,Female VIP
2865,2865409850048040,Female VIP
2866,2866762091534804,Female VIP
2867,2867480485393127,Female VIP
2868,2868242480425065,Female VIP
2869,2869480402202947,Female VIP
2870,2870848040374669,Female VIP
2871,2871952564804328,Female VIP
2872,2872084804197346,Female VIP
2873,2873676462524804,Female VIP
2874,2874654804516022,Female VIP
2875,2875510575148041,Female VIP
2876,2876920480410207,Female VIP
2877,2877640842234804,Female VIP
2878,2878699791748048,Female VIP
2879,2879743670624804,Female VIP
2880,2880044550480474,Female VIP
2881,2881548042402481,Female VIP
2882,2882124804147920,Female VIP
2883,2883515337480488,Female VIP
2884,2884183128480426,Female VIP
2885,2885927287480453,Female VIP
2886,2886636474804618,Female VIP
2887,2887480446707076,Female VIP
2888,2888040639394804,Female VIP
2889,2889245478104804,Female VIP
2890,2890092242448044,Female VIP
2891,2891480443884504,Female VIP
2892,2892011548046710,Female VIP
2893,2893364918924804,Female VIP
2894,2894914804458408,Female VIP
2895,2895548257480447,Female VIP
2896,2896975633254804,Female VIP
2897,2897283480446513,Female VIP
2898,2898934804181424,Female VIP
2899,2899480485855363,Female VIP
2900,2900279554804808,Female VIP
2901,2901343624804087,Female VIP
2902,2902723014448040,Female VIP
2903,2903239548048140,Female VIP
2904,2904319999948040,Female VIP
2905,2905748047581424,Female VIP
2906,2906804290480459,Female VIP
2907,2907793948047865,Female VIP
2908,2908433448044192,Female VIP
2909,2909480435492036,Female VIP
2910,2910994083480492,Female VIP
2911,2911248548040048,Female VIP
2912,2912082480447111,Female VIP
2913,2913650053480426,Female VIP
2914,2914439272848040,Female VIP
2915,2915290851248046,Female VIP
2916,2916526337480417,Female VIP
2917,2917648042953530,Female VIP
2918,2918395694804812,Female VIP
2919,2919524804981083,Female VIP
2920,2920496051480404,Female VIP
2921,2921480437038640,Female VIP
2922,2922835824804890,Female VIP
2923,2923016410480467,Female VIP
2924,2924700670048041,Female VIP
2925,2925219973480452,Female VIP
2926,2926357480427096,Female VIP
2927,2927073232248044,Female VIP
2928,2928299244804205,Female VIP
2929,2929010398480471,Female VIP
2930,2930094621044804,Female VIP
2931,2931480461551444,Female VIP
2932,2932385474480495,Female VIP
2933,2933137601480427,Female VIP
2934,2934465264804230,Female VIP
2935,2935728215848049,Female VIP
2936,2936727555844804,Female VIP
2937,2937548040786257,Female VIP
2938,2938148047049787,Female VIP
2939,2939201672914804,Female VIP
2940,2940878245480441,Female VIP
2941,2941382171480481,Female VIP
2942,2942830390848047,Female VIP
2943,2943474804891585,Female VIP
2944,2944660480494867,Female VIP
2945,2945248045188662,Female VIP
2946,2946480430957075,Female VIP
2947,2947087151048046,Female VIP
2948,2948087280944804,Female VIP
2949,2949744804996105,Female VIP
2950,2950480476821152,Female VIP
2951,2951243155448046,Female VIP
2952,2952173251480472,Female VIP
2953,2953025548040054,Female VIP
2954,2954914804935618,Female VIP
2955,2955604480457754,Female VIP
2956,2956480481671924,Female VIP
2957,2957707253684804,Female VIP
2958,2958786968480457,Female VIP
2959,2959130924804655,Female VIP
2960,2960760294804195,Female VIP
2961,2961480491439196,Female VIP
2962,2962389234804125,Female VIP
2963,2963713748040954,Female VIP
2964,2964439024804000,Female VIP
2965,2965191569244804,Female VIP
2966,2966881480433433,Female VIP
2967,2967131480421405,Female VIP
2968,2968528246348046,Female VIP
2969,2969480402696555,Female VIP
2970,2970480499148057,Female VIP
2971,2971502748046103,Female VIP
2972,2972016624804708,Female VIP
2973,2973352994804007,Female VIP
2974,2974480449988629,Female VIP
2975,2975480414736372,Female VIP
2976,2976101349148042,Female VIP
2977,2977451173480402,Female VIP
2978,2978281874804917,Female VIP
2979,2979342320334804,Female VIP
2980,2980324804868022,Female VIP
2981,2981480489478186,Female VIP
2982,2982948042548145,Female VIP
2983,2983362314804526,Female VIP
2984,2984448040762642,Female VIP
2985,2985724480482014,Female VIP
2986,2986480487151539,Female VIP
2987,2987784804702190,Female VIP
2988,2988001706448042,Female VIP
2989,2989648042717578,Female VIP
2990,2990484804691348,Female VIP
2991,2991750877134804,Female VIP
2992,2992704480476894,Female VIP
2993,2993169334804351,Female VIP
2994,2994453252148048,Female VIP
2995,2995547319348049,Female VIP
2996,2996193159848048,Female VIP
2997,2997480402743716,Female VIP
2998,2998194480469596,Female VIP
2999,2999480441990587,Female VIP
3000,3000149230264804,Female VIP
3001,3001576193904804,Female VIP
3002,3002825979814804,Female VIP
3003,3003083447480418,Female VIP
3004,3004748042721737,Female VIP
3005,3005054480431331,Female VIP
3006,3006685504804593,Female VIP
3007,3007304292604804,Female VIP
3008,3008480472224096,Female VIP
3009,3009625748049538,Female VIP
3010,3010700970348047,Female VIP
3011,3011571374804232,Female VIP
3012,3012207648046834,Female VIP
3013,3013564329348040,Female VIP
3014,3014952351364804,Female VIP
3015,3015806148045584,Female VIP
3016,3016504480472115,Female VIP
3017,3017441105148042,Female VIP
3018,3018151913480475,Female VIP
3019,3019480473405382,Female VIP
3020,3020248044356209,Female VIP
3021,3021448048905320,Female VIP
3022,3022480425827866,Female VIP
3023,3023865503648046,Female VIP
3024,3024480452442810,Female VIP
3025,3025899480419540,Female VIP
3026,3026948044536595,Female VIP
3027,3027463480424784,Female VIP
3028,3028436480467173,Female VIP
3029,3029322648042230,Female VIP
3030,3030187480428816,Female VIP
3031,3031573847748046,Female VIP
3032,3032684804519371,Female VIP
3033,3033248042011885,Female VIP
3034,3034389448044291,Female VIP
3035,3035019594448040,Female VIP
3036,3036761257834804,Female VIP
3037,3037997954804520,Female VIP
3038,3038680748040178,Female VIP
3039,3039052129348049,Female VIP
3040,3040828480483987,Female VIP
3041,3041815504804235,Female VIP
3042,3042316448048156,Female VIP
3043,3043948043228819,Female VIP
3044,3044594804695505,Female VIP
3045,3045659848049296,Female VIP
3046,3046869480419622,Female VIP
3047,3047598948049508,Female VIP
3048,3048898744804398,Female VIP
3049,3049248043909753,Female VIP
3050,3050384361480477,Female VIP
3051,3051929658534804,Female VIP
3052,3052004134804050,Female VIP
3053,3053880480409341,Female VIP
3054,3054348047719687,Female VIP
3055,3055480420657166,Female VIP
3056,3056557669548043,Female VIP
3057,3057078324804754,Female VIP
3058,3058392197084804,Female VIP
3059,3059869674804724,Female VIP
3060,3060929418494804,Female VIP
3061,3061848041654824,Female VIP
3062,3062132358480460,Female VIP
3063,3063345656480454,Female VIP
3064,3064561480421172,Female VIP
3065,3065114674804903,Female VIP
3066,3066480403281939,Female VIP
3067,3067188480421405,Female VIP
3068,3068809469148040,Female VIP
3069,3069480478071103,Female VIP
3070,3070377648480449,Female VIP
3071,3071952480451239,Female VIP
3072,3072648044469094,Female VIP
3073,3073174804717403,Female VIP
3074,3074665903284804,Female VIP
3075,3075480411003199,Female VIP
3076,3076065584804269,Female VIP
3077,3077787604804381,Female VIP
3078,3078531048044970,Female VIP
3079,3079469480439130,Female VIP
3080,3080548047426971,Female VIP
3081,3081444480438527,Female VIP
3082,3082820348046747,Female VIP
3083,3083830648040601,Female VIP
3084,3084348043433968,Female VIP
3085,3085531524804970,Female VIP
3086,3086743724804477,Female VIP
3087,3087986324804882,Female VIP
3088,3088748049775611,Female VIP
3089,3089051848049078,Female VIP
3090,3090131339584804,Female VIP
3091,3091112300754804,Female VIP
3092,3092512480451239,Female VIP
3093,3093188324804237,Female VIP
3094,3094948044307825,Female VIP
3095,3095767480479279,Female VIP
3096,3096902480497247,Female VIP
3097,3097410564804747,Female VIP
3098,3098304804159914,Female VIP
3099,3099465480480418,Female VIP
3100,3100891664804561,Female VIP
3101,3101214804121738,Female VIP
3102,3102848046927174,Female VIP
3103,3103006109448041,Female VIP
3104,3104585480418227,Female VIP
3105,3105864464804227,Female VIP
3106,3106177132548042,Female VIP
3107,3107393735948047,Female VIP
3108,3108480447538279,Female VIP
3109,3109447970748044,Female VIP
3110,3110259480406587,Female VIP
3111,3111480433088341,Female VIP
3112,3112948047965673,Female VIP
3113,3113238910480408,Female VIP
3114,3114306510480437,Female VIP
3115,3115480475431279,Female VIP
3116,3116013480419378,Female VIP
3117,3117120848045875,Female VIP
3118,3118352248041314,Female VIP
3119,3119745480458485,Female VIP
3120,3120761480417795,Female VIP
3121,3121480408146303,Female VIP
3122,3122921584804996,Female VIP
3123,3123707610480442,Female VIP
3124,3124975480479409,Female VIP
3125,3125936348046706,Female VIP
3126,3126692473654804,Female VIP
3127,3127651791148042,Female VIP
3128,3128124734804175,Female VIP
3129,3129354480453299,Female VIP
3130,3130923364804061,Female VIP
3131,3131634804820485,Female VIP
3132,3132480452699590,Female VIP
3133,3133480499067832,Female VIP
3134,3134480414985457,Female VIP
3135,3135356328154804,Female VIP
3136,3136668601480494,Female VIP
3137,3137020236480409,Female VIP
3138,3138398784804070,Female VIP
3139,3139137562480419,Female VIP
3140,3140584248047791,Female VIP
3141,3141449116480471,Female VIP
3142,3142827497094804,Female VIP
3143,3143243004804709,Female VIP
3144,3144348040719983,Female VIP
3145,3145547480466300,Female VIP
3146,3146370619674804,Female VIP
3147,3147246669534804,Female VIP
3148,3148648040134343,Female VIP
3149,3149366104480462,Female VIP
3150,3150394739480494,Female VIP
3151,3151604804569645,Female VIP
3152,3152583348049713,Female VIP
3153,3153012814804722,Female VIP
3154,3154180480445635,Female VIP
3155,3155001480430040,Female VIP
3156,3156989085480411,Female VIP
3157,3157881748049169,Female VIP
3158,3158392836794804,Female VIP
3159,3159480404720243,Female VIP
3160,3160421480499676,Female VIP
3161,3161908555534804,Female VIP
3162,3162267942480429,Female VIP
3163,3163074480475131,Female VIP
3164,3164647071534804,Female VIP
3165,3165526119548042,Female VIP
3166,3166289480452957,Female VIP
3167,3167612748041721,Female VIP
3168,3168248040651284,Female VIP
3169,3169910276124804,Female VIP
3170,3170766344248044,Female VIP
3171,3171848043821589,Female VIP
3172,3172175096480477,Female VIP
3173,3173348048145851,Female VIP
3174,3174318480430032,Female VIP
3175,3175010301480476,Female VIP
3176,3176984804346710,Female VIP
3177,3177743480409394,Female VIP
3178,3178359248047451,Female VIP
3179,3179693544804879,Female VIP
3180,3180168480491918,Female VIP
3181,3181769784914804,Female VIP
3182,3182643480432673,Female VIP
3183,3183480450810212,Female VIP
3184,3184480466951453,Female VIP
3185,3185204804889329,Female VIP
3186,3186475640154804,Female VIP
3187,3187484804166204,Female VIP
3188,3188494804330800,Female VIP
3189,3189414804091763,Female VIP
3190,3190014804638313,Female VIP
3191,3191657542034804,Female VIP
3192,3192221022394804,Female VIP
3193,3193408480419501,Female VIP
3194,3194731834104804,Female VIP
3195,3195958834804171,Female VIP
3196,3196480492203602,Female VIP
3197,3197718148043528,Female VIP
3198,3198480429345340,Female VIP
3199,3199827824804320,Female VIP
3200,3200480480620407,Female VIP
3201,3201584804722258,Female VIP
3202,3202920634174804,Female VIP
3203,3203853077480414,Female VIP
3204,3204196948045352,Female VIP
3205,3205962194804132,Female VIP
3206,3206934944804843,Female VIP
3207,3207582480431332,Female VIP
3208,3208114644648043,Female VIP
3209,3209972081844804,Female VIP
3210,3210480480219348,Female VIP
3211,3211283154804342,Female VIP
3212,3212276734804557,Female VIP
3213,3213118811480408,Female VIP
3214,3214302480434758,Female VIP
3215,3215266658784804,Female VIP
3216,3216248041439436,Female VIP
3217,3217480480438006,Female VIP
3218,3218224954804969,Female VIP
3219,3219343470348040,Female VIP
3220,3220079494480420,Female VIP
3221,3221544480425237,Female VIP
3222,3222757086848043,Female VIP
3223,3223524804438983,Female VIP
3224,3224656348040772,Female VIP
3225,3225048042721346,Female VIP
3226,3226193834574804,Female VIP
3227,3227948046763830,Female VIP
3228,3228248042271091,Female VIP
3229,3229155874804206,Female VIP
3230,3230164804377722,Female VIP
3231,3231480481219502,Female VIP
3232,3232492241480462,Female VIP
3233,3233105166114804,Female VIP
3234,3234516359480498,Female VIP
3235,3235589948043128,Female VIP
3236,3236120548040911,Female VIP
3237,3237792569548041,Female VIP
3238,3238578355480429,Female VIP
3239,3239861574804228,Female VIP
3240,3240480413440841,Female VIP
3241,3241184804747742,Female VIP
3242,3242448045697552,Female VIP
3243,3243648048036686,Female VIP
3244,3244784720048044,Female VIP
3245,3245021902480432,Female VIP
3246,3246480447384696,Female VIP
3247,3247809648048471,Female VIP
3248,3248574804311450,Female VIP
3249,3249964480494055,Female VIP
3250,3250148046689298,Female VIP
3251,3251244844804544,Female VIP
3252,3252687285448045,Female VIP
3253,3253770724804028,Female VIP
3254,3254517190564804,Female VIP
3255,3255480468814132,Female VIP
3256,3256014348040795,Female VIP
3257,3257848040068951,Female VIP
3258,3258874804955380,Female VIP
3259,3259277248044614,Female VIP
3260,3260480431802576,Female VIP
3261,3261367526248045,Female VIP
3262,3262480407166850,Female VIP
3263,3263609160048047,Female VIP
3264,3264591848041267,Female VIP
3265,3265480480955693,Female VIP
3266,3266874480499870,Female VIP
3267,3267448049299917,Female VIP
3268,3268924854480486,Female VIP
3269,3269470848046876,Female VIP
3270,3270212704804526,Female VIP
3271,3271648049853533,Female VIP
3272,3272244804803543,Female VIP
3273,3273743048045172,Female VIP
3274,3274654804912012,Female VIP
3275,3275073481480418,Female VIP
3276,3276372818480422,Female VIP
3277,3277008172248040,Female VIP
3278,3278048042097983,Female VIP
3279,3279079627948043,Female VIP
3280,3280932248046914,Female VIP
3281,3281848044153151,Female VIP
3282,3282480465706954,Female VIP
3283,3283460941648040,Female VIP
3284,3284907848048100,Female VIP
3285,3285609948043874,Female VIP
3286,3286364804076909,Female VIP
3287,3287748044156630,Female VIP
3288,3288480472940886,Female VIP
3289,3289909064804438,Female VIP
3290,3290428480458931,Female VIP
3291,3291448046755638,Female VIP
3292,3292069804804300,Female VIP
3293,3293231511148042,Female VIP
3294,3294814804225810,Female VIP
3295,3295029576480405,Female VIP
3296,3296306404804212,Female VIP
3297,3297843254648047,Female VIP
3298,3298650160480484,Female VIP
3299,3299480487803427,Female VIP
3300,3300451842248043,Female VIP
3301,3301748040541515,Female VIP
3302,3302951248043251,Female VIP
3303,3303480490583917,Female VIP
3304,3304753902848048,Female VIP
3305,3305793484480476,Female VIP
3306,3306480404964652,Female VIP
3307,3307038200480433,Female VIP
3308,3308901939774804,Female VIP
3309,3309047480473610,Female VIP
3310,3310065888480495,Female VIP
3311,3311979235948043,Female VIP
3312,3312648041600817,Female VIP
3313,3313590924804594,Female VIP
3314,3314235378480457,Female VIP
3315,3315499571944804,Female VIP
3316,3316798948044567,Female VIP
3317,3317039909148043,Female VIP
3318,3318348040814708,Female VIP
3319,3319754948049149,Female VIP
3320,3320997084804766,Female VIP
3321,3321560224804861,Female VIP
3322,3322488641248042,Female VIP
3323,3323811480454217,Female VIP
3324,3324036480417526,Female VIP
3325,3325248046815236,Female VIP
3326,3326480469770299,Female VIP
3327,3327093650480468,Female VIP
3328,3328044804557896,Female VIP
3329,3329380480414036,Female VIP
3330,3330248048377462,Female VIP
3331,3331295248045951,Female VIP
3332,3332380404804395,Female VIP
3333,3333285548043326,Female VIP
3334,3334876480409970,Female VIP
3335,3335748041300232,Female VIP
3336,3336992506548046,Female VIP
3337,3337348049161726,Female VIP
3338,3338054943948042,Female VIP
3339,3339940848040676,Female VIP
3340,3340332948041592,Female VIP
3341,3341548045811941,Female VIP
3342,3342480466164800,Female VIP
3343,3343259480483632,Female VIP
3344,3344940025480469,Female VIP
3345,3345265873894804,Female VIP
3346,3346539119480430,Female VIP
3347,3347594804692851,Female VIP
3348,3348913648047882,Female VIP
3349,3349474804925003,Female VIP
3350,3350433448049839,Female VIP
3351,3351620975284804,Female VIP
3352,3352954804243122,Female VIP
3353,3353967148042253,Female VIP
3354,3354348048732775,Female VIP
3355,3355806427480468,Female VIP
3356,3356190480476300,Female VIP
3357,3357076564804613,Female VIP
3358,3358489248047453,Female VIP
3359,3359564161548044,Female VIP
3360,3360031516348048,Female VIP
3361,3361376983848043,Female VIP
3362,3362348041022925,Female VIP
3363,3363480493973827,Female VIP
3364,3364482349348047,Female VIP
3365,3365634804044846,Female VIP
3366,3366948048025260,Female VIP
3367,3367754804450368,Female VIP
3368,3368082192480466,Female VIP
3369,3369692328164804,Female VIP
3370,3370124804170074,Female VIP
3371,3371288274804242,Female VIP
3372,3372148043468830,Female VIP
3373,3373130507694804,Female VIP
3374,3374730693948044,Female VIP
3375,3375041480417781,Female VIP
3376,3376148043060968,Female VIP
3377,3377009480405399,Female VIP
3378,3378096294804114,Female VIP
3379,3379258048048356,Female VIP
3380,3380130480461299,Female VIP
3381,3381524804980671,Female VIP
3382,3382634804065670,Female VIP
3383,3383390048043447,Female VIP
3384,3384011480411774,Female VIP
3385,3385024804333475,Female VIP
3386,3386662339304804,Female VIP
3387,3387909480417204,Female VIP
3388,3388204804061885,Female VIP
3389,3389454158048041,Female VIP
3390,3390372948041880,Female VIP
3391,3391343527480435,Female VIP
3392,3392581848040427,Female VIP
3393,3393063480453500,Female VIP
3394,3394460480441516,Female VIP
3395,3395466471484804,Female VIP
3396,3396514804761111,Female VIP
3397,3397480464945524,Female VIP
3398,3398480414706408,Female VIP
3399,3399050948044964,Female VIP
3400,3400418358480405,Female VIP
3401,3401944804038039,Female VIP
3402,3402119755204804,Female VIP
3403,3403127480452057,Female VIP
3404,3404368148046867,Female VIP
3405,3405694804215593,Female VIP
3406,3406357480488633,Female VIP
3407,3407157506480410,Female VIP
3408,3408581114144804,Female VIP
3409,3409287347254804,Female VIP
3410,3410355313314804,Female VIP
3411,3411851841480425,Female VIP
3412,3412210988604804,Female VIP
3413,3413097254804256,Female VIP
3414,3414190185480406,Female VIP
3415,3415480468483868,Female VIP
3416,3416488480461011,Female VIP
3417,3417148042372721,Female VIP
3418,3418082474804329,Female VIP
3419,3419480440887241,Female VIP
3420,3420938632248045,Female VIP
3421,3421912480415120,Female VIP
3422,3422274804807765,Female VIP
3423,3423462480439471,Female VIP
3424,3424829707480462,Female VIP
3425,3425748041556691,Female VIP
3426,3426904804984044,Female VIP
3427,3427073464480441,Female VIP
3428,3428346221748044,Female VIP
3429,3429811748047188,Female VIP
3430,3430679669794804,Female VIP
3431,3431342748049801,Female VIP
3432,3432348042637095,Female VIP
3433,3433294804834187,Female VIP
3434,3434244804548851,Female VIP
3435,3435348044372436,Female VIP
3436,3436504148048926,Female VIP
3437,3437623349948040,Female VIP
3438,3438622548047323,Female VIP
3439,3439424804864288,Female VIP
3440,3440428480404925,Female VIP
3441,3441943585480461,Female VIP
3442,3442874804297312,Female VIP
3443,3443873404804373,Female VIP
3444,3444034528548042,Female VIP
3445,3445480457262304,Female VIP
3446,3446816944804004,Female VIP
3447,3447526480479450,Female VIP
3448,3448584804910752,Female VIP
3449,3449448040005094,Female VIP
3450,3450963040480464,Female VIP
3451,3451767348048045,Female VIP
3452,3452143767744804,Female VIP
3453,3453480425885336,Female VIP
3454,3454359504804776,Female VIP
3455,3455661102448042,Female VIP
3456,3456351714804272,Female VIP
3457,3457478480483638,Female VIP
3458,3458556480412343,Female VIP
3459,3459237684804721,Female VIP
3460,3460480473791167,Female VIP
3461,3461854804573074,Female VIP
3462,3462358212448041,Female VIP
3463,3463752480448740,Female VIP
3464,3464948041973432,Female VIP
3465,3465480471118342,Female VIP
3466,3466266608148049,Female VIP
3467,3467924480486684,Female VIP
3468,3468612770748042,Female VIP
3469,3469748044232309,Female VIP
3470,3470520480471713,Female VIP
3471,3471480487695167,Female VIP
3472,3472076754804991,Female VIP
3473,3473248043135709,Female VIP
3474,3474148046689179,Female VIP
3475,3475674804084416,Female VIP
3476,3476231154964804,Female VIP
3477,3477480477424555,Female VIP
3478,3478480487218452,Female VIP
3479,3479956464804993,Female VIP
3480,3480629248046596,Female VIP
3481,3481020183480476,Female VIP
3482,3482854058848047,Female VIP
3483,3483384480474401,Female VIP
3484,3484504804573486,Female VIP
3485,3485172480459976,Female VIP
3486,3486619771480478,Female VIP
3487,3487963398084804,Female VIP
3488,3488193248040635,Female VIP
3489,3489348048511524,Female VIP
3490,3490764804805354,Female VIP
3491,3491424804423503,Female VIP
3492,3492453702474804,Female VIP
3493,3493360637414804,Female VIP
3494,3494368776048041,Female VIP
3495,3495480410075551,Female VIP
3496,3496714804580818,Female VIP
3497,3497642656480419,Female VIP
3498,3498548041200415,Female VIP
3499,3499646954804037,Female VIP
3500,3500444480477567,Female VIP
3501,3501480464857457,Male VIP
3502,3502143762074804,Male VIP
3503,3503343962164804,Male VIP
3504,3504480464263230,Male VIP
3505,3505248041562333,Male VIP
3506,3506794766644804,Male VIP
3507,3507559480415568,Male VIP
3508,3508603896594804,Male VIP
3509,3509292548040356,Male VIP
3510,3510148046914125,Male VIP
3511,3511787480438229,Male VIP
3512,3512824480417123,Male VIP
3513,3513025697480451,Male VIP
3514,3514393904804629,Male VIP
3515,3515625283554804,Male VIP
3516,3516085764804416,Male VIP
3517,3517480408358370,Male VIP
3518,3518051814804368,Male VIP
3519,3519389504804910,Male VIP
3520,3520668546480463,Male VIP
3521,3521620384480441,Male VIP
3522,3522964148043098,Male VIP
3523,3523030100024804,Male VIP
3524,3524248046353675,Male VIP
3525,3525055480479727,Male VIP
3526,3526480461158524,Male VIP
3527,3527324804094004,Male VIP
3528,3528827048045750,Male VIP
3529,3529037434804970,Male VIP
3530,3530629105848041,Male VIP
3531,3531676967804804,Male VIP
3532,3532688094548047,Male VIP
3533,3533048043104581,Male VIP
3534,3534484480456253,Male VIP
3535,3535759213480406,Male VIP
3536,3536539063348042,Male VIP
3537,3537330144454804,Male VIP
3538,3538284480418787,Male VIP
3539,3539174804522945,Male VIP
3540,3540009487848043,Male VIP
3541,3541745543248044,Male VIP
3542,3542782896994804,Male VIP
3543,3543858100248046,Male VIP
3544,3544648040841160,Male VIP
3545,3545770548044320,Male VIP
3546,3546934804849492,Male VIP
3547,3547480497764770,Male VIP
3548,3548333489148047,Male VIP
3549,3549789021480475,Male VIP
3550,3550644804789714,Male VIP
3551,3551561384804349,Male VIP
3552,3552074248042752,Male VIP
3553,3553480442708393,Male VIP
3554,3554801480427396,Male VIP
3555,3555480442248434,Male VIP
3556,3556938248042498,Male VIP
3557,3557480451933759,Male VIP
3558,3558381480471497,Male VIP
3559,3559480424278849,Male VIP
3560,3560574804277958,Male VIP
3561,3561248584248047,Male VIP
3562,3562154804579068,Male VIP
3563,3563480430909168,Male VIP
3564,3564976668864804,Male VIP
3565,3565548042832350,Male VIP
3566,3566436448048167,Male VIP
3567,3567037348044107,Male VIP
3568,3568085480451996,Male VIP
3569,3569458694804138,Male VIP
3570,3570185763848041,Male VIP
3571,3571624804525953,Male VIP
3572,3572248049095842,Male VIP
3573,3573921779248047,Male VIP
3574,3574722480458243,Male VIP
3575,3575083141480456,Male VIP
3576,3576480417746118,Male VIP
3577,3577148041849978,Male VIP
3578,3578296234804146,Male VIP
3579,3579480470611974,Male VIP
3580,3580241724804144,Male VIP
3581,3581480497035838,Male VIP
3582,3582590967480491,Male VIP
3583,3583520169634804,Male VIP
3584,3584748044561723,Male VIP
3585,3585940248049253,Male VIP
3586,3586827870480471,Male VIP
3587,3587480497826113,Male VIP
3588,3588238698480478,Male VIP
3589,3589662771480476,Male VIP
3590,3590469596774804,Male VIP
3591,3591894804863966,Male VIP
3592,3592275340014804,Male VIP
3593,3593130548047053,Male VIP
3594,3594548043938888,Male VIP
3595,3595214804313486,Male VIP
3596,3596307248042117,Male VIP
3597,3597790544804472,Male VIP
3598,3598271548046396,Male VIP
3599,3599017804604804,Male VIP
3600,3600403467314804,Male VIP
3601,3601815848043274,Male VIP
3602,3602933214974804,Male VIP
3603,3603687238348046,Male VIP
3604,3604946020748042,Male VIP
3605,3605480443049884,Male VIP
3606,3606162348045451,Male VIP
3607,3607413963994804,Male VIP
3608,3608757480459976,Male VIP
3609,3609405208048046,Male VIP
3610,3610480472582575,Male VIP
3611,3611404804960261,Male VIP
3612,3612566702480441,Male VIP
3613,3613155760748048,Male VIP
3614,3614480478336885,Male VIP
3615,3615308684804444,Male VIP
3616,3616886102644804,Male VIP
3617,3617480423457132,Male VIP
3618,3618560630844804,Male VIP
3619,3619174804243356,Male VIP
3620,3620022890480441,Male VIP
3621,3621480479212545,Male VIP
3622,3622840906480451,Male VIP
3623,3623009139074804,Male VIP
3624,3624031334804617,Male VIP
3625,3625148368480452,Male VIP
3626,3626417778548043,Male VIP
3627,3627765380604804,Male VIP
3628,3628422048049295,Male VIP
3629,3629448046501114,Male VIP
3630,3630702480406326,Male VIP
3631,3631748042313065,Male VIP
3632,3632909103548046,Male VIP
3633,3633684724804078,Male VIP
3634,3634148047721727,Male VIP
3635,3635326480414970,Male VIP
3636,3636917948041625,Male VIP
3637,3637984804074352,Male VIP
3638,3638906480447592,Male VIP
3639,3639869294804485,Male VIP
3640,3640753248049041,Male VIP
3641,3641894668480488,Male VIP
3642,3642848047217649,Male VIP
3643,3643348043337877,Male VIP
3644,3644480495126270,Male VIP
3645,3645242548049232,Male VIP
3646,3646204804816385,Male VIP
3647,3647626480420632,Male VIP
3648,3648848041315984,Male VIP
3649,3649552892054804,Male VIP
3650,3650568364804426,Male VIP
3651,3651304804308488,Male VIP
3652,3652174804253079,Male VIP
3653,3653608994804473,Male VIP
3654,3654715278048044,Male VIP
3655,3655607707480441,Male VIP
3656,3656475134804497,Male VIP
3657,3657234529480406,Male VIP
3658,3658319570134804,Male VIP
3659,3659250648041016,Male VIP
3660,3660112480470483,Male VIP
3661,3661242944804195,Male VIP
3662,3662148041302544,Male VIP
3663,3663480498486761,Male VIP
3664,3664848049809449,Male VIP
3665,3665048040994311,Male VIP
3666,3666480444549312,Male VIP
3667,3667324804007501,Male VIP
3668,3668148047427666,Male VIP
3669,3669480497201269,Male VIP
3670,3670148043599150,Male VIP
3671,3671152480437115,Male VIP
3672,3672299924804135,Male VIP
3673,3673449511348047,Male VIP
3674,3674267648046359,Male VIP
3675,3675084804404116,Male VIP
3676,3676396480413488,Male VIP
3677,3677632049480478,Male VIP
3678,3678044804951745,Male VIP
3679,3679504804643218,Male VIP
3680,3680480484205473,Male VIP
3681,3681068480492464,Male VIP
3682,3682148046745949,Male VIP
3683,3683924804620503,Male VIP
3684,3684148841174804,Male VIP
3685,3685480401030320,Male VIP
3686,3686480417846514,Male VIP
3687,3687604000480459,Male VIP
3688,3688514804200048,Male VIP
3689,3689653114804207,Male VIP
3690,3690480469147282,Male VIP
3691,3691146480413948,Male VIP
3692,3692124804728836,Male VIP
3693,3693711748046961,Male VIP
3694,3694495712248046,Male VIP
3695,3695624480454331,Male VIP
3696,3696596480462721,Male VIP
3697,3697124804424396,Male VIP
3698,3698148048453084,Male VIP
3699,3699480496493842,Male VIP
3700,3700297148042340,Male VIP
3701,3701348049454862,Male VIP
3702,3702844054804403,Male VIP
3703,3703334804595238,Male VIP
3704,3704782980444804,Male VIP
3705,3705494548043714,Male VIP
3706,3706466048042558,Male VIP
3707,3707739984948044,Male VIP
3708,3708440480433837,Male VIP
3709,3709123480443614,Male VIP
3710,3710109480476354,Male VIP
3711,3711480488084131,Male VIP
3712,3712106383504804,Male VIP
3713,3713896448042701,Male VIP
3714,3714104804882555,Male VIP
3715,3715328980480438,Male VIP
3716,3716991454480419,Male VIP
3717,3717480451666832,Male VIP
3718,3718900932480457,Male VIP
3719,3719951577848040,Male VIP
3720,3720669432614804,Male VIP
3721,3721550848040859,Male VIP
3722,3722081984804309,Male VIP
3723,3723818728714804,Male VIP
3724,3724226564804698,Male VIP
3725,3725691480468061,Male VIP
3726,3726522148048839,Male VIP
3727,3727848047260533,Male VIP
3728,3728139267848040,Male VIP
3729,3729048041540096,Male VIP
3730,3730480493205774,Male VIP
3731,3731516991914804,Male VIP
3732,3732048043638809,Male VIP
3733,3733480466463890,Male VIP
3734,3734124828284804,Male VIP
3735,3735214804956626,Male VIP
3736,3736346632748040,Male VIP
3737,3737014586348044,Male VIP
3738,3738987940480458,Male VIP
3739,3739954804309837,Male VIP
3740,3740965787634804,Male VIP
3741,3741323170074804,Male VIP
3742,3742769480486696,Male VIP
3743,3743599051480472,Male VIP
3744,3744148049331423,Male VIP
3745,3745022480435219,Male VIP
3746,3746924804607105,Male VIP
3747,3747948047622287,Male VIP
3748,3748309480449129,Male VIP
3749,3749806480400447,Male VIP
3750,3750306733480400,Male VIP
3751,3751370744148046,Male VIP
3752,3752140805480464,Male VIP
3753,3753198366480424,Male VIP
3754,3754048042891208,Male VIP
3755,3755754674804132,Male VIP
3756,3756280548045022,Male VIP
3757,3757548049090032,Male VIP
3758,3758548041768860,Male VIP
3759,3759248046270138,Male VIP
3760,3760010204804234,Male VIP
3761,3761113374144804,Male VIP
3762,3762348043885405,Male VIP
3763,3763561480405782,Male VIP
3764,3764248045189218,Male VIP
3765,3765583594804680,Male VIP
3766,3766948046964990,Male VIP
3767,3767748042654937,Male VIP
3768,3768498563480430,Male VIP
3769,3769341338884804,Male VIP
3770,3770289028480498,Male VIP
3771,3771480413545850,Male VIP
3772,3772820233480448,Male VIP
3773,3773480493339496,Male VIP
3774,3774724480496930,Male VIP
3775,3775348045441801,Male VIP
3776,3776036433748042,Male VIP
3777,3777984804728982,Male VIP
3778,3778060796014804,Male VIP
3779,3779276103848046,Male VIP
3780,3780134694804311,Male VIP
3781,3781409934804684,Male VIP
3782,3782348045892239,Male VIP
3783,3783982251948047,Male VIP
3784,3784480426168736,Male VIP
3785,3785424804254916,Male VIP
3786,3786069480485999,Male VIP
3787,3787230771154804,Male VIP
3788,3788961148040064,Male VIP
3789,3789298480486313,Male VIP
3790,3790542266948045,Male VIP
3791,3791723348046996,Male VIP
3792,3792480454701965,Male VIP
3793,3793374734480432,Male VIP
3794,3794848042832906,Male VIP
3795,3795497209204804,Male VIP
3796,3796480473446712,Male VIP
3797,3797669480456890,Male VIP
3798,3798344804147097,Male VIP
3799,3799796651348044,Male VIP
3800,3800342044804123,Male VIP
3801,3801480443164340,Male VIP
3802,3802948049808992,Male VIP
3803,3803540074804567,Male VIP
3804,3804795794804627,Male VIP
3805,3805551248049609,Male VIP
3806,3806265480433760,Male VIP
3807,3807498480465279,Male VIP
3808,3808142480410625,Male VIP
3809,3809544804808902,Male VIP
3810,3810068594804984,Male VIP
3811,3811574804461740,Male VIP
3812,3812948045798219,Male VIP
3813,3813204804366909,Male VIP
3814,3814949833314804,Male VIP
3815,3815429548045412,Male VIP
3816,3816148044615386,Male VIP
3817,3817694148042527,Male VIP
3818,3818731548041313,Male VIP
3819,3819480473302956,Male VIP
3820,3820037480413886,Male VIP
3821,3821213765480451,Male VIP
3822,3822590148047591,Male VIP
3823,3823479937884804,Male VIP
3824,3824853480427309,Male VIP
3825,3825962343480454,Male VIP
3826,3826950480438201,Male VIP
3827,3827570630248042,Male VIP
3828,3828124245548044,Male VIP
3829,3829681939484804,Male VIP
3830,3830374804446496,Male VIP
3831,3831254804321796,Male VIP
3832,3832203553404804,Male VIP
3833,3833654804828313,Male VIP
3834,3834564804450091,Male VIP
3835,3835754804483385,Male VIP
3836,3836532480420844,Male VIP
3837,3837906398848042,Male VIP
3838,3838286048040455,Male VIP
3839,3839480444113956,Male VIP
3840,3840735810734804,Male VIP
3841,3841047414804162,Male VIP
3842,3842377189848046,Male VIP
3843,3843368856480475,Male VIP
3844,3844717389984804,Male VIP
3845,3845604804821042,Male VIP
3846,3846184804154982,Male VIP
3847,3847912281124804,Male VIP
3848,3848394804299124,Male VIP
3849,3849074804106539,Male VIP
3850,3850694480450294,Male VIP
3851,3851739714804050,Male VIP
3852,3852448045957724,Male VIP
3853,3853355722480474,Male VIP
3854,3854574804457044,Male VIP
3855,3855151248044375,Male VIP
3856,3856480426596137,Male VIP
3857,3857480491106963,Male VIP
3858,3858253548042230,Male VIP
3859,3859376148043211,Male VIP
3860,3860480440194708,Male VIP
3861,3861248046993581,Male VIP
3862,3862034804977771,Male VIP
3863,3863136480406882,Male VIP
3864,3864407374984804,Male VIP
3865,3865945926480489,Male VIP
3866,3866533202148045,Male VIP
3867,3867055048041529,Male VIP
3868,3868900671480473,Male VIP
3869,3869568728480484,Male VIP
3870,3870769354480480,Male VIP
3871,3871524804658802,Male VIP
3872,3872480403184113,Male VIP
3873,3873744804825665,Male VIP
3874,3874734804526518,Male VIP
3875,3875934712948045,Male VIP
3876,3876294626480491,Male VIP
3877,3877480451329249,Male VIP
3878,3878948186594804,Male VIP
3879,3879194671784804,Male VIP
3880,3880943297480448,Male VIP
3881,3881694830364804,Male VIP
3882,3882154804451651,Male VIP
3883,3883514725348043,Male VIP
3884,3884808480435740,Male VIP
3885,3885048041336920,Male VIP
3886,3886548046752521,Male VIP
3887,3887789654254804,Male VIP
3888,3888074804785067,Male VIP
3889,3889705564404804,Male VIP
3890,3890480427446716,Male VIP
3891,3891193948048994,Male VIP
3892,3892326505480408,Male VIP
3893,3893011948048159,Male VIP
3894,3894324804064221,Male VIP
3895,3895480436836965,Male VIP
3896,3896249081884804,Male VIP
3897,3897566514804540,Male VIP
3898,3898533480477378,Male VIP
3899,3899929624804294,Male VIP
3900,3900789748045658,Male VIP
3901,3901254771348043,Male VIP
3902,3902480471821033,Male VIP
3903,3903474336174804,Male VIP
3904,3904436677480455,Male VIP
3905,3905697344804583,Male VIP
3906,3906564804143722,Male VIP
3907,3907848379480417,Male VIP
3908,3908254804983582,Male VIP
3909,3909446480482248,Male VIP
3910,3910524804182818,Male VIP
3911,3911174480458150,Male VIP
3912,3912295517648047,Male VIP
3913,3913610494804011,Male VIP
3914,3914989154374804,Male VIP
3915,3915548043604819,Male VIP
3916,3916933280904804,Male VIP
3917,3917006694804157,Male VIP
3918,3918664804226508,Male VIP
3919,3919294804669990,Male VIP
3920,3920504804512698,Male VIP
3921,3921267548042790,Male VIP
3922,3922441848049779,Male VIP
3923,3923480449699295,Male VIP
3924,3924669948045019,Male VIP
3925,3925716181480497,Male VIP
3926,3926314804924202,Male VIP
3927,3927648046083994,Male VIP
3928,3928848045585127,Male VIP
3929,3929480475683871,Male VIP
3930,3930014804363220,Male VIP
3931,3931748043354925,Male VIP
3932,3932731448046533,Male VIP
3933,3933566781748047,Male VIP
3934,3934404044804879,Male VIP
3935,3935126941224804,Male VIP
3936,3936074804456309,Male VIP
3937,3937957368480429,Male VIP
3938,3938332494804220,Male VIP
3939,3939480447773064,Male VIP
3940,3940448046374606,Male VIP
3941,3941088225884804,Male VIP
3942,3942480471581767,Male VIP
3943,3943796480433928,Male VIP
3944,3944564239648041,Male VIP
3945,3945191548041476,Male VIP
3946,3946507124548043,Male VIP
3947,3947148040178204,Male VIP
3948,3948716248042837,Male VIP
3949,3949123033948042,Male VIP
3950,3950851848045271,Male VIP
3951,3951304804480460,Male VIP
3952,3952974480436731,Male VIP
3953,3953852089148044,Male VIP
3954,3954402348041141,Male VIP
3955,3955652254804611,Male VIP
3956,3956048048110484,Male VIP
3957,3957994480485345,Male VIP
3958,3958120480461400,Male VIP
3959,3959965124804648,Male VIP
3960,3960740270054804,Male VIP
3961,3961584804954683,Male VIP
3962,3962548041977873,Male VIP
3963,3963863480486838,Male VIP
3964,3964715748042083,Male VIP
3965,3965201480495453,Male VIP
3966,3966734804290095,Male VIP
3967,3967480448404207,Male VIP
3968,3968348045111762,Male VIP
3969,3969771185480457,Male VIP
3970,3970665854804152,Male VIP
3971,3971480401797744,Male VIP
3972,3972786348047316,Male VIP
3973,3973044804780606,Male VIP
3974,3974891480420861,Male VIP
3975,3975881574804252,Male VIP
3976,3976163748794804,Male VIP
3977,3977481054804494,Male VIP
3978,3978367480403640,Male VIP
3979,3979480487591923,Male VIP
3980,3980480481637205,Male VIP
3981,3981873848049193,Male VIP
3982,3982127641148049,Male VIP
3983,3983480415373986,Male VIP
3984,3984690848848042,Male VIP
3985,3985548043462075,Male VIP
3986,3986705480453765,Male VIP
3987,3987069834804276,Male VIP
3988,3988352848040868,Male VIP
3989,3989334804332040,Male VIP
3990,3990615048040902,Male VIP
3991,3991304804357880,Male VIP
3992,3992928748041532,Male VIP
3993,3993099548041040,Male VIP
3994,3994571648040158,Male VIP
3995,3995796671148047,Male VIP
3996,3996448049257140,Male VIP
3997,3997848048850509,Male VIP
3998,3998648049384268,Male VIP
3999,3999400480417533,Male VIP
4000,4000592694804434,Male VIP
4001,4001115747845720,VVIP Male
4002,4002281247847389,VVIP Male
4003,4003747842252153,VVIP Male
4004,4004609947843990,VVIP Male
4005,4005347846602853,VVIP Male
4006,4006833207547846,VVIP Male
4007,4007478495991031,VVIP Male
4008,4008326390347846,VVIP Male
4009,4009229574784492,VVIP Male
4010,4010764784165536,VVIP Male
4011,4011615989247846,VVIP Male
4012,4012000478496495,VVIP Male
4013,4013460819074784,VVIP Male
4014,4014714784775982,VVIP Male
4015,4015039584784526,VVIP Male
4016,4016605478476055,VVIP Male
4017,4017134784211349,VVIP Male
4018,4018568235947846,VVIP Male
4019,4019021352364784,VVIP Male
4020,4020478412931646,VVIP Male
4021,4021478495445790,VVIP Male
4022,4022478494840584,VVIP Male
4023,4023564547845650,VVIP Male
4024,4024576478462929,VVIP Male
4025,4025764147843253,VVIP Male
4026,4026478479178714,VVIP Male
4027,4027997876747846,VVIP Male
4028,4028685008844784,VVIP Male
4029,4029836894647840,VVIP Male
4030,4030670478445585,VVIP Male
4031,4031087934784924,VVIP Male
4032,4032717314784118,VVIP Male
4033,4033969136647846,VVIP Male
4034,4034478458137348,VVIP Male
4035,4035788034784779,VVIP Male
4036,4036697478498792,VVIP Male
4037,4037478488324515,VVIP Male
4038,4038844784624423,VVIP Male
4039,4039437051947841,VVIP Male
4040,4040838140174784,VVIP Male
4041,4041747842992737,VVIP Male
4042,4042679347842584,VVIP Male
4043,4043657359047848,VVIP Male
4044,4044157626054784,VVIP Male
4045,4045559174784316,VVIP Male
4046,4046975947848349,VVIP Male
4047,4047478473947205,VVIP Male
4048,4048345356214784,VVIP Male
4049,4049090478415485,VVIP Male
4050,4050507478434542,VVIP Male
4051,4051452684224784,VVIP Male
4052,4052347841886298,VVIP Male
4053,4053068478439202,VVIP Male
4054,4054478448499186,VVIP Male
4055,4055992641734784,VVIP Male
4056,4056247845986775,VVIP Male
4057,4057657478469346,VVIP Male
4058,4058744784918216,VVIP Male
4059,4059581924784214,VVIP Male
4060,4060217928747847,VVIP Male
4061,4061647842326355,VVIP Male
4062,4062062447847419,VVIP Male
4063,4063890058047846,VVIP Male
4064,4064965240478413,VVIP Male
4065,4065830456144784,VVIP Male
4066,4066547846880545,VVIP Male
4067,4067900423478404,VVIP Male
4068,4068471447841202,VVIP Male
4069,4069864478421167,VVIP Male
4070,4070647842184287,VVIP Male
4071,4071094947846452,VVIP Male
4072,4072982447478416,VVIP Male
4073,4073316534934784,VVIP Male
4074,4074388984784107,VVIP Male
4075,4075324784145392,VVIP Male
4076,4076478498153611,VVIP Male
4077,4077447843420429,VVIP Male
4078,4078637393747840,VVIP Male
4079,4079247845670086,VVIP Male
4080,4080247842451146,VVIP Male
4081,4081324784781473,VVIP Male
4082,4082484784693690,VVIP Male
4083,4083124784472728,VVIP Male
4084,4084517478453027,VVIP Male
4085,4085530247846736,VVIP Male
4086,4086078478442052,VVIP Male
4087,4087718770224784,VVIP Male
4088,4088210739478433,VVIP Male
4089,4089733741344784,VVIP Male
4090,4090296974784772,VVIP Male
4091,4091478433998891,VVIP Male
4092,4092404347849671,VVIP Male
4093,4093447843205752,VVIP Male
4094,4094478478740429,VVIP Male
4095,4095147847501558,VVIP Male
4096,4096344289954784,VVIP Male
4097,4097640254478424,VVIP Male
4098,4098656478494790,VVIP Male
4099,4099440350494784,VVIP Male
4100,4100589478403279,VVIP Male
4101,4101786224784892,VVIP Male
4102,4102147844975371,VVIP Male
4103,4103447962478462,VVIP Male
4104,4104754784164591,VVIP Male
4105,4105021853478429,VVIP Male
4106,4106114618747844,VVIP Male
4107,4107881947844172,VVIP Male
4108,4108144784949434,VVIP Male
4109,4109478448011632,VVIP Male
4110,4110478455272918,VVIP Male
4111,4111098647848416,VVIP Male
4112,4112446319874784,VVIP Male
4113,4113073822547843,VVIP Male
4114,4114628475478452,VVIP Male
4115,4115384784223036,VVIP Male
4116,4116347846325875,VVIP Male
4117,4117626174478428,VVIP Male
4118,4118870811447845,VVIP Male
4119,4119711047845723,VVIP Male
4120,4120478434338978,VVIP Male
4121,4121743714784784,VVIP Male
4122,4122347848761691,VVIP Male
4123,4123594784582410,VVIP Male
4124,4124795047842099,VVIP Male
4125,4125547846117867,VVIP Male
4126,4126478450647789,VVIP Male
4127,4127478462034719,VVIP Male
4128,4128064784647441,VVIP Male
4129,4129347842107876,VVIP Male
4130,4130152274478402,VVIP Male
4131,4131547844278889,VVIP Male
4132,4132468454784806,VVIP Male
4133,4133147841625948,VVIP Male
4134,4134478405008860,VVIP Male
4135,4135478437636269,VVIP Male
4136,4136148604784857,VVIP Male
4137,4137676447841196,VVIP Male
4138,4138172994784413,VVIP Male
4139,4139281478469420,VVIP Male
4140,4140269817974784,VVIP Male
4141,4141084982747849,VVIP Male
4142,4142447840300428,VVIP Male
4143,4143865349244784,VVIP Male
4144,4144982478409439,VVIP Male
4145,4145151615054784,VVIP Male
4146,4146478424133714,VVIP Male
4147,4147191185204784,VVIP Male
4148,4148305515644784,VVIP Male
4149,4149724478400782,VVIP Male
4150,4150360098904784,VVIP Male
4151,4151509888454784,VVIP Male
4152,4152478463006269,VVIP Male
4153,4153719347845138,VVIP Male
4154,4154308478469882,VVIP Male
4155,4155224784340053,VVIP Male
4156,4156614784760982,VVIP Male
4157,4157587694784914,VVIP Male
4158,4158478428039442,VVIP Male
4159,4159954784405726,VVIP Male
4160,4160104089347847,VVIP Male
4161,4161747841545621,VVIP Male
4162,4162290064784360,VVIP Male
4163,4163352297047844,VVIP Male
4164,4164747364784755,VVIP Male
4165,4165244784020619,VVIP Male
4166,4166235579478406,VVIP Male
4167,4167404784159880,VVIP Male
4168,4168336671478451,VVIP Male
4169,4169147848396664,VVIP Male
4170,4170478479829624,VVIP Male
4171,4171884784546250,VVIP Male
4172,4172600485478430,VVIP Male
4173,4173712604784357,VVIP Male
4174,4174058258478463,VVIP Male
4175,4175366181584784,VVIP Male
4176,4176945547840151,VVIP Male
4177,4177393647844199,VVIP Male
4178,4178658904784176,VVIP Male
4179,4179683047843191,VVIP Male
4180,4180874784002216,VVIP Male
4181,4181308958234784,VVIP Male
4182,4182499892478470,VVIP Male
4183,4183478468259806,VVIP Male
4184,4184174730914784,VVIP Male
4185,4185464784299984,VVIP Male
4186,4186685478438835,VVIP Male
4187,4187674784739514,VVIP Male
4188,4188728478474450,VVIP Male
4189,4189665522094784,VVIP Male
4190,4190547848990744,VVIP Male
4191,4191776547845237,VVIP Male
4192,4192651154784730,VVIP Male
4193,4193722844784738,VVIP Male
4194,4194286478481282,VVIP Male
4195,4195943738047840,VVIP Male
4196,4196983270274784,VVIP Male
4197,4197444274784320,VVIP Male
4198,4198333248347846,VVIP Male
4199,4199478411954665,VVIP Male
4200,4200227904784780,VVIP Male
4201,4201303637478403,VVIP Female
4202,4202276478499916,VVIP Female
4203,4203634784893642,VVIP Female
4204,4204478408892775,VVIP Female
4205,4205478474227391,VVIP Female
4206,4206358014784579,VVIP Female
4207,4207047849932454,VVIP Female
4208,4208209478431437,VVIP Female
4209,4209739647844786,VVIP Female
4210,4210176664784158,VVIP Female
4211,4211478413385943,VVIP Female
4212,4212616585647841,VVIP Female
4213,4213847809478458,VVIP Female
4214,4214047244304784,VVIP Female
4215,4215969347840353,VVIP Female
4216,4216058859478441,VVIP Female
4217,4217924478427787,VVIP Female
4218,4218342247847478,VVIP Female
4219,4219801347845285,VVIP Female
4220,4220546047845147,VVIP Female
4221,4221482934784068,VVIP Female
4222,4222373338447847,VVIP Female
4223,4223664784506681,VVIP Female
4224,4224500947843346,VVIP Female
4225,4225395478487788,VVIP Female
4226,4226447843487578,VVIP Female
4227,4227568478407067,VVIP Female
4228,4228614784497553,VVIP Female
4229,4229304784643388,VVIP Female
4230,4230147843592622,VVIP Female
4231,4231332952694784,VVIP Female
4232,4232095547846010,VVIP Female
4233,4233247260847845,VVIP Female
4234,4234847843358068,VVIP Female
4235,4235872054784592,VVIP Female
4236,4236852024784344,VVIP Female
4237,4237559478488606,VVIP Female
4238,4238873694784508,VVIP Female
4239,4239855478438652,VVIP Female
4240,4240977267554784,VVIP Female
4241,4241091953347847,VVIP Female
4242,4242914784998549,VVIP Female
4243,4243685209478459,VVIP Female
4244,4244172596414784,VVIP Female
4245,4245634784695402,VVIP Female
4246,4246664784426513,VVIP Female
4247,4247049528244784,VVIP Female
4248,4248175478435386,VVIP Female
4249,4249926644784107,VVIP Female
4250,4250478499452081,VVIP Female
4251,4251047845045958,VVIP Female
4252,4252528222734784,VVIP Female
4253,4253135737047845,VVIP Female
4254,4254478432221706,VVIP Female
4255,4255351478490505,VVIP Female
4256,4256854680478412,VVIP Female
4257,4257444047848521,VVIP Female
4258,4258164784274118,VVIP Female
4259,4259353785947849,VVIP Female
4260,4260388991854784,VVIP Female
4261,4261182697264784,VVIP Female
4262,4262592544478428,VVIP Female
4263,4263656734784002,VVIP Female
4264,4264647845168539,VVIP Female
4265,4265748204784568,VVIP Female
4266,4266993478422708,VVIP Female
4267,4267574784340081,VVIP Female
4268,4268650281647848,VVIP Female
4269,4269647842041207,VVIP Female
4270,4270595747844935,VVIP Female
4271,4271164784127009,VVIP Female
4272,4272124784060381,VVIP Female
4273,4273301478412511,VVIP Female
4274,4274394149564784,VVIP Female
4275,4275484061147841,VVIP Female
4276,4276874784385268,VVIP Female
4277,4277132196894784,VVIP Female
4278,4278220547849884,VVIP Female
4279,4279478442136868,VVIP Female
4280,4280617305947842,VVIP Female
4281,4281590640044784,VVIP Female
4282,4282548478482572,VVIP Female
4283,4283484784716818,VVIP Female
4284,4284204784396471,VVIP Female
4285,4285347847110446,VVIP Female
4286,4286398747846774,VVIP Female
4287,4287423478447536,VVIP Female
4288,4288674784536455,VVIP Female
4289,4289913918478438,VVIP Female
4290,4290647849269539,VVIP Female
4291,4291447848182269,VVIP Female
4292,4292412114784715,VVIP Female
4293,4293377020414784,VVIP Female
4294,4294383035704784,VVIP Female
4295,4295762496478430,VVIP Female
4296,4296070425147841,VVIP Female
4297,4297626298044784,VVIP Female
4298,4298762647840527,VVIP Female
4299,4299085047843202,VVIP Female
4300,4300934784932079,VVIP Female
4301,4301242167478409,VVIP Female
4302,4302478415227084,VVIP Female
4303,4303704784731232,VVIP Female
4304,4304743647840612,VVIP Female
4305,4305481781884784,VVIP Female
4306,4306625720714784,VVIP Female
4307,4307692478408622,VVIP Female
4308,4308370478498474,VVIP Female
4309,4309478473240706,VVIP Female
4310,4310606247845497,VVIP Female
4311,4311903478413921,VVIP Female
4312,4312568478426955,VVIP Female
4313,4313564784880159,VVIP Female
4314,4314518454784541,VVIP Female
4315,4315156438474784,VVIP Female
4316,4316247842887771,VVIP Female
4317,4317478430603686,VVIP Female
4318,4318478415951907,VVIP Female
4319,4319799801234784,VVIP Female
4320,4320478498711611,VVIP Female
4321,4321621915794784,VVIP Female
4322,4322132295247841,VVIP Female
4323,4323986047847280,VVIP Female
4324,4324665943478404,VVIP Female
4325,4325450634784378,VVIP Female
4326,4326159329447840,VVIP Female
4327,4327199145934784,VVIP Female
4328,4328353478415525,VVIP Female
4329,4329913667478483,VVIP Female
4330,4330465090478423,VVIP Female
4331,4331441447841058,VVIP Female
4332,4332217478493908,VVIP Female
4333,4333971747842128,VVIP Female
4334,4334478434512929,VVIP Female
4335,4335394784301790,VVIP Female
4336,4336947447840204,VVIP Female
4337,4337271384784020,VVIP Female
4338,4338127047849521,VVIP Female
4339,4339365044784465,VVIP Female
4340,4340119679478489,VVIP Female
4341,4341847840208187,VVIP Female
4342,4342478445206585,VVIP Female
4343,4343206275478422,VVIP Female
4344,4344720960447843,VVIP Female
4345,4345951478487322,VVIP Female
4346,4346147841078606,VVIP Female
4347,4347202047844956,VVIP Female
4348,4348478403156014,VVIP Female
4349,4349686414478451,VVIP Female
4350,4350567478478558,VVIP Female
4351,4351758417478413,VVIP Female
4352,4352744784239386,VVIP Female
4353,4353547840271294,VVIP Female
4354,4354906736847843,VVIP Female
4355,4355478413307524,VVIP Female
4356,4356464187547844,VVIP Female
4357,4357687478441912,VVIP Female
4358,4358947849023973,VVIP Female
4359,4359478462531227,VVIP Female
4360,4360584708564784,VVIP Female
4361,4361632061478455,VVIP Female
4362,4362507478498115,VVIP Female
4363,4363825478461612,VVIP Female
4364,4364152728747847,VVIP Female
4365,4365194588747840,VVIP Female
4366,4366047842531715,VVIP Female
4367,4367536690247849,VVIP Female
4368,4368705478405354,VVIP Female
4369,4369747840445886,VVIP Female
4370,4370117549054784,VVIP Female
4371,4371746894784533,VVIP Female
4372,4372718527347846,VVIP Female
4373,4373728747842947,VVIP Female
4374,4374539072147844,VVIP Female
4375,4375808774784318,VVIP Female
4376,4376484784577232,VVIP Female
4377,4377504784009373,VVIP Female
4378,4378647847929557,VVIP Female
4379,4379478400975320,VVIP Female
4380,4380260478472394,VVIP Female
4381,4381499541478475,VVIP Female
4382,4382392478412661,VVIP Female
4383,4383220478440945,VVIP Female
4384,4384172958447848,VVIP Female
4385,4385585478486884,VVIP Female
4386,4386414784059525,VVIP Female
4387,4387478407471294,VVIP Female
4388,4388368447844906,VVIP Female
4389,4389463432478498,VVIP Female
4390,4390357896478423,VVIP Female
4391,4391770047841460,VVIP Female
4392,4392765447843981,VVIP Female
4393,4393433936904784,VVIP Female
4394,4394004642478402,VVIP Female
4395,4395573478420887,VVIP Female
4396,4396247847229618,VVIP Female
4397,4397047849842279,VVIP Female
4398,4398052478477694,VVIP Female
4399,4399927274784859,VVIP Female
4400,4400047841171529,VVIP Female
4401,4401478478450575,Female Gen
4402,4402053864478406,Female Gen
4403,4403064654784795,Female Gen
4404,4404602547047848,Female Gen
4405,4405719478451337,Female Gen
4406,4406478463761328,Female Gen
4407,4407938404784194,Female Gen
4408,4408853247849176,Female Gen
4409,4409496815747848,Female Gen
4410,4410478434505495,Female Gen
4411,4411884132147842,Female Gen
4412,4412824989478450,Female Gen
4413,4413850852947848,Female Gen
4414,4414413514784683,Female Gen
4415,4415478494072797,Female Gen
4416,4416084784933402,Female Gen
4417,4417144784502918,Female Gen
4418,4418311478471576,Female Gen
4419,4419047844270769,Female Gen
4420,4420478479256289,Female Gen
4421,4421936478400587,Female Gen
4422,4422038219147848,Female Gen
4423,4423478414720924,Female Gen
4424,4424501747841188,Female Gen
4425,4425354784661641,Female Gen
4426,4426768724547845,Female Gen
4427,4427711904478402,Female Gen
4428,4428259884094784,Female Gen
4429,4429110229647845,Female Gen
4430,4430228429154784,Female Gen
4431,4431585733074784,Female Gen
4432,4432498671478472,Female Gen
4433,4433558202547846,Female Gen
4434,4434420584784841,Female Gen
4435,4435447844760817,Female Gen
4436,4436478489939436,Female Gen
4437,4437335520247849,Female Gen
4438,4438895055747843,Female Gen
4439,4439464784563578,Female Gen
4440,4440647845090594,Female Gen
4441,4441806843147848,Female Gen
4442,4442478423086333,Female Gen
4443,4443764784183205,Female Gen
4444,4444052382478402,Female Gen
4445,4445478424487655,Female Gen
4446,4446247848510032,Female Gen
4447,4447725478452325,Female Gen
4448,4448478437847041,Female Gen
4449,4449344784720006,Female Gen
4450,4450295805247842,Female Gen
4451,4451547847718982,Female Gen
4452,4452747849830845,Female Gen
4453,4453632213044784,Female Gen
4454,4454897478471946,Female Gen
4455,4455747844818976,Female Gen
4456,4456283837344784,Female Gen
4457,4457139478494803,Female Gen
4458,4458447849315312,Female Gen
4459,4459478422338270,Female Gen
4460,4460478482381794,Female Gen
4461,4461120452254784,Female Gen
4462,4462478477741976,Female Gen
4463,4463468385478406,Female Gen
4464,4464428190478441,Female Gen
4465,4465655094478406,Female Gen
4466,4466974522847845,Female Gen
4467,4467061514784328,Female Gen
4468,4468496351044784,Female Gen
4469,4469478427555113,Female Gen
4470,4470024784435113,Female Gen
4471,4471478414976790,Female Gen
4472,4472635625478412,Female Gen
4473,4473479594784770,Female Gen
4474,4474089547840127,Female Gen
4475,4475887113647848,Female Gen
4476,4476478499849746,Female Gen
4477,4477268062478482,Female Gen
4478,4478478430225874,Female Gen
4479,4479947842665119,Female Gen
4480,4480478467909717,Female Gen
4481,4481087072478410,Female Gen
4482,4482925706947845,Female Gen
4483,4483571063478491,Female Gen
4484,4484133478446073,Female Gen
4485,4485426054478482,Female Gen
4486,4486547842080599,Female Gen
4487,4487164784873716,Female Gen
4488,4488215019454784,Female Gen
4489,4489262717047848,Female Gen
4490,4490206274784596,Female Gen
4491,4491677224478482,Female Gen
4492,4492494784101150,Female Gen
4493,4493047848001079,Female Gen
4494,4494929947844123,Female Gen
4495,4495673478449446,Female Gen
4496,4496478416787226,Female Gen
4497,4497478493374129,Female Gen
4498,4498052766614784,Female Gen
4499,4499303347847621,Female Gen
4500,4500274784275884,Female Gen
4501,4501158742478456,Female Gen
4502,4502928478466624,Female Gen
4503,4503001557478430,Female Gen
4504,4504913850478450,Female Gen
4505,4505374784773876,Female Gen
4506,4506241804784790,Female Gen
4507,4507639948264784,Female Gen
4508,4508302478414338,Female Gen
4509,4509534784274537,Female Gen
4510,4510684784802405,Female Gen
4511,4511474784566010,Female Gen
4512,4512388564784098,Female Gen
4513,4513421175447842,Female Gen
4514,4514168015244784,Female Gen
4515,4515532478424111,Female Gen
4516,4516584784888824,Female Gen
4517,4517194784875187,Female Gen
4518,4518147841743151,Female Gen
4519,4519024784771093,Female Gen
4520,4520802923047840,Female Gen
4521,4521797912147848,Female Gen
4522,4522635890478419,Female Gen
4523,4523347843172131,Female Gen
4524,4524022478430940,Female Gen
4525,4525694784911764,Female Gen
4526,4526964784536833,Female Gen
4527,4527141697847848,Female Gen
4528,4528478492229536,Female Gen
4529,4529647842612408,Female Gen
4530,4530401478452819,Female Gen
4531,4531747842906933,Female Gen
4532,4532999328047841,Female Gen
4533,4533663547848777,Female Gen
4534,4534847847814384,Female Gen
4535,4535047847543158,Female Gen
4536,4536004784974598,Female Gen
4537,4537478484612580,Female Gen
4538,4538334784235071,Female Gen
4539,4539547847333186,Female Gen
4540,4540066478444432,Female Gen
4541,4541753247841047,Female Gen
4542,4542395763747843,Female Gen
4543,4543004947849608,Female Gen
4544,4544721366044784,Female Gen
4545,4545813284784877,Female Gen
4546,4546231344784322,Female Gen
4547,4547735014784556,Female Gen
4548,4548714375547845,Female Gen
4549,4549247844661049,Female Gen
4550,4550543478485300,Female Gen
4551,4551457657984784,Female Gen
4552,4552478426084539,Female Gen
4553,4553970247849458,Female Gen
4554,4554328516134784,Female Gen
4555,4555980778547844,Female Gen
4556,4556478428862108,Female Gen
4557,4557346179247848,Female Gen
4558,4558799478462493,Female Gen
4559,4559615421824784,Female Gen
4560,4560478493864471,Female Gen
4561,4561478489998234,Female Gen
4562,4562460799647842,Female Gen
4563,4563626896884784,Female Gen
4564,4564316478498239,Female Gen
4565,4565478441019222,Female Gen
4566,4566768037647849,Female Gen
4567,4567970478494823,Female Gen
4568,4568138094784753,Female Gen
4569,4569847844853003,Female Gen
4570,4570912750478494,Female Gen
4571,4571806364478451,Female Gen
4572,4572478474924182,Female Gen
4573,4573478441361250,Female Gen
4574,4574227418478484,Female Gen
4575,4575733178434784,Female Gen
4576,4576014784297345,Female Gen
4577,4577305478426295,Female Gen
4578,4578893347848841,Female Gen
4579,4579738254784033,Female Gen
4580,4580570881478429,Female Gen
4581,4581484784106795,Female Gen
4582,4582010213147843,Female Gen
4583,4583381947840672,Female Gen
4584,4584705263478430,Female Gen
4585,4585478475352488,Female Gen
4586,4586723944147848,Female Gen
4587,4587747840145646,Female Gen
4588,4588934784880009,Female Gen
4589,4589050347840109,Female Gen
4590,4590394984794784,Female Gen
4591,4591196434784628,Female Gen
4592,4592547848048739,Female Gen
4593,4593605097914784,Female Gen
4594,4594777984784521,Female Gen
4595,4595484784055873,Female Gen
4596,4596304664784122,Female Gen
4597,4597478420880330,Female Gen
4598,4598547849031146,Female Gen
4599,4599749478463608,Female Gen
4600,4600447840686235,Female Gen
4601,4601729834784229,Female Gen
4602,4602516814478480,Female Gen
4603,4603478418592078,Female Gen
4604,4604478429135541,Female Gen
4605,4605538434784794,Female Gen
4606,4606547848524304,Female Gen
4607,4607304784674406,Female Gen
4608,4608478456656518,Female Gen
4609,4609047846388801,Female Gen
4610,4610547846165981,Female Gen
4611,4611726066664784,Female Gen
4612,4612847329747849,Female Gen
4613,4613478442121772,Female Gen
4614,4614411676478475,Female Gen
4615,4615548184784495,Female Gen
4616,4616647846044393,Female Gen
4617,4617402447847213,Female Gen
4618,4618478446868147,Female Gen
4619,4619061847846832,Female Gen
4620,4620743866478497,Female Gen
4621,4621310028564784,Female Gen
4622,4622851691474784,Female Gen
4623,4623626168478467,Female Gen
4624,4624014009478430,Female Gen
4625,4625288138914784,Female Gen
4626,4626878847849838,Female Gen
4627,4627659319478421,Female Gen
4628,4628543478429724,Female Gen
4629,4629647843491459,Female Gen
4630,4630348478440110,Female Gen
4631,4631303931647842,Female Gen
4632,4632347843785843,Female Gen
4633,4633642673478431,Female Gen
4634,4634775034784469,Female Gen
4635,4635605304784242,Female Gen
4636,4636478448461774,Female Gen
4637,4637410711478427,Female Gen
4638,4638253493004784,Female Gen
4639,4639823464784246,Female Gen
4640,4640590478472114,Female Gen
4641,4641024784180587,Female Gen
4642,4642478470394694,Female Gen
4643,4643386338614784,Female Gen
4644,4644285730647841,Female Gen
4645,4645844478437639,Female Gen
4646,4646939395447843,Female Gen
4647,4647947845286937,Female Gen
4648,4648332971478436,Female Gen
4649,4649247845089725,Female Gen
4650,4650989537304784,Female Gen
4651,4651447845698737,Female Gen
4652,4652647848352226,Female Gen
4653,4653825457944784,Female Gen
4654,4654265478461005,Female Gen
4655,4655947842604579,Female Gen
4656,4656647842497872,Female Gen
4657,4657714478405709,Female Gen
4658,4658203036478424,Female Gen
4659,4659548478418249,Female Gen
4660,4660873614784299,Female Gen
4661,4661300851264784,Female Gen
4662,4662104247848949,Female Gen
4663,4663574583647844,Female Gen
4664,4664059220647846,Female Gen
4665,4665641847842131,Female Gen
4666,4666947844411665,Female Gen
4667,4667934392847848,Female Gen
4668,4668478497614014,Female Gen
4669,4669947845504866,Female Gen
4670,4670314784413278,Female Gen
4671,4671246558478434,Female Gen
4672,4672228934784750,Female Gen
4673,4673642094478426,Female Gen
4674,4674948957478403,Female Gen
4675,4675478499624743,Female Gen
4676,4676656934784548,Female Gen
4677,4677471864784823,Female Gen
4678,4678466478431615,Female Gen
4679,4679554784355948,Female Gen
4680,4680936134784449,Female Gen
4681,4681247847157117,Female Gen
4682,4682478473600101,Female Gen
4683,4683142627478467,Female Gen
4684,4684219478483030,Female Gen
4685,4685204801744784,Female Gen
4686,4686534784827418,Female Gen
4687,4687037635134784,Female Gen
4688,4688636447848945,Female Gen
4689,4689447842442235,Female Gen
4690,4690447841920820,Female Gen
4691,4691514140624784,Female Gen
4692,4692085738747841,Female Gen
4693,4693847843352979,Female Gen
4694,4694070047848000,Female Gen
4695,4695447840393887,Female Gen
4696,4696854447845624,Female Gen
4697,4697847849026892,Female Gen
4698,4698753764784118,Female Gen
4699,4699478435719401,Female Gen
4700,4700640875478427,Female Gen
4701,4701555447846470,Female Gen
4702,4702947847049396,Female Gen
4703,4703276664784231,Female Gen
4704,4704478405535847,Female Gen
4705,4705981116478431,Female Gen
4706,4706822394784128,Female Gen
4707,4707720704784838,Female Gen
4708,4708738766647844,Female Gen
4709,4709600994784953,Female Gen
4710,4710994784509166,Female Gen
4711,4711163724784209,Female Gen
4712,4712478479738941,Female Gen
4713,4713500247846471,Female Gen
4714,4714478444688199,Female Gen
4715,4715727247845938,Female Gen
4716,4716547849070002,Female Gen
4717,4717156587478431,Female Gen
4718,4718823558547844,Female Gen
4719,4719761656447842,Female Gen
4720,4720364784599068,Female Gen
4721,4721484214784563,Female Gen
4722,4722478412309259,Female Gen
4723,4723144284478495,Female Gen
4724,4724720595344784,Female Gen
4725,4725012478454456,Female Gen
4726,4726130478408988,Female Gen
4727,4727702626747849,Female Gen
4728,4728960478403105,Female Gen
4729,4729524444147848,Female Gen
4730,4730659588478450,Female Gen
4731,4731143689478427,Female Gen
4732,4732354343547846,Female Gen
4733,4733117478427476,Female Gen
4734,4734914547845139,Female Gen
4735,4735847844532016,Female Gen
4736,4736218682634784,Female Gen
4737,4737191478413084,Female Gen
4738,4738883478457891,Female Gen
4739,4739347845798230,Female Gen
4740,4740384784213493,Female Gen
4741,4741478433099495,Female Gen
4742,4742619394784673,Female Gen
4743,4743714784499660,Female Gen
4744,4744111047842211,Female Gen
4745,4745400824784581,Female Gen
4746,4746567478479827,Female Gen
4747,4747557586547843,Female Gen
4748,4748094784796468,Female Gen
4749,4749261820254784,Female Gen
4750,4750153796147849,Female Gen
4751,4751061457444784,Female Gen
4752,4752937904784620,Female Gen
4753,4753838285847847,Female Gen
4754,4754478469423942,Female Gen
4755,4755647842450943,Female Gen
4756,4756066815047843,Female Gen
4757,4757358478404015,Female Gen
4758,4758247848721860,Female Gen
4759,4759503194784201,Female Gen
4760,4760801233247848,Female Gen
4761,4761817448478480,Female Gen
4762,4762289175824784,Female Gen
4763,4763047848606251,Female Gen
4764,4764774784986654,Female Gen
4765,4765151794784422,Female Gen
4766,4766520647844075,Female Gen
4767,4767947849509140,Female Gen
4768,4768901047848648,Female Gen
4769,4769227527684784,Female Gen
4770,4770470594784743,Female Gen
4771,4771478416288366,Female Gen
4772,4772368082647849,Female Gen
4773,4773071047846877,Female Gen
4774,4774522478454313,Female Gen
4775,4775478412781702,Female Gen
4776,4776247842262987,Female Gen
4777,4777936478494648,Female Gen
4778,4778536324784126,Female Gen
4779,4779914784868359,Female Gen
4780,4780781654784471,Female Gen
4781,4781144784693563,Female Gen
4782,4782499047845250,Female Gen
4783,4783746573614784,Female Gen
4784,4784847876347849,Female Gen
4785,4785478473010488,Female Gen
4786,4786569307478430,Female Gen
4787,4787411947849632,Female Gen
4788,4788478447652161,Female Gen
4789,4789648424478474,Female Gen
4790,4790514932044784,Female Gen
4791,4791636074784634,Female Gen
4792,4792647847252872,Female Gen
4793,4793992912024784,Female Gen
4794,4794172242478466,Female Gen
4795,4795145115194784,Female Gen
4796,4796656174784687,Female Gen
4797,4797456334784856,Female Gen
4798,4798478469982499,Female Gen
4799,4799447403478474,Female Gen
4800,4800647846994560,Female Gen
4801,4801633344784787,Female Gen
4802,4802321744784797,Female Gen
4803,4803433347840340,Female Gen
4804,4804334784834147,Female Gen
4805,4805521624784829,Female Gen
4806,4806595728478451,Female Gen
4807,4807333815847844,Female Gen
4808,4808524784756839,Female Gen
4809,4809347844146647,Female Gen
4810,4810047848227739,Female Gen
4811,4811447840865032,Female Gen
4812,4812321591947844,Female Gen
4813,4813504784212812,Female Gen
4814,4814846470747842,Female Gen
4815,4815740554724784,Female Gen
4816,4816324784108406,Female Gen
4817,4817434784374159,Female Gen
4818,4818567047841535,Female Gen
4819,4819104784263988,Female Gen
4820,4820718664784352,Female Gen
4821,4821478440280180,Female Gen
4822,4822012296047845,Female Gen
4823,4823834747841548,Female Gen
4824,4824619394784277,Female Gen
4825,4825933726478456,Female Gen
4826,4826675597478494,Female Gen
4827,4827014478423035,Female Gen
4828,4828875103047848,Female Gen
4829,4829434784112205,Female Gen
4830,4830214784425779,Female Gen
4831,4831322947849387,Female Gen
4832,4832447849983748,Female Gen
4833,4833274784215112,Female Gen
4834,4834478498284684,Female Gen
4835,4835734784561588,Female Gen
4836,4836371478493170,Female Gen
4837,4837478438999706,Female Gen
4838,4838732164784496,Female Gen
4839,4839175444784767,Female Gen
4840,4840478413101477,Female Gen
4841,4841670156704784,Female Gen
4842,4842462067478455,Female Gen
4843,4843372491254784,Female Gen
4844,4844699517478463,Female Gen
4845,4845138813478401,Female Gen
4846,4846296123478433,Female Gen
4847,4847183937478457,Female Gen
4848,4848647847382828,Female Gen
4849,4849193757947844,Female Gen
4850,4850478493407388,Female Gen
4851,4851862611944784,Female Gen
4852,4852947844404321,Female Gen
4853,4853478442059581,Female Gen
4854,4854765364784220,Female Gen
4855,4855218478494793,Female Gen
4856,4856217047842212,Female Gen
4857,4857947847554036,Female Gen
4858,4858416647841127,Female Gen
4859,4859072111047845,Female Gen
4860,4860196764784151,Female Gen
4861,4861047849447228,Female Gen
4862,4862584784918281,Female Gen
4863,4863463109478441,Female Gen
4864,4864705137478472,Female Gen
4865,4865390478493957,Female Gen
4866,4866882647848425,Female Gen
4867,4867355478472205,Female Gen
4868,4868857786147843,Female Gen
4869,4869165294784248,Female Gen
4870,4870235935034784,Female Gen
4871,4871654784435111,Female Gen
4872,4872488765084784,Female Gen
4873,4873478419689610,Female Gen
4874,4874414589478448,Female Gen
4875,4875027289364784,Female Gen
4876,4876478433363452,Female Gen
4877,4877647845221687,Female Gen
4878,4878822478444710,Female Gen
4879,4879647840735158,Female Gen
4880,4880929764478496,Female Gen
4881,4881762111478495,Female Gen
4882,4882429979047842,Female Gen
4883,4883289844947848,Female Gen
4884,4884643547840221,Female Gen
4885,4885219478492215,Female Gen
4886,4886676374784655,Female Gen
4887,4887478471002949,Female Gen
4888,4888502085954784,Female Gen
4889,4889182478414423,Female Gen
4890,4890053478423177,Female Gen
4891,4891683030478454,Female Gen
4892,4892389800478480,Female Gen
4893,4893746783447842,Female Gen
4894,4894486565147841,Female Gen
4895,4895681579044784,Female Gen
4896,4896747842223370,Female Gen
4897,4897140231054784,Female Gen
4898,4898579647847061,Female Gen
4899,4899861614784616,Female Gen
4900,4900817747843629,Female Gen
4901,4901767828478482,Female Gen
4902,4902967185594784,Female Gen
4903,4903522864478407,Female Gen
4904,4904647847498742,Female Gen
4905,4905944147843779,Female Gen
4906,4906566342478408,Female Gen
4907,4907010914784788,Female Gen
4908,4908336793478403,Female Gen
4909,4909544478464389,Female Gen
4910,4910647395478408,Female Gen
4911,4911214784316245,Female Gen
4912,4912784478408938,Female Gen
4913,4913694784558626,Female Gen
4914,4914474784942237,Female Gen
4915,4915539478449103,Female Gen
4916,4916676478406326,Female Gen
4917,4917679398247841,Female Gen
4918,4918918394784278,Female Gen
4919,4919150478468167,Female Gen
4920,4920099478475735,Female Gen
4921,4921798474784922,Female Gen
4922,4922478491493765,Female Gen
4923,4923136847849098,Female Gen
4924,4924478410634160,Female Gen
4925,4925247846509905,Female Gen
4926,4926047841974926,Female Gen
4927,4927826478474048,Female Gen
4928,4928856591478433,Female Gen
4929,4929647848513738,Female Gen
4930,4930580478451315,Female Gen
4931,4931478444747137,Female Gen
4932,4932478404169343,Female Gen
4933,4933547849501066,Female Gen
4934,4934942047846920,Female Gen
4935,4935809625047845,Female Gen
4936,4936125056794784,Female Gen
4937,4937188047845930,Female Gen
4938,4938174784514687,Female Gen
4939,4939747478468877,Female Gen
4940,4940446478461572,Female Gen
4941,4941522238447843,Female Gen
4942,4942522021647844,Female Gen
4943,4943854088947847,Female Gen
4944,4944174784335032,Female Gen
4945,4945937747842907,Female Gen
4946,4946478451313295,Female Gen
4947,4947399365264784,Female Gen
4948,4948794654784662,Female Gen
4949,4949119827478445,Female Gen
4950,4950583663547844,Female Gen
4951,4951372247846827,Female Gen
4952,4952747840261523,Female Gen
4953,4953976115144784,Female Gen
4954,4954478464733833,Female Gen
4955,4955096647848442,Female Gen
4956,4956324784510734,Female Gen
4957,4957280704784756,Female Gen
4958,4958254784988813,Female Gen
4959,4959002162478413,Female Gen
4960,4960122498547847,Female Gen
4961,4961147847119849,Female Gen
4962,4962374911084784,Female Gen
4963,4963672478400083,Female Gen
4964,4964200547840848,Female Gen
4965,4965448074784327,Female Gen
4966,4966331720047843,Female Gen
4967,4967418247847164,Female Gen
4968,4968045444784917,Female Gen
4969,4969047846221187,Female Gen
4970,4970970499047846,Female Gen
4971,4971474364784349,Female Gen
4972,4972234323047842,Female Gen
4973,4973306478447718,Female Gen
4974,4974673799478495,Female Gen
4975,4975350489554784,Female Gen
4976,4976503962478400,Female Gen
4977,4977640514784304,Female Gen
4978,4978298897478409,Female Gen
4979,4979835658714784,Female Gen
4980,4980478477601491,Female Gen
4981,4981478452994615,Female Gen
4982,4982447848525361,Female Gen
4983,4983478428649079,Female Gen
4984,4984259478494566,Female Gen
4985,4985771924784283,Female Gen
4986,4986799224124784,Female Gen
4987,4987664784149421,Female Gen
4988,4988704784722956,Female Gen
4989,4989280231347840,Female Gen
4990,4990204784094658,Female Gen
4991,4991140360904784,Female Gen
4992,4992046347843044,Female Gen
4993,4993747845127532,Female Gen
4994,4994667647846572,Female Gen
4995,4995831584478479,Female Gen
4996,4996253478428450,Female Gen
4997,4997924123478413,Female Gen
4998,4998058323478455,Female Gen
4999,4999290164784057,Female Gen
5000,5000761647845365,Female Gen
5001,5001640466147841,Female Gen
5002,5002478439807198,Female Gen
5003,5003680077478489,Female Gen
5004,5004771857684784,Female Gen
5005,5005665494784532,Female Gen
5006,5006070478464358,Female Gen
5007,5007734478487019,Female Gen
5008,5008478409728348,Female Gen
5009,5009180707478428,Female Gen
5010,5010152924784718,Female Gen
5011,5011544334747845,Female Gen
5012,5012383478435888,Female Gen
5013,5013314784774980,Female Gen
5014,5014795407478404,Female Gen
5015,5015478483473395,Female Gen
5016,5016542478422464,Female Gen
5017,5017448871478442,Female Gen
5018,5018847848821214,Female Gen
5019,5019478449631530,Female Gen
5020,5020214429478471,Female Gen
5021,5021184694784878,Female Gen
5022,5022044258174784,Female Gen
5023,5023990994474784,Female Gen
5024,5024834784356401,Female Gen
5025,5025647847905688,Female Gen
5026,5026709283478448,Female Gen
5027,5027391018478411,Female Gen
5028,5028751774784141,Female Gen
5029,5029478473377573,Female Gen
5030,5030175478410172,Female Gen
5031,5031147846682042,Female Gen
5032,5032587934478423,Female Gen
5033,5033176478459117,Female Gen
5034,5034898478451074,Female Gen
5035,5035478465978222,Female Gen
5036,5036527478483903,Female Gen
5037,5037947842750833,Female Gen
5038,5038617738394784,Female Gen
5039,5039737910204784,Female Gen
5040,5040162647840967,Female Gen
5041,5041480171414784,Female Gen
5042,5042733347840035,Female Gen
5043,5043478480250641,Female Gen
5044,5044485247841966,Female Gen
5045,5045347849256186,Female Gen
5046,5046397347846841,Female Gen
5047,5047037478452753,Female Gen
5048,5048009947841826,Female Gen
5049,5049149478432262,Female Gen
5050,5050347847290281,Female Gen
5051,5051978478423716,Female Gen
5052,5052324478473743,Female Gen
5053,5053482247840125,Female Gen
5054,5054585984784778,Female Gen
5055,5055365381478427,Female Gen
5056,5056804784768649,Female Gen
5057,5057809447847480,Female Gen
5058,5058478442636447,Female Gen
5059,5059738474784323,Female Gen
5060,5060685891647845,Female Gen
5061,5061574784493524,Female Gen
5062,5062695239478420,Female Gen
5063,5063478405998991,Female Gen
5064,5064638788478499,Female Gen
5065,5065704784425976,Female Gen
5066,5066106478460675,Female Gen
5067,5067047847868084,Female Gen
5068,5068478455239272,Female Gen
5069,5069082024784167,Female Gen
5070,5070687478422704,Female Gen
5071,5071369148447848,Female Gen
5072,5072013478458655,Female Gen
5073,5073624584784778,Female Gen
5074,5074579656478492,Female Gen
5075,5075186256847846,Female Gen
5076,5076732729014784,Female Gen
5077,5077164784470953,Female Gen
5078,5078504047840158,Female Gen
5079,5079728587044784,Female Gen
5080,5080145315504784,Female Gen
5081,5081919435447847,Female Gen
5082,5082799194478434,Female Gen
5083,5083294344784452,Female Gen
5084,5084147848999615,Female Gen
5085,5085774784249721,Female Gen
5086,5086478499519727,Female Gen
5087,5087478439627809,Female Gen
5088,5088266053647845,Female Gen
5089,5089784784612722,Female Gen
5090,5090478408761802,Female Gen
5091,5091340863324784,Female Gen
5092,5092478460446668,Female Gen
5093,5093947846613734,Female Gen
5094,5094692661874784,Female Gen
5095,5095847848091483,Female Gen
5096,5096411583478482,Female Gen
5097,5097688478431091,Female Gen
5098,5098661047845832,Female Gen
5099,5099005478467569,Female Gen
5100,5100426254784629,Female Gen
5101,5101540170478464,Female Gen
5102,5102982365478441,Female Gen
5103,5103464994784054,Female Gen
5104,5104965322224784,Female Gen
5105,5105137593847841,Female Gen
5106,5106017384204784,Female Gen
5107,5107952377478425,Female Gen
5108,5108116700478455,Female Gen
5109,5109311478468648,Female Gen
5110,5110189850147842,Female Gen
5111,5111727274478419,Female Gen
5112,5112478487389057,Female Gen
5113,5113047842388071,Female Gen
5114,5114747848739605,Female Gen
5115,5115047841154086,Female Gen
5116,5116188918478452,Female Gen
5117,5117874347845103,Female Gen
5118,5118276047842320,Female Gen
5119,5119805924634784,Female Gen
5120,5120244784296260,Female Gen
5121,5121273064784707,Female Gen
5122,5122114784983343,Female Gen
5123,5123478468327033,Female Gen
5124,5124589538034784,Female Gen
5125,5125688478467720,Female Gen
5126,5126187730494784,Female Gen
5127,5127500478442469,Female Gen
5128,5128478405069592,Female Gen
5129,5129872743654784,Female Gen
5130,5130921478426579,Female Gen
5131,5131478423584994,Female Gen
5132,5132001442074784,Female Gen
5133,5133147841825870,Female Gen
5134,5134478469629535,Female Gen
5135,5135063047841417,Female Gen
5136,5136243547847276,Female Gen
5137,5137882174784273,Female Gen
5138,5138895374784361,Female Gen
5139,5139547841806174,Female Gen
5140,5140275184784274,Female Gen
5141,5141662320984784,Female Gen
5142,5142243747849808,Female Gen
5143,5143066034784358,Female Gen
5144,5144747842193025,Female Gen
5145,5145713334784844,Female Gen
5146,5146478479321714,Female Gen
5147,5147624478480610,Female Gen
5148,5148362823084784,Female Gen
5149,5149386419247848,Female Gen
5150,5150303728754784,Female Gen
5151,5151747842324740,Female Gen
5152,5152343988547841,Female Gen
5153,5153715853478406,Female Gen
5154,5154354784042803,Female Gen
5155,5155843478478860,Female Gen
5156,5156047848001734,Female Gen
5157,5157369478468031,Female Gen
5158,5158135512478462,Female Gen
5159,5159921884784518,Female Gen
5160,5160861590284784,Female Gen
5161,5161634784000961,Female Gen
5162,5162513947843615,Female Gen
5163,5163836186478483,Female Gen
5164,5164255894847841,Female Gen
5165,5165486694784334,Female Gen
5166,5166604784108253,Female Gen
5167,5167947849683998,Female Gen
5168,5168153478444417,Female Gen
5169,5169047842408236,Female Gen
5170,5170554784114225,Female Gen
5171,5171329347840257,Female Gen
5172,5172994784199990,Female Gen
5173,5173717134447841,Female Gen
5174,5174961947845114,Female Gen
5175,5175577478469492,Female Gen
5176,5176894478490263,Female Gen
5177,5177944784664042,Female Gen
5178,5178478435543705,Female Gen
5179,5179491436478462,Female Gen
5180,5180302364784316,Female Gen
5181,5181808884054784,Female Gen
5182,5182394784735736,Female Gen
5183,5183982403247840,Female Gen
5184,5184694309478429,Female Gen
5185,5185275364784723,Female Gen
5186,5186048394784203,Female Gen
5187,5187504784739820,Female Gen
5188,5188169836478495,Female Gen
5189,5189478457857224,Female Gen
5190,5190756478425943,Female Gen
5191,5191085707478483,Female Gen
5192,5192158684784578,Female Gen
5193,5193197478416883,Female Gen
5194,5194075478496003,Female Gen
5195,5195493774784742,Female Gen
5196,5196650421954784,Female Gen
5197,5197164504784984,Female Gen
5198,5198210947847982,Female Gen
5199,5199166812478447,Female Gen
5200,5200020484478443,Female Gen
5201,5201896004647843,Female Gen
5202,5202533347848946,Female Gen
5203,5203478477228379,Female Gen
5204,5204034947846099,Female Gen
5205,5205255534784526,Female Gen
5206,5206145691047846,Female Gen
5207,5207047847159389,Female Gen
5208,5208647841548290,Female Gen
5209,5209964784369575,Female Gen
5210,5210001847847488,Female Gen
5211,5211808324784247,Female Gen
5212,5212177478446042,Female Gen
5213,5213139947849402,Female Gen
5214,5214321274478492,Female Gen
5215,5215314134784273,Female Gen
5216,5216509478469181,Female Gen
5217,5217808254784851,Female Gen
5218,5218831944784574,Female Gen
5219,5219047843100537,Female Gen
5220,5220347849472650,Female Gen
5221,5221954468147847,Female Gen
5222,5222478481599648,Female Gen
5223,5223593746478442,Female Gen
5224,5224258247841662,Female Gen
5225,5225426478478121,Female Gen
5226,5226855764784543,Female Gen
5227,5227284784462606,Female Gen
5228,5228478415598603,Female Gen
5229,5229860101547846,Female Gen
5230,5230115921947849,Female Gen
5231,5231424671447845,Female Gen
5232,5232059098654784,Female Gen
5233,5233463947848837,Female Gen
5234,5234379815478443,Female Gen
5235,5235234784470657,Female Gen
5236,5236254784401904,Female Gen
5237,5237804637804784,Female Gen
5238,5238977074784352,Female Gen
5239,5239610284784902,Female Gen
5240,5240282664784696,Female Gen
5241,5241920023074784,Female Gen
5242,5242347849073805,Female Gen
5243,5243232447844879,Female Gen
5244,5244347842893658,Female Gen
5245,5245478477704356,Female Gen
5246,5246347848932229,Female Gen
5247,5247739964784140,Female Gen
5248,5248384131494784,Female Gen
5249,5249957496747843,Female Gen
5250,5250478434707639,Female Gen
5251,5251812847848007,Female Gen
5252,5252646747842863,Female Gen
5253,5253377754784358,Female Gen
5254,5254524994784754,Female Gen
5255,5255606478424166,Female Gen
5256,5256265981478489,Female Gen
5257,5257881647843871,Female Gen
5258,5258591032478489,Female Gen
5259,5259847847570660,Female Gen
5260,5260447842258069,Female Gen
5261,5261282805004784,Female Gen
5262,5262647848048269,Female Gen
5263,5263792864784461,Female Gen
5264,5264564784663280,Female Gen
5265,5265978347840651,Female Gen
5266,5266626034784850,Female Gen
5267,5267181944478405,Female Gen
5268,5268478433118599,Female Gen
5269,5269155747845660,Female Gen
5270,5270331142564784,Female Gen
5271,5271195200147840,Female Gen
5272,5272047843991379,Female Gen
5273,5273947847062632,Female Gen
5274,5274854784812877,Female Gen
5275,5275168714784574,Female Gen
5276,5276735912478470,Female Gen
5277,5277342247844684,Female Gen
5278,5278262866478402,Female Gen
5279,5279270347478411,Female Gen
5280,5280164305947849,Female Gen
5281,5281477478465280,Female Gen
5282,5282034784329337,Female Gen
5283,5283237934784665,Female Gen
5284,5284784784574578,Female Gen
5285,5285254772847845,Female Gen
5286,5286478496621648,Female Gen
5287,5287026849478405,Female Gen
5288,5288606955478437,Female Gen
5289,5289307679134784,Female Gen
5290,5290647842058941,Female Gen
5291,5291552147841940,Female Gen
5292,5292430855247847,Female Gen
5293,5293022926478473,Female Gen
5294,5294628414784571,Female Gen
5295,5295192728574784,Female Gen
5296,5296776595084784,Female Gen
5297,5297587216084784,Female Gen
5298,5298823637478416,Female Gen
5299,5299900804784949,Female Gen
5300,5300116292147849,Female Gen
5301,5301815107047845,Female Gen
5302,5302410244784086,Female Gen
5303,5303469084784383,Female Gen
5304,5304478437191758,Female Gen
5305,5305284784835361,Female Gen
5306,5306943434784236,Female Gen
5307,5307865547849758,Female Gen
5308,5308169139478480,Female Gen
5309,5309647842203956,Female Gen
5310,5310364784504110,Female Gen
5311,5311678824784947,Female Gen
5312,5312347844557052,Female Gen
5313,5313612647849777,Female Gen
5314,5314447306734784,Female Gen
5315,5315752147164784,Female Gen
5316,5316463647842730,Female Gen
5317,5317494784764145,Female Gen
5318,5318024147849797,Female Gen
5319,5319696078478440,Female Gen
5320,5320694624784637,Female Gen
5321,5321268675547842,Female Gen
5322,5322791947841551,Female Gen
5323,5323702959478471,Female Gen
5324,5324759923414784,Female Gen
5325,5325786670478483,Female Gen
5326,5326147841106699,Female Gen
5327,5327264194784292,Female Gen
5328,5328004784414128,Female Gen
5329,5329452390714784,Female Gen
5330,5330497478442135,Female Gen
5331,5331967447846685,Female Gen
5332,5332389478417016,Female Gen
5333,5333694116447842,Female Gen
5334,5334225453047849,Female Gen
5335,5335442286747843,Female Gen
5336,5336325934784513,Female Gen
5337,5337997747847577,Female Gen
5338,5338384474784004,Female Gen
5339,5339728604784725,Female Gen
5340,5340478447961924,Female Gen
5341,5341478424850708,Female Gen
5342,5342478435802928,Female Gen
5343,5343855947842407,Female Gen
5344,5344242478423216,Female Gen
5345,5345634784627026,Female Gen
5346,5346007747840415,Female Gen
5347,5347753605847846,Female Gen
5348,5348569386047843,Female Gen
5349,5349402747846677,Female Gen
5350,5350478489060586,Female Gen
5351,5351478454548731,Female Gen
5352,5352446659647846,Female Gen
5353,5353594784710669,Female Gen
5354,5354334784171940,Female Gen
5355,5355991478409758,Female Gen
5356,5356347843172466,Female Gen
5357,5357275347848197,Female Gen
5358,5358362688204784,Female Gen
5359,5359221447841337,Female Gen
5360,5360666074784949,Female Gen
5361,5361628407478462,Female Gen
5362,5362104784500957,Female Gen
5363,5363650826478456,Female Gen
5364,5364900847844247,Female Gen
5365,5365081988247840,Female Gen
5366,5366740804784401,Female Gen
5367,5367056424784758,Female Gen
5368,5368478438426572,Female Gen
5369,5369262652478464,Female Gen
5370,5370518740147842,Female Gen
5371,5371247841301711,Female Gen
5372,5372247147849445,Female Gen
5373,5373988194784558,Female Gen
5374,5374478454785533,Female Gen
5375,5375478473220052,Female Gen
5376,5376180844784971,Female Gen
5377,5377693272447849,Female Gen
5378,5378351304784557,Female Gen
5379,5379528412747841,Female Gen
5380,5380478474375539,Female Gen
5381,5381970478436118,Female Gen
5382,5382378084784282,Female Gen
5383,5383487522447848,Female Gen
5384,5384487247842245,Female Gen
5385,5385559247842148,Female Gen
5386,5386909601304784,Female Gen
5387,5387507648947847,Female Gen
5388,5388845047848154,Female Gen
5389,5389998145334784,Female Gen
5390,5390043134224784,Female Gen
5391,5391814139478452,Female Gen
5392,5392847846745370,Female Gen
5393,5393459478430953,Female Gen
5394,5394367091947845,Female Gen
5395,5395453074784259,Female Gen
5396,5396430257547843,Female Gen
5397,5397884937847846,Female Gen
5398,5398478405975768,Female Gen
5399,5399233054784390,Female Gen
5400,5400695484784225,Female Gen
5401,5401246478495414,Female Gen
5402,5402993953478492,Female Gen
5403,5403818921478421,Female Gen
5404,5404322785047847,Female Gen
5405,5405150047849965,Female Gen
5406,5406947842288391,Female Gen
5407,5407351478429552,Female Gen
5408,5408274784570546,Female Gen
5409,5409836478444300,Female Gen
5410,5410057694784030,Female Gen
5411,5411644784354314,Female Gen
5412,5412866774854784,Female Gen
5413,5413624784084215,Female Gen
5414,5414644784049492,Female Gen
5415,5415261712347842,Female Gen
5416,5416478490282072,Female Gen
5417,5417317404784382,Female Gen
5418,5418124784138962,Female Gen
5419,5419715478468333,Female Gen
5420,5420161847842451,Female Gen
5421,5421643447849840,Female Gen
5422,5422478445975071,Female Gen
5423,5423478404487818,Female Gen
5424,5424924784285110,Female Gen
5425,5425947849976539,Female Gen
5426,5426649075478499,Female Gen
5427,5427625094784700,Female Gen
5428,5428844784910911,Female Gen
5429,5429647841438078,Female Gen
5430,5430052156584784,Female Gen
5431,5431713613447848,Female Gen
5432,5432543854784470,Female Gen
5433,5433185447844219,Female Gen
5434,5434246806654784,Female Gen
5435,5435909311478481,Female Gen
5436,5436785235478455,Female Gen
5437,5437755547843476,Female Gen
5438,5438478064784709,Female Gen
5439,5439347843353788,Female Gen
5440,5440831384784939,Female Gen
5441,5441247841156412,Female Gen
5442,5442547841239676,Female Gen
5443,5443374904784913,Female Gen
5444,5444708478435493,Female Gen
5445,5445478423033398,Female Gen
5446,5446478460998563,Female Gen
5447,5447478409180483,Female Gen
5448,5448046814784146,Female Gen
5449,5449006790478473,Female Gen
5450,5450345547845249,Female Gen
5451,5451203114784561,Female Gen
5452,5452478494107710,Female Gen
5453,5453020534754784,Female Gen
5454,5454590747841853,Female Gen
5455,5455763478419774,Female Gen
5456,5456478426667078,Female Gen
5457,5457347849245512,Female Gen
5458,5458469478486171,Female Gen
5459,5459764784289422,Female Gen
5460,5460807547844963,Female Gen
5461,5461179542478423,Female Gen
5462,5462945264784666,Female Gen
5463,5463747841074574,Female Gen
5464,5464273478486637,Female Gen
5465,5465047843179664,Female Gen
5466,5466827999734784,Female Gen
5467,5467863478419996,Female Gen
5468,5468478499655352,Female Gen
5469,5469478420103619,Female Gen
5470,5470184784755124,Female Gen
5471,5471901547846400,Female Gen
5472,5472385957347849,Female Gen
5473,5473147848138446,Female Gen
5474,5474305193147845,Female Gen
5475,5475247840878381,Female Gen
5476,5476478401033827,Female Gen
5477,5477220478414213,Female Gen
5478,5478538708904784,Female Gen
5479,5479614784813751,Female Gen
5480,5480105794784286,Female Gen
5481,5481478498188314,Female Gen
5482,5482201478481021,Female Gen
5483,5483246018478417,Female Gen
5484,5484053479064784,Female Gen
5485,5485657790654784,Female Gen
5486,5486347843125445,Female Gen
5487,5487874335478412,Female Gen
5488,5488478489637554,Female Gen
5489,5489722347843054,Female Gen
5490,5490474784605763,Female Gen
5491,5491230646347843,Female Gen
5492,5492264347840863,Female Gen
5493,5493947845963870,Female Gen
5494,5494698330547840,Female Gen
5495,5495964984784567,Female Gen
5496,5496174784089595,Female Gen
5497,5497169756478450,Female Gen
5498,5498354784102227,Female Gen
5499,5499064784553982,Female Gen
5500,5500926673478442,Female Gen
5501,5501478448760931,Female Gen
5502,5502054784170052,Female Gen
5503,5503804784493278,Female Gen
5504,5504824784110467,Female Gen
5505,5505590694784507,Female Gen
5506,5506042601804784,Female Gen
5507,5507514784196844,Female Gen
5508,5508671648478422,Female Gen
5509,5509598691478408,Female Gen
5510,5510478433901752,Female Gen
5511,5511952244784706,Female Gen
5512,5512614784582771,Female Gen
5513,5513014423747848,Female Gen
5514,5514254784486210,Female Gen
5515,5515247842267495,Female Gen
5516,5516259033624784,Female Gen
5517,5517478422417949,Female Gen
5518,5518947848432224,Female Gen
5519,5519236119947840,Female Gen
5520,5520334784513446,Female Gen
5521,5521313478407179,Female Gen
5522,5522047841635386,Female Gen
5523,5523325246478436,Female Gen
5524,5524802498547847,Female Gen
5525,5525761063664784,Female Gen
5526,5526216323247845,Female Gen
5527,5527297683674784,Female Gen
5528,5528480478432963,Female Gen
5529,5529547840311370,Female Gen
5530,5530298478470260,Female Gen
5531,5531983444478462,Female Gen
5532,5532324784423580,Female Gen
5533,5533478481375961,Female Gen
5534,5534273564784750,Female Gen
5535,5535944784617172,Female Gen
5536,5536747849520900,Female Gen
5537,5537802236478476,Female Gen
5538,5538294784353702,Female Gen
5539,5539870534784819,Female Gen
5540,5540347843219453,Female Gen
5541,5541555098147842,Female Gen
5542,5542096478496713,Female Gen
5543,5543726784478490,Female Gen
5544,5544679585214784,Female Gen
5545,5545478453048968,Female Gen
5546,5546914326547848,Female Gen
5547,5547517647849522,Female Gen
5548,5548329801447842,Female Gen
5549,5549478434020865,Female Gen
5550,5550212147849465,Female Gen
5551,5551842097478461,Female Gen
5552,5552794784054363,Female Gen
5553,5553230437494784,Female Gen
5554,5554829478427772,Female Gen
5555,5555505847849647,Female Gen
5556,5556389478464107,Female Gen
5557,5557106953447849,Female Gen
5558,5558770647847939,Female Gen
5559,5559647842156556,Female Gen
5560,5560478440862349,Female Gen
5561,5561428816478408,Female Gen
5562,5562075630124784,Female Gen
5563,5563814784499644,Female Gen
5564,5564071564784129,Female Gen
5565,5565197504784157,Female Gen
5566,5566724784720604,Female Gen
5567,5567267647842844,Female Gen
5568,5568282527794784,Female Gen
5569,5569971947847747,Female Gen
5570,5570374784456293,Female Gen
5571,5571374784369409,Female Gen
5572,5572874784483851,Female Gen
5573,5573098547845872,Female Gen
5574,5574691602714784,Female Gen
5575,5575172174478411,Female Gen
5576,5576414261347844,Female Gen
5577,5577713523664784,Female Gen
5578,5578847947848277,Female Gen
5579,5579478469735612,Female Gen
5580,5580124784458312,Female Gen
5581,5581704147848269,Female Gen
5582,5582434784890656,Female Gen
5583,5583647845461713,Female Gen
5584,5584478449696915,Female Gen
5585,5585624784538066,Female Gen
5586,5586431647840063,Female Gen
5587,5587364784646992,Female Gen
5588,5588567097584784,Female Gen
5589,5589893747842347,Female Gen
5590,5590194241684784,Female Gen
5591,5591047849698083,Female Gen
5592,5592359174784344,Female Gen
5593,5593076644784745,Female Gen
5594,5594439547842495,Female Gen
5595,5595247841309852,Female Gen
5596,5596747247847224,Female Gen
5597,5597028474784145,Female Gen
5598,5598514784695291,Female Gen
5599,5599680141747842,Female Gen
5600,5600628664478471,Female Gen
5601,5601134784249013,Female Gen
5602,5602934478412494,Female Gen
5603,5603684130304784,Female Gen
5604,5604046682478493,Female Gen
5605,5605647841760536,Female Gen
5606,5606137295847842,Female Gen
5607,5607020478488501,Female Gen
5608,5608347843643310,Female Gen
5609,5609597523478466,Female Gen
5610,5610472149874784,Female Gen
5611,5611047844065881,Female Gen
5612,5612314784213214,Female Gen
5613,5613478412524781,Female Gen
5614,5614334478481253,Female Gen
5615,5615374784330798,Female Gen
5616,5616647845788880,Female Gen
5617,5617655488478425,Female Gen
5618,5618478410095860,Female Gen
5619,5619965068478486,Female Gen
5620,5620224784647974,Female Gen
5621,5621519678478418,Female Gen
5622,5622534784038408,Female Gen
5623,5623225675478429,Female Gen
5624,5624654784935855,Female Gen
5625,5625402146847845,Female Gen
5626,5626710478486350,Female Gen
5627,5627578823947841,Female Gen
5628,5628373201347849,Female Gen
5629,5629205647847475,Female Gen
5630,5630611778478488,Female Gen
5631,5631947844594728,Female Gen
5632,5632327998047846,Female Gen
5633,5633647846865465,Female Gen
5634,5634514784019237,Female Gen
5635,5635071338147848,Female Gen
5636,5636534784936712,Female Gen
5637,5637931444784421,Female Gen
5638,5638607981434784,Female Gen
5639,5639193526478440,Female Gen
5640,5640754784846767,Female Gen
5641,5641237247843260,Female Gen
5642,5642347824784531,Female Gen
5643,5643934784168454,Female Gen
5644,5644766547845992,Female Gen
5645,5645092847849758,Female Gen
5646,5646284975634784,Female Gen
5647,5647040714747845,Female Gen
5648,5648880584784698,Female Gen
5649,5649564784151317,Female Gen
5650,5650765947843314,Female Gen
5651,5651947840767635,Female Gen
5652,5652478422660899,Female Gen
5653,5653786944947840,Female Gen
5654,5654904784215127,Female Gen
5655,5655259989534784,Female Gen
5656,5656413478464293,Female Gen
5657,5657861204784211,Female Gen
5658,5658653478447790,Female Gen
5659,5659274274478487,Female Gen
5660,5660547845957918,Female Gen
5661,5661239424834784,Female Gen
5662,5662225939478470,Female Gen
5663,5663254478489552,Female Gen
5664,5664505684784564,Female Gen
5665,5665447849411098,Female Gen
5666,5666760478409543,Female Gen
5667,5667940478499168,Female Gen
5668,5668284915847842,Female Gen
5669,5669859247840396,Female Gen
5670,5670294847842420,Female Gen
5671,5671522647845498,Female Gen
5672,5672708747845995,Female Gen
5673,5673086478442851,Female Gen
5674,5674099501304784,Female Gen
5675,5675857238347847,Female Gen
5676,5676144785478422,Female Gen
5677,5677114784414727,Female Gen
5678,5678478490953942,Female Gen
5679,5679587487147845,Female Gen
5680,5680090431474784,Female Gen
5681,5681347841042526,Female Gen
5682,5682652334784357,Female Gen
5683,5683478463038562,Female Gen
5684,5684324784870588,Female Gen
5685,5685390926147840,Female Gen
5686,5686484784270810,Female Gen
5687,5687990544784827,Female Gen
5688,5688054784731356,Female Gen
5689,5689347841677625,Female Gen
5690,5690518934478466,Female Gen
5691,5691584784043355,Female Gen
5692,5692145478402694,Female Gen
5693,5693936039047848,Female Gen
5694,5694147843366825,Female Gen
5695,5695260147841224,Female Gen
5696,5696484784831263,Female Gen
5697,5697793834784883,Female Gen
5698,5698904784271334,Female Gen
5699,5699478485820205,Female Gen
5700,5700947847026837,Female Gen
5701,5701760478449488,Female Gen
5702,5702890478416701,Female Gen
5703,5703048817478415,Female Gen
5704,5704789766924784,Female Gen
5705,5705008964784312,Female Gen
5706,5706177904784425,Female Gen
5707,5707147847568134,Female Gen
5708,5708308553478436,Female Gen
5709,5709147840942447,Female Gen
5710,5710654644784987,Female Gen
5711,5711478473684388,Female Gen
5712,5712714784201927,Female Gen
5713,5713343947848344,Female Gen
5714,5714311657478491,Female Gen
5715,5715460184784985,Female Gen
5716,5716391614784383,Female Gen
5717,5717747845385936,Female Gen
5718,5718478497338724,Female Gen
5719,5719289904784190,Female Gen
5720,5720478477595843,Female Gen
5721,5721101324784901,Female Gen
5722,5722104784397388,Female Gen
5723,5723980204947841,Female Gen
5724,5724802478457653,Female Gen
5725,5725798847842297,Female Gen
5726,5726478453592029,Female Gen
5727,5727984784245614,Female Gen
5728,5728478436046511,Female Gen
5729,5729800508478435,Female Gen
5730,5730794478467541,Female Gen
5731,5731984784215534,Female Gen
5732,5732368226314784,Female Gen
5733,5733478437423525,Female Gen
5734,5734598064784651,Female Gen
5735,5735564784353382,Female Gen
5736,5736047841787468,Female Gen
5737,5737434784741735,Female Gen
5738,5738478402762539,Female Gen
5739,5739371737478472,Female Gen
5740,5740024784889390,Female Gen
5741,5741669033354784,Female Gen
5742,5742340474784954,Female Gen
5743,5743618478445965,Female Gen
5744,5744041616574784,Female Gen
5745,5745527847846064,Female Gen
5746,5746484784861368,Female Gen
5747,5747854147847018,Female Gen
5748,5748996063478469,Female Gen
5749,5749762947842976,Female Gen
5750,5750557044478466,Female Gen
5751,5751048506444784,Female Gen
5752,5752847841273263,Female Gen
5753,5753478439091140,Female Gen
5754,5754784784417480,Female Gen
5755,5755951969478449,Female Gen
5756,5756590159347847,Female Gen
5757,5757312119847848,Female Gen
5758,5758416174784949,Female Gen
5759,5759254355478483,Female Gen
5760,5760678478422199,Female Gen
5761,5761789478406024,Female Gen
5762,5762763478456917,Female Gen
5763,5763914784863082,Female Gen
5764,5764228943284784,Female Gen
5765,5765447849983075,Female Gen
5766,5766384784268467,Female Gen
5767,5767047842925969,Female Gen
5768,5768714784836132,Female Gen
5769,5769238744784914,Female Gen
5770,5770378461847842,Female Gen
5771,5771733789754784,Female Gen
5772,5772164784452756,Female Gen
5773,5773478448029859,Female Gen
5774,5774964784116340,Female Gen
5775,5775155935947846,Female Gen
5776,5776447840379926,Female Gen
5777,5777147840482489,Female Gen
5778,5778478441280298,Female Gen
5779,5779178242664784,Female Gen
5780,5780904084784661,Female Gen
5781,5781047674784078,Female Gen
5782,5782228047845192,Female Gen
5783,5783219047847147,Female Gen
5784,5784685333147846,Female Gen
5785,5785129222478447,Female Gen
5786,5786199147845683,Female Gen
5787,5787871314784105,Female Gen
5788,5788009547849881,Female Gen
5789,5789518478401600,Female Gen
5790,5790868164784860,Female Gen
5791,5791096356478400,Female Gen
5792,5792625478425536,Female Gen
5793,5793693086554784,Female Gen
5794,5794458185547842,Female Gen
5795,5795032833478472,Female Gen
5796,5796478451103873,Female Gen
5797,5797547841460455,Female Gen
5798,5798264147846405,Female Gen
5799,5799478446763417,Female Gen
5800,5800397747842273,Female Gen
5801,5801864714784141,Female Gen
5802,5802678947843306,Female Gen
5803,5803747843540958,Female Gen
5804,5804496478468769,Female Gen
5805,5805947847332537,Female Gen
5806,5806600964784412,Female Gen
5807,5807078478483751,Female Gen
5808,5808913478474542,Female Gen
5809,5809429736724784,Female Gen
5810,5810830147844223,Female Gen
5811,5811829478456655,Female Gen
5812,5812175484424784,Female Gen
5813,5813478416710999,Female Gen
5814,5814478417954499,Female Gen
5815,5815747842295341,Female Gen
5816,5816384784993609,Female Gen
5817,5817659002478483,Female Gen
5818,5818664784760727,Female Gen
5819,5819016634784395,Female Gen
5820,5820947847072260,Female Gen
5821,5821985038247849,Female Gen
5822,5822884478434351,Female Gen
5823,5823347843199828,Female Gen
5824,5824429747844610,Female Gen
5825,5825777347844511,Female Gen
5826,5826478421794198,Female Gen
5827,5827601744047841,Female Gen
5828,5828478480653419,Female Gen
5829,5829358863154784,Female Gen
5830,5830347840655253,Female Gen
5831,5831478458909505,Female Gen
5832,5832074784941510,Female Gen
5833,5833160004784219,Female Gen
5834,5834354624784813,Female Gen
5835,5835746091184784,Female Gen
5836,5836574784598484,Female Gen
5837,5837478404644016,Female Gen
5838,5838348847843856,Female Gen
5839,5839319593478401,Female Gen
5840,5840196939478426,Female Gen
5841,5841356357478445,Female Gen
5842,5842290912664784,Female Gen
5843,5843364784315500,Female Gen
5844,5844278247841957,Female Gen
5845,5845860734784068,Female Gen
5846,5846291685478434,Female Gen
5847,5847580600478416,Female Gen
5848,5848248019344784,Female Gen
5849,5849144784603251,Female Gen
5850,5850944784634735,Female Gen
5851,5851962478472723,Female Gen
5852,5852282664784526,Female Gen
5853,5853121299547844,Female Gen
5854,5854356876478417,Female Gen
5855,5855809718244784,Female Gen
5856,5856403269504784,Female Gen
5857,5857184784579793,Female Gen
5858,5858886757478478,Female Gen
5859,5859478421245893,Female Gen
5860,5860055364784220,Female Gen
5861,5861478450184300,Female Gen
5862,5862612478422196,Female Gen
5863,5863478433628004,Female Gen
5864,5864060815347842,Female Gen
5865,5865590563478411,Female Gen
5866,5866064444784865,Female Gen
5867,5867141447845679,Female Gen
5868,5868478437146153,Female Gen
5869,5869388478405736,Female Gen
5870,5870478418003748,Female Gen
5871,5871800762254784,Female Gen
5872,5872058847845055,Female Gen
5873,5873238456478482,Female Gen
5874,5874124784012157,Female Gen
5875,5875987984164784,Female Gen
5876,5876478427538148,Female Gen
5877,5877717679478422,Female Gen
5878,5878569447842013,Female Gen
5879,5879334784475921,Female Gen
5880,5880779048184784,Female Gen
5881,5881634478416245,Female Gen
5882,5882473855284784,Female Gen
5883,5883478409586725,Female Gen
5884,5884596248478425,Female Gen
5885,5885847844701652,Female Gen
5886,5886468603478405,Female Gen
5887,5887478463215561,Female Gen
5888,5888863191547846,Female Gen
5889,5889071478491374,Female Gen
5890,5890684478410201,Female Gen
5891,5891231856647845,Female Gen
5892,5892947364784441,Female Gen
5893,5893747846183740,Female Gen
5894,5894478427421602,Female Gen
5895,5895740546744784,Female Gen
5896,5896784478431968,Female Gen
5897,5897478400796520,Female Gen
5898,5898478424770962,Female Gen
5899,5899524784886966,Female Gen
5900,5900647846405732,Female Gen
5901,5901319383478442,Male Gen
5902,5902024784880766,Male Gen
5903,5903651861647844,Male Gen
5904,5904004772304784,Male Gen
5905,5905147842189474,Male Gen
5906,5906178199478428,Male Gen
5907,5907158053294784,Male Gen
5908,5908635478453372,Male Gen
5909,5909444784625110,Male Gen
5910,5910194784410302,Male Gen
5911,5911296830478449,Male Gen
5912,5912086404784030,Male Gen
5913,5913487478407257,Male Gen
5914,5914795750384784,Male Gen
5915,5915783478476507,Male Gen
5916,5916747846329200,Male Gen
5917,5917644784160451,Male Gen
5918,5918212478417612,Male Gen
5919,5919544784286518,Male Gen
5920,5920035718478406,Male Gen
5921,5921509954694784,Male Gen
5922,5922388704784530,Male Gen
5923,5923955134784321,Male Gen
5924,5924223442247846,Male Gen
5925,5925758073924784,Male Gen
5926,5926086478478966,Male Gen
5927,5927622547841276,Male Gen
5928,5928447845839587,Male Gen
5929,5929856066478458,Male Gen
5930,5930539404784247,Male Gen
5931,5931042111847846,Male Gen
5932,5932295584784684,Male Gen
5933,5933818641747844,Male Gen
5934,5934147843429075,Male Gen
5935,5935415478445799,Male Gen
5936,5936468247846488,Male Gen
5937,5937347847725206,Male Gen
5938,5938572704914784,Male Gen
5939,5939252447845724,Male Gen
5940,5940429478478791,Male Gen
5941,5941735771478478,Male Gen
5942,5942047845099679,Male Gen
5943,5943007499478428,Male Gen
5944,5944347840548100,Male Gen
5945,5945548478462370,Male Gen
5946,5946331844784096,Male Gen
5947,5947213478469473,Male Gen
5948,5948673759478435,Male Gen
5949,5949331498047840,Male Gen
5950,5950680351047843,Male Gen
5951,5951471164784746,Male Gen
5952,5952224608478420,Male Gen
5953,5953847841229948,Male Gen
5954,5954308355478477,Male Gen
5955,5955831294784997,Male Gen
5956,5956663556184784,Male Gen
5957,5957478496096583,Male Gen
5958,5958229478488646,Male Gen
5959,5959814836747840,Male Gen
5960,5960276218478408,Male Gen
5961,5961478409074989,Male Gen
5962,5962379034784542,Male Gen
5963,5963200478449553,Male Gen
5964,5964478474397944,Male Gen
5965,5965547841315969,Male Gen
5966,5966411572734784,Male Gen
5967,5967294947846970,Male Gen
5968,5968554784852190,Male Gen
5969,5969842589747840,Male Gen
5970,5970178478467687,Male Gen
5971,5971847847617747,Male Gen
5972,5972318073478459,Male Gen
5973,5973115465547845,Male Gen
5974,5974147844994509,Male Gen
5975,5975789047848449,Male Gen
5976,5976478404164727,Male Gen
5977,5977172647847586,Male Gen
5978,5978859647842634,Male Gen
5979,5979259557447849,Male Gen
5980,5980884784653055,Male Gen
5981,5981408573478435,Male Gen
5982,5982478477749076,Male Gen
5983,5983349819044784,Male Gen
5984,5984747844504607,Male Gen
5985,5985147847688806,Male Gen
5986,5986199447846163,Male Gen
5987,5987374147841097,Male Gen
5988,5988138609814784,Male Gen
5989,5989478429752852,Male Gen
5990,5990697871284784,Male Gen
5991,5991448845478456,Male Gen
5992,5992478467456520,Male Gen
5993,5993478497576395,Male Gen
5994,5994304314784876,Male Gen
5995,5995559478470592,Male Gen
5996,5996174784005685,Male Gen
5997,5997994224784075,Male Gen
5998,5998953478479626,Male Gen
5999,5999478493803586,Male Gen
6000,6000587219478474,Male Gen
6001,6001879447846668,Male Gen
6002,6002316493478448,Male Gen
6003,6003174784539892,Male Gen
6004,6004147845111312,Male Gen
6005,6005354784462988,Male Gen
6006,6006665478430479,Male Gen
6007,6007163224478462,Male Gen
6008,6008309478437600,Male Gen
6009,6009523708894784,Male Gen
6010,6010677478490673,Male Gen
6011,6011990537547841,Male Gen
6012,6012352547846713,Male Gen
6013,6013670478448496,Male Gen
6014,6014478466554987,Male Gen
6015,6015478408925874,Male Gen
6016,6016814784450956,Male Gen
6017,6017447842440335,Male Gen
6018,6018394784073129,Male Gen
6019,6019932047849638,Male Gen
6020,6020494784752271,Male Gen
6021,6021168368547847,Male Gen
6022,6022474784379779,Male Gen
6023,6023478414528754,Male Gen
6024,6024776547842253,Male Gen
6025,6025553788947848,Male Gen
6026,6026964784373973,Male Gen
6027,6027304784603319,Male Gen
6028,6028147845694141,Male Gen
6029,6029860164784129,Male Gen
6030,6030642096478420,Male Gen
6031,6031459211747849,Male Gen
6032,6032871516294784,Male Gen
6033,6033478453164383,Male Gen
6034,6034723747847595,Male Gen
6035,6035634784892095,Male Gen
6036,6036529047845912,Male Gen
6037,6037082684784605,Male Gen
6038,6038589326478467,Male Gen
6039,6039171478447548,Male Gen
6040,6040625954784437,Male Gen
6041,6041745863478452,Male Gen
6042,6042451347847846,Male Gen
6043,6043478481142693,Male Gen
6044,6044747844268184,Male Gen
6045,6045537247842818,Male Gen
6046,6046256861234784,Male Gen
6047,6047478452200205,Male Gen
6048,6048855347846485,Male Gen
6049,6049024784182328,Male Gen
6050,6050530956478487,Male Gen
6051,6051891811254784,Male Gen
6052,6052478421125730,Male Gen
6053,6053351519147844,Male Gen
6054,6054664784070895,Male Gen
6055,6055027490647845,Male Gen
6056,6056970647846705,Male Gen
6057,6057080675478473,Male Gen
6058,6058747849321874,Male Gen
6059,6059906347845229,Male Gen
6060,6060540347849377,Male Gen
6061,6061478483920650,Male Gen
6062,6062671636247842,Male Gen
6063,6063699037194784,Male Gen
6064,6064544784600955,Male Gen
6065,6065155002094784,Male Gen
6066,6066478486722050,Male Gen
6067,6067840947843962,Male Gen
6068,6068482604784324,Male Gen
6069,6069906654784465,Male Gen
6070,6070816478496558,Male Gen
6071,6071744247846668,Male Gen
6072,6072015957394784,Male Gen
6073,6073947848272996,Male Gen
6074,6074621454784373,Male Gen
6075,6075370514784880,Male Gen
6076,6076947844581591,Male Gen
6077,6077987219447841,Male Gen
6078,6078633594784161,Male Gen
6079,6079780739747849,Male Gen
6080,6080975018844784,Male Gen
6081,6081029784784977,Male Gen
6082,6082174784575479,Male Gen
6083,6083547647847892,Male Gen
6084,6084461515234784,Male Gen
6085,6085487588478473,Male Gen
6086,6086478435905952,Male Gen
6087,6087835022304784,Male Gen
6088,6088447849926555,Male Gen
6089,6089708104047840,Male Gen
6090,6090231134784490,Male Gen
6091,6091947478488468,Male Gen
6092,6092004316474784,Male Gen
6093,6093501647845215,Male Gen
6094,6094942761247849,Male Gen
6095,6095447846994086,Male Gen
6096,6096478419607250,Male Gen
6097,6097478461249017,Male Gen
6098,6098066639544784,Male Gen
6099,6099978478443517,Male Gen
6100,6100547840090691,Male Gen
6101,6101607046947845,Male Gen
6102,6102634784746618,Male Gen
6103,6103895235747840,Male Gen
6104,6104072647845303,Male Gen
6105,6105208478405896,Male Gen
6106,6106478482393096,Male Gen
6107,6107847846369559,Male Gen
6108,6108794784408929,Male Gen
6109,6109449862234784,Male Gen
6110,6110884784079296,Male Gen
6111,6111478440485754,Male Gen
6112,6112488916634784,Male Gen
6113,6113674478407156,Male Gen
6114,6114644604784526,Male Gen
6115,6115458478435946,Male Gen
6116,6116696334784804,Male Gen
6117,6117247845338081,Male Gen
6118,6118435847840418,Male Gen
6119,6119647848150028,Male Gen
6120,6120658814347843,Male Gen
6121,6121547848302595,Male Gen
6122,6122047842742573,Male Gen
6123,6123505447849411,Male Gen
6124,6124514784764984,Male Gen
6125,6125776647842251,Male Gen
6126,6126639344947846,Male Gen
6127,6127712547847839,Male Gen
6128,6128758984784434,Male Gen
6129,6129358691478422,Male Gen
6130,6130156518304784,Male Gen
6131,6131504784840255,Male Gen
6132,6132745679694784,Male Gen
6133,6133478479407942,Male Gen
6134,6134845947849335,Male Gen
6135,6135364784483956,Male Gen
6136,6136633446347849,Male Gen
6137,6137967747841043,Male Gen
6138,6138596547841636,Male Gen
6139,6139478466595915,Male Gen
6140,6140847847602502,Male Gen
6141,6141702247840490,Male Gen
6142,6142908619847845,Male Gen
6143,6143605733947841,Male Gen
6144,6144719456478429,Male Gen
6145,6145039440478487,Male Gen
6146,6146478477443750,Male Gen
6147,6147478400915801,Male Gen
6148,6148478488763717,Male Gen
6149,6149360520854784,Male Gen
6150,6150080107747848,Male Gen
6151,6151226474784220,Male Gen
6152,6152765870478427,Male Gen
6153,6153478487812928,Male Gen
6154,6154517564784124,Male Gen
6155,6155267282234784,Male Gen
6156,6156639478439673,Male Gen
6157,6157951733947848,Male Gen
6158,6158645720478412,Male Gen
6159,6159558378247841,Male Gen
6160,6160478462611195,Male Gen
6161,6161478432626215,Male Gen
6162,6162494784867908,Male Gen
6163,6163917034047844,Male Gen
6164,6164675744947841,Male Gen
6165,6165975867447845,Male Gen
6166,6166514600864784,Male Gen
6167,6167073797547846,Male Gen
6168,6168478440388536,Male Gen
6169,6169094574478431,Male Gen
6170,6170287478481216,Male Gen
6171,6171355494784562,Male Gen
6172,6172054855478403,Male Gen
6173,6173374784674891,Male Gen
6174,6174994784132506,Male Gen
6175,6175247842629662,Male Gen
6176,6176965904478462,Male Gen
6177,6177259775478433,Male Gen
6178,6178924784374903,Male Gen
6179,6179568068844784,Male Gen
6180,6180795354047846,Male Gen
6181,6181325233478403,Male Gen
6182,6182478411610100,Male Gen
6183,6183652386864784,Male Gen
6184,6184954784353847,Male Gen
6185,6185527244784694,Male Gen
6186,6186347843916185,Male Gen
6187,6187499478413289,Male Gen
6188,6188322218484784,Male Gen
6189,6189478483690083,Male Gen
6190,6190041064784261,Male Gen
6191,6191619888404784,Male Gen
6192,6192246169447843,Male Gen
6193,6193747848116670,Male Gen
6194,6194517500478410,Male Gen
6195,6195547848211186,Male Gen
6196,6196152144784340,Male Gen
6197,6197859926547842,Male Gen
6198,6198766631447846,Male Gen
6199,6199044784426550,Male Gen
6200,6200508247845614,Male Gen
6201,6201747847210152,Male Gen
6202,6202624784542667,Male Gen
6203,6203104784819446,Male Gen
6204,6204187214784168,Male Gen
6205,6205940591478463,Male Gen
6206,6206722055447844,Male Gen
6207,6207078683478435,Male Gen
6208,6208478446095692,Male Gen
6209,6209488727478497,Male Gen
6210,6210629120478495,Male Gen
6211,6211621478497098,Male Gen
6212,6212089220454784,Male Gen
6213,6213938625944784,Male Gen
6214,6214478479715280,Male Gen
6215,6215634784176166,Male Gen
6216,6216627477478482,Male Gen
6217,6217084167944784,Male Gen
6218,6218032947843588,Male Gen
6219,6219547848735825,Male Gen
6220,6220365215534784,Male Gen
6221,6221231738634784,Male Gen
6222,6222952478440512,Male Gen
6223,6223036546347848,Male Gen
6224,6224747840328587,Male Gen
6225,6225874784717188,Male Gen
6226,6226942904784978,Male Gen
6227,6227889949047849,Male Gen
6228,6228956807624784,Male Gen
6229,6229236471478499,Male Gen
6230,6230478455415982,Male Gen
6231,6231028173478419,Male Gen
6232,6232152478494571,Male Gen
6233,6233335452904784,Male Gen
6234,6234067158147840,Male Gen
6235,6235692047844953,Male Gen
6236,6236936323478449,Male Gen
6237,6237333074784835,Male Gen
6238,6238694784386286,Male Gen
6239,6239182647844362,Male Gen
6240,6240478452087927,Male Gen
6241,6241889256478461,Male Gen
6242,6242478441048059,Male Gen
6243,6243464968547840,Male Gen
6244,6244630458884784,Male Gen
6245,6245889478421095,Male Gen
6246,6246478402512294,Male Gen
6247,6247164147846331,Male Gen
6248,6248147849596351,Male Gen
6249,6249414784454102,Male Gen
6250,6250044784266044,Male Gen
6251,6251999811478456,Male Gen
6252,6252300230647842,Male Gen
6253,6253478454336276,Male Gen
6254,6254244784900350,Male Gen
6255,6255532147848174,Male Gen
6256,6256434784296525,Male Gen
6257,6257667047844954,Male Gen
6258,6258350497478413,Male Gen
6259,6259047849520886,Male Gen
6260,6260947654784800,Male Gen
6261,6261747841562816,Male Gen
6262,6262000200478491,Male Gen
6263,6263028777934784,Male Gen
6264,6264478475153816,Male Gen
6265,6265744784711756,Male Gen
6266,6266031478459697,Male Gen
6267,6267101234784317,Male Gen
6268,6268170814478491,Male Gen
6269,6269143594784464,Male Gen
6270,6270407911947849,Male Gen
6271,6271300478460233,Male Gen
6272,6272478446094136,Male Gen
6273,6273606933394784,Male Gen
6274,6274933124784816,Male Gen
6275,6275544144478474,Male Gen
6276,6276108698478460,Male Gen
6277,6277596215478444,Male Gen
6278,6278803356094784,Male Gen
6279,6279182478412171,Male Gen
6280,6280478457938152,Male Gen
6281,6281870258478411,Male Gen
6282,6282018876047845,Male Gen
6283,6283124784151598,Male Gen
6284,6284215204478428,Male Gen
6285,6285478466398950,Male Gen
6286,6286004784691052,Male Gen
6287,6287048059478429,Male Gen
6288,6288558547848647,Male Gen
6289,6289405540604784,Male Gen
6290,6290054784186267,Male Gen
6291,6291806394784334,Male Gen
6292,6292875547841719,Male Gen
6293,6293905992447849,Male Gen
6294,6294088046547849,Male Gen
6295,6295973795478472,Male Gen
6296,6296420283478438,Male Gen
6297,6297354784302605,Male Gen
6298,6298284247846039,Male Gen
6299,6299478401477034,Male Gen
6300,6300671747840578,Male Gen
6301,6301860478418588,Male Gen
6302,6302227547845649,Male Gen
6303,6303433478422898,Male Gen
6304,6304485478463658,Male Gen
6305,6305995747842884,Male Gen
6306,6306547843705207,Male Gen
6307,6307267478458287,Male Gen
6308,6308547844485243,Male Gen
6309,6309868834784489,Male Gen
6310,6310314998478492,Male Gen
6311,6311428272364784,Male Gen
6312,6312397119478495,Male Gen
6313,6313397478406132,Male Gen
6314,6314378262478482,Male Gen
6315,6315430547845355,Male Gen
6316,6316747846104987,Male Gen
6317,6317919932478443,Male Gen
6318,6318445478449994,Male Gen
6319,6319585478470964,Male Gen
6320,6320478456852572,Male Gen
6321,6321347544194784,Male Gen
6322,6322478470063361,Male Gen
6323,6323478094784578,Male Gen
6324,6324421478421751,Male Gen
6325,6325504478450847,Male Gen
6326,6326791478492323,Male Gen
6327,6327704784758606,Male Gen
6328,6328695486447847,Male Gen
6329,6329147841696958,Male Gen
6330,6330145968547848,Male Gen
6331,6331894784762130,Male Gen
6332,6332098947247844,Male Gen
6333,6333312347844535,Male Gen
6334,6334147846673133,Male Gen
6335,6335524784492107,Male Gen
6336,6336847841043263,Male Gen
6337,6337918304784117,Male Gen
6338,6338478494967245,Male Gen
6339,6339094784119583,Male Gen
6340,6340547972834784,Male Gen
6341,6341395493478447,Male Gen
6342,6342541094784359,Male Gen
6343,6343478401296477,Male Gen
6344,6344764784273479,Male Gen
6345,6345248747843730,Male Gen
6346,6346670447842807,Male Gen
6347,6347211904784653,Male Gen
6348,6348478461957792,Male Gen
6349,6349381514784893,Male Gen
6350,6350339647848554,Male Gen
6351,6351905847845837,Male Gen
6352,6352496478426809,Male Gen
6353,6353425647841173,Male Gen
6354,6354847478458928,Male Gen
6355,6355290504784823,Male Gen
6356,6356465988724784,Male Gen
6357,6357113478465247,Male Gen
6358,6358110847849400,Male Gen
6359,6359154784078757,Male Gen
6360,6360560747841431,Male Gen
6361,6361478436169789,Male Gen
6362,6362261391478496,Male Gen
6363,6363736700478430,Male Gen
6364,6364392347844214,Male Gen
6365,6365080290478462,Male Gen
6366,6366478400660037,Male Gen
6367,6367478449336650,Male Gen
6368,6368872726478489,Male Gen
6369,6369710478442212,Male Gen
6370,6370417786647840,Male Gen
6371,6371301054047848,Male Gen
6372,6372959889478424,Male Gen
6373,6373785224784787,Male Gen
6374,6374387847842447,Male Gen
6375,6375877834784584,Male Gen
6376,6376047849251193,Male Gen
6377,6377547847812917,Male Gen
6378,6378450161478411,Male Gen
6379,6379478492266918,Male Gen
6380,6380747843974817,Male Gen
6381,6381484784714138,Male Gen
6382,6382872653047847,Male Gen
6383,6383009864114784,Male Gen
6384,6384758164784237,Male Gen
6385,6385924812478465,Male Gen
6386,6386478400822997,Male Gen
6387,6387846705847844,Male Gen
6388,6388478484735136,Male Gen
6389,6389439674784878,Male Gen
6390,6390247845002366,Male Gen
6391,6391234934784503,Male Gen
6392,6392478445244239,Male Gen
6393,6393147848298089,Male Gen
6394,6394180946754784,Male Gen
6395,6395408384784048,Male Gen
6396,6396247844483280,Male Gen
6397,6397882246478408,Male Gen
6398,6398147844153618,Male Gen
6399,6399063874784399,Male Gen
6400,6400965478496406,Male Gen
6401,6401435063734784,Male Gen
6402,6402847847999595,Male Gen
6403,6403475478415447,Male Gen
6404,6404459447849529,Male Gen
6405,6405478464751235,Male Gen
6406,6406933478453552,Male Gen
6407,6407633324784408,Male Gen
6408,6408400947844756,Male Gen
6409,6409530904784665,Male Gen
6410,6410348983164784,Male Gen
6411,6411064784983334,Male Gen
6412,6412747848256596,Male Gen
6413,6413816934784805,Male Gen
6414,6414955478465530,Male Gen
6415,6415939254784575,Male Gen
6416,6416478465862275,Male Gen
6417,6417978707494784,Male Gen
6418,6418623478437372,Male Gen
6419,6419384798947847,Male Gen
6420,6420138478434076,Male Gen
6421,6421173872478497,Male Gen
6422,6422182478464477,Male Gen
6423,6423884784057096,Male Gen
6424,6424685968147842,Male Gen
6425,6425602547840853,Male Gen
6426,6426341643147844,Male Gen
6427,6427089347846281,Male Gen
6428,6428412349847848,Male Gen
6429,6429216537914784,Male Gen
6430,6430364478455553,Male Gen
6431,6431374198847843,Male Gen
6432,6432104347845243,Male Gen
6433,6433356774784380,Male Gen
6434,6434473478499661,Male Gen
6435,6435898478458636,Male Gen
6436,6436888651424784,Male Gen
6437,6437761604784331,Male Gen
6438,6438374478416061,Male Gen
6439,6439523176147847,Male Gen
6440,6440202490478477,Male Gen
6441,6441380048784784,Male Gen
6442,6442700690478463,Male Gen
6443,6443909492478447,Male Gen
6444,6444537779944784,Male Gen
6445,6445478417910352,Male Gen
6446,6446647845282610,Male Gen
6447,6447307478478979,Male Gen
6448,6448478431310732,Male Gen
6449,6449747843215726,Male Gen
6450,6450458519144784,Male Gen
6451,6451419660474784,Male Gen
6452,6452318994547846,Male Gen
6453,6453844784247031,Male Gen
6454,6454747840082210,Male Gen
6455,6455824784104815,Male Gen
6456,6456478446564906,Male Gen
6457,6457097478420283,Male Gen
6458,6458478438087168,Male Gen
6459,6459247821478463,Male Gen
6460,6460478476970381,Male Gen
6461,6461984784354987,Male Gen
6462,6462656730484784,Male Gen
6463,6463159664784002,Male Gen
6464,6464947841645798,Male Gen
6465,6465504784933238,Male Gen
6466,6466947845620909,Male Gen
6467,6467924784833389,Male Gen
6468,6468936379294784,Male Gen
6469,6469478476689421,Male Gen
6470,6470503947847341,Male Gen
6471,6471247847862174,Male Gen
6472,6472814245354784,Male Gen
6473,6473170478400648,Male Gen
6474,6474155647840365,Male Gen
6475,6475928549478452,Male Gen
6476,6476955478439153,Male Gen
6477,6477172478417217,Male Gen
6478,6478147848532124,Male Gen
6479,6479247846468474,Male Gen
6480,6480257002478497,Male Gen
6481,6481368924784190,Male Gen
6482,6482734784146734,Male Gen
6483,6483400304784360,Male Gen
6484,6484147842702722,Male Gen
6485,6485137787494784,Male Gen
6486,6486217704784072,Male Gen
6487,6487288478417712,Male Gen
6488,6488117950934784,Male Gen
6489,6489499862547842,Male Gen
6490,6490635448364784,Male Gen
6491,6491287779047840,Male Gen
6492,6492063047478434,Male Gen
6493,6493581478442805,Male Gen
6494,6494211225478449,Male Gen
6495,6495319827047847,Male Gen
6496,6496514766547840,Male Gen
6497,6497144784779119,Male Gen
6498,6498478474671431,Male Gen
6499,6499161478440902,Male Gen
6500,6500478466459121,Male Gen
6501,6501140302544784,Male Gen
6502,6502500929747847,Male Gen
6503,6503710407478458,Male Gen
6504,6504450969478450,Male Gen
6505,6505478495595048,Male Gen
6506,6506251890547842,Male Gen
6507,6507592164784675,Male Gen
6508,6508478450625440,Male Gen
6509,6509304784715938,Male Gen
6510,6510228247841247,Male Gen
6511,6511512697547849,Male Gen
6512,6512686784784480,Male Gen
6513,6513001847849034,Male Gen
6514,6514478410081563,Male Gen
6515,6515634784190260,Male Gen
6516,6516347845556846,Male Gen
6517,6517845478402759,Male Gen
6518,6518584552478420,Male Gen
6519,6519802478432566,Male Gen
6520,6520947398904784,Male Gen
6521,6521047846214862,Male Gen
6522,6522854784586550,Male Gen
6523,6523478446628828,Male Gen
6524,6524086084784160,Male Gen
6525,6525839468478403,Male Gen
6526,6526922474478453,Male Gen
6527,6527905447842669,Male Gen
6528,6528205435478430,Male Gen
6529,6529435530478417,Male Gen
6530,6530492478483898,Male Gen
6531,6531847847308620,Male Gen
6532,6532534784104805,Male Gen
6533,6533703452584784,Male Gen
6534,6534474784155237,Male Gen
6535,6535947846907010,Male Gen
6536,6536478423675820,Male Gen
6537,6537089351714784,Male Gen
6538,6538447842578267,Male Gen
6539,6539000246314784,Male Gen
6540,6540350398047847,Male Gen
6541,6541584784156142,Male Gen
6542,6542478416383547,Male Gen
6543,6543112147846767,Male Gen
6544,6544625629847849,Male Gen
6545,6545826524447840,Male Gen
6546,6546204174784324,Male Gen
6547,6547674784145873,Male Gen
6548,6548654347845162,Male Gen
6549,6549597478451708,Male Gen
6550,6550726347840449,Male Gen
6551,6551695047842128,Male Gen
6552,6552184784911097,Male Gen
6553,6553962478481196,Male Gen
6554,6554478478493052,Male Gen
6555,6555460252247841,Male Gen
6556,6556578478466854,Male Gen
6557,6557478442699628,Male Gen
6558,6558047849123238,Male Gen
6559,6559739847840657,Male Gen
6560,6560478432406045,Male Gen
6561,6561315719347843,Male Gen
6562,6562540361034784,Male Gen
6563,6563342047494784,Male Gen
6564,6564404784884103,Male Gen
6565,6565144458478469,Male Gen
6566,6566197625074784,Male Gen
6567,6567858947847029,Male Gen
6568,6568674784837064,Male Gen
6569,6569605147847930,Male Gen
6570,6570447842517520,Male Gen
6571,6571478492698245,Male Gen
6572,6572959547841688,Male Gen
6573,6573347841451208,Male Gen
6574,6574478489224319,Male Gen
6575,6575966831478475,Male Gen
6576,6576790004784413,Male Gen
6577,6577065074124784,Male Gen
6578,6578569247845968,Male Gen
6579,6579478461583584,Male Gen
6580,6580947849229636,Male Gen
6581,6581872478465234,Male Gen
6582,6582478480433707,Male Gen
6583,6583509478482177,Male Gen
6584,6584478402972314,Male Gen
6585,6585322830478448,Male Gen
6586,6586030242744784,Male Gen
6587,6587477884784335,Male Gen
6588,6588478421880949,Male Gen
6589,6589478486222599,Male Gen
6590,6590392962684784,Male Gen
6591,6591743684784312,Male Gen
6592,6592947846602976,Male Gen
6593,6593253909478440,Male Gen
6594,6594647843991386,Male Gen
6595,6595244784240584,Male Gen
6596,6596256723804784,Male Gen
6597,6597062717374784,Male Gen
6598,6598871683647844,Male Gen
6599,6599129724784357,Male Gen
6600,6600881800647842,Male Gen
6601,6601789083478408,Male Gen
6602,6602589478457153,Male Gen
6603,6603637478416603,Male Gen
6604,6604292678447848,Male Gen
6605,6605484347842933,Male Gen
6606,6606310478450132,Male Gen
6607,6607815136478466,Male Gen
6608,6608195478460671,Male Gen
6609,6609785919247841,Male Gen
6610,6610534478474386,Male Gen
6611,6611229354394784,Male Gen
6612,6612942345478400,Male Gen
6613,6613494784767795,Male Gen
6614,6614832478477809,Male Gen
6615,6615478433424475,Male Gen
6616,6616903573447847,Male Gen
6617,6617424784686700,Male Gen
6618,6618170447841127,Male Gen
6619,6619953044647845,Male Gen
6620,6620064784842690,Male Gen
6621,6621945478456263,Male Gen
6622,6622478401761821,Male Gen
6623,6623858336344784,Male Gen
6624,6624656478478820,Male Gen
6625,6625292947845162,Male Gen
6626,6626207247847289,Male Gen
6627,6627853347843260,Male Gen
6628,6628744615904784,Male Gen
6629,6629074784546499,Male Gen
6630,6630478458649984,Male Gen
6631,6631982047848763,Male Gen
6632,6632289926247842,Male Gen
6633,6633654845478477,Male Gen
6634,6634444784467789,Male Gen
6635,6635501478408259,Male Gen
6636,6636929784784741,Male Gen
6637,6637412405754784,Male Gen
6638,6638478469796260,Male Gen
6639,6639784784150170,Male Gen
6640,6640057478450264,Male Gen
6641,6641037001478482,Male Gen
6642,6642866254784430,Male Gen
6643,6643682747849023,Male Gen
6644,6644478446230949,Male Gen
6645,6645954647847729,Male Gen
6646,6646803647849993,Male Gen
6647,6647033478494772,Male Gen
6648,6648025166478499,Male Gen
6649,6649404784868264,Male Gen
6650,6650135478424443,Male Gen
6651,6651394948347846,Male Gen
6652,6652688470547840,Male Gen
6653,6653285144784278,Male Gen
6654,6654068544784504,Male Gen
6655,6655847840647363,Male Gen
6656,6656400544174784,Male Gen
6657,6657484784665351,Male Gen
6658,6658891864784715,Male Gen
6659,6659558832934784,Male Gen
6660,6660478454453787,Male Gen
6661,6661784478491492,Male Gen
6662,6662125404784944,Male Gen
6663,6663478497018117,Male Gen
6664,6664989714784364,Male Gen
6665,6665394314478440,Male Gen
6666,6666549478428348,Male Gen
6667,6667024784363399,Male Gen
6668,6668901674784420,Male Gen
6669,6669947849698882,Male Gen
6670,6670844784956101,Male Gen
6671,6671694784679495,Male Gen
6672,6672870386747848,Male Gen
6673,6673167210647846,Male Gen
6674,6674874391247842,Male Gen
6675,6675468255714784,Male Gen
6676,6676223321884784,Male Gen
6677,6677159197647844,Male Gen
6678,6678899478413565,Male Gen
6679,6679424784826867,Male Gen
6680,6680712659664784,Male Gen
6681,6681212054147844,Male Gen
6682,6682764784513353,Male Gen
6683,6683478406646854,Male Gen
6684,6684857647846374,Male Gen
6685,6685480347846061,Male Gen
6686,6686410797478463,Male Gen
6687,6687818478445180,Male Gen
6688,6688478473386247,Male Gen
6689,6689090478474721,Male Gen
6690,6690949478044784,Male Gen
6691,6691478472788797,Male Gen
6692,6692547840432325,Male Gen
6693,6693986472744784,Male Gen
6694,6694881478466520,Male Gen
6695,6695478432487271,Male Gen
6696,6696406847845976,Male Gen
6697,6697144372947840,Male Gen
6698,6698447843280861,Male Gen
6699,6699571994784159,Male Gen
6700,6700828274784040,Male Gen
6701,6701635161847842,Male Gen
6702,6702956671124784,Male Gen
6703,6703371044784274,Male Gen
6704,6704478479931835,Male Gen
6705,6705247843811576,Male Gen
6706,6706224854784203,Male Gen
6707,6707064801047848,Male Gen
6708,6708147849512199,Male Gen
6709,6709504224464784,Male Gen
6710,6710947849355902,Male Gen
6711,6711639834784692,Male Gen
6712,6712277739684784,Male Gen
6713,6713247841383442,Male Gen
6714,6714495094478499,Male Gen
6715,6715458707447845,Male Gen
6716,6716478453713507,Male Gen
6717,6717140352478471,Male Gen
6718,6718274784441794,Male Gen
6719,6719516478400845,Male Gen
6720,6720847846112007,Male Gen
6721,6721167914647843,Male Gen
6722,6722478419960397,Male Gen
6723,6723934784449089,Male Gen
6724,6724416813494784,Male Gen
6725,6725272247846374,Male Gen
6726,6726557134784209,Male Gen
6727,6727755447848815,Male Gen
6728,6728864614784058,Male Gen
6729,6729157478467820,Male Gen
6730,6730740478413072,Male Gen
6731,6731420878247844,Male Gen
6732,6732621478440855,Male Gen
6733,6733338360478432,Male Gen
6734,6734478400224788,Male Gen
6735,6735764784719396,Male Gen
6736,6736004784197232,Male Gen
6737,6737478449576786,Male Gen
6738,6738446347843885,Male Gen
6739,6739638454784120,Male Gen
6740,6740929647842227,Male Gen
6741,6741896478430205,Male Gen
6742,6742008907747840,Male Gen
6743,6743398478419736,Male Gen
6744,6744937672844784,Male Gen
6745,6745554478470342,Male Gen
6746,6746747847441872,Male Gen
6747,6747934737478413,Male Gen
6748,6748374784769011,Male Gen
6749,6749063522347846,Male Gen
6750,6750414784378974,Male Gen
6751,6751947842168229,Male Gen
6752,6752998478470408,Male Gen
6753,6753953212547841,Male Gen
6754,6754989247847197,Male Gen
6755,6755478447663463,Male Gen
6756,6756114784001011,Male Gen
6757,6757370694478429,Male Gen
6758,6758214784436368,Male Gen
6759,6759294784566698,Male Gen
6760,6760570547848228,Male Gen
6761,6761584784798222,Male Gen
6762,6762924784079090,Male Gen
6763,6763147845864949,Male Gen
6764,6764989218478419,Male Gen
6765,6765594784489060,Male Gen
6766,6766090613847846,Male Gen
6767,6767847848757501,Male Gen
6768,6768140655647848,Male Gen
6769,6769992647843707,Male Gen
6770,6770076457947849,Male Gen
6771,6771876247849953,Male Gen
6772,6772296864247847,Male Gen
6773,6773744626084784,Male Gen
6774,6774206347844166,Male Gen
6775,6775527478479051,Male Gen
6776,6776947849775544,Male Gen
6777,6777289647841106,Male Gen
6778,6778147843190344,Male Gen
6779,6779478498246183,Male Gen
6780,6780069099314784,Male Gen
6781,6781849247848703,Male Gen
6782,6782240839747840,Male Gen
6783,6783986714784282,Male Gen
6784,6784447845018158,Male Gen
6785,6785609214784397,Male Gen
6786,6786966862478455,Male Gen
6787,6787710501478476,Male Gen
6788,6788486873847846,Male Gen
6789,6789779478499877,Male Gen
6790,6790184784719473,Male Gen
6791,6791774784684581,Male Gen
6792,6792744784883267,Male Gen
6793,6793388086747840,Male Gen
6794,6794402347846669,Male Gen
6795,6795144784110529,Male Gen
6796,6796563347841276,Male Gen
6797,6797834784298805,Male Gen
6798,6798478400385294,Male Gen
6799,6799478456184671,Male Gen
6800,6800478400281454,Male Gen
6801,6801892675147844,Male Gen
6802,6802454784281776,Male Gen
6803,6803054297014784,Male Gen
6804,6804054579478442,Male Gen
6805,6805947845952273,Male Gen
6806,6806592117464784,Male Gen
6807,6807258274784205,Male Gen
6808,6808478468366536,Male Gen
6809,6809663238264784,Male Gen
6810,6810124784246016,Male Gen
6811,6811847848898272,Male Gen
6812,6812551452314784,Male Gen
6813,6813207647845129,Male Gen
6814,6814478444991969,Male Gen
6815,6815411947844483,Male Gen
6816,6816552644784756,Male Gen
6817,6817347848277865,Male Gen
6818,6818564784900583,Male Gen
6819,6819123105478401,Male Gen
6820,6820995147840609,Male Gen
6821,6821247848946266,Male Gen
6822,6822228908247840,Male Gen
6823,6823029478467354,Male Gen
6824,6824747840413702,Male Gen
6825,6825947841571976,Male Gen
6826,6826932767478498,Male Gen
6827,6827664478445970,Male Gen
6828,6828334784493380,Male Gen
6829,6829034784294713,Male Gen
6830,6830033009074784,Male Gen
6831,6831478463242374,Male Gen
6832,6832478431184688,Male Gen
6833,6833330670094784,Male Gen
6834,6834333478420930,Male Gen
6835,6835559447847800,Male Gen
6836,6836478409666046,Male Gen
6837,6837918106478447,Male Gen
6838,6838066347848898,Male Gen
6839,6839121072704784,Male Gen
6840,6840219664784759,Male Gen
6841,6841649224478486,Male Gen
6842,6842447848530520,Male Gen
6843,6843109347847384,Male Gen
6844,6844515692654784,Male Gen
6845,6845724784695014,Male Gen
6846,6846201194447846,Male Gen
6847,6847348716944784,Male Gen
6848,6848478441076992,Male Gen
6849,6849134575478477,Male Gen
6850,6850335478147842,Male Gen
6851,6851002478440884,Male Gen
6852,6852478459785023,Male Gen
6853,6853407347843133,Male Gen
6854,6854439629747846,Male Gen
6855,6855166694784758,Male Gen
6856,6856854684784423,Male Gen
6857,6857302478486114,Male Gen
6858,6858854784839220,Male Gen
6859,6859206665147847,Male Gen
6860,6860478495170095,Male Gen
6861,6861747841208433,Male Gen
6862,6862073478442872,Male Gen
6863,6863111865647842,Male Gen
6864,6864194784411768,Male Gen
6865,6865584784028463,Male Gen
6866,6866246131478420,Male Gen
6867,6867757747840444,Male Gen
6868,6868050184784784,Male Gen
6869,6869541478488179,Male Gen
6870,6870478479319806,Male Gen
6871,6871354784972706,Male Gen
6872,6872190478404923,Male Gen
6873,6873478467266079,Male Gen
6874,6874478444931088,Male Gen
6875,6875132634784754,Male Gen
6876,6876811440478477,Male Gen
6877,6877034699478424,Male Gen
6878,6878614784062888,Male Gen
6879,6879618767478484,Male Gen
6880,6880649814947844,Male Gen
6881,6881310547846695,Male Gen
6882,6882902891478484,Male Gen
6883,6883947841140422,Male Gen
6884,6884047846182603,Male Gen
6885,6885044784590026,Male Gen
6886,6886814478451229,Male Gen
6887,6887838144647843,Male Gen
6888,6888222848347840,Male Gen
6889,6889632183478475,Male Gen
6890,6890799951478497,Male Gen
6891,6891344784374455,Male Gen
6892,6892386654784666,Male Gen
6893,6893664784152483,Male Gen
6894,6894216247846396,Male Gen
6895,6895839747841915,Male Gen
6896,6896478475601404,Male Gen
6897,6897696477947842,Male Gen
6898,6898639404784358,Male Gen
6899,6899224784548960,Male Gen
6900,6900724784884299,Male Gen
6901,6901237984784586,Female VIP
6902,6902694704784139,Female VIP
6903,6903663847847483,Female VIP
6904,6904543384784737,Female VIP
6905,6905616016874784,Female VIP
6906,6906651212478442,Female VIP
6907,6907342756478479,Female VIP
6908,6908478410994721,Female VIP
6909,6909814784288308,Female VIP
6910,6910678478444552,Female VIP
6911,6911024443478414,Female VIP
6912,6912254784527742,Female VIP
6913,6913984314784024,Female VIP
6914,6914718954784310,Female VIP
6915,6915249247840448,Female VIP
6916,6916260065478492,Female VIP
6917,6917478469960574,Female VIP
6918,6918546847842933,Female VIP
6919,6919157964447849,Female VIP
6920,6920313196304784,Female VIP
6921,6921154784035563,Female VIP
6922,6922202242478400,Female VIP
6923,6923141661104784,Female VIP
6924,6924117647840345,Female VIP
6925,6925399747848220,Female VIP
6926,6926535478458935,Female VIP
6927,6927738503947843,Female VIP
6928,6928401478410306,Female VIP
6929,6929802809478476,Female VIP
6930,6930040632647847,Female VIP
6931,6931254784049563,Female VIP
6932,6932949784784746,Female VIP
6933,6933894784570236,Female VIP
6934,6934847843426172,Female VIP
6935,6935905947846361,Female VIP
6936,6936693478405788,Female VIP
6937,6937914232478413,Female VIP
6938,6938759504784122,Female VIP
6939,6939047841671373,Female VIP
6940,6940479916478452,Female VIP
6941,6941878858947843,Female VIP
6942,6942247846991035,Female VIP
6943,6943637274547845,Female VIP
6944,6944671547842665,Female VIP
6945,6945247848089955,Female VIP
6946,6946421163224784,Female VIP
6947,6947362882547849,Female VIP
6948,6948752478448145,Female VIP
6949,6949960478454034,Female VIP
6950,6950447842651697,Female VIP
6951,6951955484784367,Female VIP
6952,6952454047842543,Female VIP
6953,6953994784922850,Female VIP
6954,6954725874478400,Female VIP
6955,6955347840653706,Female VIP
6956,6956287592478488,Female VIP
6957,6957515947847392,Female VIP
6958,6958943428764784,Female VIP
6959,6959730875647846,Female VIP
6960,6960576681547841,Female VIP
6961,6961274784235009,Female VIP
6962,6962007309747847,Female VIP
6963,6963207635784784,Female VIP
6964,6964505734784388,Female VIP
6965,6965024487547847,Female VIP
6966,6966314723924784,Female VIP
6967,6967276478454001,Female VIP
6968,6968947843442798,Female VIP
6969,6969521478409940,Female VIP
6970,6970084784197650,Female VIP
6971,6971712814784171,Female VIP
6972,6972363384784823,Female VIP
6973,6973610019247847,Female VIP
6974,6974485195478413,Female VIP
6975,6975347845881766,Female VIP
6976,6976915947414784,Female VIP
6977,6977272478477371,Female VIP
6978,6978358478432061,Female VIP
6979,6979657247843089,Female VIP
6980,6980547841873315,Female VIP
6981,6981547845703223,Female VIP
6982,6982639947844676,Female VIP
6983,6983147846226077,Female VIP
6984,6984769704784259,Female VIP
6985,6985235762547840,Female VIP
6986,6986847849534719,Female VIP
6987,6987186444784650,Female VIP
6988,6988374455594784,Female VIP
6989,6989717302478418,Female VIP
6990,6990614784225505,Female VIP
6991,6991756478416285,Female VIP
6992,6992265014784480,Female VIP
6993,6993069647847164,Female VIP
6994,6994478405633311,Female VIP
6995,6995575294784391,Female VIP
6996,6996244611794784,Female VIP
6997,6997347843321687,Female VIP
6998,6998037540847846,Female VIP
6999,6999328033478483,Female VIP
7000,7000594784289354,Female VIP
7001,7001704784136770,Female VIP
7002,7002274784424658,Female VIP
7003,7003744784584379,Female VIP
7004,7004669147848499,Female VIP
7005,7005478485957138,Female VIP
7006,7006478441823552,Female VIP
7007,7007819478479928,Female VIP
7008,7008681916847849,Female VIP
7009,7009294847840186,Female VIP
7010,7010147478404249,Female VIP
7011,7011489552347845,Female VIP
7012,7012398024784357,Female VIP
7013,7013279395047840,Female VIP
7014,7014276478414466,Female VIP
7015,7015647840173169,Female VIP
7016,7016434804784366,Female VIP
7017,7017478401044645,Female VIP
7018,7018051469478469,Female VIP
7019,7019966478436067,Female VIP
7020,7020478433909280,Female VIP
7021,7021478480539654,Female VIP
7022,7022454784691589,Female VIP
7023,7023634784701321,Female VIP
7024,7024994789747841,Female VIP
7025,7025229534784254,Female VIP
7026,7026478475721219,Female VIP
7027,7027728360447846,Female VIP
7028,7028858547844455,Female VIP
7029,7029412634478473,Female VIP
7030,7030167777047841,Female VIP
7031,7031272280478478,Female VIP
7032,7032793930647846,Female VIP
7033,7033597747840698,Female VIP
7034,7034478488780067,Female VIP
7035,7035562892478403,Female VIP
7036,7036128036034784,Female VIP
7037,7037478418385073,Female VIP
7038,7038147844238540,Female VIP
7039,7039342447846871,Female VIP
7040,7040904478490190,Female VIP
7041,7041420478496451,Female VIP
7042,7042356478402098,Female VIP
7043,7043255478482010,Female VIP
7044,7044874147849414,Female VIP
7045,7045447842484412,Female VIP
7046,7046478412239326,Female VIP
7047,7047314636478484,Female VIP
7048,7048005614747843,Female VIP
7049,7049747848923317,Female VIP
7050,7050840720847841,Female VIP
7051,7051347844421261,Female VIP
7052,7052853367478447,Female VIP
7053,7053397269384784,Female VIP
7054,7054534784676004,Female VIP
7055,7055306974784652,Female VIP
7056,7056478488816233,Female VIP
7057,7057205803478461,Female VIP
7058,7058627747846694,Female VIP
7059,7059045739447848,Female VIP
7060,7060097173884784,Female VIP
7061,7061047848974754,Female VIP
7062,7062647840647752,Female VIP
7063,7063478475043015,Female VIP
7064,7064947843181733,Female VIP
7065,7065478426517794,Female VIP
7066,7066347844766800,Female VIP
7067,7067547845985177,Female VIP
7068,7068602176194784,Female VIP
7069,7069292074784181,Female VIP
7070,7070647848069862,Female VIP
7071,7071577447845296,Female VIP
7072,7072090397814784,Female VIP
7073,7073795847841390,Female VIP
7074,7074478440485249,Female VIP
7075,7075423947844762,Female VIP
7076,7076004966447842,Female VIP
7077,7077002796747848,Female VIP
7078,7078487478462840,Female VIP
7079,7079110302478401,Female VIP
7080,7080685478451309,Female VIP
7081,7081214784698151,Female VIP
7082,7082847841002807,Female VIP
7083,7083547847626559,Female VIP
7084,7084786279478474,Female VIP
7085,7085074784413709,Female VIP
7086,7086867847474784,Female VIP
7087,7087747847448740,Female VIP
7088,7088244784273166,Female VIP
7089,7089478405225478,Female VIP
7090,7090124363947847,Female VIP
7091,7091047841069415,Female VIP
7092,7092478471142913,Female VIP
7093,7093734784396966,Female VIP
7094,7094556884784596,Female VIP
7095,7095784239947845,Female VIP
7096,7096342114784974,Female VIP
7097,7097954784834953,Female VIP
7098,7098247849212797,Female VIP
7099,7099047849401197,Female VIP
7100,7100894784931582,Female VIP
7101,7101814784353990,Female VIP
7102,7102804328864784,Female VIP
7103,7103478433730053,Female VIP
7104,7104365662478443,Female VIP
7105,7105562317847846,Female VIP
7106,7106047267347843,Female VIP
7107,7107578094784584,Female VIP
7108,7108464784946213,Female VIP
7109,7109622478425544,Female VIP
7110,7110246247840207,Female VIP
7111,7111944387824784,Female VIP
7112,7112571075478444,Female VIP
7113,7113836274784158,Female VIP
7114,7114478468999338,Female VIP
7115,7115048301654784,Female VIP
7116,7116788662344784,Female VIP
7117,7117353447840494,Female VIP
7118,7118530434784775,Female VIP
7119,7119792075447845,Female VIP
7120,7120478440277178,Female VIP
7121,7121832737478499,Female VIP
7122,7122975947843349,Female VIP
7123,7123478409293769,Female VIP
7124,7124691304784504,Female VIP
7125,7125363506478459,Female VIP
7126,7126994784116411,Female VIP
7127,7127304115747848,Female VIP
7128,7128132478412378,Female VIP
7129,7129824784099477,Female VIP
7130,7130270084784880,Female VIP
7131,7131563367884784,Female VIP
7132,7132631404784456,Female VIP
7133,7133437570547846,Female VIP
7134,7134907520478497,Female VIP
7135,7135744478466821,Female VIP
7136,7136047843209173,Female VIP
7137,7137995144784812,Female VIP
7138,7138614784382473,Female VIP
7139,7139478478817882,Female VIP
7140,7140001547842262,Female VIP
7141,7141873847845660,Female VIP
7142,7142491478417071,Female VIP
7143,7143614347842896,Female VIP
7144,7144478411846806,Female VIP
7145,7145714784196311,Female VIP
7146,7146547841500426,Female VIP
7147,7147138534947845,Female VIP
7148,7148747843935672,Female VIP
7149,7149134478440762,Female VIP
7150,7150547841956675,Female VIP
7151,7151382384784838,Female VIP
7152,7152754747846969,Female VIP
7153,7153892820947845,Female VIP
7154,7154447842998562,Female VIP
7155,7155447848685108,Female VIP
7156,7156506747847095,Female VIP
7157,7157478439968369,Female VIP
7158,7158724478436082,Female VIP
7159,7159478423471816,Female VIP
7160,7160726316347844,Female VIP
7161,7161947842496248,Female VIP
7162,7162478463896980,Female VIP
7163,7163547844279166,Female VIP
7164,7164707355847844,Female VIP
7165,7165853388047849,Female VIP
7166,7166974784244753,Female VIP
7167,7167478463887543,Female VIP
7168,7168409478416391,Female VIP
7169,7169928155894784,Female VIP
7170,7170478466126390,Female VIP
7171,7171644784836993,Female VIP
7172,7172408478406943,Female VIP
7173,7173274606724784,Female VIP
7174,7174478411479640,Female VIP
7175,7175478426575303,Female VIP
7176,7176602287478485,Female VIP
7177,7177997478481824,Female VIP
7178,7178478433508002,Female VIP
7179,7179447842184774,Female VIP
7180,7180478459157352,Female VIP
7181,7181016434784039,Female VIP
7182,7182916484784821,Female VIP
7183,7183265478487368,Female VIP
7184,7184332082447847,Female VIP
7185,7185083575478470,Female VIP
7186,7186114784319877,Female VIP
7187,7187649229478456,Female VIP
7188,7188298478453850,Female VIP
7189,7189410626254784,Female VIP
7190,7190017745478486,Female VIP
7191,7191404784368387,Female VIP
7192,7192447842805370,Female VIP
7193,7193478450794250,Female VIP
7194,7194005649304784,Female VIP
7195,7195478421839555,Female VIP
7196,7196068104784021,Female VIP
7197,7197589290847845,Female VIP
7198,7198702144604784,Female VIP
7199,7199934784156807,Female VIP
7200,7200819242047847,Female VIP
7201,7201478491692872,Female VIP
7202,7202818147848235,Female VIP
7203,7203516560478429,Female VIP
7204,7204631823147841,Female VIP
7205,7205647841391808,Female VIP
7206,7206300014784471,Female VIP
7207,7207516114784075,Female VIP
7208,7208267700804784,Female VIP
7209,7209747844670659,Female VIP
7210,7210478448852978,Female VIP
7211,7211284478441218,Female VIP
7212,7212722847846428,Female VIP
7213,7213519529478454,Female VIP
7214,7214747841437692,Female VIP
7215,7215664169164784,Female VIP
7216,7216551047840702,Female VIP
7217,7217761478457226,Female VIP
7218,7218795478418027,Female VIP
7219,7219047846825338,Female VIP
7220,7220547843662023,Female VIP
7221,7221478422483084,Female VIP
7222,7222883478454390,Female VIP
7223,7223754147846942,Female VIP
7224,7224345733947847,Female VIP
7225,7225834784098595,Female VIP
7226,7226128638547841,Female VIP
7227,7227478413806452,Female VIP
7228,7228185581347841,Female VIP
7229,7229315421478433,Female VIP
7230,7230479847847484,Female VIP
7231,7231585186478464,Female VIP
7232,7232469824784598,Female VIP
7233,7233478492351982,Female VIP
7234,7234547842227110,Female VIP
7235,7235877864478489,Female VIP
7236,7236242478403728,Female VIP
7237,7237478460110097,Female VIP
7238,7238060397594784,Female VIP
7239,7239447840095772,Female VIP
7240,7240309492194784,Female VIP
7241,7241204487247848,Female VIP
7242,7242211222964784,Female VIP
7243,7243994251314784,Female VIP
7244,7244247849423143,Female VIP
7245,7245510247849064,Female VIP
7246,7246916154784484,Female VIP
7247,7247124784959352,Female VIP
7248,7248718209478452,Female VIP
7249,7249080561364784,Female VIP
7250,7250478479375222,Female VIP
7251,7251129827547840,Female VIP
7252,7252101047847768,Female VIP
7253,7253547844053085,Female VIP
7254,7254395747843090,Female VIP
7255,7255298947847462,Female VIP
7256,7256911831847843,Female VIP
7257,7257849452547847,Female VIP
7258,7258244784575474,Female VIP
7259,7259708184784881,Female VIP
7260,7260947842740868,Female VIP
7261,7261478486947590,Female VIP
7262,7262478419778393,Female VIP
7263,7263292347847594,Female VIP
7264,7264478477427075,Female VIP
7265,7265478419257794,Female VIP
7266,7266311147478466,Female VIP
7267,7267019253947845,Female VIP
7268,7268009312394784,Female VIP
7269,7269847844739506,Female VIP
7270,7270364784758062,Female VIP
7271,7271958847841363,Female VIP
7272,7272247845473262,Female VIP
7273,7273635478453205,Female VIP
7274,7274547845289677,Female VIP
7275,7275944784723949,Female VIP
7276,7276776717434784,Female VIP
7277,7277530747844608,Female VIP
7278,7278478450520844,Female VIP
7279,7279862478482237,Female VIP
7280,7280047065478498,Female VIP
7281,7281103423478404,Female VIP
7282,7282554492047845,Female VIP
7283,7283284784803338,Female VIP
7284,7284944784351029,Female VIP
7285,7285859942478454,Female VIP
7286,7286478436666962,Female VIP
7287,7287758478458617,Female VIP
7288,7288442613478458,Female VIP
7289,7289807413284784,Female VIP
7290,7290094586147841,Female VIP
7291,7291478429445277,Female VIP
7292,7292255947841466,Female VIP
7293,7293731247847805,Female VIP
7294,7294847822478482,Female VIP
7295,7295192478467548,Female VIP
7296,7296768478496356,Female VIP
7297,7297684784879218,Female VIP
7298,7298752547849216,Female VIP
7299,7299404784872165,Female VIP
7300,7300974784378089,Female VIP
7301,7301047844808063,Female VIP
7302,7302314047842887,Female VIP
7303,7303891324784309,Female VIP
7304,7304115014478458,Female VIP
7305,7305478408210183,Female VIP
7306,7306747845894243,Female VIP
7307,7307690557478458,Female VIP
7308,7308220147844100,Female VIP
7309,7309176247849522,Female VIP
7310,7310763764784077,Female VIP
7311,7311478451647620,Female VIP
7312,7312963663347847,Female VIP
7313,7313255017478401,Female VIP
7314,7314747841783807,Female VIP
7315,7315743964947846,Female VIP
7316,7316647844206261,Female VIP
7317,7317988447846050,Female VIP
7318,7318968274654784,Female VIP
7319,7319073513564784,Female VIP
7320,7320044674784710,Female VIP
7321,7321959648478490,Female VIP
7322,7322923635244784,Female VIP
7323,7323283057147847,Female VIP
7324,7324749724784089,Female VIP
7325,7325610334784604,Female VIP
7326,7326414447846828,Female VIP
7327,7327924784942286,Female VIP
7328,7328947843829930,Female VIP
7329,7329754035047849,Female VIP
7330,7330354784403390,Female VIP
7331,7331520447846122,Female VIP
7332,7332644784519131,Female VIP
7333,7333695319478406,Female VIP
7334,7334985993478478,Female VIP
7335,7335142478483770,Female VIP
7336,7336310696854784,Female VIP
7337,7337509775744784,Female VIP
7338,7338259247845835,Female VIP
7339,7339530208478493,Female VIP
7340,7340205456647849,Female VIP
7341,7341230261464784,Female VIP
7342,7342484784479540,Female VIP
7343,7343247840090183,Female VIP
7344,7344473478478879,Female VIP
7345,7345347841000541,Female VIP
7346,7346820854784149,Female VIP
7347,7347270503394784,Female VIP
7348,7348478496955427,Female VIP
7349,7349447841711101,Female VIP
7350,7350295478482893,Female VIP
7351,7351247847731142,Female VIP
7352,7352131279547848,Female VIP
7353,7353254784889768,Female VIP
7354,7354574784971813,Female VIP
7355,7355042478498845,Female VIP
7356,7356244784097791,Female VIP
7357,7357247842597346,Female VIP
7358,7358294784064389,Female VIP
7359,7359747840235599,Female VIP
7360,7360414784962707,Female VIP
7361,7361446147894784,Female VIP
7362,7362674478436020,Female VIP
7363,7363653465834784,Female VIP
7364,7364954447845949,Female VIP
7365,7365506478457772,Female VIP
7366,7366281221344784,Female VIP
7367,7367741082478447,Female VIP
7368,7368154784306444,Female VIP
7369,7369451478420241,Female VIP
7370,7370880353847845,Female VIP
7371,7371833186478468,Female VIP
7372,7372692447845475,Female VIP
7373,7373218779478426,Female VIP
7374,7374478467043721,Female VIP
7375,7375858736478405,Female VIP
7376,7376100594784712,Female VIP
7377,7377747842126607,Female VIP
7378,7378419869478443,Female VIP
7379,7379845863744784,Female VIP
7380,7380864917478461,Female VIP
7381,7381954784542964,Female VIP
7382,7382238478457733,Female VIP
7383,7383180520647843,Female VIP
7384,7384039814784591,Female VIP
7385,7385968841124784,Female VIP
7386,7386447847142411,Female VIP
7387,7387478416822677,Female VIP
7388,7388547843829826,Female VIP
7389,7389154296478459,Female VIP
7390,7390084784751369,Female VIP
7391,7391354920247846,Female VIP
7392,7392724784543285,Female VIP
7393,7393906807478421,Female VIP
7394,7394240478408238,Female VIP
7395,7395478426262653,Female VIP
7396,7396572593684784,Female VIP
7397,7397380001294784,Female VIP
7398,7398147840537531,Female VIP
7399,7399421447841650,Female VIP
7400,7400850705478452,Female VIP
7401,7401884784236596,Female VIP
7402,7402891847843604,Female VIP
7403,7403285563904784,Female VIP
7404,7404354784009590,Female VIP
7405,7405921478422491,Female VIP
7406,7406478450495016,Female VIP
7407,7407100424784727,Female VIP
7408,7408062587478457,Female VIP
7409,7409443340814784,Female VIP
7410,7410478412477250,Female VIP
7411,7411247844591645,Female VIP
7412,7412907974447848,Female VIP
7413,7413110690478458,Female VIP
7414,7414982565347843,Female VIP
7415,7415634677704784,Female VIP
7416,7416843478484219,Female VIP
7417,7417225440347847,Female VIP
7418,7418074784657459,Female VIP
7419,7419814784697418,Female VIP
7420,7420447847269348,Female VIP
7421,7421478491863971,Female VIP
7422,7422969447843027,Female VIP
7423,7423626478476758,Female VIP
7424,7424963478421164,Female VIP
7425,7425509478497638,Female VIP
7426,7426510807654784,Female VIP
7427,7427647844411747,Female VIP
7428,7428347848835731,Female VIP
7429,7429478462799676,Female VIP
7430,7430811478420955,Female VIP
7431,7431202454784799,Female VIP
7432,7432645985047849,Female VIP
7433,7433478484590314,Female VIP
7434,7434914784959724,Female VIP
7435,7435478485335193,Female VIP
7436,7436947844128270,Female VIP
7437,7437968847844309,Female VIP
7438,7438047848949860,Female VIP
7439,7439277604478419,Female VIP
7440,7440547846212402,Female VIP
7441,7441711329478466,Female VIP
7442,7442247841197772,Female VIP
7443,7443644784684648,Female VIP
7444,7444164784976501,Female VIP
7445,7445693940347840,Female VIP
7446,7446448864084784,Female VIP
7447,7447741478422924,Female VIP
7448,7448904784876731,Female VIP
7449,7449291274264784,Female VIP
7450,7450947841155579,Female VIP
7451,7451573047842673,Female VIP
7452,7452478473512592,Female VIP
7453,7453505487478448,Female VIP
7454,7454927460447848,Female VIP
7455,7455520247841335,Female VIP
7456,7456357220624784,Female VIP
7457,7457199224824784,Female VIP
7458,7458121478441523,Female VIP
7459,7459367941847840,Female VIP
7460,7460047843375123,Female VIP
7461,7461134784578689,Female VIP
7462,7462331158478463,Female VIP
7463,7463478491766315,Female VIP
7464,7464925184784295,Female VIP
7465,7465685814784696,Female VIP
7466,7466502478403487,Female VIP
7467,7467324784453584,Female VIP
7468,7468235956478469,Female VIP
7469,7469937041847846,Female VIP
7470,7470188147841572,Female VIP
7471,7471883814524784,Female VIP
7472,7472478493668566,Female VIP
7473,7473807478476236,Female VIP
7474,7474499247847552,Female VIP
7475,7475536547846407,Female VIP
7476,7476099002478405,Female VIP
7477,7477292747849237,Female VIP
7478,7478681814784005,Female VIP
7479,7479152795054784,Female VIP
7480,7480610756478465,Female VIP
7481,7481131247849470,Female VIP
7482,7482636478416882,Female VIP
7483,7483478471755487,Female VIP
7484,7484175504784441,Female VIP
7485,7485333478478710,Female VIP
7486,7486166478463509,Female VIP
7487,7487094784792648,Female VIP
7488,7488478431396779,Female VIP
7489,7489110324784287,Female VIP
7490,7490502478443554,Female VIP
7491,7491847840509088,Female VIP
7492,7492497627478487,Female VIP
7493,7493424784457788,Female VIP
7494,7494624784919441,Female VIP
7495,7495677664784198,Female VIP
7496,7496813894784048,Female VIP
7497,7497374784663525,Female VIP
7498,7498298076478404,Female VIP
7499,7499478487529566,Female VIP
7500,7500191049294784,Female VIP
7501,7501478454793171,Female VIP
7502,7502947840316516,Female VIP
7503,7503947848849495,Female VIP
7504,7504570656478449,Female VIP
7505,7505657478462991,Female VIP
7506,7506235384784519,Female VIP
7507,7507247847004520,Female VIP
7508,7508478467982703,Female VIP
7509,7509516478415498,Female VIP
7510,7510701476147841,Female VIP
7511,7511089842478472,Female VIP
7512,7512285376847841,Female VIP
7513,7513088160647842,Female VIP
7514,7514674784702011,Female VIP
7515,7515833478467147,Female VIP
7516,7516463747845339,Female VIP
7517,7517103033247844,Female VIP
7518,7518564784822196,Female VIP
7519,7519040447841337,Female VIP
7520,7520478406679794,Female VIP
7521,7521436229478405,Female VIP
7522,7522301547845778,Female VIP
7523,7523347558554784,Female VIP
7524,7524331478408658,Female VIP
7525,7525383785147848,Female VIP
7526,7526796454847846,Female VIP
7527,7527134784491988,Female VIP
7528,7528827378474784,Female VIP
7529,7529247845134094,Female VIP
7530,7530514047840316,Female VIP
7531,7531071336647847,Female VIP
7532,7532381478437106,Female VIP
7533,7533488941247843,Female VIP
7534,7534478443769361,Female VIP
7535,7535383478419200,Female VIP
7536,7536509347841548,Female VIP
7537,7537623582478437,Female VIP
7538,7538157805864784,Female VIP
7539,7539356580394784,Female VIP
7540,7540647846906140,Female VIP
7541,7541074649514784,Female VIP
7542,7542603087247842,Female VIP
7543,7543073947849887,Female VIP
7544,7544946003184784,Female VIP
7545,7545108762847846,Female VIP
7546,7546672924784105,Female VIP
7547,7547198259864784,Female VIP
7548,7548469612478411,Female VIP
7549,7549503554784007,Female VIP
7550,7550126347847177,Female VIP
7551,7551478422925382,Female VIP
7552,7552912478409736,Female VIP
7553,7553447849260759,Female VIP
7554,7554047846428828,Female VIP
7555,7555264784842629,Female VIP
7556,7556547841477000,Female VIP
7557,7557221547843520,Female VIP
7558,7558735219478445,Female VIP
7559,7559299036564784,Female VIP
7560,7560181011014784,Female VIP
7561,7561376478451207,Female VIP
7562,7562028478483336,Female VIP
7563,7563109130004784,Female VIP
7564,7564664866644784,Female VIP
7565,7565270175478477,Female VIP
7566,7566674784376192,Female VIP
7567,7567121478444765,Female VIP
7568,7568348334784654,Female VIP
7569,7569761304784945,Female VIP
7570,7570714784332594,Female VIP
7571,7571159873324784,Female VIP
7572,7572739447843680,Female VIP
7573,7573478465638463,Female VIP
7574,7574459647841695,Female VIP
7575,7575334784660210,Female VIP
7576,7576001478414455,Female VIP
7577,7577643741447845,Female VIP
7578,7578070381478478,Female VIP
7579,7579478417930212,Female VIP
7580,7580944214547840,Female VIP
7581,7581254784345508,Female VIP
7582,7582032239374784,Female VIP
7583,7583855852544784,Female VIP
7584,7584147847525403,Female VIP
7585,7585254784032511,Female VIP
7586,7586120438264784,Female VIP
7587,7587135784784992,Female VIP
7588,7588807612478476,Female VIP
7589,7589056231447849,Female VIP
7590,7590530606478414,Female VIP
7591,7591013447848881,Female VIP
7592,7592990387347840,Female VIP
7593,7593947849309125,Female VIP
7594,7594158167147844,Female VIP
7595,7595657390814784,Female VIP
7596,7596811478446346,Female VIP
7597,7597619047845954,Female VIP
7598,7598795525947846,Female VIP
7599,7599147841288613,Female VIP
7600,7600014784299895,Female VIP
7601,7601124784483308,Female VIP
7602,7602532563664784,Female VIP
7603,7603946116547843,Female VIP
7604,7604847843817477,Female VIP
7605,7605864784067352,Female VIP
7606,7606161318174784,Female VIP
7607,7607690400247841,Female VIP
7608,7608973478404610,Female VIP
7609,7609559077114784,Female VIP
7610,7610314784708750,Female VIP
7611,7611247845309358,Female VIP
7612,7612778360947841,Female VIP
7613,7613850152478454,Female VIP
7614,7614279850447844,Female VIP
7615,7615478455287002,Female VIP
7616,7616972735478495,Female VIP
7617,7617478485614476,Female VIP
7618,7618214784768702,Female VIP
7619,7619335547843882,Female VIP
7620,7620961731247842,Female VIP
7621,7621368100478425,Female VIP
7622,7622374897704784,Female VIP
7623,7623399794247845,Female VIP
7624,7624478458076112,Female VIP
7625,7625078764784661,Female VIP
7626,7626543447848152,Female VIP
7627,7627478499029926,Female VIP
7628,7628682047848607,Female VIP
7629,7629397884784829,Female VIP
7630,7630504339478440,Female VIP
7631,7631309847847732,Female VIP
7632,7632018476614784,Female VIP
7633,7633066764784219,Female VIP
7634,7634069147841932,Female VIP
7635,7635305473947848,Female VIP
7636,7636658805747844,Female VIP
7637,7637247842574376,Female VIP
7638,7638478471352753,Female VIP
7639,7639804784583080,Female VIP
7640,7640774784920474,Female VIP
7641,7641104784932997,Female VIP
7642,7642043640478473,Female VIP
7643,7643814333478410,Female VIP
7644,7644514784291287,Female VIP
7645,7645005478488603,Female VIP
7646,7646747844060784,Female VIP
7647,7647254784975318,Female VIP
7648,7648714784703511,Female VIP
7649,7649674743347844,Female VIP
7650,7650893563984784,Female VIP
7651,7651254784486713,Female VIP
7652,7652675478496010,Female VIP
7653,7653656556478494,Female VIP
7654,7654158947842609,Female VIP
7655,7655077411474784,Female VIP
7656,7656356640478467,Female VIP
7657,7657944389194784,Female VIP
7658,7658639427047843,Female VIP
7659,7659395739447849,Female VIP
7660,7660478495865590,Female VIP
7661,7661478493289792,Female VIP
7662,7662478428333500,Female VIP
7663,7663413047842894,Female VIP
7664,7664679458547840,Female VIP
7665,7665478463294761,Female VIP
7666,7666744747848223,Female VIP
7667,7667611478475591,Female VIP
7668,7668947843966237,Female VIP
7669,7669710904784752,Female VIP
7670,7670478449811601,Female VIP
7671,7671964784444157,Female VIP
7672,7672724784419664,Female VIP
7673,7673478452645075,Female VIP
7674,7674884854784868,Female VIP
7675,7675478423239604,Female VIP
7676,7676478422587194,Female VIP
7677,7677478440783393,Female VIP
7678,7678639425447843,Female VIP
7679,7679090147842130,Female VIP
7680,7680714784631261,Female VIP
7681,7681546975478470,Female VIP
7682,7682384784475516,Female VIP
7683,7683354784865990,Female VIP
7684,7684478478102075,Female VIP
7685,7685849647849695,Female VIP
7686,7686866478415967,Female VIP
7687,7687070074784807,Female VIP
7688,7688547843328283,Female VIP
7689,7689647848462052,Female VIP
7690,7690974478486287,Female VIP
7691,7691449904784467,Female VIP
7692,7692378912747840,Female VIP
7693,7693147842329139,Female VIP
7694,7694736490747842,Female VIP
7695,7695565806484784,Female VIP
7696,7696147840231981,Female VIP
7697,7697095144784947,Female VIP
7698,7698215047847163,Female VIP
7699,7699251056494784,Female VIP
7700,7700547846137608,Female VIP
7701,7701478475656350,Female VIP
7702,7702008430347847,Female VIP
7703,7703929761047844,Female VIP
7704,7704333998478471,Female VIP
7705,7705984784613849,Female VIP
7706,7706298478412148,Female VIP
7707,7707081984784654,Female VIP
7708,7708478448807964,Female VIP
7709,7709754784443872,Female VIP
7710,7710837777884784,Female VIP
7711,7711694339478441,Female VIP
7712,7712294262447842,Female VIP
7713,7713818507847846,Female VIP
7714,7714440072947847,Female VIP
7715,7715825905504784,Female VIP
7716,7716057964478481,Female VIP
7717,7717436864784386,Female VIP
7718,7718691644784852,Female VIP
7719,7719349112847847,Female VIP
7720,7720326281478489,Female VIP
7721,7721425444784871,Female VIP
7722,7722197327478426,Female VIP
7723,7723527896478494,Female VIP
7724,7724824984784891,Female VIP
7725,7725578306478479,Female VIP
7726,7726478423504614,Female VIP
7727,7727497939647845,Female VIP
7728,7728714784142655,Female VIP
7729,7729380147843839,Female VIP
7730,7730128694714784,Female VIP
7731,7731602459764784,Female VIP
7732,7732285478476933,Female VIP
7733,7733034784985485,Female VIP
7734,7734626478452328,Female VIP
7735,7735590346947840,Female VIP
7736,7736820377024784,Female VIP
7737,7737433478423592,Female VIP
7738,7738514467447844,Female VIP
7739,7739559293478467,Female VIP
7740,7740141467414784,Female VIP
7741,7741676997647848,Female VIP
7742,7742537404784895,Female VIP
7743,7743085124784790,Female VIP
7744,7744474784615164,Female VIP
7745,7745764784431265,Female VIP
7746,7746478460891473,Female VIP
7747,7747341900847846,Female VIP
7748,7748478427578183,Female VIP
7749,7749016355478483,Female VIP
7750,7750447842643830,Female VIP
7751,7751785347848037,Female VIP
7752,7752262894784656,Female VIP
7753,7753434784850570,Female VIP
7754,7754635478459941,Female VIP
7755,7755908388478446,Female VIP
7756,7756174784568607,Female VIP
7757,7757788478442850,Female VIP
7758,7758683157047841,Female VIP
7759,7759021866147846,Female VIP
7760,7760732147846759,Female VIP
7761,7761860774447840,Female VIP
7762,7762793247844291,Female VIP
7763,7763139056478498,Female VIP
7764,7764780062847844,Female VIP
7765,7765261177147847,Female VIP
7766,7766355649404784,Female VIP
7767,7767624784961505,Female VIP
7768,7768478430351968,Female VIP
7769,7769214784940016,Female VIP
7770,7770574784917597,Female VIP
7771,7771011392674784,Female VIP
7772,7772975478484791,Female VIP
7773,7773751478454518,Female VIP
7774,7774623761478442,Female VIP
7775,7775183478492267,Female VIP
7776,7776758366374784,Female VIP
7777,7777314784715900,Female VIP
7778,7778406190478476,Female VIP
7779,7779147848354625,Female VIP
7780,7780295135234784,Female VIP
7781,7781599385478446,Female VIP
7782,7782347846388308,Female VIP
7783,7783140478492236,Female VIP
7784,7784478424551291,Female VIP
7785,7785869547848132,Female VIP
7786,7786046088478485,Female VIP
7787,7787267772484784,Female VIP
7788,7788962478485661,Female VIP
7789,7789551991147848,Female VIP
7790,7790947846297931,Female VIP
7791,7791347848992360,Female VIP
7792,7792361816024784,Female VIP
7793,7793580627547843,Female VIP
7794,7794886424784252,Female VIP
7795,7795131630478421,Female VIP
7796,7796478481889717,Female VIP
7797,7797059547845663,Female VIP
7798,7798278478495289,Female VIP
7799,7799478432822680,Female VIP
7800,7800295047840157,Female VIP
7801,7801594784063393,Female VIP
7802,7802714784114529,Female VIP
7803,7803146294784550,Female VIP
7804,7804750478435067,Female VIP
7805,7805609478467760,Female VIP
7806,7806297478480124,Female VIP
7807,7807830391478403,Female VIP
7808,7808478446528539,Female VIP
7809,7809478474268983,Female VIP
7810,7810347849130816,Female VIP
7811,7811726478470572,Female VIP
7812,7812478487713767,Female VIP
7813,7813382389024784,Female VIP
7814,7814395947844711,Female VIP
7815,7815546664784435,Female VIP
7816,7816891747842634,Female VIP
7817,7817764784144559,Female VIP
7818,7818768547849468,Female VIP
7819,7819771852947846,Female VIP
7820,7820185410194784,Female VIP
7821,7821507900478493,Female VIP
7822,7822478437776480,Female VIP
7823,7823101947847978,Female VIP
7824,7824478402315205,Female VIP
7825,7825703764784862,Female VIP
7826,7826725035747847,Female VIP
7827,7827164784248578,Female VIP
7828,7828447285554784,Female VIP
7829,7829093607914784,Female VIP
7830,7830187406478423,Female VIP
7831,7831429606064784,Female VIP
7832,7832813247841979,Female VIP
7833,7833320447846628,Female VIP
7834,7834587478489662,Female VIP
7835,7835478421888671,Female VIP
7836,7836236634784913,Female VIP
7837,7837119328478452,Female VIP
7838,7838342992478409,Female VIP
7839,7839067754784398,Female VIP
7840,7840622362994784,Female VIP
7841,7841293794784107,Female VIP
7842,7842478490214737,Female VIP
7843,7843458690524784,Female VIP
7844,7844694784260758,Female VIP
7845,7845286478446399,Female VIP
7846,7846414478496467,Female VIP
7847,7847804954144784,Female VIP
7848,7848478432478544,Female VIP
7849,7849289049244784,Female VIP
7850,7850447842973413,Female VIP
7851,7851936721478424,Female VIP
7852,7852494404784124,Female VIP
7853,7853413792478432,Female VIP
7854,7854698447846715,Female VIP
7855,7855419232104784,Female VIP
7856,7856478494226045,Female VIP
7857,7857474478474748,Female VIP
7858,7858169584784978,Female VIP
7859,7859411402747847,Female VIP
7860,7860240478407883,Female VIP
7861,7861991434784528,Female VIP
7862,7862247847644438,Female VIP
7863,7863853414224784,Female VIP
7864,7864464784152132,Female VIP
7865,7865952878024784,Female VIP
7866,7866447842611636,Female VIP
7867,7867516346478415,Female VIP
7868,7868383784924784,Female VIP
7869,7869478470919432,Female VIP
7870,7870941164784852,Female VIP
7871,7871687856924784,Female VIP
7872,7872825015947847,Female VIP
7873,7873824784312755,Female VIP
7874,7874776237478468,Female VIP
7875,7875747843539580,Female VIP
7876,7876514784059850,Female VIP
7877,7877789478402274,Female VIP
7878,7878795909478423,Female VIP
7879,7879866478432134,Female VIP
7880,7880847845107559,Female VIP
7881,7881686478485231,Female VIP
7882,7882647847639960,Female VIP
7883,7883478400055138,Female VIP
7884,7884647844064830,Female VIP
7885,7885700478485173,Female VIP
7886,7886120434784111,Female VIP
7887,7887147843546946,Female VIP
7888,7888347842551833,Female VIP
7889,7889947844744504,Female VIP
7890,7890535684784306,Female VIP
7891,7891573775114784,Female VIP
7892,7892478496528834,Female VIP
7893,7893454478436603,Female VIP
7894,7894527947843381,Female VIP
7895,7895451176294784,Female VIP
7896,7896247847520135,Female VIP
7897,7897478433042019,Female VIP
7898,7898478426562574,Female VIP
7899,7899478462467808,Female VIP
7900,7900663567504784,Female VIP
7901,7901260211247848,Male VIP
7902,7902147840769371,Male VIP
7903,7903630044784776,Male VIP
7904,7904478410869151,Male VIP
7905,7905478477855721,Male VIP
7906,7906351258234784,Male VIP
7907,7907043647849282,Male VIP
7908,7908391702084784,Male VIP
7909,7909701301478475,Male VIP
7910,7910249124784474,Male VIP
7911,7911554432478455,Male VIP
7912,7912478460619350,Male VIP
7913,7913007945614784,Male VIP
7914,7914747844788742,Male VIP
7915,7915664784725453,Male VIP
7916,7916523478406591,Male VIP
7917,7917267247842363,Male VIP
7918,7918654784562266,Male VIP
7919,7919004784109938,Male VIP
7920,7920686581847846,Male VIP
7921,7921347847662124,Male VIP
7922,7922374784101672,Male VIP
7923,7923795297478437,Male VIP
7924,7924594636478472,Male VIP
7925,7925089514747843,Male VIP
7926,7926043314774784,Male VIP
7927,7927235222664784,Male VIP
7928,7928550947844888,Male VIP
7929,7929920182478441,Male VIP
7930,7930163802478498,Male VIP
7931,7931810947845755,Male VIP
7932,7932054974784940,Male VIP
7933,7933100882947847,Male VIP
7934,7934002478451122,Male VIP
7935,7935759944784490,Male VIP
7936,7936978686714784,Male VIP
7937,7937147841094096,Male VIP
7938,7938478417593641,Male VIP
7939,7939670847848453,Male VIP
7940,7940478470518965,Male VIP
7941,7941747844069531,Male VIP
7942,7942478404066597,Male VIP
7943,7943888604474784,Male VIP
7944,7944275205447845,Male VIP
7945,7945515968247848,Male VIP
7946,7946490914784779,Male VIP
7947,7947196795478485,Male VIP
7948,7948947848348271,Male VIP
7949,7949502347840330,Male VIP
7950,7950276483478436,Male VIP
7951,7951247843756854,Male VIP
7952,7952047843166694,Male VIP
7953,7953715044784700,Male VIP
7954,7954234784530828,Male VIP
7955,7955573050347840,Male VIP
7956,7956547848627342,Male VIP
7957,7957577447849686,Male VIP
7958,7958806478454364,Male VIP
7959,7959937228478406,Male VIP
7960,7960622947841779,Male VIP
7961,7961664784462491,Male VIP
7962,7962946574784548,Male VIP
7963,7963661478409371,Male VIP
7964,7964308964784327,Male VIP
7965,7965227324478457,Male VIP
7966,7966444784998681,Male VIP
7967,7967044016478424,Male VIP
7968,7968440464784646,Male VIP
7969,7969184967478473,Male VIP
7970,7970785854784356,Male VIP
7971,7971004784275319,Male VIP
7972,7972614784365296,Male VIP
7973,7973447849623098,Male VIP
7974,7974047849067559,Male VIP
7975,7975500686714784,Male VIP
7976,7976478468398933,Male VIP
7977,7977478436660284,Male VIP
7978,7978478414338995,Male VIP
7979,7979873285647849,Male VIP
7980,7980547849184025,Male VIP
7981,7981334478441633,Male VIP
7982,7982075978084784,Male VIP
7983,7983477547841556,Male VIP
7984,7984795247841057,Male VIP
7985,7985408574784125,Male VIP
7986,7986754237764784,Male VIP
7987,7987385144784645,Male VIP
7988,7988947840290107,Male VIP
7989,7989544784631660,Male VIP
7990,7990800883484784,Male VIP
7991,7991747847880317,Male VIP
7992,7992795647840618,Male VIP
7993,7993826797478452,Male VIP
7994,7994054784343536,Male VIP
7995,7995478434316091,Male VIP
7996,7996285250447844,Male VIP
7997,7997478413286366,Male VIP
7998,7998601262354784,Male VIP
7999,7999458888294784,Male VIP
8000,8000938478440884,Male VIP
8001,8001944379364784,Male VIP
8002,8002614784062777,Male VIP
8003,8003595547840394,Male VIP
8004,8004685147843135,Male VIP
8005,8005477347842195,Male VIP
8006,8006471328447847,Male VIP
8007,8007723926478407,Male VIP
8008,8008366519247843,Male VIP
8009,8009692907547843,Male VIP
8010,8010444781294784,Male VIP
8011,8011478429471881,Male VIP
8012,8012247842616386,Male VIP
8013,8013243847847898,Male VIP
8014,8014046151547849,Male VIP
8015,8015540647848814,Male VIP
8016,8016147848473093,Male VIP
8017,8017419478498582,Male VIP
8018,8018266323584784,Male VIP
8019,8019506478464067,Male VIP
8020,8020313547847312,Male VIP
8021,8021784309478442,Male VIP
8022,8022238478478486,Male VIP
8023,8023284784030450,Male VIP
8024,8024275474784004,Male VIP
8025,8025442478437107,Male VIP
8026,8026947843208904,Male VIP
8027,8027478445225222,Male VIP
8028,8028675961554784,Male VIP
8029,8029523894784263,Male VIP
8030,8030471478429361,Male VIP
8031,8031647841199164,Male VIP
8032,8032859009478484,Male VIP
8033,8033754056874784,Male VIP
8034,8034427478405648,Male VIP
8035,8035736247841794,Male VIP
8036,8036772647847045,Male VIP
8037,8037483394847840,Male VIP
8038,8038478407874937,Male VIP
8039,8039187940054784,Male VIP
8040,8040518347847414,Male VIP
8041,8041478478445317,Male VIP
8042,8042478493073384,Male VIP
8043,8043606256478474,Male VIP
8044,8044478472027118,Male VIP
8045,8045058794478455,Male VIP
8046,8046271347845674,Male VIP
8047,8047669124974784,Male VIP
8048,8048523478457191,Male VIP
8049,8049992830734784,Male VIP
8050,8050420364478493,Male VIP
8051,8051514564784421,Male VIP
8052,8052478478800811,Male VIP
8053,8053702478486291,Male VIP
8054,8054992374784364,Male VIP
8055,8055504469054784,Male VIP
8056,8056408478471755,Male VIP
8057,8057894784402638,Male VIP
8058,8058220038744784,Male VIP
8059,8059346470847848,Male VIP
8060,8060118839478414,Male VIP
8061,8061478401955884,Male VIP
8062,8062962434784335,Male VIP
8063,8063847843689001,Male VIP
8064,8064227624784557,Male VIP
8065,8065549748004784,Male VIP
8066,8066635631478490,Male VIP
8067,8067801874784635,Male VIP
8068,8068478456398871,Male VIP
8069,8069113533947840,Male VIP
8070,8070478410221295,Male VIP
8071,8071714208478436,Male VIP
8072,8072565478403925,Male VIP
8073,8073148000478459,Male VIP
8074,8074969024784321,Male VIP
8075,8075504784571346,Male VIP
8076,8076783947840566,Male VIP
8077,8077147447849070,Male VIP
8078,8078478466375821,Male VIP
8079,8079576864784267,Male VIP
8080,8080017478403160,Male VIP
8081,8081292294784472,Male VIP
8082,8082753969247846,Male VIP
8083,8083784770478424,Male VIP
8084,8084788347842077,Male VIP
8085,8085478420822925,Male VIP
8086,8086055841478469,Male VIP
8087,8087478444262714,Male VIP
8088,8088579092624784,Male VIP
8089,8089008714784359,Male VIP
8090,8090478446517986,Male VIP
8091,8091320504784774,Male VIP
8092,8092478469598377,Male VIP
8093,8093478429914777,Male VIP
8094,8094337744784733,Male VIP
8095,8095478465411519,Male VIP
8096,8096568644784200,Male VIP
8097,8097478479213586,Male VIP
8098,8098790084784033,Male VIP
8099,8099474784839521,Male VIP
8100,8100919998847846,Male VIP
8101,8101478418508564,Male VIP
8102,8102537779247848,Male VIP
8103,8103536327647849,Male VIP
8104,8104513784784136,Male VIP
8105,8105647846651962,Male VIP
8106,8106250478427152,Male VIP
8107,8107347846838011,Male VIP
8108,8108244784438893,Male VIP
8109,8109431380478471,Male VIP
8110,8110386478439086,Male VIP
8111,8111181054784994,Male VIP
8112,8112171684784600,Male VIP
8113,8113271747843981,Male VIP
8114,8114703739747846,Male VIP
8115,8115478450358290,Male VIP
8116,8116263358478425,Male VIP
8117,8117884784259600,Male VIP
8118,8118478452992757,Male VIP
8119,8119046447843455,Male VIP
8120,8120803647840332,Male VIP
8121,8121246104784232,Male VIP
8122,8122478419602343,Male VIP
8123,8123041837247847,Male VIP
8124,8124965044784785,Male VIP
8125,8125478497308271,Male VIP
8126,8126407447847833,Male VIP
8127,8127207204784369,Male VIP
8128,8128987448234784,Male VIP
8129,8129237478417828,Male VIP
8130,8130241094784200,Male VIP
8131,8131732735984784,Male VIP
8132,8132781631247846,Male VIP
8133,8133084784035348,Male VIP
8134,8134354784556783,Male VIP
8135,8135274784497466,Male VIP
8136,8136886094784765,Male VIP
8137,8137386670478438,Male VIP
8138,8138269965047848,Male VIP
8139,8139362050478494,Male VIP
8140,8140895478413154,Male VIP
8141,8141427589947847,Male VIP
8142,8142330424784645,Male VIP
8143,8143347422478437,Male VIP
8144,8144034784171229,Male VIP
8145,8145375104784582,Male VIP
8146,8146914784746155,Male VIP
8147,8147347844976134,Male VIP
8148,8148914784493630,Male VIP
8149,8149352288447846,Male VIP
8150,8150489974784536,Male VIP
8151,8151947843731899,Male VIP
8152,8152525947841665,Male VIP
8153,8153664784315370,Male VIP
8154,8154759347847896,Male VIP
8155,8155478469615240,Male VIP
8156,8156894784104105,Male VIP
8157,8157649490134784,Male VIP
8158,8158347478467011,Male VIP
8159,8159306792147842,Male VIP
8160,8160800409478425,Male VIP
8161,8161347843854790,Male VIP
8162,8162724784527643,Male VIP
8163,8163340200514784,Male VIP
8164,8164548834784943,Male VIP
8165,8165478462555572,Male VIP
8166,8166679847846857,Male VIP
8167,8167960368964784,Male VIP
8168,8168801354784402,Male VIP
8169,8169162124784361,Male VIP
8170,8170415478492611,Male VIP
8171,8171183478480802,Male VIP
8172,8172374784539593,Male VIP
8173,8173815404784495,Male VIP
8174,8174711090478475,Male VIP
8175,8175174421584784,Male VIP
8176,8176992874784736,Male VIP
8177,8177554784837280,Male VIP
8178,8178923564784416,Male VIP
8179,8179584784742283,Male VIP
8180,8180647848009454,Male VIP
8181,8181114784752019,Male VIP
8182,8182925047845851,Male VIP
8183,8183478433692807,Male VIP
8184,8184478403040760,Male VIP
8185,8185214346654784,Male VIP
8186,8186993624647847,Male VIP
8187,8187652747845540,Male VIP
8188,8188950918478489,Male VIP
8189,8189124784668641,Male VIP
8190,8190478416859853,Male VIP
8191,8191983147843936,Male VIP
8192,8192331478410206,Male VIP
8193,8193230047849214,Male VIP
8194,8194874784132252,Male VIP
8195,8195509792047846,Male VIP
8196,8196478435152392,Male VIP
8197,8197478440090482,Male VIP
8198,8198462647840725,Male VIP
8199,8199426256478410,Male VIP
8200,8200762927664784,Male VIP
8201,8201478444884932,Male VIP
8202,8202476831478402,Male VIP
8203,8203907847842468,Male VIP
8204,8204574981734784,Male VIP
8205,8205214360478492,Male VIP
8206,8206419478547843,Male VIP
8207,8207247849568137,Male VIP
8208,8208260176147841,Male VIP
8209,8209072024784167,Male VIP
8210,8210170947844979,Male VIP
8211,8211504746347840,Male VIP
8212,8212147843364532,Male VIP
8213,8213174784771827,Male VIP
8214,8214843101478419,Male VIP
8215,8215965701394784,Male VIP
8216,8216655454784447,Male VIP
8217,8217442634784382,Male VIP
8218,8218145798478477,Male VIP
8219,8219494339478452,Male VIP
8220,8220205688747842,Male VIP
8221,8221014975047842,Male VIP
8222,8222835386447846,Male VIP
8223,8223989064784374,Male VIP
8224,8224947848681263,Male VIP
8225,8225906494784444,Male VIP
8226,8226936948894784,Male VIP
8227,8227776294847848,Male VIP
8228,8228791625484784,Male VIP
8229,8229478423491626,Male VIP
8230,8230736478425864,Male VIP
8231,8231792174784697,Male VIP
8232,8232804293547845,Male VIP
8233,8233478429849846,Male VIP
8234,8234654784920094,Male VIP
8235,8235392924784379,Male VIP
8236,8236347844463340,Male VIP
8237,8237514481478457,Male VIP
8238,8238519801564784,Male VIP
8239,8239747844165223,Male VIP
8240,8240189247847783,Male VIP
8241,8241074102047844,Male VIP
8242,8242205478419466,Male VIP
8243,8243776478451713,Male VIP
8244,8244242439284784,Male VIP
8245,8245821174784640,Male VIP
8246,8246224784368876,Male VIP
8247,8247776286547846,Male VIP
8248,8248504478454293,Male VIP
8249,8249111984784241,Male VIP
8250,8250853174784168,Male VIP
8251,8251478440026680,Male VIP
8252,8252404784597437,Male VIP
8253,8253478491267236,Male VIP
8254,8254359047841747,Male VIP
8255,8255478411591124,Male VIP
8256,8256781478492716,Male VIP
8257,8257681424784401,Male VIP
8258,8258648643647847,Male VIP
8259,8259446478499092,Male VIP
8260,8260478461797623,Male VIP
8261,8261507847840823,Male VIP
8262,8262647845575552,Male VIP
8263,8263504784147700,Male VIP
8264,8264323747843068,Male VIP
8265,8265757931754784,Male VIP
8266,8266813844784227,Male VIP
8267,8267478453337769,Male VIP
8268,8268355574784156,Male VIP
8269,8269032478407498,Male VIP
8270,8270103136694784,Male VIP
8271,8271478454487298,Male VIP
8272,8272955554784541,Male VIP
8273,8273525184174784,Male VIP
8274,8274656717478400,Male VIP
8275,8275647848193835,Male VIP
8276,8276678478457896,Male VIP
8277,8277077921478493,Male VIP
8278,8278247846964320,Male VIP
8279,8279681004784947,Male VIP
8280,8280003834784919,Male VIP
8281,8281776775274784,Male VIP
8282,8282478475667251,Male VIP
8283,8283046460424784,Male VIP
8284,8284231816004784,Male VIP
8285,8285628004478488,Male VIP
8286,8286947841382632,Male VIP
8287,8287615331347848,Male VIP
8288,8288147844099365,Male VIP
8289,8289628024784059,Male VIP
8290,8290354124784706,Male VIP
8291,8291478499767163,Male VIP
8292,8292847849059903,Male VIP
8293,8293134784679330,Male VIP
8294,8294022262647844,Male VIP
8295,8295064885047847,Male VIP
8296,8296644784583306,Male VIP
8297,8297178947478421,Male VIP
8298,8298294784425623,Male VIP
8299,8299147840897955,Male VIP
8300,8300447846642656,Male VIP
8301,8301664784844372,Male VIP
8302,8302478418373560,Male VIP
8303,8303425847848701,Male VIP
8304,8304984347849893,Male VIP
8305,8305947845213976,Male VIP
8306,8306947847052920,Male VIP
8307,8307604084784112,Male VIP
8308,8308147848170571,Male VIP
8309,8309225547848835,Male VIP
8310,8310944244784047,Male VIP
8311,8311647841061952,Male VIP
8312,8312456024784023,Male VIP
8313,8313279042478422,Male VIP
8314,8314280747849968,Male VIP
8315,8315619892478451,Male VIP
8316,8316553234784753,Male VIP
8317,8317642247848478,Male VIP
8318,8318410966984784,Male VIP
8319,8319118864784176,Male VIP
8320,8320478438912708,Male VIP
8321,8321992884147840,Male VIP
8322,8322884194784948,Male VIP
8323,8323478468554187,Male VIP
8324,8324478498010431,Male VIP
8325,8325712097947844,Male VIP
8326,8326048478493286,Male VIP
8327,8327847842275869,Male VIP
8328,8328984964784986,Male VIP
8329,8329526284784788,Male VIP
8330,8330621231478414,Male VIP
8331,8331492847841141,Male VIP
8332,8332458324784004,Male VIP
8333,8333478400282417,Male VIP
8334,8334634784374314,Male VIP
8335,8335326124784633,Male VIP
8336,8336400174784249,Male VIP
8337,8337237714784775,Male VIP
8338,8338694784612769,Male VIP
8339,8339914784385979,Male VIP
8340,8340647844194935,Male VIP
8341,8341283478415184,Male VIP
8342,8342160478462313,Male VIP
8343,8343406547845353,Male VIP
8344,8344980384784314,Male VIP
8345,8345774784758219,Male VIP
8346,8346804232478431,Male VIP
8347,8347784467247842,Male VIP
8348,8348130068224784,Male VIP
8349,8349478469371953,Male VIP
8350,8350924502478410,Male VIP
8351,8351737847844818,Male VIP
8352,8352747841407534,Male VIP
8353,8353727647845658,Male VIP
8354,8354303244784715,Male VIP
8355,8355006672947840,Male VIP
8356,8356958654784351,Male VIP
8357,8357478475391655,Male VIP
8358,8358798021874784,Male VIP
8359,8359147849882556,Male VIP
8360,8360556447849598,Male VIP
8361,8361044611347848,Male VIP
8362,8362452484784621,Male VIP
8363,8363864784319753,Male VIP
8364,8364081094784664,Male VIP
8365,8365672747842271,Male VIP
8366,8366766247841419,Male VIP
8367,8367244784833645,Male VIP
8368,8368478471927398,Male VIP
8369,8369615794784807,Male VIP
8370,8370252247840248,Male VIP
8371,8371293478425413,Male VIP
8372,8372478482912415,Male VIP
8373,8373547845205798,Male VIP
8374,8374011054784694,Male VIP
8375,8375069478436910,Male VIP
8376,8376478490939391,Male VIP
8377,8377632058478400,Male VIP
8378,8378226799904784,Male VIP
8379,8379520564784783,Male VIP
8380,8380625130747840,Male VIP
8381,8381360734714784,Male VIP
8382,8382556779478467,Male VIP
8383,8383104784201104,Male VIP
8384,8384449034478473,Male VIP
8385,8385296304784674,Male VIP
8386,8386621281374784,Male VIP
8387,8387447978047845,Male VIP
8388,8388484478415837,Male VIP
8389,8389049478488439,Male VIP
8390,8390153747847242,Male VIP
8391,8391512424784329,Male VIP
8392,8392767478462741,Male VIP
8393,8393986847841074,Male VIP
8394,8394214478431186,Male VIP
8395,8395478489778806,Male VIP
8396,8396047840646370,Male VIP
8397,8397478436815282,Male VIP
8398,8398344401347841,Male VIP
8399,8399044784384696,Male VIP
8400,8400047844716948,Male VIP
8401,8401213714793261,Table
8402,8402479365338007,Table
8403,8403691896704793,Table
8404,8404214479387878,Table
8405,8405416931479356,Table
8406,8406132981604793,Table
8407,8407057165247936,Table
8408,8408847938296253,Table
8409,8409867479360698,Table
8410,8410075479363387,Table
8411,8411468347933796,Table
8412,8412780977479339,Table
8413,8413479350248729,Table
8414,8414534793346302,Table
8415,8415479371703031,Table
8416,8416479336011386,Table
8417,8417885147933258,Table
8418,8418018479348570,Table
8419,8419564793848838,Table
8420,8420154793552045,Table
8421,8421771066479373,Table
8422,8422505479347995,Table
8423,8423893479381036,Table
8424,8424925285479377,Table
8425,8425430814793960,Table
8426,8426479324255543,Table
8427,8427609747936793,Table
8428,8428967576479321,Table
8429,8429479395820788,Table
8430,8430421479313854,Table
8431,8431647936861932,Table
8432,8432783621047939,Table
8433,8433547933282638,Table
8434,8434057094793736,Table
8435,8435218787479367,Table
8436,8436507358479314,Table
8437,8437262229647939,Table
8438,8438146015847931,Table
8439,8439138404793982,Table
8440,8440247934037204,Table
8441,8441910447939402,Table
8442,8442401479350339,Table
8443,8443784107047932,Table
8444,8444032244793976,Table
8445,8445747933008555,Table
8446,8446885775424793,Table
8447,8447947937369078,Table
8448,8448886451479338,Table
8449,8449721218147937,Table
8450,8450554793031909,Table
8451,8451404793634049,Table
8452,8452541847930785,Table
8453,8453656787484793,Table
8454,8454324479353210,Table
8455,8455602479370071,Table
8456,8456964793276856,Table
8457,8457432390479346,Table
8458,8458479363823130,Table
8459,8459621890479384,Table
8460,8460972614793249,Table
8461,8461864793752262,Table
8462,8462829470347939,Table
8463,8463479391362671,Table
8464,8464100295974793,Table
8465,8465479373974444,Table
8466,8466007164793615,Table
8467,8467347930891932,Table
8468,8468632644793882,Table
8469,8469479385185867,Table
8470,8470847936716833,Table
8471,8471479355996141,Table
8472,8472017415479387,Table
8473,8473527478247936,Table
8474,8474560479311554,Table
8475,8475557479312342,Table
8476,8476487479360822,Table
8477,8477339834793461,Table
8478,8478647338174793,Table
8479,8479624793229088,Table
8480,8480499951794793,Table
8481,8481248294793980,Table
8482,8482933287479343,Table
8483,8483106607534793,Table
8484,8484514793587150,Table
8485,8485080053479393,Table
8486,8486588389479384,Table
8487,8487479327449354,Table
8488,8488086283479374,Table
8489,8489146314347930,Table
8490,8490504793645420,Table
8491,8491044793588689,Table
8492,8492081478247933,Table
8493,8493717958479347,Table
8494,8494794793929002,Table
8495,8495739447931176,Table
8496,8496839479388624,Table
8497,8497191547935616,Table
8498,8498479337383096,Table
8499,8499647935170933,Table
8500,8500479389180269,Table
8501,8501905247935638,Table
8502,8502520796324793,Table
8503,8503364793471094,Table
8504,8504641479378024,Table
8505,8505174623747936,Table
8506,8506020280934793,Table
8507,8507676747931154,Table
8508,8508479302939871,Table
8509,8509434793945418,Table
8510,8510924479360723,Table
8511,8511920414793946,Table
8512,8512624793734111,Table
8513,8513647931495760,Table
8514,8514117479310968,Table
8515,8515488763147937,Table
8516,8516951976479328,Table
8517,8517479308443296,Table
8518,8518272214974793,Table
8519,8519870654793979,Table
8520,8520826447933071,Table
8521,8521924793815567,Table
8522,8522707164793657,Table
8523,8523478952154793,Table
8524,8524279147939649,Table
8525,8525430479393303,Table
8526,8526447864514793,Table
8527,8527270846479319,Table
8528,8528506001479323,Table
8529,8529479318403859,Table
8530,8530746724793014,Table
8531,8531747937545089,Table
8532,8532047937897331,Table
8533,8533435080247933,Table
8534,8534432188479380,Table
8535,8535836479330826,Table
8536,8536769097479367,Table
8537,8537048941647937,Table
8538,8538653859114793,Table
8539,8539479366008675,Table
8540,8540731583479302,Table
8541,8541479387249075,Cabana pri
8542,8542242078479371,Cabana pri
8543,8543921479320743,Cabana pri
8544,8544124793819185,Cabana pri
8545,8545304585744793,Cabana pri
8546,8546479387372916,Cabana pri
8547,8547821754793448,Cabana pri
8548,8548950075479364,Cabana pri
8549,8549380441994793,Cabana pri
8550,8550479392289567,Cabana pri
8551,8551479364714817,Cabana pri
8552,8552847933982879,Cabana pri
8553,8553376479359533,Cabana pri
8554,8554000369947936,Cabana pri
8555,8555614793251339,Cabana pri
8556,8556627731479365,Cabana pri
8557,8557946193094793,Cabana pri
8558,8558479318887097,Cabana pri
8559,8559591680934793,Cabana pri
8560,8560669647935135,Cabana pri
8561,8561196390984793,Cabana pri
8562,8562479315596644,Cabana pri
8563,8563460189447936,Cabana pri
8564,8564355317747936,Cabana pri
8565,8565479338367913,Cabana pri
8566,8566907928479395,Cabana pri
8567,8567900704793437,Cabana pri
8568,8568847932994316,Cabana pri
8569,8569747930652404,Cabana pri
8570,8570314793073663,Cabana pri
8571,8571107464793443,Cabana pri
8572,8572514247931770,Cabana pri
8573,8573479392047932,Cabana pri
8574,8574847932692059,Cabana pri
8575,8575878247933472,Cabana pri
8576,8576338479313022,Cabana pri
8577,8577706479398626,Cabana pri
8578,8578861047934643,Cabana pri
8579,8579144184054793,Cabana pri
8580,8580414793642476,Cabana pri
8581,8581047932064881,Cabana pri
8582,8582843314793974,Cabana pri
8583,8583747821847933,Cabana pri
8584,8584654793316510,Cabana pri
8585,8585755844793772,Cabana pri
8586,8586267714793490,Cabana pri
8587,8587163984694793,Cabana pri
8588,8588259479364887,Cabana pri
8589,8589188984793805,Cabana pri
8590,8590358403284793,Cabana pri
8591,8591844793550401,Cabana pri
8592,8592747935723461,Cabana pri
8593,8593692617247938,Cabana pri
8594,8594147938238239,Cabana pri
8595,8595243321324793,Cabana pri
8596,8596647933507669,Cabana pri
8597,8597547938176958,Cabana pri
8598,8598479325039446,Cabana pri
8599,8599479302158802,Cabana pri
8600,8600459479313914,Cabana pri
8601,8601643479344612,Cabana pri
8602,8602769974793093,Cabana pri
8603,8603818250047937,Cabana pri
8604,8604644793374572,Cabana pri
8605,8605252647938671,Cabana pri
8606,8606479397073787,Cabana pri
8607,8607726479337237,Cabana pri
8608,8608747938795755,Cabana pri
8609,8609375242434793,Cabana pri
8610,8610851947931301,Cabana pri
8611,8611946047937136,Cabana pri
8612,8612611264793500,Cabana pri
8613,8613906564793203,Cabana pri
8614,8614150244793256,Cabana pri
8615,8615326378647938,Cabana pri
8616,8616616479314115,Cabana pri
8617,8617453479378480,Cabana pri
8618,8618057313047933,Cabana pri
8619,8619632274793063,Cabana pri
8620,8620127870479361,Cabana pri
8621,8621479397684484,Cabana pri
8622,8622141231447932,Cabana pri
8623,8623278468479336,Cabana pri
8624,8624304793644943,Cabana pri
8625,8625979780847935,Cabana pri
8626,8626705708347933,Cabana pri
8627,8627847939627026,Cabana pri
8628,8628147930120677,Cabana pri
8629,8629849790284793,Cabana pri
8630,8630647930775362,Cabana pri
8631,8631151612344793,Cabana pri
8632,8632006283479392,Cabana pri
8633,8633047599047936,Cabana pri
8634,8634683284793564,Cabana pri
8635,8635390479367894,Cabana pri
8636,8636479303922984,Cabana pri
8637,8637479395492241,Cabana pri
8638,8638712864793753,Cabana pri
8639,8639947934929000,Cabana pri
8640,8640924793225004,Cabana pri
8641,8641519456494793,Cabana pri
8642,8642803351574793,Cabana pri
8643,8643826747684793,Cabana pri
8644,8644458654793462,Cabana pri
8645,8645047938854035,Cabana pri
8646,8646179864793083,Cabana pri
8647,8647546479345836,Cabana pri
8648,8648455376974793,Cabana pri
8649,8649947933551993,Cabana pri
8650,8650344793111870,Cabana pri
8651,8651479392880860,Cabana pri
8652,8652245584793194,Cabana pri
8653,8653144793351093,Cabana pri
8654,8654479387452970,Cabana pri
8655,8655942023479370,Cabana pri
8656,8656076479399512,Cabana pri
8657,8657594804793363,Cabana pri
8658,8658466167479300,Cabana pri
8659,8659479392615325,Cabana pri
8660,8660746179874793,Cabana pri
8661,8661310479320983,Cabana pri
8662,8662364793470042,Cabana pri
8663,8663555479385504,Cabana pri
8664,8664109974747932,Cabana pri
8665,8665564086034793,Cabana pri
8666,8666934793079020,Cabana pri
8667,8667444035524793,Cabana pri
8668,8668666705744793,Cabana pri
8669,8669604793463583,Cabana pri
8670,8670479374561687,Cabana pri
8671,8671570749847934,Cabana pri
8672,8672547939155092,Cabana pri
8673,8673694691247939,Cabana pri
8674,8674308147939242,Cabana pri
8675,8675593590347938,Cabana pri
8676,8676811479375309,Cabana pri
8677,8677078329494793,Cabana pri
8678,8678204740479383,Cabana pri
8679,8679552047932409,Cabana pri
8680,8680529447935795,Cabana pri
8681,8681694793820415,Cabana pri
8682,8682899924793965,Cabana pri
8683,8683439081479306,Cabana pri
8684,8684479360482642,Cabana pri
8685,8685814793053405,Cabana pri
8686,8686871676947930,Cabana pri
8687,8687147939126817,Cabana pri
8688,8688347938337291,Cabana pri
8689,8689743947934919,Cabana pri
8690,8690245499479385,Cabana pri
8691,8691144793237508,cabana sta
8692,8692662479381186,cabana sta
8693,8693705479374304,cabana sta
8694,8694845502479385,cabana sta
8695,8695257747937816,cabana sta
8696,8696404793691285,cabana sta
8697,8697347930188027,cabana sta
8698,8698371479304837,cabana sta
8699,8699479367766639,cabana sta
8700,8700479361644727,cabana sta
8701,8701479321547657,cabana sta
8702,8702005551479358,cabana sta
8703,8703674704793961,cabana sta
8704,8704844793173469,cabana sta
8705,8705086870294793,cabana sta
8706,8706386358224793,cabana sta
8707,8707479374784496,cabana sta
8708,8708081808147938,cabana sta
8709,8709108444793882,cabana sta
8710,8710564793218946,cabana sta
8711,8711409847934441,cabana sta
8712,8712565194479343,cabana sta
8713,8713479380076352,cabana sta
8714,8714261689247931,cabana sta
8715,8715074793504620,cabana sta
8716,8716384793905892,cabana sta
8717,8717738243479389,cabana sta
8718,8718248247934621,cabana sta
8719,8719994793163549,cabana sta
8720,8720796419147930,cabana sta
8721,8721092010479318,cabana sta
8722,8722912479350631,cabana sta
8723,8723154947936080,cabana sta
8724,8724642495479339,cabana sta
8725,8725156741479341,cabana sta
8726,8726175737479390,cabana sta
8727,8727431324793042,cabana sta
8728,8728244747932643,cabana sta
8729,8729924004479364,cabana sta
8730,8730577347934036,cabana sta
8731,8731770674793662,cabana sta
8732,8732994793359821,cabana sta
8733,8733539747936033,cabana sta
8734,8734997958844793,cabana sta
8735,8735486830479325,cabana sta
8736,8736694793131348,cabana sta
8737,8737372066479345,cabana sta
8738,8738547934877960,cabana sta
8739,8739479399572579,cabana sta
8740,8740947936287285,cabana sta
8741,8741947930025438,cabana sta
8742,8742587647934371,cabana sta
8743,8743540479360963,cabana sta
8744,8744911086614793,cabana sta
8745,8745479313618730,cabana sta
8746,8746538147932993,cabana sta
8747,8747245184793779,cabana sta
8748,8748479347111121,cabana sta
8749,8749810284479395,cabana sta
8750,8750500479342763,cabana sta
8751,8751585479311358,cabana sta
8752,8752747932278401,cabana sta
8753,8753830109044793,cabana sta
8754,8754128239047932,cabana sta
8755,8755661479353502,cabana sta
8756,8756870265247934,cabana sta
8757,8757285847934064,cabana sta
8758,8758751547938977,cabana sta
8759,8759332394793396,cabana sta
8760,8760347936118407,cabana sta
8761,8761747931061069,cabana sta
8762,8762508344793874,cabana sta
8763,8763479335157089,cabana sta
8764,8764588103479331,cabana sta
8765,8765484793616672,cabana sta
8766,8766479373830485,cabana sta
8767,8767064793890359,cabana sta
8768,8768397094793450,cabana sta
8769,8769730364793101,cabana sta
8770,8770723388914793,cabana sta
8771,8771028647933824,cabana sta
8772,8772644793710967,cabana sta
8773,8773695547939554,cabana sta
8774,8774365509479377,cabana sta
8775,8775838479324949,cabana sta
8776,8776216742479381,cabana sta
8777,8777873444793173,cabana sta
8778,8778361479346155,cabana sta
8779,8779847934772182,cabana sta
8780,8780983364793015,cabana sta
8781,8781147938610705,cabana sta
8782,8782873894793403,cabana sta
8783,8783026479356349,cabana sta
8784,8784939914793786,cabana sta
8785,8785441479329893,cabana sta
8786,8786743547931153,cabana sta
8787,8787262184793510,cabana sta
8788,8788457365479327,cabana sta
8789,8789032547939844,cabana sta
8790,8790818547933724,cabana sta
8791,8791003527504793,cabana sta
8792,8792004704793679,cabana sta
8793,8793145712274793,cabana sta
8794,8794824147935433,cabana sta
8795,8795947932039449,cabana sta
8796,8796676479353545,cabana sta
8797,8797989147930244,cabana sta
8798,8798847933108530,cabana sta
8799,8799685479377764,cabana sta
8800,8800489478147936,cabana sta
8801,8801479374467923,cabana sta
8802,8802692996784793,cabana sta
8803,8803547936489889,cabana sta
8804,8804014793875450,cabana sta
8805,8805825584793003,cabana sta
8806,8806224793114353,cabana sta
8807,8807520446479382,cabana sta
8808,8808006162479345,cabana sta
8809,8809479339873787,cabana sta
8810,8810418347933630,cabana sta
8811,8811195647938558,Parking Passes
8812,8812642747934113,Parking Passes
8813,8813709856479343,Parking Passes
8814,8814433479344662,Parking Passes
8815,8815654547939218,Parking Passes
8816,8816479362069714,Parking Passes
8817,8817467756854793,Parking Passes
8818,8818285319479322,Parking Passes
8819,8819344793221538,Parking Passes
8820,8820547934221830,Parking Passes
8821,8821625254793805,Parking Passes
8822,8822860247938004,Parking Passes
8823,8823447247936162,Parking Passes
8824,8824482947934714,Parking Passes
8825,8825557479336461,Parking Passes
8826,8826548554793465,Parking Passes
8827,8827149302479370,Parking Passes
8828,8828144579147932,Parking Passes
8829,8829479301890294,Parking Passes
8830,8830504479395319,Parking Passes
8831,8831675074793131,Parking Passes
8832,8832100154793581,Parking Passes
8833,8833479315986400,Parking Passes
8834,8834542343354793,Parking Passes
8835,8835532254793998,Parking Passes
8836,8836576540479399,Parking Passes
8837,8837034701479303,Parking Passes
8838,8838702825347937,Parking Passes
8839,8839367925347935,Parking Passes
8840,8840779188214793,Parking Passes
8841,8841093394793067,Parking Passes
8842,8842479349059937,Parking Passes
8843,8843447932059741,Parking Passes
8844,8844060071494793,Parking Passes
8845,8845447935018032,Parking Passes
8846,8846603954479343,Parking Passes
8847,8847784021204793,Parking Passes
8848,8848570099479311,Parking Passes
8849,8849960644793889,Parking Passes
8850,8850947938901316,Parking Passes
8851,8851984793209574,Parking Passes
8852,8852479312086975,Parking Passes
8853,8853860579479395,Parking Passes
8854,8854747933141583,Parking Passes
8855,8855814182724793,Parking Passes
8856,8856447930812115,Parking Passes
8857,8857701906847939,Parking Passes
8858,8858351045479359,Parking Passes
8859,8859224793365135,Parking Passes
8860,8860479399233669,Parking Passes
8861,8861747938780323,Parking Passes
8862,8862990479345965,Parking Passes
8863,8863410479324100,Parking Passes
8864,8864254793355339,Parking Passes
8865,8865479327132598,Parking Passes
8866,8866224046479372,Parking Passes
8867,8867938534793166,Parking Passes
8868,8868262235047936,Parking Passes
8869,8869045347939363,Parking Passes
8870,8870891122547932,Parking Passes
8871,8871430140479314,Parking Passes
8872,8872418061647935,Parking Passes
8873,8873234056274793,Parking Passes
8874,8874574479379300,Parking Passes
8875,8875346118144793,Parking Passes
8876,8876421847934281,Parking Passes
8877,8877479389477977,Parking Passes
8878,8878814793677957,Parking Passes
8879,8879477647935299,Parking Passes
8880,8880683479313166,Parking Passes
8881,8881747932838554,Parking Passes
8882,8882948186447931,Parking Passes
8883,8883469025479343,Parking Passes
8884,8884479330940973,Parking Passes
8885,8885715479366423,Parking Passes
8886,8886043354793859,Parking Passes
8887,8887479305144416,Parking Passes
8888,8888970547934461,Parking Passes
8889,8889379726479395,Parking Passes
8890,8890479332556899,Parking Passes
8891,8891479363101317,Parking Passes
8892,8892561142479338,Parking Passes
8893,8893398479351716,Parking Passes
8894,8894148287764793,Parking Passes
8895,8895663247931086,Parking Passes
8896,8896559479322272,Parking Passes
8897,8897479303841097,Parking Passes
8898,8898247931544694,Parking Passes
8899,8899368092479358,Parking Passes
8900,8900972054547937,Parking Passes
8901,8901479355085824,Parking Passes
8902,8902697647931822,Parking Passes
8903,8903479367375744,Parking Passes
8904,8904259479335057,Parking Passes
8905,8905847931521531,Parking Passes
8906,8906447932560430,Parking Passes
8907,8907229217514793,Parking Passes
8908,8908351961479372,Parking Passes
8909,8909519508947933,Parking Passes
8910,8910713741447939,Parking Passes
8911,8911324504793153,Parking Passes
8912,8912479396096644,Parking Passes
8913,8913572535479360,Parking Passes
8914,8914479125247935,Parking Passes
8915,8915957155474793,Parking Passes
8916,8916935917479366,Parking Passes
8917,8917847934961425,Parking Passes
8918,8918357931479348,Parking Passes
8919,8919774793616115,Parking Passes
8920,8920082447937169,Parking Passes
8921,8921002163479332,Parking Passes
8922,8922479379649085,Parking Passes
8923,8923547932622999,Parking Passes
8924,8924479479359771,Parking Passes
8925,8925247931892687,Parking Passes
8926,8926931279974793,Parking Passes
8927,8927923214793535,Parking Passes
8928,8928047932121688,Parking Passes
8929,8929432777547937,Parking Passes
8930,8930939941479320,Parking Passes
8931,8931479378540377,Parking Passes
8932,8932254793541655,Parking Passes
8933,8933826151147931,Parking Passes
8934,8934970205479300,Parking Passes
8935,8935794479308240,Parking Passes
8936,8936187124793065,Parking Passes
8937,8937479357632470,Parking Passes
8938,8938481624793624,Parking Passes
8939,8939111479366544,Parking Passes
8940,8940347930902933,Parking Passes
8941,8941689677479397,Parking Passes
8942,8942274793399373,Parking Passes
8943,8943479305317340,Parking Passes
8944,8944586658347934,Parking Passes
8945,8945447933461577,Parking Passes
8946,8946686447938647,Parking Passes
8947,8947600165594793,Parking Passes
8948,8948248814793286,Parking Passes
8949,8949537479360207,Parking Passes
8950,8950547932499433,Parking Passes
8951,8951570479386914,Parking Passes
8952,8952834793695465,Parking Passes
8953,8953913763894793,Parking Passes
8954,8954968017464793,Parking Passes
8955,8955054270479383,Parking Passes
8956,8956064194793990,Parking Passes
8957,8957032202434793,Parking Passes
8958,8958247931736771,Parking Passes
8959,8959810479344077,Parking Passes
8960,8960922747938043,Parking Passes
8961,8961604725479317,Cabana Parking Passing 
8962,8962366169547934,Cabana Parking Passing 
8963,8963292479361783,Cabana Parking Passing 
8964,8964861655247939,Cabana Parking Passing 
8965,8965251854793241,Cabana Parking Passing 
8966,8966925479348050,Cabana Parking Passing 
8967,8967723645479390,Cabana Parking Passing 
8968,8968374793929047,Cabana Parking Passing 
8969,8969814793330380,Cabana Parking Passing 
8970,8970667543479352,Cabana Parking Passing 
8971,8971395004793736,Cabana Parking Passing 
8972,8972479302291668,Cabana Parking Passing 
8973,8973264793621751,Cabana Parking Passing 
8974,8974479390172562,Cabana Parking Passing 
8975,8975414947934869,Cabana Parking Passing 
8976,8976921347939904,Cabana Parking Passing 
8977,8977147936278862,Cabana Parking Passing 
8978,8978545479371962,Cabana Parking Passing 
8979,8979214793765873,Cabana Parking Passing 
8980,8980054793520300,Cabana Parking Passing 
8981,8981120044793244,Cabana Parking Passing 
8982,8982234793505362,Cabana Parking Passing 
8983,8983812799924793,Cabana Parking Passing 
8984,8984202336114793,Cabana Parking Passing 
8985,8985989046479352,Cabana Parking Passing 
8986,8986713893479318,Cabana Parking Passing 
8987,8987847047934239,Cabana Parking Passing 
8988,8988947939690683,Cabana Parking Passing 
8989,8989047931506717,Cabana Parking Passing 
8990,8990691893354793,Cabana Parking Passing 
8991,8991654793451796,Cabana Parking Passing 
8992,8992479387805981,Cabana Parking Passing 
8993,8993997479389453,Cabana Parking Passing 
8994,8994894914479314,Cabana Parking Passing 
8995,8995451247931544,Cabana Parking Passing 
8996,8996087479336681,Cabana Parking Passing 
8997,8997649051847935,Cabana Parking Passing 
8998,8998575447938911,Cabana Parking Passing 
8999,8999248914494793,Cabana Parking Passing 
9000,9000101004793142,Cabana Parking Passing 
9001,9001516452447939,Cabana Parking Passing 
9002,9002547939374672,Cabana Parking Passing 
9003,9003243494793722,Cabana Parking Passing 
9004,9004707325547936,Cabana Parking Passing 
9005,9005934647934499,Cabana Parking Passing 
9006,9006024793863291,Cabana Parking Passing 
9007,9007284630814793,Cabana Parking Passing 
9008,9008267357647937,Cabana Parking Passing 
9009,9009647938350398,Cabana Parking Passing 
9010,9010479326563657,Cabana Parking Passing 
9011,9011479369381904,Cabana Parking Passing 
9012,9012247934409544,Cabana Parking Passing 
9013,9013145247931381,Cabana Parking Passing 
9014,9014923370247932,Cabana Parking Passing 
9015,9015758047932975,Cabana Parking Passing 
9016,9016247933784431,Cabana Parking Passing 
9017,9017604793152973,Cabana Parking Passing 
9018,9018479357501642,Cabana Parking Passing 
9019,9019323188479313,Cabana Parking Passing 
9020,9020249447939700,Cabana Parking Passing 
9021,9021531947938727,Cabana Parking Passing 
9022,9022747938741608,Cabana Parking Passing 
9023,9023120547936205,Cabana Parking Passing 
9024,9024977479388124,Cabana Parking Passing 
9025,9025299547932728,Cabana Parking Passing 
9026,9026647936086053,Cabana Parking Passing 
9027,9027947933691267,Cabana Parking Passing 
9028,9028266394747932,Cabana Parking Passing 
9029,9029904793606270,Cabana Parking Passing 
9030,9030774793104120,Cabana Parking Passing 
9031,9031337615764793,Cabana Parking Passing 
9032,9032875547932280,Cabana Parking Passing 
9033,9033943479384392,Cabana Parking Passing 
9034,9034247959347931,Cabana Parking Passing 
9035,9035344793010420,Cabana Parking Passing 
9036,9036747938136777,Cabana Parking Passing 
9037,9037256158464793,Cabana Parking Passing 
9038,9038784793608182,Cabana Parking Passing 
9039,9039501479368038,Cabana Parking Passing 
9040,9040747939758247,Cabana Parking Passing 
9041,9041674647936005,Cabana Parking Passing 
9042,9042395914854793,Cabana Parking Passing 
9043,9043584119994793,Cabana Parking Passing 
9044,9044608069479378,Cabana Parking Passing 
9045,9045723278247932,Cabana Parking Passing 
9046,9046542530974793,Cabana Parking Passing 
9047,9047467754793440,Cabana Parking Passing 
9048,9048479373114966,Cabana Parking Passing 
9049,9049972747935773,Cabana Parking Passing 
9050,9050542932154793,Cabana Parking Passing 
9051,9051680934793725,Cabana Parking Passing 
9052,9052680911479365,Cabana Parking Passing 
9053,9053850540479333,Cabana Parking Passing 
9054,9054356574793774,Cabana Parking Passing 
9055,9055947939748206,Cabana Parking Passing 
9056,9056047936141223,Cabana Parking Passing 
9057,9057431269047933,Cabana Parking Passing 
9058,9058908247930579,Cabana Parking Passing 
9059,9059083479340856,Cabana Parking Passing 
9060,9060756444793892,Cabana Parking Passing 
9061,9061434793875910,Cabana Parking Passing 
9062,9062292479300723,Cabana Parking Passing 
9063,9063689479387229,Cabana Parking Passing 
9064,9064479356491737,Cabana Parking Passing 
9065,9065947933401309,Cabana Parking Passing 
9066,9066479382364840,Cabana Parking Passing 
9067,9067941099479312,Cabana Parking Passing 
9068,9068721644793062,Cabana Parking Passing 
9069,9069428841194793,Cabana Parking Passing 
9070,9070479394700417,Cabana Parking Passing 
9071,9071183047939156,Cabana Parking Passing 
9072,9072313947936801,Cabana Parking Passing 
9073,9073479317669652,Cabana Parking Passing 
9074,9074154793080745,Cabana Parking Passing 
9075,9075479300302830,Cabana Parking Passing 
9076,9076704793899302,Cabana Parking Passing 
9077,9077479326892070,Cabana Parking Passing 
9078,9078884793175543,Cabana Parking Passing 
9079,9079479374829866,Cabana Parking Passing 
9080,9080615479337494,Cabana Parking Passing 
9081,9081714793499712,Cabana Parking Passing 
9082,9082269047932836,Cabana Parking Passing 
9083,9083053479333889,Cabana Parking Passing 
9084,9084737479307709,Cabana Parking Passing 
9085,9085247936781083,Cabana Parking Passing 
9086,9086247934712687,Cabana Parking Passing 
9087,9087884571479358,Cabana Parking Passing 
9088,9088333479381754,Cabana Parking Passing 
9089,9089544793655069,Cabana Parking Passing 
9090,9090479303459472,Cabana Parking Passing 
9091,9091756479343374,Cabana Parking Passing 
9092,9092247938511793,Cabana Parking Passing 
9093,9093591347932531,Cabana Parking Passing 
9094,9094800347939982,Cabana Parking Passing 
9095,9095711891347936,Cabana Parking Passing 
9096,9096347937031079,Cabana Parking Passing 
9097,9097311609547939,Cabana Parking Passing 
9098,9098654793821996,Cabana Parking Passing 
9099,9099479308983283,Cabana Parking Passing 
9100,9100155965479341,Cabana Parking Passing 
9101,9101479391770822,Cabana Parking Passing 
9102,9102274793141112,Cabana Parking Passing 
9103,9103479352039984,Cabana Parking Passing 
9104,9104019829479346,Cabana Parking Passing 
9105,9105801944793909,Cabana Parking Passing 
9106,9106946894793446,Cabana Parking Passing 
9107,9107335447931722,Cabana Parking Passing 
9108,9108960214793678,Cabana Parking Passing 
9109,9109028479364252,Cabana Parking Passing 
9110,9110783747935622,Cabana Parking Passing 
9111,9111550479969922,Gen Comp
9112,9112588180144799,Gen Comp
9113,9113533324799324,Gen Comp
9114,9114530479940947,Gen Comp
9115,9115854124799099,Gen Comp
9116,9116147998757539,Gen Comp
9117,9117359791479943,Gen Comp
9118,9118697947990285,Gen Comp
9119,9119479900678173,Gen Comp
9120,9120634989474799,Gen Comp
9121,9121547991801800,Gen Comp
9122,9122612479978143,Gen Comp
9123,9123714799933553,Gen Comp
9124,9124736947999153,Gen Comp
9125,9125834799612229,Gen Comp
9126,9126790479999445,Gen Comp
9127,9127847991739045,Gen Comp
9128,9128532070604799,Gen Comp
9129,9129696206854799,Gen Comp
9130,9130462479960827,Gen Comp
9131,9131715854479984,Gen Comp
9132,9132282847990150,Gen Comp
9133,9133412747990729,Gen Comp
9134,9134786246374799,Gen Comp
9135,9135734799203156,Gen Comp
9136,9136443547999675,Gen Comp
9137,9137903721479931,Gen Comp
9138,9138479964834022,Gen Comp
9139,9139881576014799,Gen Comp
9140,9140869142464799,Gen Comp
9141,9141954799538919,Gen Comp
9142,9142794799856068,Gen Comp
9143,9143876124799463,Gen Comp
9144,9144464799718979,Gen Comp
9145,9145336896479967,Gen Comp
9146,9146784799784720,Gen Comp
9147,9147208503747991,Gen Comp
9148,9148721069994799,Gen Comp
9149,9149244799704424,Gen Comp
9150,9150600769947993,Gen Comp
9151,9151479918354802,Gen Comp
9152,9152114799875566,Gen Comp
9153,9153370479902399,Gen Comp
9154,9154247991539178,Gen Comp
9155,9155479995565678,Gen Comp
9156,9156880622647992,Gen Comp
9157,9157479990077078,Gen Comp
9158,9158358192947997,Gen Comp
9159,9159994799327149,Gen Comp
9160,9160847995160537,Gen Comp
9161,9161428456479968,Gen Comp
9162,9162825034754799,Gen Comp
9163,9163874799397704,Gen Comp
9164,9164027479930161,Gen Comp
9165,9165029479963994,Gen Comp
9166,9166768047999198,Gen Comp
9167,9167684799449908,Gen Comp
9168,9168045605774799,Gen Comp
9169,9169621047990590,Gen Comp
9170,9170347995902383,Gen Comp
9171,9171647992309197,Gen Comp
9172,9172746664799298,Gen Comp
9173,9173479913606190,Gen Comp
9174,9174725362104799,Gen Comp
9175,9175794376747995,Gen Comp
9176,9176388828547992,Gen Comp
9177,9177934799361467,Gen Comp
9178,9178068479950226,Gen Comp
9179,9179479921598911,Gen Comp
9180,9180527092047996,Gen Comp
9181,9181381152479966,Gen Comp
9182,9182954799999441,Gen Comp
9183,9183116744799564,Gen Comp
9184,9184312604799959,Gen Comp
9185,9185924799399137,Gen Comp
9186,9186049629479981,Gen Comp
9187,9187860479912729,Gen Comp
9188,9188590691247995,Gen Comp
9189,9189314799941607,Gen Comp
9190,9190277247991307,Gen Comp
9191,9191392247995559,Gen Comp
9192,9192881280447996,Gen Comp
9193,9193281204799805,Gen Comp
9194,9194479916170378,Gen Comp
9195,9195347994060150,Gen Comp
9196,9196026061647997,Gen Comp
9197,9197154799128460,Gen Comp
9198,9198168554347994,Gen Comp
9199,9199560479993893,Gen Comp
9200,9200761647995804,Gen Comp
9201,9201744799415460,Gen Comp
9202,9202786994094799,Gen Comp
9203,9203634918479932,Gen Comp
9204,9204726408847998,Gen Comp
9205,9205547135479936,Gen Comp
9206,9206479952199009,Gen Comp
9207,9207668479900740,Gen Comp
9208,9208479968961673,Gen Comp
9209,9209710684799038,Gen Comp
9210,9210031414799419,Gen Comp
9211,9211396682354799,Gen Comp
9212,9212597938479947,Gen Comp
9213,9213647991076259,Gen Comp
9214,9214479979918649,Gen Comp
9215,9215150952447991,Gen Comp
9216,9216854440347997,Gen Comp
9217,9217647996563439,Gen Comp
9218,9218985687264799,Gen Comp
9219,9219355344347993,Gen Comp
9220,9220840064799421,Gen Comp
9221,9221072868479976,Gen Comp
9222,9222492752747991,Gen Comp
9223,9223479928900489,Gen Comp
9224,9224150347990410,Gen Comp
9225,9225479936394522,Gen Comp
9226,9226020635479980,Gen Comp
9227,9227479972444161,Gen Comp
9228,9228372057479935,Gen Comp
9229,9229479994001217,Gen Comp
9230,9230147998221174,Gen Comp
9231,9231524416479905,Gen Comp
9232,9232869479922487,Gen Comp
9233,9233747992824047,Gen Comp
9234,9234647999286634,Gen Comp
9235,9235434479954354,Gen Comp
9236,9236892614479903,Gen Comp
9237,9237239250084799,Gen Comp
9238,9238332510647992,Gen Comp
9239,9239652479997871,Gen Comp
9240,9240097479954374,Gen Comp
9241,9241047994499886,Gen Comp
9242,9242579547999734,Gen Comp
9243,9243347993801993,Gen Comp
9244,9244806612479989,Gen Comp
9245,9245867347991343,Gen Comp
9246,9246306604799086,Gen Comp
9247,9247449939447996,Gen Comp
9248,9248147998366922,Gen Comp
9249,9249960347991510,Gen Comp
9250,9250784479902658,Gen Comp
9251,9251947992723158,Gen Comp
9252,9252479983298435,Gen Comp
9253,9253812479948555,Gen Comp
9254,9254479951808791,Gen Comp
9255,9255747990857612,Gen Comp
9256,9256216747997679,Gen Comp
9257,9257240479946942,Gen Comp
9258,9258383479964356,Gen Comp
9259,9259935534799173,Gen Comp
9260,9260864799751242,Gen Comp
9261,9261218447994996,Gen Comp
9262,9262155349164799,Gen Comp
9263,9263819479979516,Gen Comp
9264,9264164799714057,Gen Comp
9265,9265950285747996,Gen Comp
9266,9266754774799023,Gen Comp
9267,9267702104799102,Gen Comp
9268,9268146479965430,Gen Comp
9269,9269923752554799,Gen Comp
9270,9270641629479980,Gen Comp
9271,9271700957447991,Gen Comp
9272,9272062834799777,Gen Comp
9273,9273300479953045,Gen Comp
9274,9274479944067054,Gen Comp
9275,9275852447998412,Gen Comp
9276,9276355497147999,Gen Comp
9277,9277053479933309,Gen Comp
9278,9278479992484470,Gen Comp
9279,9279057567547992,Gen Comp
9280,9280644799597476,Gen Comp
9281,9281207938847996,Gen Comp
9282,9282479911695829,Gen Comp
9283,9283347998732413,Gen Comp
9284,9284447994061544,Gen Comp
9285,9285479968170205,Gen Comp
9286,9286552479958484,Gen Comp
9287,9287014533204799,Gen Comp
9288,9288705094479946,Gen Comp
9289,9289479928876462,Gen Comp
9290,9290947999068759,Gen Comp
9291,9291461479927736,Gen Comp
9292,9292694479961085,Gen Comp
9293,9293885223479977,Gen Comp
9294,9294347997242561,Gen Comp
9295,9295500454479930,Gen Comp
9296,9296913097247996,Gen Comp
9297,9297716247996342,Gen Comp
9298,9298847992554839,Gen Comp
9299,9299274799601812,Gen Comp
9300,9300662382347996,Gen Comp
9301,9301641479928077,Gen Comp
9302,9302585584647990,Gen Comp
9303,9303247996681753,Gen Comp
9304,9304479902957804,Gen Comp
9305,9305077589479912,Gen Comp
9306,9306405896144799,Gen Comp
9307,9307546479992250,Gen Comp
9308,9308479923854791,Gen Comp
9309,9309479912048907,Gen Comp
9310,9310060163479910,Gen Comp
9311,9311227696524799,Gen Comp
9312,9312179073479999,Gen Comp
9313,9313854799258461,Gen Comp
9314,9314051024479986,Gen Comp
9315,9315247992380954,Gen Comp
9316,9316479986520115,Gen Comp
9317,9317480360479985,Gen Comp
9318,9318847992763039,Gen Comp
9319,9319369747995526,Gen Comp
9320,9320958479997962,Gen Comp
9321,9321974824799317,Gen Comp
9322,9322541664799114,Gen Comp
9323,9323014799278565,Gen Comp
9324,9324854799569620,Gen Comp
9325,9325794747990320,Gen Comp
9326,9326070479983408,Gen Comp
9327,9327921445479939,Gen Comp
9328,9328854799459446,Gen Comp
9329,9329783256479981,Gen Comp
9330,9330884147990116,Gen Comp
9331,9331426489244799,Gen Comp
9332,9332479934214296,Gen Comp
9333,9333114799537106,Gen Comp
9334,9334378847997013,Gen Comp
9335,9335394799421689,Gen Comp
9336,9336728479906494,Gen Comp
9337,9337529479985712,Gen Comp
9338,9338226877684799,Gen Comp
9339,9339019947994054,Gen Comp
9340,9340446947999725,Gen Comp
9341,9341947998909098,Gen Comp
9342,9342638955174799,Gen Comp
9343,9343025479989638,Gen Comp
9344,9344479991257713,Gen Comp
9345,9345100147995762,Gen Comp
9346,9346049446904799,Gen Comp
9347,9347147996491030,Gen Comp
9348,9348891996347994,Gen Comp
9349,9349050479971487,Gen Comp
9350,9350840704799157,Gen Comp
9351,9351718802934799,Gen Comp
9352,9352647991001968,Gen Comp
9353,9353547999494703,Gen Comp
9354,9354888424479995,Gen Comp
9355,9355107389479921,Gen Comp
9356,9356324504479933,Gen Comp
9357,9357976506479906,Gen Comp
9358,9358472954479954,Gen Comp
9359,9359156544799726,Gen Comp
9360,9360438347994938,Gen Comp
9361,9361137277479908,Gen Comp
9362,9362482347998029,Gen Comp
9363,9363060479972994,Gen Comp
9364,9364479927998897,Gen Comp
9365,9365567447996421,Gen Comp
9366,9366447991789538,Gen Comp
9367,9367049479912533,Gen Comp
9368,9368506114724799,Gen Comp
9369,9369479915461870,Gen Comp
9370,9370771643694799,Gen Comp
9371,9371060752479932,Gen Comp
9372,9372479905491175,Gen Comp
9373,9373372702547991,Gen Comp
9374,9374253785784799,Gen Comp
9375,9375784799302804,Gen Comp
9376,9376602264799361,Gen Comp
9377,9377729839047994,Gen Comp
9378,9378071046047997,Gen Comp
9379,9379999154799369,Gen Comp
9380,9380620479975588,Gen Comp
9381,9381423584479941,Gen Comp
9382,9382479963627455,Gen Comp
9383,9383306847993424,Gen Comp
9384,9384220047990357,Gen Comp
9385,9385616479990154,Gen Comp
9386,9386479977998956,Gen Comp
9387,9387614447998559,Gen Comp
9388,9388204616114799,Gen Comp
9389,9389143479928084,Gen Comp
9390,9390975247995220,Gen Comp
9391,9391129547991184,Gen Comp
9392,9392174032479914,Gen Comp
9393,9393347994538928,Gen Comp
9394,9394308118047992,Gen Comp
9395,9395479981806440,Gen Comp
9396,9396446075147997,Gen Comp
9397,9397479963729592,Gen Comp
9398,9398027995347992,Gen Comp
9399,9399663105479996,Gen Comp
9400,9400000447993967,Gen Comp
9401,9401419875914799,Gen Comp
9402,9402711134799762,Gen Comp
9403,9403198479966453,Gen Comp
9404,9404074542284799,Gen Comp
9405,9405331964479957,Gen Comp
9406,9406479904284193,Gen Comp
9407,9407477962479932,Gen Comp
9408,9408847998766283,Gen Comp
9409,9409895514799401,Gen Comp
9410,9410897654647991,Gen Comp
9411,9411047992854417,Gen Comp
9412,9412245931347992,Gen Comp
9413,9413421127447996,Gen Comp
9414,9414500525247993,Gen Comp
9415,9415306479933212,Gen Comp
9416,9416479932657089,Gen Comp
9417,9417425947990666,Gen Comp
9418,9418006479917740,Gen Comp
9419,9419047996310979,Gen Comp
9420,9420687969247991,Gen Comp
9421,9421434799727236,Gen Comp
9422,9422893013944799,Gen Comp
9423,9423294147991715,Gen Comp
9424,9424638284799215,Gen Comp
9425,9425947999450556,Gen Comp
9426,9426493479952508,Gen Comp
9427,9427340714799911,Gen Comp
9428,9428956654799722,Gen Comp
9429,9429348124799481,Gen Comp
9430,9430332566064799,Gen Comp
9431,9431122479903653,Gen Comp
9432,9432760479951601,Gen Comp
9433,9433709479960080,Gen Comp
9434,9434906260479922,Gen Comp
9435,9435013847991153,Gen Comp
9436,9436488044414799,Gen Comp
9437,9437866493474799,Gen Comp
9438,9438209647990972,Gen Comp
9439,9439349378244799,Gen Comp
9440,9440479990536281,Gen Comp
9441,9441994799648479,Gen Comp
9442,9442479927710435,Gen Comp
9443,9443349447990704,Gen Comp
9444,9444479973067865,Gen Comp
9445,9445175147996143,Gen Comp
9446,9446947997803171,Gen Comp
9447,9447952144799639,Gen Comp
9448,9448354799629966,Gen Comp
9449,9449479958882674,Gen Comp
9450,9450318930479912,Gen Comp
9451,9451164479985557,Gen Comp
9452,9452446604799550,Gen Comp
9453,9453678147992101,Gen Comp
9454,9454363747991496,Gen Comp
9455,9455615116934799,Gen Comp
9456,9456339787479973,Gen Comp
9457,9457264799980718,Gen Comp
9458,9458438224047991,Gen Comp
9459,9459293189644799,Gen Comp
9460,9460884799287697,Gen Comp
9461,9461620479966767,Gen Comp
9462,9462838186547999,Gen Comp
9463,9463850747995996,Gen Comp
9464,9464224799126517,Gen Comp
9465,9465479949281583,Gen Comp
9466,9466147992886391,Gen Comp
9467,9467434479969862,Gen Comp
9468,9468370479967321,Gen Comp
9469,9469714799156890,Gen Comp
9470,9470270644799532,Gen Comp
9471,9471479954511665,Gen Comp
9472,9472694262074799,Gen Comp
9473,9473404799643234,Gen Comp
9474,9474882525644799,Gen Comp
9475,9475371479914897,Gen Comp
9476,9476007479904162,Gen Comp
9477,9477106053479903,Gen Comp
9478,9478954479928906,Gen Comp
9479,9479309147994608,Gen Comp
9480,9480956790479930,Gen Comp
9481,9481292479986384,Gen Comp
9482,9482676169479917,Gen Comp
9483,9483494859124799,Gen Comp
9484,9484647999409963,Gen Comp
9485,9485688554479979,Gen Comp
9486,9486774799883204,Gen Comp
9487,9487456387147999,Gen Comp
9488,9488845047994700,Gen Comp
9489,9489539279204799,Gen Comp
9490,9490479927336637,Gen Comp
9491,9491237547990916,Gen Comp
9492,9492025708247990,Gen Comp
9493,9493479929638381,Gen Comp
9494,9494560024799089,Gen Comp
9495,9495819479994228,Gen Comp
9496,9496023094479925,Gen Comp
9497,9497947996458586,Gen Comp
9498,9498125864799824,Gen Comp
9499,9499939331354799,Gen Comp
9500,9500479984227124,Gen Comp
9501,9501805887479977,Gen Comp
9502,9502349147479953,Gen Comp
9503,9503124799895746,Gen Comp
9504,9504394799178262,Gen Comp
9505,9505793651914799,Gen Comp
9506,9506682744799002,Gen Comp
9507,9507714479998204,Gen Comp
9508,9508128247999491,Gen Comp
9509,9509654799743205,Gen Comp
9510,9510064444799418,Gen Comp
9511,9511547992000382,Gen Comp
9512,9512466871147993,Gen Comp
9513,9513914910147991,Gen Comp
9514,9514479956162607,Gen Comp
9515,9515763479931701,Gen Comp
9516,9516503047999557,Gen Comp
9517,9517479930993912,Gen Comp
9518,9518266754799448,Gen Comp
9519,9519742479958178,Gen Comp
9520,9520673047996156,Gen Comp
9521,9521378924799386,Gen Comp
9522,9522598563479948,Gen Comp
9523,9523479999116626,Gen Comp
9524,9524770479958787,Gen Comp
9525,9525297804799922,Gen Comp
9526,9526935676479916,Gen Comp
9527,9527479937658820,Gen Comp
9528,9528479950379458,Gen Comp
9529,9529747998190113,Gen Comp
9530,9530789208747995,Gen Comp
9531,9531137255479902,Gen Comp
9532,9532747997730347,Gen Comp
9533,9533479916181658,Gen Comp
9534,9534743780544799,Gen Comp
9535,9535442652479941,Gen Comp
9536,9536545710479998,Gen Comp
9537,9537254043479965,Gen Comp
9538,9538337684799113,Gen Comp
9539,9539479916713482,Gen Comp
9540,9540297470479946,Gen Comp
9541,9541434799983501,Gen Comp
9542,9542314799409417,Gen Comp
9543,9543750674799794,Gen Comp
9544,9544624799302135,Gen Comp
9545,9545139051704799,Gen Comp
9546,9546932512479948,Gen Comp
9547,9547691479965353,Gen Comp
9548,9548887047479990,Gen Comp
9549,9549764799377470,Gen Comp
9550,9550330755047997,Gen Comp
9551,9551755478479952,Gen Comp
9552,9552282479915834,Gen Comp
9553,9553165847992221,Gen Comp
9554,9554053955479909,Gen Comp
9555,9555047995520312,Gen Comp
9556,9556719477464799,Gen Comp
9557,9557545573424799,Gen Comp
9558,9558344799630928,Gen Comp
9559,9559462014799578,Gen Comp
9560,9560419962464799,Gen Comp
9561,9561141847997680,Gen Comp
9562,9562660792479988,Gen Comp
9563,9563838479955501,Gen Comp
9564,9564269714799345,Gen Comp
9565,9565511479919484,Gen Comp
9566,9566787522479935,Gen Comp
9567,9567451047998072,Gen Comp
9568,9568992664799636,Gen Comp
9569,9569479935568271,Gen Comp
9570,9570617078479941,Gen Comp
9571,9571224799891170,Gen Comp
9572,9572306824864799,Gen Comp
9573,9573383479980060,Gen Comp
9574,9574228525479910,Gen Comp
9575,9575247994373997,Gen Comp
9576,9576985047995029,Gen Comp
9577,9577479903529786,Gen Comp
9578,9578550479958072,Gen Comp
9579,9579765093479925,Gen Comp
9580,9580709009564799,Gen Comp
9581,9581671479964722,Gen Comp
9582,9582147990739399,Gen Comp
9583,9583479963193953,Gen Comp
9584,9584218047991785,Gen Comp
9585,9585247998497862,Gen Comp
9586,9586629356479964,Gen Comp
9587,9587136134799741,Gen Comp
9588,9588244514799181,Gen Comp
9589,9589971033104799,Gen Comp
9590,9590830697479925,Gen Comp
9591,9591344479951582,Gen Comp
9592,9592288229247991,Gen Comp
9593,9593519447997412,Gen Comp
9594,9594479972847318,Gen Comp
9595,9595531654799688,Gen Comp
9596,9596398479985517,Gen Comp
9597,9597905247995945,Gen Comp
9598,9598647999526884,Gen Comp
9599,9599400812247992,Gen Comp
9600,9600982324799898,Gen Comp
9601,9601463479957035,Gen Comp
9602,9602584944347999,Gen Comp
9603,9603897747994615,Gen Comp
9604,9604347994942907,Gen Comp
9605,9605431785479952,Gen Comp
9606,9606479990220408,Gen Comp
9607,9607052037047993,Gen Comp
9608,9608479987956616,Gen Comp
9609,9609377604799265,Gen Comp
9610,9610295650479945,Gen Comp
9611,9611706832347995,VIP Comp
9612,9612360324244799,VIP Comp
9613,9613047998506639,VIP Comp
9614,9614991975254799,VIP Comp
9615,9615424747992455,VIP Comp
9616,9616190547994721,VIP Comp
9617,9617014376034799,VIP Comp
9618,9618067704799567,VIP Comp
9619,9619935063314799,VIP Comp
9620,9620347995997491,VIP Comp
9621,9621317847991797,VIP Comp
9622,9622894799192626,VIP Comp
9623,9623084479964836,VIP Comp
9624,9624459347997215,VIP Comp
9625,9625483694799725,VIP Comp
9626,9626633247996327,VIP Comp
9627,9627479904477492,VIP Comp
9628,9628160893479928,VIP Comp
9629,9629334799564891,VIP Comp
9630,9630764086479930,VIP Comp
9631,9631562807634799,VIP Comp
9632,9632044799121615,VIP Comp
9633,9633083799624799,VIP Comp
9634,9634517220479953,VIP Comp
9635,9635393724799654,VIP Comp
9636,9636317547990164,VIP Comp
9637,9637479940531749,VIP Comp
9638,9638782604799780,VIP Comp
9639,9639341364964799,VIP Comp
9640,9640934247996938,VIP Comp
9641,9641244288234799,VIP Comp
9642,9642728754479920,VIP Comp
9643,9643382479931630,VIP Comp
9644,9644479956596870,VIP Comp
9645,9645705674799861,VIP Comp
9646,9646018479986582,VIP Comp
9647,9647547999760360,VIP Comp
9648,9648476148834799,VIP Comp
9649,9649947993019660,VIP Comp
9650,9650147993592562,VIP Comp
9651,9651050406447990,VIP Comp
9652,9652827990414799,VIP Comp
9653,9653794574799343,VIP Comp
9654,9654564799557310,VIP Comp
9655,9655917174147993,VIP Comp
9656,9656547996090240,VIP Comp
9657,9657114799963813,VIP Comp
9658,9658366892614799,VIP Comp
9659,9659864799813551,VIP Comp
9660,9660565647996165,VIP Comp
9661,9661454994799002,VIP Comp
9662,9662238534799153,VIP Comp
9663,9663862828047990,VIP Comp
9664,9664928238204799,VIP Comp
9665,9665474479924467,VIP Comp
9666,9666547995674855,VIP Comp
9667,9667505296174799,VIP Comp
9668,9668495232664799,VIP Comp
9669,9669426479993580,VIP Comp
9670,9670062011479973,VIP Comp
9671,9671356464799968,VIP Comp
9672,9672707479965806,VIP Comp
9673,9673130047993973,VIP Comp
9674,9674479979960452,VIP Comp
9675,9675134799373069,VIP Comp
9676,9676479948506480,VIP Comp
9677,9677775734799199,VIP Comp
9678,9678783642479979,VIP Comp
9679,9679995479945751,VIP Comp
9680,9680647998362793,VIP Comp
9681,9681329247993367,VIP Comp
9682,9682647991584824,VIP Comp
9683,9683290381064799,VIP Comp
9684,9684959632047998,VIP Comp
9685,9685047993454849,VIP Comp
9686,9686348913147996,VIP Comp
9687,9687096864247995,VIP Comp
9688,9688167647992736,VIP Comp
9689,9689183389147993,VIP Comp
9690,9690479947730374,VIP Comp
9691,9691747999003312,VIP Comp
9692,9692678633947994,VIP Comp
9693,9693272547996130,VIP Comp
9694,9694447990492171,VIP Comp
9695,9695564632479923,VIP Comp
9696,9696050479988543,VIP Comp
9697,9697020106647996,VIP Comp
9698,9698482528947991,VIP Comp
9699,9699051447994150,VIP Comp
9700,9700573747995768,VIP Comp
9701,9701226384799655,VIP Comp
9702,9702978004799258,VIP Comp
9703,9703159213047991,VIP Comp
9704,9704747994543261,VIP Comp
9705,9705593134799743,VIP Comp
9706,9706187447994294,VIP Comp
9707,9707747309694799,VIP Comp
9708,9708947991489640,VIP Comp
9709,9709479981406373,VIP Comp
9710,9710312479958217,VIP Comp
9711,9711479987182621,VIP Comp
9712,9712479685747992,VIP Comp
9713,9713479974769921,VIP Comp
9714,9714354799749495,VIP Comp
9715,9715065214564799,VIP Comp
9716,9716630256694799,VIP Comp
9717,9717079560554799,VIP Comp
9718,9718454479952423,VIP Comp
9719,9719687587479946,VIP Comp
9720,9720479978904736,VIP Comp
9721,9721891724479929,VIP Comp
9722,9722836607479929,VIP Comp
9723,9723347993091413,VIP Comp
9724,9724401854799302,VIP Comp
9725,9725742171479953,VIP Comp
9726,9726605747991283,VIP Comp
9727,9727821992147998,VIP Comp
9728,9728479989585406,VIP Comp
9729,9729390479844799,VIP Comp
9730,9730865494799404,VIP Comp
9731,9731522706479912,VIP Comp
9732,9732844799712057,VIP Comp
9733,9733725847990926,VIP Comp
9734,9734716854799754,VIP Comp
9735,9735976376004799,VIP Comp
9736,9736568479941926,VIP Comp
9737,9737839464447996,VIP Comp
9738,9738755988947990,VIP Comp
9739,9739947992345879,VIP Comp
9740,9740254799459808,VIP Comp
9741,9741156012744799,VIP Comp
9742,9742020164799104,VIP Comp
9743,9743370747997062,VIP Comp
9744,9744282747993063,VIP Comp
9745,9745592547994747,VIP Comp
9746,9746932479960621,VIP Comp
9747,9747264347991049,VIP Comp
9748,9748947994278400,VIP Comp
9749,9749739977414799,VIP Comp
9750,9750147990969330,VIP Comp
9751,9751623479900477,VIP Comp
9752,9752874479995951,VIP Comp
9753,9753594799296586,VIP Comp
9754,9754304636479960,VIP Comp
9755,9755208963934799,VIP Comp
9756,9756479902747676,VIP Comp
9757,9757773479927623,VIP Comp
9758,9758247993849199,VIP Comp
9759,9759847999859875,VIP Comp
9760,9760961479977431,VIP Comp
9761,9761689135264799,VIP Comp
9762,9762654799639558,VIP Comp
9763,9763724799648710,VIP Comp
9764,9764204799769509,VIP Comp
9765,9765847997703042,VIP Comp
9766,9766479980095350,VIP Comp
9767,9767479988961756,VIP Comp
9768,9768633194799932,VIP Comp
9769,9769305047994589,VIP Comp
9770,9770261074047995,VIP Comp
9771,9771371447999345,VIP Comp
9772,9772388147991570,VIP Comp
9773,9773479933123550,VIP Comp
9774,9774221674799639,VIP Comp
9775,9775676899684799,VIP Comp
9776,9776551561479995,VIP Comp
9777,9777049899504799,VIP Comp
9778,9778314799929565,VIP Comp
9779,9779347999598502,VIP Comp
9780,9780997404799297,VIP Comp
9781,9781047994731767,VIP Comp
9782,9782728747998556,VIP Comp
9783,9783447998707583,VIP Comp
9784,9784070964234799,VIP Comp
9785,9785479978006581,VIP Comp
9786,9786551110479932,VIP Comp
9787,9787284799131508,VIP Comp
9788,9788479933864582,VIP Comp
9789,9789147990020519,VIP Comp
9790,9790347991722408,VIP Comp
9791,9791479972837988,VIP Comp
9792,9792479981622650,VIP Comp
9793,9793364479939708,VIP Comp
9794,9794634134799508,VIP Comp
9795,9795261709147992,VIP Comp
9796,9796738347991701,VIP Comp
9797,9797574799242883,VIP Comp
9798,9798479957566673,VIP Comp
9799,9799024799389842,VIP Comp
9800,9800564799626100,VIP Comp
9801,9801508031774799,VIP Comp
9802,9802496479973382,VIP Comp
9803,9803599339479996,VIP Comp
9804,9804209920147992,VIP Comp
9805,9805464799124194,VIP Comp
9806,9806143684147992,VIP Comp
9807,9807804799203412,VIP Comp
9808,9808922988724799,VIP Comp
9809,9809479966662965,VIP Comp
9810,9810269293479971,VIP Comp
9811,9811067253847993,VIP Comp
9812,9812564799945318,VIP Comp
9813,9813834799422793,VIP Comp
9814,9814417284799790,VIP Comp
9815,9815147991548196,VIP Comp
9816,9816847991468173,VIP Comp
9817,9817833479994768,VIP Comp
9818,9818447173479909,VIP Comp
9819,9819899476479977,VIP Comp
9820,9820528525479997,VIP Comp
9821,9821947994270593,VIP Comp
9822,9822369708194799,VIP Comp
9823,9823776004799640,VIP Comp
9824,9824187479901813,VIP Comp
9825,9825001947992845,VIP Comp
9826,9826461479985397,VIP Comp
9827,9827479963898756,VIP Comp
9828,9828531458104799,VIP Comp
9829,9829672601114799,VIP Comp
9830,9830479991857305,VIP Comp
9831,9831663789647991,VIP Comp
9832,9832847992845562,VIP Comp
9833,9833993445479954,VIP Comp
9834,9834479929078577,VIP Comp
9835,9835298479979180,VIP Comp
9836,9836994799106701,VIP Comp
9837,9837388597479955,VIP Comp
9838,9838084799946050,VIP Comp
9839,9839233955054799,VIP Comp
9840,9840033309479955,VIP Comp
9841,9841847994893997,VIP Comp
9842,9842532547994104,VIP Comp
9843,9843061630194799,VIP Comp
9844,9844934799098139,VIP Comp
9845,9845022479915691,VIP Comp
9846,9846690677479941,VIP Comp
9847,9847759947997278,VIP Comp
9848,9848744718347992,VIP Comp
9849,9849218784799412,VIP Comp
9850,9850744799345514,VIP Comp
9851,9851822561484799,VIP Comp
9852,9852479959936907,VIP Comp
9853,9853947994132424,VIP Comp
9854,9854498299479930,VIP Comp
9855,9855897469447993,VIP Comp
9856,9856347991375912,VIP Comp
9857,9857998130624799,VIP Comp
9858,9858006479928370,VIP Comp
9859,9859655327479970,VIP Comp
9860,9860480044479922,VIP Comp
9861,9861479919821504,VIP Comp
9862,9862464799495964,VIP Comp
9863,9863841251047997,VIP Comp
9864,9864044347994850,VIP Comp
9865,9865747996815017,VIP Comp
9866,9866145162447992,VIP Comp
9867,9867047996469654,VIP Comp
9868,9868544691244799,VIP Comp
9869,9869479992352194,VIP Comp
9870,9870165447990354,VIP Comp
9871,9871904433324799,VIP Comp
9872,9872223514799444,VIP Comp
9873,9873063702479952,VIP Comp
9874,9874819479905007,VIP Comp
9875,9875047991434249,VIP Comp
9876,9876013054799157,VIP Comp
9877,9877543479964231,VIP Comp
9878,9878584799412029,VIP Comp
9879,9879665479923822,VIP Comp
9880,9880308479984433,VIP Comp
9881,9881314799047960,VIP Comp
9882,9882147992816732,VIP Comp
9883,9883798906479958,VIP Comp
9884,9884479941312189,VIP Comp
9885,9885479912958063,VIP Comp
9886,9886930174547991,VIP Comp
9887,9887479923320961,VIP Comp
9888,9888941148047990,VIP Comp
9889,9889400898747994,VIP Comp
9890,9890024799924500,VIP Comp
9891,9891911479915391,VIP Comp
9892,9892788358147994,VIP Comp
9893,9893862479950114,VIP Comp
9894,9894337293384799,VIP Comp
9895,9895823479995251,VIP Comp
9896,9896479955364095,VIP Comp
9897,9897489364799991,VIP Comp
9898,9898299847999541,VIP Comp
9899,9899729547479927,VIP Comp
9900,9900064756447996,VIP Comp
9901,9901294799798270,VIP Comp
9902,9902906147998702,VIP Comp
9903,9903977347993874,VIP Comp
9904,9904479903812283,VIP Comp
9905,9905687131564799,VIP Comp
9906,9906479904956335,VIP Comp
9907,9907614799560311,VIP Comp
9908,9908984799091537,VIP Comp
9909,9909479923721172,VIP Comp
9910,9910403479921322,VIP Comp
9911,9911807200324799,VIP Comp
9912,9912034799579097,VIP Comp
9913,9913516094479935,VIP Comp
9914,9914444479994297,VIP Comp
9915,9915396847999554,VIP Comp
9916,9916295236047999,VIP Comp
9917,9917308841847999,VIP Comp
9918,9918289847993991,VIP Comp
9919,9919249347990506,VIP Comp
9920,9920429684047997,VIP Comp
9921,9921115102479988,VIP Comp
9922,9922479938286141,VIP Comp
9923,9923216784799288,VIP Comp
9924,9924224799752452,VIP Comp
9925,9925706204014799,VIP Comp
9926,9926824479975937,VIP Comp
9927,9927852774479917,VIP Comp
9928,9928147990306118,VIP Comp
9929,9929443947995580,VIP Comp
9930,9930123617479910,VIP Comp
9931,9931871660479965,VIP Comp
9932,9932421715664799,VIP Comp
9933,9933944799320585,VIP Comp
9934,9934418870247994,VIP Comp
9935,9935597219479935,VIP Comp
9936,9936108841479991,VIP Comp
9937,9937906479900923,VIP Comp
9938,9938904147990141,VIP Comp
9939,9939455818524799,VIP Comp
9940,9940644799671957,VIP Comp
9941,9941016447993284,VIP Comp
9942,9942653447992350,VIP Comp
9943,9943517479977880,VIP Comp
9944,9944479957095356,VIP Comp
9945,9945274799475235,VIP Comp
9946,9946570947992163,VIP Comp
9947,9947479913666486,VIP Comp
9948,9948917479967855,VIP Comp
9949,9949528479973564,VIP Comp
9950,9950479946385149,VIP Comp
9951,9951479988041951,VIP Comp
9952,9952475176479935,VIP Comp
9953,9953247990806717,VIP Comp
9954,9954764799487338,VIP Comp
9955,9955047997833977,VIP Comp
9956,9956147999082723,VIP Comp
9957,9957752964799245,VIP Comp
9958,9958268136604799,VIP Comp
9959,9959479979235867,VIP Comp
9960,9960141047999842,VIP Comp
9961,9961116479912111,VIP Comp
9962,9962684799943921,VIP Comp
9963,9963108162947997,VIP Comp
9964,9964720479952338,VIP Comp
9965,9965479909292168,VIP Comp
9966,9966116058479918,VIP Comp
9967,9967919158479997,VIP Comp
9968,9968479997926112,VIP Comp
9969,9969588647991979,VIP Comp
9970,9970263479959580,VIP Comp
9971,9971152194799510,VIP Comp
9972,9972162617479993,VIP Comp
9973,9973812479981330,VIP Comp
9974,9974369035047991,VIP Comp
9975,9975851592847999,VIP Comp
9976,9976254799313330,VIP Comp
9977,9977898479933573,VIP Comp
9978,9978177847992693,VIP Comp
9979,9979947991652971,VIP Comp
9980,9980761584799001,VIP Comp
9981,9981603894799848,VIP Comp
9982,9982984597479914,VIP Comp
9983,9983479920831108,VIP Comp
9984,9984479945612336,VIP Comp
9985,9985354799764488,VIP Comp
9986,9986916202454799,VIP Comp
9987,9987186208479998,VIP Comp
9988,9988370479929003,VIP Comp
9989,9989634799092507,VIP Comp
9990,9990977599247997,VIP Comp
9991,9991088479957295,VIP Comp
9992,9992196447994307,VIP Comp
9993,9993074747996998,VIP Comp
9994,9994555292104799,VIP Comp
9995,9995121454799651,VIP Comp
9996,9996479905252451,VIP Comp
9997,9997564547999590,VIP Comp
9998,9998216479900873,VIP Comp
9999,9999295705479953,VIP Comp
10000,1000009009479915,VIP Comp
10001,1000154799618953,VIP Comp
10002,1000295777479986,VIP Comp
10003,1000306440479949,VIP Comp
10004,1000463215647992,VIP Comp
10005,1000562326647995,VIP Comp
10006,1000692247997770,VIP Comp
10007,1000774189554799,VIP Comp
10008,1000882247992201,VIP Comp
10009,1000973479920386,VIP Comp
10010,1001047370247998,VIP Comp
10011,1001165005747997,VIP Comp
10012,1001233933684799,VIP Comp
10013,1001347994762440,VIP Comp
10014,1001428479936748,VIP Comp
10015,1001557101479939,VIP Comp
10016,1001602430479958,VIP Comp
10017,1001769850479942,VIP Comp
10018,1001804799914353,VIP Comp
10019,1001947994637857,VIP Comp
10020,1002047996671787,VIP Comp
10021,1002106479960507,VIP Comp
10022,1002269789794799,VIP Comp
10023,1002384799880147,VIP Comp
10024,1002491954799680,VIP Comp
10025,1002555254799252,VIP Comp
10026,1002684298034799,VIP Comp
10027,1002770572479923,VIP Comp
10028,1002874954799052,VIP Comp
10029,1002972503947991,VIP Comp
10030,1003049664479978,VIP Comp
10031,1003189594047991,VIP Comp
10032,1003281947990129,VIP Comp
10033,1003364747993130,VIP Comp
10034,1003422974799990,VIP Comp
10035,1003591839974799,VIP Comp
10036,1003699994799306,VIP Comp
10037,1003787739479903,VIP Comp
10038,1003880216847994,VIP Comp
10039,1003972594799125,VIP Comp
10040,1004095479981807,VIP Comp
10041,1004129479950027,VIP Comp
10042,1004247993858857,VIP Comp
10043,1004347991057201,VIP Comp
10044,1004445479975049,VIP Comp
10045,1004554347993697,VIP Comp
10046,1004624977479923,VIP Comp
10047,1004781045447990,VIP Comp
10048,1004846700447997,VIP Comp
10049,1004951047990137,VIP Comp
10050,1005044267047997,VIP Comp
10051,1005161479991268,VIP Comp
10052,1005254799476217,VIP Comp
10053,1005306617634799,VIP Comp
10054,1005464799475015,VIP Comp
10055,1005526368894799,VIP Comp
10056,1005666919624799,VIP Comp
10057,1005784799525891,VIP Comp
10058,1005874799133962,VIP Comp
10059,1005947996519400,VIP Comp
10060,1006048479924329,VIP Comp
10061,1006174915479946,VIP Comp
10062,1006252197834799,VIP Comp
10063,1006347994268365,VIP Comp
10064,1006487748044799,VIP Comp
10065,1006541682347993,VIP Comp
10066,1006664799401674,VIP Comp
10067,1006745479952860,VIP Comp
10068,1006847994932510,VIP Comp
10069,1006972441774799,VIP Comp
10070,1007047990210050,VIP Comp
10071,1007150147991210,VIP Comp
10072,1007247992224875,VIP Comp
10073,1007343304799674,VIP Comp
10074,1007434799354147,VIP Comp
10075,1007534334799840,VIP Comp
10076,1007671424799092,VIP Comp
10077,1007731348594799,VIP Comp
10078,1007834222547999,VIP Comp
10079,1007973479928866,VIP Comp
10080,1008004834479907,VIP Comp
10081,1008113554799238,VIP Comp
10082,1008292479923612,VIP Comp
10083,1008344856844799,VIP Comp
10084,1008447996666207,VIP Comp
10085,1008574929347995,VIP Comp
10086,1008683479957611,VIP Comp
10087,1008733134274799,VIP Comp
10088,1008854727154799,VIP Comp
10089,1008994799365356,VIP Comp
10090,1009047998321492,VIP Comp
10091,1009128105479902,VIP Comp
10092,1009236381574799,VIP Comp
10093,1009335527174799,VIP Comp
10094,1009470374594799,VIP Comp
10095,1009574074799134,VIP Comp
10096,1009604799624949,VIP Comp
10097,1009787834799242,VIP Comp
10098,1009839914799719,VIP Comp
10099,1009947997861639,VIP Comp
10100,1010013479960286,VIP Comp
10101,1010125447996347,VIP Comp
10102,1010247993794897,VIP Comp
10103,1010397124799311,VIP Comp
10104,1010463534799303,VIP Comp
10105,1010547993630137,VIP Comp
10106,1010652458074799,VIP Comp
10107,1010727479950496,VIP Comp
10108,1010831947993605,VIP Comp
10109,1010986650347998,VIP Comp
10110,1011079421479965,VIP Comp
10111,1011190874799431,gen comp
10112,1011291156479919,gen comp
10113,1011314799809303,gen comp
10114,1011468042479981,gen comp
10115,1011512369947996,gen comp
10116,1011647999967789,gen comp
10117,1011704799196272,gen comp
10118,1011809574799456,gen comp
10119,1011916866479924,gen comp
10120,1012024607454799,gen comp
10121,1012199787479975,gen comp
10122,1012224799482433,gen comp
10123,1012327054547994,gen comp
10124,1012403544479929,gen comp
10125,1012547990915832,gen comp
10126,1012683390444799,gen comp
10127,1012785762479900,gen comp
10128,1012893116524799,gen comp
10129,1012909793844799,gen comp
10130,1013013984799119,gen comp
10131,1013147489147992,gen comp
10132,1013224799411445,gen comp
10133,1013307192544799,gen comp
10134,1013451247990771,gen comp
10135,1013531715479992,gen comp
10136,1013647994203641,gen comp
10137,1013771147996363,gen comp
10138,1013854799575741,gen comp
10139,1013904567924799,gen comp
10140,1014047998568160,gen comp
10141,1014147993839752,gen comp
10142,1014244479934951,gen comp
10143,1014347998534634,gen comp
10144,1014481578479955,gen comp
10145,1014537479930143,gen comp
10146,1014665479945431,gen comp
10147,1014731734799038,gen comp
10148,1014899447999717,gen comp
10149,1014905894647998,gen comp
10150,1015076919479925,gen comp
10151,1015147997045826,gen comp
10152,1015245866947998,gen comp
10153,1015390557384799,gen comp
10154,1015447998431433,gen comp
10155,1015550210314799,gen comp
10156,1015687647996428,gen comp
10157,1015750479909895,gen comp
10158,1015868358947996,gen comp
10159,1015919694034799,gen comp
10160,1016055321114799,gen comp
10161,1016102947992570,gen comp
10162,1016236540479948,gen comp
10163,1016394479922044,gen comp
10164,1016484524799606,gen comp
10165,1016595049947995,gen comp
10166,1016647994478008,gen comp
10167,1016734887947996,gen comp
10168,1016847993308717,gen comp
10169,1016947996585871,gen comp
10170,1017021584799509,gen comp
10171,1017176183804799,gen comp
10172,1017221494834799,gen comp
10173,1017362154799161,gen comp
10174,1017435446479972,gen comp
10175,1017554799763827,gen comp
10176,1017603366479938,gen comp
10177,1017747992355875,gen comp
10178,1017804351484799,gen comp
10179,1017927031604799,gen comp
10180,1018010501947992,gen comp
10181,1018186657454799,gen comp
10182,1018265639247990,gen comp
10183,1018347991208010,gen comp
10184,1018497509947997,gen comp
10185,1018588157947993,gen comp
10186,1018676280794799,gen comp
10187,1018760296247999,gen comp
10188,1018894147997064,gen comp
10189,1018947997776850,gen comp
10190,1019066692947996,gen comp
10191,1019120366947997,gen comp
10192,1019238811264799,gen comp
10193,1019382479908857,gen comp
10194,1019471685234799,gen comp
10195,1019528084799177,gen comp
10196,1019676323044799,gen comp
10197,1019754799972728,gen comp
10198,1019859757847991,gen comp
10199,1019914884799981,gen comp
10200,1020044799741339,gen comp
10201,1020144799747382,gen comp
10202,1020247992969813,gen comp
10203,1020324634799968,gen comp
10204,1020498692447992,gen comp
10205,1020574846479971,gen comp
10206,1020654799902749,gen comp
10207,1020707860147993,gen comp
10208,1020858648479966,gen comp
10209,1020986479953518,gen comp
10210,1021055533479981,gen comp
10211,1021199272954799,gen comp
10212,1021264799309113,gen comp
10213,1021334359479923,gen comp
10214,1021447999683482,gen comp
10215,1021520454799206,gen comp
10216,1021672628324799,gen comp
10217,1021744799369759,gen comp
10218,1021880531514799,gen comp
10219,1021954799711298,gen comp
10220,1022023479995147,gen comp
10221,1022162347997816,gen comp
10222,1022295421347991,gen comp
10223,1022304799805983,gen comp
10224,1022447994378678,gen comp
10225,1022538081364799,gen comp
10226,1022644799800444,gen comp
10227,1022730479968202,gen comp
10228,1022881547990548,gen comp
10229,1022994799033451,gen comp
10230,1023087094799011,gen comp
10231,1023161711774799,gen comp
10232,1023283479913597,gen comp
10233,1023395928947993,gen comp
10234,1023459194799773,gen comp
10235,1023559925479939,gen comp
10236,1023688165584799,gen comp
10237,1023752479946273,gen comp
10238,1023894994479953,gen comp
10239,1023947992393209,gen comp
10240,1024024216447992,gen comp
10241,1024134799754332,gen comp
10242,1024248147990081,gen comp
10243,1024339344799310,gen comp
10244,1024448965847990,gen comp
10245,1024559872034799,gen comp
10246,1024640347992489,gen comp
10247,1024726855479993,gen comp
10248,1024847998903224,gen comp
10249,1024984799516706,gen comp
10250,1025047992626680,gen comp
10251,1025147991196879,gen comp
10252,1025284247992776,gen comp
10253,1025333479991863,gen comp
10254,1025456535134799,gen comp
10255,1025564799258171,gen comp
10256,1025684799103767,gen comp
10257,1025747996291316,gen comp
10258,1025847814799902,gen comp
10259,1025918224799328,gen comp
10260,1026047992717238,gen comp
10261,1026119882747997,gen comp
10262,1026256747992887,gen comp
10263,1026395574647994,gen comp
10264,1026451347993102,gen comp
10265,1026514799121486,gen comp
10266,1026614799106070,gen comp
10267,1026752247994100,gen comp
10268,1026800124004799,gen comp
10269,1026917814799776,gen comp
10270,1027061479924513,gen comp
10271,1027126925847997,gen comp
10272,1027247992225963,gen comp
10273,1027354394799168,gen comp
10274,1027453479914227,gen comp
10275,1027566344799437,gen comp
10276,1027646247992503,gen comp
10277,1027760345747994,gen comp
10278,1027815290247994,gen comp
10279,1027999479907771,gen comp
10280,1028018479992252,gen comp
10281,1028194468479945,gen comp
10282,1028294799538865,gen comp
10283,1028352744799432,gen comp
10284,1028467874799841,gen comp
10285,1028582388024799,gen comp
10286,1028647993002442,gen comp
10287,1028704054547999,gen comp
10288,1028840747997211,gen comp
10289,1028973776847998,gen comp
10290,1029068009264799,gen comp
10291,1029173694799546,gen comp
10292,1029295114479975,gen comp
10293,1029304250944799,gen comp
10294,1029447847993100,gen comp
10295,1029506479926634,gen comp
10296,1029651813647994,gen comp
10297,1029713539814799,gen comp
10298,1029896329244799,gen comp
10299,1029932398479973,gen comp
10300,1030054799446808,gen comp
10301,1030159479920261,gen comp
10302,1030247996197210,gen comp
10303,1030304799785867,gen comp
10304,1030443647998721,gen comp
10305,1030548064799976,gen comp
10306,1030690479957009,gen comp
10307,1030750479917545,gen comp
10308,1030847997595053,gen comp
10309,1030949479963846,gen comp
10310,1031022479954015,gen comp
10311,1031138140479951,gen comp
10312,1031269106479937,gen comp
10313,1031380608954799,gen comp
10314,1031495847998486,gen comp
10315,1031570261479905,gen comp
10316,1031672904647993,gen comp
10317,1031718689534799,gen comp
10318,1031845479999927,gen comp
10319,1031923346294799,gen comp
10320,1032031893047993,gen comp
10321,1032147996137941,gen comp
10322,1032211547997477,gen comp
10323,1032347991599655,gen comp
10324,1032486547994258,gen comp
10325,1032576578479912,gen comp
10326,1032651347993969,gen comp
10327,1032784479979914,gen comp
10328,1032874799388061,gen comp
10329,1032993647998577,gen comp
10330,1033092963479923,gen comp
10331,1033188474799438,gen comp
10332,1033220247999643,gen comp
10333,1033368528479957,gen comp
10334,1033482084647993,gen comp
10335,1033554799461037,gen comp
10336,1033605390347996,gen comp
10337,1033724799067794,gen comp
10338,1033859479929238,gen comp
10339,1033931934799755,gen comp
10340,1034037080647990,gen comp
10341,1034105479986100,gen comp
10342,1034242286547992,gen comp
10343,1034355147993322,gen comp
10344,1034447995285558,gen comp
10345,1034553774799926,gen comp
10346,1034617775479944,gen comp
10347,1034775479971760,gen comp
10348,1034847991932531,gen comp
10349,1034910810479984,gen comp
10350,1035082258479948,gen comp
10351,1035119579479991,gen comp
10352,1035255479939930,gen comp
10353,1035325993054799,gen comp
10354,1035447999652474,gen comp
10355,1035547992512866,gen comp
10356,1035608479935588,gen comp
10357,1035747992661621,gen comp
10358,1035896204799274,gen comp
10359,1035947994025286,gen comp
10360,1036017124799206,gen comp
10361,1036150747997154,gen comp
10362,1036230094799250,gen comp
10363,1036347992238183,gen comp
10364,1036438300479935,gen comp
10365,1036554674479944,gen comp
10366,1036635581479962,gen comp
10367,1036789213479900,gen comp
10368,1036880479958896,gen comp
10369,1036978479912594,gen comp
10370,1037041447998004,gen comp
10371,1037188647993966,gen comp
10372,1037210585479913,gen comp
10373,1037338924664799,gen comp
10374,1037403347990735,gen comp
10375,1037559066954799,gen comp
10376,1037667894799025,gen comp
10377,1037793670694799,gen comp
10378,1037854799193259,gen comp
10379,1037947194799417,gen comp
10380,1038078147992245,gen comp
10381,1038190981174799,gen comp
10382,1038247994298316,gen comp
10383,1038347998263264,gen comp
10384,1038490170147994,gen comp
10385,1038567447995661,gen comp
10386,1038693960479927,gen comp
10387,1038711280479967,gen comp
10388,1038854799355254,gen comp
10389,1038942795234799,gen comp
10390,1039063561479926,gen comp
10391,1039184799255549,gen comp
10392,1039247999385996,gen comp
10393,1039347998369733,gen comp
10394,1039490547990642,gen comp
10395,1039547993213831,gen comp
10396,1039654799889062,gen comp
10397,1039724799865013,gen comp
10398,1039801463479908,gen comp
10399,1039990847647993,gen comp
10400,1040086162947994,gen comp
10401,1040147999359406,gen comp
10402,1040264063479925,gen comp
10403,1040313171694799,gen comp
10404,1040426376479902,gen comp
10405,1040547994891812,gen comp
10406,1040684799780355,gen comp
10407,1040739829594799,gen comp
10408,1040804799421039,gen comp
10409,1040910511847994,gen comp
10410,1041037684799310,gen comp
10411,1041187447991165,gen comp
10412,1041269304047996,gen comp
10413,1041347982479942,gen comp
10414,1041433014799320,gen comp
10415,1041522736284799,gen comp
10416,1041668479944635,gen comp
10417,1041776747995919,gen comp
10418,1041822647998017,gen comp
10419,1041985282614799,gen comp
10420,1042047992903577,gen comp
10421,1042146747990325,gen comp
10422,1042263214244799,gen comp
10423,1042347999178804,gen comp
10424,1042491972479933,gen comp
10425,1042594799444313,gen comp
10426,1042672347999571,gen comp
10427,1042710915479989,gen comp
10428,1042810764479946,gen comp
10429,1042968479967694,gen comp
10430,1043018721479980,gen comp
10431,1043179247990028,gen comp
10432,1043225047992147,gen comp
10433,1043396847990309,gen comp
10434,1043409921934799,gen comp
10435,1043515533534799,gen comp
10436,1043653631479948,gen comp
10437,1043735842647990,gen comp
10438,1043892784224799,gen comp
10439,1043987414799314,gen comp
10440,1044063025947999,gen comp
10441,1044114479937210,gen comp
10442,1044234799561017,gen comp
10443,1044313558047994,gen comp
10444,1044482947997003,gen comp
10445,1044574799172368,gen comp
10446,1044647994741880,gen comp
10447,1044749547995984,gen comp
10448,1044847995709701,gen comp
10449,1044947996297367,gen comp
10450,1045084479988654,gen comp
10451,1045125114479955,gen comp
10452,1045224799809435,gen comp
10453,1045327547994229,gen comp
10454,1045484479933368,gen comp
10455,1045588847994260,gen comp
10456,1045621447996917,gen comp
10457,1045772129844799,gen comp
10458,1045897664799946,gen comp
10459,1045975532294799,gen comp
10460,1046094799402367,gen comp
10461,1046147998542265,gen comp
10462,1046248373147999,gen comp
10463,1046334693479985,gen comp
10464,1046474799546537,gen comp
10465,1046575479905193,gen comp
10466,1046676479927408,gen comp
10467,1046794947993558,gen comp
10468,1046823292479930,gen comp
10469,1046994799960500,gen comp
10470,1047030951447994,gen comp
10471,1047112046479961,gen comp
10472,1047254204799596,gen comp
10473,1047386479997327,gen comp
10474,1047456132647990,gen comp
10475,1047516636447995,gen comp
10476,1047647993792347,gen comp
10477,1047784799258485,gen comp
10478,1047892308479987,gen comp
10479,1047944347991331,gen comp
10480,1048089123247995,gen comp
10481,1048134799513707,gen comp
10482,1048264799737646,gen comp
10483,1048347994398641,gen comp
10484,1048448479933741,gen comp
10485,1048547997421114,gen comp
10486,1048638747479959,gen comp
10487,1048751479993517,gen comp
10488,1048874799334236,gen comp
10489,1048946479974547,gen comp
10490,1049033229647998,gen comp
10491,1049116979479961,gen comp
10492,1049200768347994,gen comp
10493,1049380479911928,gen comp
10494,1049499401944799,gen comp
10495,1049577824799733,gen comp
10496,1049668184744799,gen comp
10497,1049732120847999,gen comp
10498,1049876093647999,gen comp
10499,1049950167479935,gen comp
10500,1050004328684799,gen comp
10501,1050144799139941,gen comp
10502,1050299602047994,gen comp
10503,1050314447990019,gen comp
10504,1050477479988049,gen comp
10505,1050534415454799,gen comp
10506,1050618947992050,gen comp
10507,1050786547995387,gen comp
10508,1050804350479947,gen comp
10509,1050979186479994,gen comp
10510,1051050647997330,gen comp
10511,1051147991500670,gen comp
10512,1051233544799584,gen comp
10513,1051375121494799,gen comp
10514,1051474799224265,gen comp
10515,1051547993757929,gen comp
10516,1051601047996592,gen comp
10517,1051709479992001,gen comp
10518,1051814799363697,gen comp
10519,1051991859547996,gen comp
10520,1052057600134799,gen comp
10521,1052184799829211,gen comp
10522,1052247999125426,gen comp
10523,1052347993535794,gen comp
10524,1052438884799857,gen comp
10525,1052554799172593,gen comp
10526,1052674799381416,gen comp
10527,1052787981724799,gen comp
10528,1052873298547996,gen comp
10529,1052965039747996,gen comp
10530,1053097479910666,gen comp
10531,1053193247992013,gen comp
10532,1053247992874933,gen comp
10533,1053359913479983,gen comp
10534,1053481639147999,gen comp
10535,1053593894479959,gen comp
10536,1053614799273138,gen comp
10537,1053764799997655,gen comp
10538,1053892479910297,gen comp
10539,1053944494799111,gen comp
10540,1054093147996273,gen comp
10541,1054134727047994,gen comp
10542,1054254799922420,gen comp
10543,1054363479963020,gen comp
10544,1054408347994280,gen comp
10545,1054592479904572,gen comp
10546,1054614799059441,gen comp
10547,1054719104799108,gen comp
10548,1054886279947990,gen comp
10549,1054947990046989,gen comp
10550,1055011801479971,gen comp
10551,1055119513074799,gen comp
10552,1055263253254799,gen comp
10553,1055397679479967,gen comp
10554,1055491479968441,gen comp
10555,1055521674284799,gen comp
10556,1055698479929317,gen comp
10557,1055709272479949,gen comp
10558,1055889704799273,gen comp
10559,1055947997397513,gen comp
10560,1056019887479986,gen comp
10561,1056176947997955,gen comp
10562,1056240695004799,gen comp
10563,1056303223479993,gen comp
10564,1056464547994564,gen comp
10565,1056554378479917,gen comp
10566,1056604151614799,gen comp
10567,1056759024799890,gen comp
10568,1056847998916674,gen comp
10569,1056961278574799,gen comp
10570,1057094799977979,gen comp
10571,1057174799817835,gen comp
10572,1057224479926066,gen comp
10573,1057376184799906,gen comp
10574,1057447997126966,gen comp
10575,1057547999809451,gen comp
10576,1057606547992433,gen comp
10577,1057794799680006,gen comp
10578,1057879479922063,gen comp
10579,1057967564479988,gen comp
10580,1058084799276835,gen comp
10581,1058189847993968,gen comp
10582,1058241479946091,gen comp
10583,1058313207479938,gen comp
10584,1058491381844799,gen comp
10585,1058583885147994,gen comp
10586,1058614489479992,gen comp
10587,1058794847991253,gen comp
10588,1058884799117313,gen comp
10589,1058935659479996,gen comp
10590,1059026985884799,gen comp
10591,1059137894799955,gen comp
10592,1059288752479951,gen comp
10593,1059363648479925,gen comp
10594,1059426574799900,gen comp
10595,1059580144799564,gen comp
10596,1059631727247992,gen comp
10597,1059726479976232,gen comp
10598,1059847994095860,gen comp
10599,1059947998217222,gen comp
10600,1060084799998766,gen comp
10601,1060141479940050,gen comp
10602,1060247993771209,gen comp
10603,1060379784799652,gen comp
10604,1060474799784286,gen comp
10605,1060585481047999,gen comp
10606,1060647992578049,gen comp
10607,1060790447998894,gen comp
10608,1060836147999132,gen comp
10609,1060977594479922,gen comp
10610,1061060344799121,gen comp
10611,1061183947996750,VIP Comp
10612,1061211634799226,VIP Comp
10613,1061345147994839,VIP Comp
10614,1061447999240567,VIP Comp
10615,1061585831624799,VIP Comp
10616,1061651895904799,VIP Comp
10617,1061756047993263,VIP Comp
10618,1061854799867999,VIP Comp
10619,1061934894799061,VIP Comp
10620,1062094799534865,VIP Comp
10621,1062134799787645,VIP Comp
10622,1062286547994448,VIP Comp
10623,1062378653479988,VIP Comp
10624,1062479011747993,VIP Comp
10625,1062528347995896,VIP Comp
10626,1062623479983836,VIP Comp
10627,1062747995491836,VIP Comp
10628,1062831479939336,VIP Comp
10629,1062965984799759,VIP Comp
10630,1063018479913004,VIP Comp
10631,1063104799226656,VIP Comp
10632,1063200479908395,VIP Comp
10633,1063304799757244,VIP Comp
10634,1063447999714074,VIP Comp
10635,1063568247993470,VIP Comp
10636,1063644799370061,VIP Comp
10637,1063771713047993,VIP Comp
10638,1063847990058677,VIP Comp
10639,1063979647990328,VIP Comp
10640,1064097134799377,VIP Comp
10641,1064126019447999,VIP Comp
10642,1064284848347996,VIP Comp
10643,1064385190479913,VIP Comp
10644,1064447997299163,VIP Comp
10645,1064588388014799,VIP Comp
10646,1064686924804799,VIP Comp
10647,1064733386947996,VIP Comp
10648,1064847994468342,VIP Comp
10649,1064996014799003,VIP Comp
10650,1065035244447993,VIP Comp
10651,1065154799180889,VIP Comp
10652,1065234799100864,VIP Comp
10653,1065317047991385,VIP Comp
10654,1065447997858746,VIP Comp
10655,1065595347994703,VIP Comp
10656,1065692756324799,VIP Comp
10657,1065760897647999,VIP Comp
10658,1065854799357229,VIP Comp
10659,1065994799650290,VIP Comp
10660,1066053345947997,VIP Comp
10661,1066192147994177,VIP Comp
10662,1066207797479996,VIP Comp
10663,1066389190847991,VIP Comp
10664,1066453547997460,VIP Comp
10665,1066531574479930,VIP Comp
10666,1066674799095396,VIP Comp
10667,1066723612847999,VIP Comp
10668,1066850479914383,VIP Comp
10669,1066944799487599,VIP Comp
10670,1067004799876753,VIP Comp
10671,1067136867444799,VIP Comp
10672,1067271560647998,VIP Comp
10673,1067341547997457,VIP Comp
10674,1067424799972097,VIP Comp
10675,1067565254799378,VIP Comp
10676,1067665635479947,VIP Comp
10677,1067747999735865,VIP Comp
10678,1067882739447990,VIP Comp
10679,1067964799967012,VIP Comp
10680,1068058479985740,VIP Comp
10681,1068122047993744,VIP Comp
10682,1068233247999533,VIP Comp
10683,1068355647994799,VIP Comp
10684,1068409479903409,VIP Comp
10685,1068564799309026,VIP Comp
10686,1068681916479999,VIP Comp
10687,1068790962247999,VIP Comp
10688,1068834799677647,VIP Comp
10689,1068978267247993,VIP Comp
10690,1069047990459149,VIP Comp
10691,1069104135547995,VIP Comp
10692,1069207747997294,VIP Comp
10693,1069395136847996,VIP Comp
10694,1069447992974023,VIP Comp
10695,1069553945084799,VIP Comp
10696,1069638540479981,VIP Comp
10697,1069741407247997,VIP Comp
10698,1069884147995155,VIP Comp
10699,1069955921994799,VIP Comp
10700,1070089847997142,VIP Comp
10701,1070184799487876,VIP Comp
10702,1070238347993475,VIP Comp
10703,1070347996985261,VIP Comp
10704,1070447998738397,VIP Comp
10705,1070553968479967,VIP Comp
10706,1070697087479994,VIP Comp
10707,1070722247334799,VIP Comp
10708,1070879479966567,VIP Comp
10709,1070984368479920,VIP Comp
10710,1071029829479946,VIP Comp
10711,1071164799190539,VIP Comp
10712,1071294516479995,VIP Comp
10713,1071316874747997,VIP Comp
10714,1071447995453170,VIP Comp
10715,1071524799542590,VIP Comp
10716,1071690454799591,VIP Comp
10717,1071707047991859,VIP Comp
10718,1071837747992089,VIP Comp
10719,1071962427479947,VIP Comp
10720,1072003284799108,VIP Comp
10721,1072174479956789,VIP Comp
10722,1072247999800624,VIP Comp
10723,1072347990959802,VIP Comp
10724,1072474799349447,VIP Comp
10725,1072565051947997,VIP Comp
10726,1072673174799807,VIP Comp
10727,1072794630147996,VIP Comp
10728,1072847993689259,VIP Comp
10729,1072939247996905,VIP Comp
10730,1073021624479960,VIP Comp
10731,1073175047996991,VIP Comp
10732,1073231984479957,VIP Comp
10733,1073302701547995,VIP Comp
10734,1073489285479933,VIP Comp
10735,1073579777479979,VIP Comp
10736,1073615547997171,VIP Comp
10737,1073732184799478,VIP Comp
10738,1073894799663938,VIP Comp
10739,1073956170814799,VIP Comp
10740,1074047991616933,VIP Comp
10741,1074148298764799,VIP Comp
10742,1074289495047998,VIP Comp
10743,1074341050447998,VIP Comp
10744,1074447996355076,VIP Comp
10745,1074597552047991,VIP Comp
10746,1074606342534799,VIP Comp
10747,1074783034479993,VIP Comp
10748,1074812251247999,VIP Comp
10749,1074908847995684,VIP Comp
10750,1075094799591925,VIP Comp
10751,1075114799171156,VIP Comp
10752,1075202161064799,VIP Comp
10753,1075337747990736,VIP Comp
10754,1075447990399536,VIP Comp
10755,1075571982547990,VIP Comp
10756,1075670681374799,VIP Comp
10757,1075723479980799,VIP Comp
10758,1075854799998038,VIP Comp
10759,1075904799215526,VIP Comp
10760,1076065547992864,VIP Comp
10761,1076193852479985,VIP Comp
10762,1076299683214799,VIP Comp
10763,1076351148479995,VIP Comp
10764,1076424473084799,VIP Comp
10765,1076547990646335,VIP Comp
10766,1076663612474799,VIP Comp
10767,1076767521894799,VIP Comp
10768,1076875053924799,VIP Comp
10769,1076988239714799,VIP Comp
10770,1077018766247999,VIP Comp
10771,1077166924799430,VIP Comp
10772,1077275959564799,VIP Comp
10773,1077389968247994,VIP Comp
10774,1077471445947997,VIP Comp
10775,1077598045584799,VIP Comp
10776,1077653947998913,VIP Comp
10777,1077745479916037,VIP Comp
10778,1077881458847993,VIP Comp
10779,1077908574799297,VIP Comp
10780,1078064799644204,VIP Comp
10781,1078195533047999,VIP Comp
10782,1078247999558308,VIP Comp
10783,1078334799703767,VIP Comp
10784,1078433347993740,VIP Comp
10785,1078547998787884,VIP Comp
10786,1078634799116005,VIP Comp
10787,1078724799110609,VIP Comp
10788,1078800163747993,VIP Comp
10789,1078957547999283,VIP Comp
10790,1079056078947994,VIP Comp
10791,1079147990761036,VIP Comp
10792,1079227630244799,VIP Comp
10793,1079335484799556,VIP Comp
10794,1079480947993628,VIP Comp
10795,1079525147994789,VIP Comp
10796,1079639479935606,VIP Comp
10797,1079777166047997,VIP Comp
10798,1079879447993308,VIP Comp
10799,1079921217947990,VIP Comp
10800,1080067047991169,VIP Comp
10801,1080122324654799,VIP Comp
10802,1080261147998865,VIP Comp
10803,1080344628479970,VIP Comp
10804,1080466224147996,VIP Comp
10805,1080504799767874,VIP Comp
10806,1080647998588032,VIP Comp
10807,1080721960479960,VIP Comp
10808,1080847997579397,VIP Comp
10809,1080970647991844,VIP Comp
10810,1081097039479958,VIP Comp
10811,1081114799195182,VIP Comp
10812,1081233014799825,VIP Comp
10813,1081350141274799,VIP Comp
10814,1081447991744237,VIP Comp
10815,1081530182647999,VIP Comp
10816,1081686097304799,VIP Comp
10817,1081703479977824,VIP Comp
10818,1081890747991010,VIP Comp
10819,1081947994726040,VIP Comp
10820,1082052131647995,VIP Comp
10821,1082154799911788,VIP Comp
10822,1082286654799118,VIP Comp
10823,1082379004799539,VIP Comp
10824,1082400134799721,VIP Comp
10825,1082553848194799,VIP Comp
10826,1082603655647992,VIP Comp
10827,1082765996747996,VIP Comp
10828,1082867615547990,VIP Comp
10829,1082924799579969,VIP Comp
10830,1083017530054799,VIP Comp
10831,1083164799383293,VIP Comp
10832,1083247997036573,VIP Comp
10833,1083332247994051,VIP Comp
10834,1083434799797649,VIP Comp
10835,1083509147994201,VIP Comp
10836,1083689884247991,VIP Comp
10837,1083704799210914,VIP Comp
10838,1083831479959123,VIP Comp
10839,1083932715534799,VIP Comp
10840,1084020982479917,VIP Comp
10841,1084147997309662,VIP Comp
10842,1084226905747991,VIP Comp
10843,1084390479926069,VIP Comp
10844,1084447993106992,VIP Comp
10845,1084592694799035,VIP Comp
10846,1084647996088703,VIP Comp
10847,1084747991017762,VIP Comp
10848,1084851024799377,VIP Comp
10849,1084904799761965,VIP Comp
10850,1085082855647991,VIP Comp
10851,1085140354479973,VIP Comp
10852,1085246473947994,VIP Comp
10853,1085337647996364,VIP Comp
10854,1085438479951077,VIP Comp
10855,1085529220479932,VIP Comp
10856,1085614799501975,VIP Comp
10857,1085749241834799,VIP Comp
10858,1085857847996953,VIP Comp
10859,1085983765479953,VIP Comp
10860,1086036479935941,VIP Comp
10861,1086147995015234,VIP Comp
10862,1086277147991249,VIP Comp
10863,1086384799129787,VIP Comp
10864,1086426083479933,VIP Comp
10865,1086519094799648,VIP Comp
10866,1086647994525978,VIP Comp
10867,1086741606447994,VIP Comp
10868,1086824919747994,VIP Comp
10869,1086974570447996,VIP Comp
10870,1087099707479951,VIP Comp
10871,1087120400547997,VIP Comp
10872,1087296479945784,VIP Comp
10873,1087352479930472,VIP Comp
10874,1087487257347999,VIP Comp
10875,1087547994640048,VIP Comp
10876,1087652496479906,VIP Comp
10877,1087710068447995,VIP Comp
10878,1087834799650625,VIP Comp
10879,1087967193547997,VIP Comp
10880,1088068479944450,VIP Comp
10881,1088178484799098,VIP Comp
10882,1088204799627669,VIP Comp
10883,1088311288047996,VIP Comp
10884,1088442101604799,VIP Comp
10885,1088592479994952,VIP Comp
10886,1088612479995373,VIP Comp
10887,1088745447997628,VIP Comp
10888,1088853286654799,VIP Comp
10889,1088911447996538,VIP Comp
10890,1089047992435890,VIP Comp
10891,1089184799837432,VIP Comp
10892,1089228478774799,VIP Comp
10893,1089352444799689,VIP Comp
10894,1089464799907949,VIP Comp
10895,1089577673747992,VIP Comp
10896,1089684147999639,VIP Comp
10897,1089784799478126,VIP Comp
10898,1089874816444799,VIP Comp
10899,1089960090479969,VIP Comp
10900,1090091339624799,VIP Comp
10901,1090113871704799,VIP Comp
10902,1090247999928835,VIP Comp
10903,1090384479902643,VIP Comp
10904,1090447999540707,VIP Comp
10905,1090514799854373,VIP Comp
10906,1090647996998344,VIP Comp
10907,1090789479947927,VIP Comp
10908,1090814479921766,VIP Comp
10909,1090906374799656,VIP Comp
10910,1091034479961193,VIP Comp
10911,1091194799194843,VIP Comp
10912,1091247999724080,VIP Comp
10913,1091326084799122,VIP Comp
10914,1091441074799113,VIP Comp
10915,1091578047993331,VIP Comp
10916,1091647998031481,VIP Comp
10917,1091735265479921,VIP Comp
10918,1091824799868236,VIP Comp
10919,1091948461479914,VIP Comp
10920,1092012939047991,VIP Comp
10921,1092151524799895,VIP Comp
10922,1092223232747993,VIP Comp
10923,1092359479981413,VIP Comp
10924,1092431882479951,VIP Comp
10925,1092532779479936,VIP Comp
10926,1092673422747996,VIP Comp
10927,1092749899694799,VIP Comp
10928,1092884479978582,VIP Comp
10929,1092925394799806,VIP Comp
10930,1093026869664799,VIP Comp
10931,1093147995621594,VIP Comp
10932,1093294799014517,VIP Comp
10933,1093349012479905,VIP Comp
10934,1093411154799466,VIP Comp
10935,1093526479957220,VIP Comp
10936,1093615742674799,VIP Comp
10937,1093741524799176,VIP Comp
10938,1093884479909596,VIP Comp
10939,1093994799948998,VIP Comp
10940,1094047999930462,VIP Comp
10941,1094179525594799,VIP Comp
10942,1094264201479908,VIP Comp
10943,1094347990263420,VIP Comp
10944,1094458421564799,VIP Comp
10945,1094554799151247,VIP Comp
10946,1094647991926204,VIP Comp
10947,1094702627479958,VIP Comp
10948,1094840479981259,VIP Comp
10949,1094945311479902,VIP Comp
10950,1095056479979525,VIP Comp
10951,1095129347997792,VIP Comp
10952,1095204966479984,VIP Comp
10953,1095378479952234,VIP Comp
10954,1095443584799203,VIP Comp
10955,1095508283854799,VIP Comp
10956,1095677747997281,VIP Comp
10957,1095798479983385,VIP Comp
10958,1095819159479969,VIP Comp
10959,1095989044479947,VIP Comp
10960,1096004799666982,VIP Comp
10961,1096134847994477,VIP Comp
10962,1096247990029825,VIP Comp
10963,1096324799837011,VIP Comp
10964,1096421324799698,VIP Comp
10965,1096542183214799,VIP Comp
10966,1096664799540523,VIP Comp
10967,1096735968094799,VIP Comp
10968,1096878562624799,VIP Comp
10969,1096951524799070,VIP Comp
10970,1097011592479994,VIP Comp
10971,1097186224799861,VIP Comp
10972,1097295996147995,VIP Comp
10973,1097319694434799,VIP Comp
10974,1097426176594799,VIP Comp
10975,1097590244799009,VIP Comp
10976,1097631098794799,VIP Comp
10977,1097763479908364,VIP Comp
10978,1097809837479931,VIP Comp
10979,1097904254799266,VIP Comp
10980,1098032685479964,VIP Comp
10981,1098131479940774,VIP Comp
10982,1098226247998460,VIP Comp
10983,1098376123714799,VIP Comp
10984,1098427474799913,VIP Comp
10985,1098571444799683,VIP Comp
10986,1098696247992679,VIP Comp
10987,1098724799458348,VIP Comp
10988,1098844479994657,VIP Comp
10989,1098921824799725,VIP Comp
10990,1099087264799288,VIP Comp
10991,1099115030274799,VIP Comp
10992,1099254799182827,VIP Comp
10993,1099339130347999,VIP Comp
10994,1099414799600130,VIP Comp
10995,1099568364247990,VIP Comp
10996,1099674991364799,VIP Comp
10997,1099722184447999,VIP Comp
10998,1099831132447996,VIP Comp
10999,1099924799118489,VIP Comp
11000,1100053677154799,VIP Comp
11001,1100144799837965,VIP Comp
11002,1100247998047448,VIP Comp
11003,1100340098479925,VIP Comp
11004,1100424853479915,VIP Comp
11005,1100536547990339,VIP Comp
11006,1100600447992657,VIP Comp
11007,1100755696479980,VIP Comp
11008,1100846049384799,VIP Comp
11009,1100947994238582,VIP Comp
11010,1101031747998814,VIP Comp
11011,1101192707754799,VIP Comp
11012,1101247994694415,VIP Comp
11013,1101305314799437,VIP Comp
11014,1101408154799852,VIP Comp
11015,1101500819447992,VIP Comp
11016,1101663266479988,VIP Comp
11017,1101752247990024,VIP Comp
11018,1101871247994691,VIP Comp
11019,1101926723024799,VIP Comp
11020,1102044799450679,VIP Comp
11021,1102132747994166,VIP Comp
11022,1102277764799064,VIP Comp
11023,1102319047947998,VIP Comp
11024,1102427479956209,VIP Comp
11025,1102592447047993,VIP Comp
11026,1102653147999982,VIP Comp
11027,1102747998538930,VIP Comp
11028,1102849479984210,VIP Comp
11029,1102979479901658,VIP Comp
11030,1103039254799306,VIP Comp
11031,1103194330504799,VIP Comp
11032,1103259257144799,VIP Comp
11033,1103303479914852,VIP Comp
11034,1103470744799139,VIP Comp
11035,1103584799269880,VIP Comp
11036,1103685105479941,VIP Comp
11037,1103730444799226,VIP Comp
11038,1103816162014799,VIP Comp
11039,1103987047998252,VIP Comp
11040,1104047998347643,VIP Comp
11041,1104108479951692,VIP Comp
11042,1104274799412444,VIP Comp
11043,1104358192864799,VIP Comp
11044,1104482694799712,VIP Comp
11045,1104545479916192,VIP Comp
11046,1104622417847990,VIP Comp
11047,1104702447993614,VIP Comp
11048,1104831449047990,VIP Comp
11049,1104900994574799,VIP Comp
11050,1105088747995150,VIP Comp
11051,1105106847999368,VIP Comp
11052,1105264799664138,VIP Comp
11053,1105329505947999,VIP Comp
11054,1105499634799376,VIP Comp
11055,1105580479989360,VIP Comp
11056,1105625647998138,VIP Comp
11057,1105741647999359,VIP Comp
11058,1105813763479980,VIP Comp
11059,1105980134347991,VIP Comp
11060,1106056289347991,VIP Comp
11061,1106103479978869,VIP Comp
11062,1106269747995003,VIP Comp
11063,1106344479931623,VIP Comp
11064,1106484799812359,VIP Comp
11065,1106547994475730,VIP Comp
11066,1106694799338466,VIP Comp
11067,1106700247993837,VIP Comp
11068,1106877833347993,VIP Comp
11069,1106904799112104,VIP Comp
11070,1107044284799291,VIP Comp
11071,1107106399479915,VIP Comp
11072,1107244799229895,VIP Comp
11073,1107334799168893,VIP Comp
11074,1107447995093510,VIP Comp
11075,1107580314799788,VIP Comp
11076,1107654799171666,VIP Comp
11077,1107763854799748,VIP Comp
11078,1107864799815264,VIP Comp
11079,1107990984799278,VIP Comp
11080,1108020108794799,VIP Comp
11081,1108135518814799,VIP Comp
11082,1108217644799165,VIP Comp
11083,1108363479980316,VIP Comp
11084,1108419479906144,VIP Comp
11085,1108584299247993,VIP Comp
11086,1108643991479945,VIP Comp
11087,1108737479958024,VIP Comp
11088,1108855194799513,VIP Comp
11089,1108968684799016,VIP Comp
11090,1109047990572234,VIP Comp
11091,1109154799182034,VIP Comp
11092,1109286047999008,VIP Comp
11093,1109315479614799,VIP Comp
11094,1109411479963255,VIP Comp
11095,1109564799123387,VIP Comp
11096,1109649479948440,VIP Comp
11097,1109762247999700,VIP Comp
11098,1109838411447999,VIP Comp
11099,1109994799560985,VIP Comp
11100,1110082945614799,VIP Comp
11101,1110168747992074,VIP Comp
11102,1110204799568828,VIP Comp
11103,1110393447994579,VIP Comp
11104,1110433394799593,VIP Comp
11105,1110541680479996,VIP Comp
11106,1110658032334799,VIP Comp
11107,1110790462479981,VIP Comp
11108,1110841120547996,VIP Comp
11109,1110958447996496,VIP Comp
11110,1111036281479985,VIP Comp
11111,1111124618479922,Gen $400fem
11112,1111247999327537,Gen $400fem
11113,1111397479908543,Gen $400fem
11114,1111414074799235,Gen $400fem
11115,1111583479939750,Gen $400fem
11116,1111647990636202,Gen $400fem
11117,1111717479949596,Gen $400fem
11118,1111826682654799,Gen $400fem
11119,1111990549144799,Gen $400fem
11120,1112074799562084,Gen $400fem
11121,1112147991592591,Gen $400fem
11122,1112278375479954,Gen $400fem
11123,1112334348247997,Gen $400fem
11124,1112469151947999,Gen $400fem
11125,1112576547479933,Gen $400fem
11126,1112634799631248,Gen $400fem
11127,1112760747998585,Gen $400fem
11128,1112872847993762,Gen $400fem
11129,1112978255447998,Gen $400fem
11130,1113098516447993,Gen $400fem
11131,1113184799476413,Gen $400fem
11132,1113262747996297,Gen $400fem
11133,1113397151347992,Gen $400fem
11134,1113430040634799,Gen $400fem
11135,1113554447997748,Gen $400fem
11136,1113614799503901,Gen $400fem
11137,1113719128184799,Gen $400fem
11138,1113824799981814,Gen $400fem
11139,1113966804799873,Gen $400fem
11140,1114047991762018,Gen $400fem
11141,1114101458147994,Gen $400fem
11142,1114240900479931,Gen $400fem
11143,1114384799693915,Gen $400fem
11144,1114437534799834,Gen $400fem
11145,1114541935479943,Gen $400fem
11146,1114681412104799,Gen $400fem
11147,1114791847996308,Gen $400fem
11148,1114847994995685,Gen $400fem
11149,1114947992365211,Gen $400fem
11150,1115008447991476,Gen $400fem
11151,1115177483484799,Gen $400fem
11152,1115230676754799,Gen $400fem
11153,1115304799572055,Gen $400fem
11154,1115488724799144,Gen $400fem
11155,1115547990298141,Gen $400fem
11156,1115687884799220,Gen $400fem
11157,1115784004479958,Gen $400fem
11158,1115817505479930,Gen $400fem
11159,1115947996125131,Gen $400fem
11160,1116067547997745,Gen $400fem
11161,1116116805547996,Gen $400fem
11162,1116247996287848,Gen $400fem
11163,1116322447998524,Gen $400fem
11164,1116467733554799,Gen $400fem
11165,1116547999791765,Gen $400fem
11166,1116629747990514,Gen $400fem
11167,1116760564799525,Gen $400fem
11168,1116841479955276,Gen $400fem
11169,1116994523847990,Gen $400fem
11170,1117056186444799,Gen $400fem
11171,1117173696504799,Gen $400fem
11172,1117298479982914,Gen $400fem
11173,1117394547991556,Gen $400fem
11174,1117447993812643,Gen $400fem
11175,1117517650334799,Gen $400fem
11176,1117684745934799,Gen $400fem
11177,1117773479918569,Gen $400fem
11178,1117864799279656,Gen $400fem
11179,1117978638614799,Gen $400fem
11180,1118005393284799,Gen $400fem
11181,1118108128534799,Gen $400fem
11182,1118294091647998,Gen $400fem
11183,1118323479972688,Gen $400fem
11184,1118429547997726,Gen $400fem
11185,1118575725479924,Gen $400fem
11186,1118624799292205,Gen $400fem
11187,1118759847992480,Gen $400fem
11188,1118847992046901,Gen $400fem
11189,1118951970984799,Gen $400fem
11190,1119012653847992,Gen $400fem
11191,1119122026024799,Gen $400fem
11192,1119284799716188,Gen $400fem
11193,1119324799376580,Gen $400fem
11194,1119464799008514,Gen $400fem
11195,1119538405404799,Gen $400fem
11196,1119647998555884,Gen $400fem
11197,1119766184479905,Gen $400fem
11198,1119822204799327,Gen $400fem
11199,1119947995596318,Gen $400fem
11200,1120092479983013,Gen $400fem
11201,1120158228684799,Gen $400fem
11202,1120297247991926,Gen $400fem
11203,1120359684799452,Gen $400fem
11204,1120494799388280,Gen $400fem
11205,1120556479908194,Gen $400fem
11206,1120647995919626,Gen $400fem
11207,1120717660584799,Gen $400fem
11208,1120847996671622,Gen $400fem
11209,1120974479963500,Gen $400fem
11210,1121047996683652,Gen $400fem
11211,1121114804799340,Gen $400fem
11212,1121286594799633,Gen $400fem
11213,1121364799299400,Gen $400fem
11214,1121414432147991,Gen $400fem
11215,1121548278347994,Gen $400fem
11216,1121631222447998,Gen $400fem
11217,1121714147992010,Gen $400fem
11218,1121880074799717,Gen $400fem
11219,1121964799507646,Gen $400fem
11220,1122097947999053,Gen $400fem
11221,1122107034799654,Gen $400fem
11222,1122240545947995,Gen $400fem
11223,1122347996129180,Gen $400fem
11224,1122420590479993,Gen $400fem
11225,1122509915479929,Gen $400fem
11226,1122647997104751,Gen $400fem
11227,1122714725747992,Gen $400fem
11228,1122847992822774,Gen $400fem
11229,1122904644799950,Gen $400fem
11230,1123059647996600,Gen $400fem
11231,1123100650479937,Gen $400fem
11232,1123247996695310,Gen $400fem
11233,1123371479922261,Gen $400fem
11234,1123462297479978,Gen $400fem
11235,1123595047998161,Gen $400fem
11236,1123612790147998,Gen $400fem
11237,1123796944799658,Gen $400fem
11238,1123885910794799,Gen $400fem
11239,1123984799598998,Gen $400fem
11240,1124061523124799,Gen $400fem
11241,1124135547999457,Gen $400fem
11242,1124285729147990,Gen $400fem
11243,1124339274799835,Gen $400fem
11244,1124491642047998,Gen $400fem
11245,1124584159479963,Gen $400fem
11246,1124658714799724,Gen $400fem
11247,1124731110479906,Gen $400fem
11248,1124867822204799,Gen $400fem
11249,1124921847993411,Gen $400fem
11250,1125052877479909,Gen $400fem
11251,1125154799961817,Gen $400fem
11252,1125278147998576,Gen $400fem
11253,1125322479950116,Gen $400fem
11254,1125483294799179,Gen $400fem
11255,1125579747996583,Gen $400fem
11256,1125688894684799,Gen $400fem
11257,1125753474799484,Gen $400fem
11258,1125807864799358,Gen $400fem
11259,1125978344247990,Gen $400fem
11260,1126085741347994,Gen $400fem
11261,1126112414479921,Gen $400fem
11262,1126204799077454,Gen $400fem
11263,1126323757479952,Gen $400fem
11264,1126455847993078,Gen $400fem
11265,1126563636704799,Gen $400fem
11266,1126651929479990,Gen $400fem
11267,1126729774799895,Gen $400fem
11268,1126854479935316,Gen $400fem
11269,1126995011384799,Gen $400fem
11270,1127034589479983,Gen $400fem
11271,1127123518447995,Gen $400fem
11272,1127280293479963,Gen $400fem
11273,1127374653104799,Gen $400fem
11274,1127427479946748,Gen $400fem
11275,1127523042479936,Gen $400fem
11276,1127619434444799,Gen $400fem
11277,1127786647992442,Gen $400fem
11278,1127804799685799,Gen $400fem
11279,1127994462847994,Gen $400fem
11280,1128018187479964,Gen $400fem
11281,1128108838347998,Gen $400fem
11282,1128258531479942,Gen $400fem
11283,1128303547996094,Gen $400fem
11284,1128472479921549,Gen $400fem
11285,1128506347997694,Gen $400fem
11286,1128647994989213,Gen $400fem
11287,1128744799753992,Gen $400fem
11288,1128847996983205,Gen $400fem
11289,1128987222479955,Gen $400fem
11290,1129056533174799,Gen $400fem
11291,1129194799236383,Gen $400fem
11292,1129265479901056,Gen $400fem
11293,1129347999868917,Gen $400fem
11294,1129475737479959,Gen $400fem
11295,1129524153924799,Gen $400fem
11296,1129667662479907,Gen $400fem
11297,1129734349954799,Gen $400fem
11298,1129863604799564,Gen $400fem
11299,1129912874354799,Gen $400fem
11300,1130021847996075,Gen $400fem
11301,1130164586479914,Gen $400fem
11302,1130247990701258,Gen $400fem
11303,1130330534799716,Gen $400fem
11304,1130447992471984,Gen $400fem
11305,1130582201479999,Gen $400fem
11306,1130693064799046,Gen $400fem
11307,1130784799521652,Gen $400fem
11308,1130852289404799,Gen $400fem
11309,1130946447999937,Gen $400fem
11310,1131088734799234,Gen $400fem
11311,1131124799591377,Gen $400fem
11312,1131282479938578,Gen $400fem
11313,1131353479914161,Gen $400fem
11314,1131478479903056,Gen $400fem
11315,1131547993571197,Gen $400fem
11316,1131691209947994,Gen $400fem
11317,1131769541479998,Gen $400fem
11318,1131829147994818,Gen $400fem
11319,1131947999361217,Gen $400fem
11320,1132064724047992,Gen $400fem
11321,1132147997048032,Gen $400fem
11322,1132247993905836,Gen $400fem
11323,1132384691647992,Gen $400fem
11324,1132470144799338,Gen $400fem
11325,1132542063479910,Gen $400fem
11326,1132654653347994,Gen $400fem
11327,1132785847995949,Gen $400fem
11328,1132893248479997,Gen $400fem
11329,1132947996435236,Gen $400fem
11330,1133047999003618,Gen $400fem
11331,1133174270479981,Gen $400fem
11332,1133201247993295,Gen $400fem
11333,1133311354799025,Gen $400fem
11334,1133404799538094,Gen $400fem
11335,1133515865479994,Gen $400fem
11336,1133684799108967,Gen $400fem
11337,1133759069479984,Gen $400fem
11338,1133873404799706,Gen $400fem
11339,1133917699944799,Gen $400fem
11340,1134018784799018,Gen $400fem
11341,1134186573479947,Gen $400fem
11342,1134283471479940,Gen $400fem
11343,1134325863847996,Gen $400fem
11344,1134470349479953,Gen $400fem
11345,1134574799785409,Gen $400fem
11346,1134611494347991,Gen $400fem
11347,1134727261047996,Gen $400fem
11348,1134834799394899,Gen $400fem
11349,1134990479992407,Gen $400fem
11350,1135033347994885,Gen $400fem
11351,1135118479908558,Gen $400fem
11352,1135283479957169,Gen $400fem
11353,1135331948479935,Gen $400fem
11354,1135447992632826,Gen $400fem
11355,1135555219479958,Gen $400fem
11356,1135698020479980,Gen $400fem
11357,1135766834799728,Gen $400fem
11358,1135867215647991,Gen $400fem
11359,1135925479985411,Gen $400fem
11360,1136043747998947,Gen $400fem
11361,1136173664799582,Gen $400fem
11362,1136231347991214,Gen $400fem
11363,1136304974799552,Gen $400fem
11364,1136404799634885,Gen $400fem
11365,1136527434347993,Gen $400fem
11366,1136614799641390,Gen $400fem
11367,1136770483984799,Gen $400fem
11368,1136864799210310,Gen $400fem
11369,1136905227944799,Gen $400fem
11370,1137078479960926,Gen $400fem
11371,1137108471324799,Gen $400fem
11372,1137208145464799,Gen $400fem
11373,1137394479904663,Gen $400fem
11374,1137403064799507,Gen $400fem
11375,1137594013479911,Gen $400fem
11376,1137682257847999,Gen $400fem
11377,1137764799087664,Gen $400fem
11378,1137847997960267,Gen $400fem
11379,1137997111304799,Gen $400fem
11380,1138009479953265,Gen $400fem
11381,1138194799179822,Gen $400fem
11382,1138251479949322,Gen $400fem
11383,1138391868047994,Gen $400fem
11384,1138426073479998,Gen $400fem
11385,1138561814799543,Gen $400fem
11386,1138637442479987,Gen $400fem
11387,1138785246547998,Gen $400fem
11388,1138830847995394,Gen $400fem
11389,1138959001547992,Gen $400fem
11390,1139093731479968,Gen $400fem
11391,1139124479925998,Gen $400fem
11392,1139217964694799,Gen $400fem
11393,1139344799037754,Gen $400fem
11394,1139405454799280,Gen $400fem
11395,1139504980347990,Gen $400fem
11396,1139624319479937,Gen $400fem
11397,1139702479990766,Gen $400fem
11398,1139851390647998,Gen $400fem
11399,1139993414799097,Gen $400fem
11400,1140067172244799,Gen $400fem
11401,1140120747999401,Gen $400fem
11402,1140206756074799,Gen $400fem
11403,1140374799754496,Gen $400fem
11404,1140404799334435,Gen $400fem
11405,1140547996182095,Gen $400fem
11406,1140644799741334,Gen $400fem
11407,1140732573524799,Gen $400fem
11408,1140818919847996,Gen $400fem
11409,1140922284799844,Gen $400fem
11410,1141047994066473,Gen $400fem
11411,1141134799637160,Gen $400fem
11412,1141284799997001,Gen $400fem
11413,1141360479997163,Gen $400fem
11414,1141493202247999,Gen $400fem
11415,1141554044799076,Gen $400fem
11416,1141683419947997,Gen $400fem
11417,1141771972479977,Gen $400fem
11418,1141847997241008,Gen $400fem
11419,1141984799457375,Gen $400fem
11420,1142047990643968,Gen $400fem
11421,1142124799148392,Gen $400fem
11422,1142244799410126,Gen $400fem
11423,1142301964799482,Gen $400fem
11424,1142405479900451,Gen $400fem
11425,1142594799739832,Gen $400fem
11426,1142694347994726,Gen $400fem
11427,1142774799338433,Gen $400fem
11428,1142876235594799,Gen $400fem
11429,1142947996678014,Gen $400fem
11430,1143000479912196,Gen $400fem
11431,1143185647994722,Gen $400fem
11432,1143286947990598,Gen $400fem
11433,1143314479955043,Gen $400fem
11434,1143444799765659,Gen $400fem
11435,1143515025479976,Gen $400fem
11436,1143647992130895,Gen $400fem
11437,1143714799799243,Gen $400fem
11438,1143804704799532,Gen $400fem
11439,1143949479942209,Gen $400fem
11440,1144068447993653,Gen $400fem
11441,1144154799389920,Gen $400fem
11442,1144246471347990,Gen $400fem
11443,1144334820247996,Gen $400fem
11444,1144483173047999,Gen $400fem
11445,1144508343479910,Gen $400fem
11446,1144664799996688,Gen $400fem
11447,1144786424799154,Gen $400fem
11448,1144864610479947,Gen $400fem
11449,1144944799944817,Gen $400fem
11450,1145021479924481,Gen $400fem
11451,1145162100047997,Gen $400fem
11452,1145286479996104,Gen $400fem
11453,1145351266474799,Gen $400fem
11454,1145418247992654,Gen $400fem
11455,1145544799796891,Gen $400fem
11456,1145617479999893,Gen $400fem
11457,1145702647990926,Gen $400fem
11458,1145847990607624,Gen $400fem
11459,1145910098414799,Gen $400fem
11460,1146032804324799,Gen $400fem
11461,1146147998886269,Gen $400fem
11462,1146272704799785,Gen $400fem
11463,1146356274799353,Gen $400fem
11464,1146428573479934,Gen $400fem
11465,1146566479972690,Gen $400fem
11466,1146613479930272,Gen $400fem
11467,1146723814799761,Gen $400fem
11468,1146873217147995,Gen $400fem
11469,1146932374799406,Gen $400fem
11470,1147085743479991,Gen $400fem
11471,1147147992568161,Gen $400fem
11472,1147232798814799,Gen $400fem
11473,1147347995381022,Gen $400fem
11474,1147465479914368,Gen $400fem
11475,1147511788479998,Gen $400fem
11476,1147614799121067,Gen $400fem
11477,1147716479912572,Gen $400fem
11478,1147849479956507,Gen $400fem
11479,1147987202447998,Gen $400fem
11480,1148079479977568,Gen $400fem
11481,1148186304647993,Gen $400fem
11482,1148204479982124,Gen $400fem
11483,1148308036547996,Gen $400fem
11484,1148480147994610,Gen $400fem
11485,1148551348194799,Gen $400fem
11486,1148606247999644,Gen $400fem
11487,1148747996337117,Gen $400fem
11488,1148844799273717,Gen $400fem
11489,1148997320364799,Gen $400fem
11490,1149032647996082,Gen $400fem
11491,1149137001664799,Gen $400fem
11492,1149222329479985,Gen $400fem
11493,1149380247994449,Gen $400fem
11494,1149479144799844,Gen $400fem
11495,1149547998621919,Gen $400fem
11496,1149695006479930,Gen $400fem
11497,1149798291479954,Gen $400fem
11498,1149894799380256,Gen $400fem
11499,1149909994799762,Gen $400fem
11500,1150039479986097,Gen $400fem
11501,1150124799615685,Gen $400fem
11502,1150280644479911,Gen $400fem
11503,1150347997014949,Gen $400fem
11504,1150447993990470,Gen $400fem
11505,1150524799213049,Gen $400fem
11506,1150608654799967,Gen $400fem
11507,1150767947747996,Gen $400fem
11508,1150853147991186,Gen $400fem
11509,1150992479920750,Gen $400fem
11510,1151054799382797,Gen $400fem
11511,1151156479939357,Gen $400fem
11512,1151297575479950,Gen $400fem
11513,1151302479347994,Gen $400fem
11514,1151491353484799,Gen $400fem
11515,1151524371104799,Gen $400fem
11516,1151618479928776,Gen $400fem
11517,1151724799982996,Gen $400fem
11518,1151818479901004,Gen $400fem
11519,1151947995708458,Gen $400fem
11520,1152092220479981,Gen $400fem
11521,1152150340479951,Gen $400fem
11522,1152282004799801,Gen $400fem
11523,1152314799231407,Gen $400fem
11524,1152426479969880,Gen $400fem
11525,1152541025254799,Gen $400fem
11526,1152680479942365,Gen $400fem
11527,1152785444479972,Gen $400fem
11528,1152876347998307,Gen $400fem
11529,1152998479906623,Gen $400fem
11530,1153007256947990,Gen $400fem
11531,1153154378894799,Gen $400fem
11532,1153218384799749,Gen $400fem
11533,1153347997923771,Gen $400fem
11534,1153400347999102,Gen $400fem
11535,1153594479990743,Gen $400fem
11536,1153647994187530,Gen $400fem
11537,1153760854799072,Gen $400fem
11538,1153865924799926,Gen $400fem
11539,1153984799240469,Gen $400fem
11540,1154029479986886,Gen $400fem
11541,1154147747999854,Gen $400fem
11542,1154270045547998,Gen $400fem
11543,1154347999477373,Gen $400fem
11544,1154430229047992,Gen $400fem
11545,1154547998794421,Gen $400fem
11546,1154611547993012,Gen $400fem
11547,1154708947990689,Gen $400fem
11548,1154850261144799,Gen $400fem
11549,1154976500479999,Gen $400fem
11550,1155044688254799,Gen $400fem
11551,1155100047999704,Gen $400fem
11552,1155247996576826,Gen $400fem
11553,1155372660947992,Gen $400fem
11554,1155457304799191,Gen $400fem
11555,1155566027547993,Gen $400fem
11556,1155643714799165,Gen $400fem
11557,1155780106247997,Gen $400fem
11558,1155824563547996,Gen $400fem
11559,1155963084799950,Gen $400fem
11560,1156070414354799,Gen $400fem
11561,1156147996813118,Gen $400fem
11562,1156224799446505,Gen $400fem
11563,1156378147996811,Gen $400fem
11564,1156422744799962,Gen $400fem
11565,1156504799172871,Gen $400fem
11566,1156643992547993,Gen $400fem
11567,1156786164547992,Gen $400fem
11568,1156876790547990,Gen $400fem
11569,1156976479987011,Gen $400fem
11570,1157046147994446,Gen $400fem
11571,1157165261747998,Gen $400fem
11572,1157247990936837,Gen $400fem
11573,1157361479544799,Gen $400fem
11574,1157422479900779,Gen $400fem
11575,1157504799256314,Gen $400fem
11576,1157696738147995,Gen $400fem
11577,1157741714799814,Gen $400fem
11578,1157846661479958,Gen $400fem
11579,1157964799284175,Gen $400fem
11580,1158025479990102,Gen $400fem
11581,1158183647999108,Gen $400fem
11582,1158294479911107,Gen $400fem
11583,1158347993230977,Gen $400fem
11584,1158464799396022,Gen $400fem
11585,1158547997328949,Gen $400fem
11586,1158645479934952,Gen $400fem
11587,1158789034799925,Gen $400fem
11588,1158895799479991,Gen $400fem
11589,1158989696454799,Gen $400fem
11590,1159047997345708,Gen $400fem
11591,1159100014447994,Gen $400fem
11592,1159298479939034,Gen $400fem
11593,1159304799660529,Gen $400fem
11594,1159476479942971,Gen $400fem
11595,1159561479915760,Gen $400fem
11596,1159640479995645,Gen $400fem
11597,1159701404799898,Gen $400fem
11598,1159847990024775,Gen $400fem
11599,1159948624799178,Gen $400fem
11600,1160026479936042,Gen $400fem
11601,1160164799219976,Gen $400fem
11602,1160247994101437,Gen $400fem
11603,1160328428047993,Gen $400fem
11604,1160412714799458,Gen $400fem
11605,1160554569479980,Gen $400fem
11606,1160697847991352,Gen $400fem
11607,1160788554799261,Gen $400fem
11608,1160877147999189,Gen $400fem
11609,1160963479988223,Gen $400fem
11610,1161004647479954,Gen $400fem
11611,1161147999418576,Gen $400fem
11612,1161205594799561,Gen $400fem
11613,1161368147997132,Gen $400fem
11614,1161468447999959,Gen $400fem
11615,1161547993302055,Gen $400fem
11616,1161647997490799,Gen $400fem
11617,1161743208479902,Gen $400fem
11618,1161856241479973,Gen $400fem
11619,1161982444799003,Gen $400fem
11620,1162061524799208,Gen $400fem
11621,1162164799637678,Gen $400fem
11622,1162254799529611,Gen $400fem
11623,1162326479925854,Gen $400fem
11624,1162441479913183,Gen $400fem
11625,1162513479479936,Gen $400fem
11626,1162634799123707,Gen $400fem
11627,1162722647994614,Gen $400fem
11628,1162891927804799,Gen $400fem
11629,1162974799159820,Gen $400fem
11630,1163047998044758,Gen $400fem
11631,1163188494799709,Gen $400fem
11632,1163209884799494,Gen $400fem
11633,1163316747992747,Gen $400fem
11634,1163470479993889,Gen $400fem
11635,1163550995344799,Gen $400fem
11636,1163630913347990,Gen $400fem
11637,1163715949479911,Gen $400fem
11638,1163876479958495,Gen $400fem
11639,1163947993304123,Gen $400fem
11640,1164081309344799,Gen $400fem
11641,1164165479936558,Gen $400fem
11642,1164276384799821,Gen $400fem
11643,1164385647992993,Gen $400fem
11644,1164419947993381,Gen $400fem
11645,1164522860747992,Gen $400fem
11646,1164656479952173,Gen $400fem
11647,1164794799303149,Gen $400fem
11648,1164809809479926,Gen $400fem
11649,1164972534799681,Gen $400fem
11650,1165082997554799,Gen $400fem
11651,1165142061064799,Gen $400fem
11652,1165244799010965,Gen $400fem
11653,1165312466147998,Gen $400fem
11654,1165447995178994,Gen $400fem
11655,1165547990080179,Gen $400fem
11656,1165604799771613,Gen $400fem
11657,1165799479955278,Gen $400fem
11658,1165820999047995,Gen $400fem
11659,1165963334947994,Gen $400fem
11660,1166064799773385,Gen $400fem
11661,1166114799998779,Gen $400fem
11662,1166285501047992,Gen $400fem
11663,1166388653547996,Gen $400fem
11664,1166496164799307,Gen $400fem
11665,1166530745334799,Gen $400fem
11666,1166613547990792,Gen $400fem
11667,1166750747996090,Gen $400fem
11668,1166881978847993,Gen $400fem
11669,1166946738684799,Gen $400fem
11670,1167047998000009,Gen $400fem
11671,1167157739024799,Gen $400fem
11672,1167204799936130,Gen $400fem
11673,1167326144799898,Gen $400fem
11674,1167447997296259,Gen $400fem
11675,1167556562264799,Gen $400fem
11676,1167634799612672,Gen $400fem
11677,1167745479995929,Gen $400fem
11678,1167868408474799,Gen $400fem
11679,1167932354799259,Gen $400fem
11680,1168064799955525,Gen $400fem
11681,1168180164799475,Gen $400fem
11682,1168242598084799,Gen $400fem
11683,1168382084799215,Gen $400fem
11684,1168453534799094,Gen $400fem
11685,1168527855747993,Gen $400fem
11686,1168662124799739,Gen $400fem
11687,1168747996474411,Gen $400fem
11688,1168887155947994,Gen $400fem
11689,1168944799402517,Gen $400fem
11690,1169033479940763,Gen $400fem
11691,1169163424799280,Gen $400fem
11692,1169246479930351,Gen $400fem
11693,1169327479977632,Gen $400fem
11694,1169404347991007,Gen $400fem
11695,1169556147992829,Gen $400fem
11696,1169607247998680,Gen $400fem
11697,1169732973479935,Gen $400fem
11698,1169879479903075,Gen $400fem
11699,1169924799992652,Gen $400fem
11700,1170047874799797,Gen $400fem
11701,1170156847992731,Gen $400fem
11702,1170207364799084,Gen $400fem
11703,1170347994082706,Gen $400fem
11704,1170444799117806,Gen $400fem
11705,1170564799521144,Gen $400fem
11706,1170693447990247,Gen $400fem
11707,1170795815479965,Gen $400fem
11708,1170887274799423,Gen $400fem
11709,1170944799634890,Gen $400fem
11710,1171003479923982,Gen $400fem
11711,1171149479907275,Male Gen $450
11712,1171232479915584,Male Gen $450
11713,1171366181854799,Male Gen $450
11714,1171415944479912,Male Gen $450
11715,1171581479930231,Male Gen $450
11716,1171671816479983,Male Gen $450
11717,1171711643434799,Male Gen $450
11718,1171806429444799,Male Gen $450
11719,1171986479998768,Male Gen $450
11720,1172094799144056,Male Gen $450
11721,1172168847990771,Male Gen $450
11722,1172250747996892,Male Gen $450
11723,1172331847992081,Male Gen $450
11724,1172454799982898,Male Gen $450
11725,1172503865047992,Male Gen $450
11726,1172646064479982,Male Gen $450
11727,1172703479999307,Male Gen $450
11728,1172842264254799,Male Gen $450
11729,1172993600479943,Male Gen $450
11730,1173050218194799,Male Gen $450
11731,1173164799849130,Male Gen $450
11732,1173247993653061,Male Gen $450
11733,1173324799421500,Male Gen $450
11734,1173458495247999,Male Gen $450
11735,1173502224799406,Male Gen $450
11736,1173617840334799,Male Gen $450
11737,1173763793164799,Male Gen $450
11738,1173827647999607,Male Gen $450
11739,1173993357479929,Male Gen $450
11740,1174052166447995,Male Gen $450
11741,1174107479913678,Male Gen $450
11742,1174253814799597,Male Gen $450
11743,1174326479999206,Male Gen $450
11744,1174428479950003,Male Gen $450
11745,1174512414799801,Male Gen $450
11746,1174604799314487,Male Gen $450
11747,1174769047992271,Male Gen $450
11748,1174822947479943,Male Gen $450
11749,1174974479963120,Male Gen $450
11750,1175047996446610,Male Gen $450
11751,1175188539247991,Male Gen $450
11752,1175219479948868,Male Gen $450
11753,1175351989547990,Male Gen $450
11754,1175401947998482,Male Gen $450
11755,1175579514799799,Male Gen $450
11756,1175686197479996,Male Gen $450
11757,1175758254799398,Male Gen $450
11758,1175813572147998,Male Gen $450
11759,1175919479906892,Male Gen $450
11760,1176091479909630,Male Gen $450
11761,1176123536774799,Male Gen $450
11762,1176254447993024,Male Gen $450
11763,1176375247996534,Male Gen $450
11764,1176449047994807,Male Gen $450
11765,1176562479991394,Male Gen $450
11766,1176623464247995,Male Gen $450
11767,1176734799391122,Male Gen $450
11768,1176897347995631,Male Gen $450
11769,1176947994147494,Male Gen $450
11770,1177085479973437,Male Gen $450
11771,1177147997020990,Male Gen $450
11772,1177232812247998,Male Gen $450
11773,1177347124479961,Male Gen $450
11774,1177426247995554,Male Gen $450
11775,1177572214799153,Male Gen $450
11776,1177649710944799,Male Gen $450
11777,1177736044799542,Male Gen $450
11778,1177814194799822,Male Gen $450
11779,1177905941284799,Male Gen $450
11780,1178097479983263,Male Gen $450
11781,1178147990603922,Male Gen $450
11782,1178245367464799,Male Gen $450
11783,1178358474799109,Male Gen $450
11784,1178464799137242,Male Gen $450
11785,1178523364799036,Male Gen $450
11786,1178674799695542,Male Gen $450
11787,1178747999561322,Male Gen $450
11788,1178847992822154,Male Gen $450
11789,1178972954799099,Male Gen $450
11790,1179093934799415,Male Gen $450
11791,1179194532479992,Male Gen $450
11792,1179274647997306,Male Gen $450
11793,1179332847996317,Male Gen $450
11794,1179483314799790,Male Gen $450
11795,1179551349444799,Male Gen $450
11796,1179676447990013,Male Gen $450
11797,1179778004799004,Male Gen $450
11798,1179812284799792,Male Gen $450
11799,1179947993291763,Male Gen $450
11800,1180001626479990,Male Gen $450
11801,1180197647996587,Male Gen $450
11802,1180266627184799,Male Gen $450
11803,1180325550479986,Male Gen $450
11804,1180445414799362,Male Gen $450
11805,1180545479952171,Male Gen $450
11806,1180614799353091,Male Gen $450
11807,1180796930264799,Male Gen $450
11808,1180874747996445,Male Gen $450
11809,1180920980479980,Male Gen $450
11810,1181040004799738,Male Gen $450
11811,1181121264799981,Male Gen $450
11812,1181276672547995,Male Gen $450
11813,1181397826304799,Male Gen $450
11814,1181431014799344,Male Gen $450
11815,1181587622479994,Male Gen $450
11816,1181627119864799,Male Gen $450
11817,1181753154799147,Male Gen $450
11818,1181865760479964,Male Gen $450
11819,1181970919747991,Male Gen $450
11820,1182092479929973,Male Gen $450
11821,1182165047147996,Male Gen $450
11822,1182294799715183,Male Gen $450
11823,1182358479931528,Male Gen $450
11824,1182460479900433,Male Gen $450
11825,1182504799049862,Male Gen $450
11826,1182625154799936,Male Gen $450
11827,1182706812479969,Male Gen $450
11828,1182817479952770,Male Gen $450
11829,1182964799340720,Male Gen $450
11830,1183047991486620,Male Gen $450
11831,1183101479931311,Male Gen $450
11832,1183228841247999,Male Gen $450
11833,1183347990204696,Male Gen $450
11834,1183462479937569,Male Gen $450
11835,1183540004799187,Male Gen $450
11836,1183647997186977,Male Gen $450
11837,1183724799321806,Male Gen $450
11838,1183835679479989,Male Gen $450
11839,1183989868947995,Male Gen $450
11840,1184033573479968,Male Gen $450
11841,1184147998221653,Male Gen $450
11842,1184209747996195,Male Gen $450
11843,1184305947999869,Male Gen $450
11844,1184489256974799,Male Gen $450
11845,1184564799682364,Male Gen $450
11846,1184647995161412,Male Gen $450
11847,1184795172044799,Male Gen $450
11848,1184806479961290,Male Gen $450
11849,1184953231547994,Male Gen $450
11850,1185068430464799,Male Gen $450
11851,1185124615247996,Male Gen $450
11852,1185284799102263,Male Gen $450
11853,1185327479944449,Male Gen $450
11854,1185426114799311,Male Gen $450
11855,1185574799048859,Male Gen $450
11856,1185681380304799,Male Gen $450
11857,1185756479933333,Male Gen $450
11858,1185884799173534,Male Gen $450
11859,1185920695947990,Male Gen $450
11860,1186082589174799,Male Gen $450
11861,1186147991719352,Male Gen $450
11862,1186241347998819,Male Gen $450
11863,1186358019479974,Male Gen $450
11864,1186470714799119,Male Gen $450
11865,1186596736214799,Male Gen $450
11866,1186682947996782,Male Gen $450
11867,1186724954799105,Male Gen $450
11868,1186822047996952,Male Gen $450
11869,1186969479931436,Male Gen $450
11870,1187060563484799,Male Gen $450
11871,1187141186947990,Male Gen $450
11872,1187205236479941,Male Gen $450
11873,1187313851247992,Male Gen $450
11874,1187472269234799,Male Gen $450
11875,1187569816479953,Male Gen $450
11876,1187616695104799,Male Gen $450
11877,1187705229479904,Male Gen $450
11878,1187894799597931,Male Gen $450
11879,1187972034799320,Male Gen $450
11880,1188010054799966,Male Gen $450
11881,1188121479962187,Male Gen $450
11882,1188294864984799,Male Gen $450
11883,1188347995771006,Male Gen $450
11884,1188494609247994,Male Gen $450
11885,1188554799814088,Male Gen $450
11886,1188668929479900,Male Gen $450
11887,1188772947996107,Male Gen $450
11888,1188816479941199,Male Gen $450
11889,1188962678479920,Male Gen $450
11890,1189071165479992,Male Gen $450
11891,1189147991277847,Male Gen $450
11892,1189274799030506,Male Gen $450
11893,1189347993019900,Male Gen $450
11894,1189492647996678,Male Gen $450
11895,1189565147991453,Male Gen $450
11896,1189634799553560,Male Gen $450
11897,1189747995981652,Male Gen $450
11898,1189815347991365,Male Gen $450
11899,1189947998610128,Male Gen $450
11900,1190087047992488,Male Gen $450
11901,1190184710947993,Male Gen $450
11902,1190219201784799,Male Gen $450
11903,1190347997381390,Male Gen $450
11904,1190402744799494,Male Gen $450
11905,1190513795247997,Male Gen $450
11906,1190679479952221,Male Gen $450
11907,1190747998114363,Male Gen $450
11908,1190866898479994,Male Gen $450
11909,1190913947992569,Male Gen $450
11910,1191054799217821,Male Gen $450
11911,1191128247998252,Male Gen $450
11912,1191247354799003,Male Gen $450
11913,1191347996841036,Male Gen $450
11914,1191445133047992,Male Gen $450
11915,1191549114799582,Male Gen $450
11916,1191611479913145,Male Gen $450
11917,1191754799814542,Male Gen $450
11918,1191824594799060,Male Gen $450
11919,1191933743647990,Male Gen $450
11920,1192074347990628,Male Gen $450
11921,1192154799720323,Male Gen $450
11922,1192275450214799,Male Gen $450
11923,1192374140479910,Male Gen $450
11924,1192483047996565,Male Gen $450
11925,1192532504799573,Male Gen $450
11926,1192666479979799,Male Gen $450
11927,1192740447992847,Male Gen $450
11928,1192825214799482,Male Gen $450
11929,1192970347990519,Male Gen $450
11930,1193047997351409,Male Gen $450
11931,1193117651479978,Male Gen $450
11932,1193276479992385,Male Gen $450
11933,1193378447991555,Male Gen $450
11934,1193492894479968,Male Gen $450
11935,1193573740479916,Male Gen $450
11936,1193647992210699,Male Gen $450
11937,1193747998292027,Male Gen $450
11938,1193880747994980,Male Gen $450
11939,1193982770847998,Male Gen $450
11940,1194034799193639,Male Gen $450
11941,1194199047992031,Male Gen $450
11942,1194233232814799,Male Gen $450
11943,1194332734799209,Male Gen $450
11944,1194484799830600,Male Gen $450
11945,1194584799550991,Male Gen $450
11946,1194619479935777,Male Gen $450
11947,1194700479982984,Male Gen $450
11948,1194861447991828,Male Gen $450
11949,1194926544799012,Male Gen $450
11950,1195014799401581,Male Gen $450
11951,1195172824799549,Male Gen $450
11952,1195246479914518,Male Gen $450
11953,1195347990014631,Male Gen $450
11954,1195493590104799,Male Gen $450
11955,1195515947992298,Male Gen $450
11956,1195610479958185,Male Gen $450
11957,1195794799320042,Male Gen $450
11958,1195854674804799,Male Gen $450
11959,1195994122479948,Male Gen $450
11960,1196038637479965,Male Gen $450
11961,1196174799109371,Male Gen $450
11962,1196254564799014,Male Gen $450
11963,1196318514799022,Male Gen $450
11964,1196488687547993,Male Gen $450
11965,1196521447992033,Male Gen $450
11966,1196684799924219,Male Gen $450
11967,1196741047997748,Male Gen $450
11968,1196856479931374,Male Gen $450
11969,1196920547996344,Male Gen $450
11970,1197015479970100,Male Gen $450
11971,1197152706247990,Male Gen $450
11972,1197219824799934,Male Gen $450
11973,1197344325479918,Male Gen $450
11974,1197439479903103,Male Gen $450
11975,1197526690634799,Male Gen $450
11976,1197654206479968,Male Gen $450
11977,1197760947999861,Male Gen $450
11978,1197807235479912,Male Gen $450
11979,1197940479983302,Male Gen $450
11980,1198036547994971,Male Gen $450
11981,1198164799424508,Male Gen $450
11982,1198217385479963,Male Gen $450
11983,1198371247990634,Male Gen $450
11984,1198447994373968,Male Gen $450
11985,1198534799239055,Male Gen $450
11986,1198645484479961,Male Gen $450
11987,1198714014799382,Male Gen $450
11988,1198850850764799,Male Gen $450
11989,1198947993330437,Male Gen $450
11990,1199067479941531,Male Gen $450
11991,1199124799723664,Male Gen $450
11992,1199255914799408,Male Gen $450
11993,1199347994118259,Male Gen $450
11994,1199459460479980,Male Gen $450
11995,1199587778479903,Male Gen $450
11996,1199614799519581,Male Gen $450
11997,1199753825479937,Male Gen $450
11998,1199809444799431,Male Gen $450
11999,1199989614799396,Male Gen $450
12000,1200015347998400,Male Gen $450
12001,1200137479941676,Male Gen $450
12002,1200247997351791,Male Gen $450
12003,1200347999194277,Male Gen $450
12004,1200422574799500,Male Gen $450
12005,1200564799803911,Male Gen $450
12006,1200658794799485,Male Gen $450
12007,1200789854799942,Male Gen $450
12008,1200847994396196,Male Gen $450
12009,1200947991468657,Male Gen $450
12010,1201010067147998,Male Gen $450
12011,1201149146479926,Male Gen $450
12012,1201224799442485,Male Gen $450
12013,1201347998025900,Male Gen $450
12014,1201445509147995,Male Gen $450
12015,1201558097479934,Male Gen $450
12016,1201663147997880,Male Gen $450
12017,1201724934799395,Male Gen $450
12018,1201804799112282,Male Gen $450
12019,1201983593934799,Male Gen $450
12020,1202025479997427,Male Gen $450
12021,1202134799161848,Male Gen $450
12022,1202293047999054,Male Gen $450
12023,1202347991954906,Male Gen $450
12024,1202404799604712,Male Gen $450
12025,1202589479958943,Male Gen $450
12026,1202679125479926,Male Gen $450
12027,1202724799523680,Male Gen $450
12028,1202865479945871,Male Gen $450
12029,1202954799453937,Male Gen $450
12030,1203034584799014,Male Gen $450
12031,1203196548594799,Male Gen $450
12032,1203297479919007,Male Gen $450
12033,1203313479975924,Male Gen $450
12034,1203446247998843,Male Gen $450
12035,1203599574799730,Male Gen $450
12036,1203658479917747,Male Gen $450
12037,1203747995114329,Male Gen $450
12038,1203891202479938,Male Gen $450
12039,1203910314799737,Male Gen $450
12040,1204047994646186,Male Gen $450
12041,1204147773547999,Male Gen $450
12042,1204246644799485,Male Gen $450
12043,1204326479985975,Male Gen $450
12044,1204437265479959,Male Gen $450
12045,1204564799566328,Male Gen $450
12046,1204687588247998,Male Gen $450
12047,1204704799417751,Male Gen $450
12048,1204897361479972,Male Gen $450
12049,1204994479987551,Male Gen $450
12050,1205090714799574,Male Gen $450
12051,1205120284479918,Male Gen $450
12052,1205213954799340,Male Gen $450
12053,1205319312479954,Male Gen $450
12054,1205443479943027,Male Gen $450
12055,1205547998025244,Male Gen $450
12056,1205671024799397,Male Gen $450
12057,1205797277547993,Male Gen $450
12058,1205812647992423,Male Gen $450
12059,1205932094824799,Male Gen $450
12060,1206034799966521,Male Gen $450
12061,1206124542624799,Male Gen $450
12062,1206293447998157,Male Gen $450
12063,1206372884799338,Male Gen $450
12064,1206483761747995,Male Gen $450
12065,1206567204799187,Male Gen $450
12066,1206643704799365,Male Gen $450
12067,1206776479951218,Male Gen $450
12068,1206808523354799,Male Gen $450
12069,1206947991344644,Male Gen $450
12070,1207058647996442,Male Gen $450
12071,1207110174479947,Male Gen $450
12072,1207273825447996,Male Gen $450
12073,1207339170664799,Male Gen $450
12074,1207494799617612,Male Gen $450
12075,1207547996386120,Male Gen $450
12076,1207663759954799,Male Gen $450
12077,1207710374799651,Male Gen $450
12078,1207852304799102,Male Gen $450
12079,1207919567934799,Male Gen $450
12080,1208055409479915,Male Gen $450
12081,1208134799302723,Male Gen $450
12082,1208294154799317,Male Gen $450
12083,1208346364799340,Male Gen $450
12084,1208425774799623,Male Gen $450
12085,1208555347992597,Male Gen $450
12086,1208617714714799,Male Gen $450
12087,1208710247996417,Male Gen $450
12088,1208850855247993,Male Gen $450
12089,1208973374799479,Male Gen $450
12090,1209079088814799,Male Gen $450
12091,1209118251904799,Male Gen $450
12092,1209227627547991,Male Gen $450
12093,1209353945934799,Male Gen $450
12094,1209447996513762,Male Gen $450
12095,1209526447991823,Male Gen $450
12096,1209604799328503,Male Gen $450
12097,1209784799114367,Male Gen $450
12098,1209853074799348,Male Gen $450
12099,1209921479974703,Male Gen $450
12100,1210073479972393,Male Gen $450
12101,1210144147995984,Male Gen $450
12102,1210239781164799,Male Gen $450
12103,1210384799033154,Male Gen $450
12104,1210424047992357,Male Gen $450
12105,1210509479987790,Male Gen $450
12106,1210660452479910,Male Gen $450
12107,1210784799827391,Male Gen $450
12108,1210813298914799,Male Gen $450
12109,1210944799338990,Male Gen $450
12110,1211032989474799,Male Gen $450
12111,1211103356314799,VIP $800fem
12112,1211237347990129,VIP $800fem
12113,1211331647997800,VIP $800fem
12114,1211421347995520,VIP $800fem
12115,1211521753479997,VIP $800fem
12116,1211654799135467,VIP $800fem
12117,1211771479973835,VIP $800fem
12118,1211805847995376,VIP $800fem
12119,1211929586874799,VIP $800fem
12120,1212063431479939,VIP $800fem
12121,1212128774799010,VIP $800fem
12122,1212254799929610,VIP $800fem
12123,1212347996371824,VIP $800fem
12124,1212439479944333,VIP $800fem
12125,1212564799056840,VIP $800fem
12126,1212662647993747,VIP $800fem
12127,1212750354799224,VIP $800fem
12128,1212846479955592,VIP $800fem
12129,1212983394524799,VIP $800fem
12130,1213097479919882,VIP $800fem
12131,1213146381479913,VIP $800fem
12132,1213261747997823,VIP $800fem
12133,1213347994416140,VIP $800fem
12134,1213434479974251,VIP $800fem
12135,1213528807947996,VIP $800fem
12136,1213689086479949,VIP $800fem
12137,1213739873394799,VIP $800fem
12138,1213858582747990,VIP $800fem
12139,1213972884799588,VIP $800fem
12140,1214087482647998,VIP $800fem
12141,1214147993569155,VIP $800fem
12142,1214244799531152,VIP $800fem
12143,1214364799644594,VIP $800fem
12144,1214432058034799,VIP $800fem
12145,1214518429047993,VIP $800fem
12146,1214647997240204,VIP $800fem
12147,1214774799554150,VIP $800fem
12148,1214801886479971,VIP $800fem
12149,1214965354799099,VIP $800fem
12150,1215017754799752,VIP $800fem
12151,1215197297747992,VIP $800fem
12152,1215290847997197,VIP $800fem
12153,1215342476647997,VIP $800fem
12154,1215464479925909,VIP $800fem
12155,1215597584479963,VIP $800fem
12156,1215665147990485,VIP $800fem
12157,1215747570147993,VIP $800fem
12158,1215872094799173,VIP $800fem
12159,1215942595414799,VIP $800fem
12160,1216004479978952,VIP $800fem
12161,1216147994594553,VIP $800fem
12162,1216256167479997,VIP $800fem
12163,1216334799922439,VIP $800fem
12164,1216473479967813,VIP $800fem
12165,1216513483114799,VIP $800fem
12166,1216653479966867,VIP $800fem
12167,1216735663347994,VIP $800fem
12168,1216877894947992,VIP $800fem
12169,1216948279944799,VIP $800fem
12170,1217069477479999,VIP $800fem
12171,1217124799680680,VIP $800fem
12172,1217275479952096,VIP $800fem
12173,1217396479930326,VIP $800fem
12174,1217472479968828,VIP $800fem
12175,1217598833747994,VIP $800fem
12176,1217652479954949,VIP $800fem
12177,1217764774799012,VIP $800fem
12178,1217838347999340,VIP $800fem
12179,1217908630347999,VIP $800fem
12180,1218075163474799,VIP $800fem
12181,1218147991836278,VIP $800fem
12182,1218242494799588,VIP $800fem
12183,1218343218734799,VIP $800fem
12184,1218441156254799,VIP $800fem
12185,1218535479947120,VIP $800fem
12186,1218647998306650,VIP $800fem
12187,1218789747995029,VIP $800fem
12188,1218815647992098,VIP $800fem
12189,1218992984799182,VIP $800fem
12190,1219016247999189,VIP $800fem
12191,1219103149479973,VIP $800fem
12192,1219276657734799,VIP $800fem
12193,1219375847999570,VIP $800fem
12194,1219428990624799,VIP $800fem
12195,1219547999257761,VIP $800fem
12196,1219618332634799,VIP $800fem
12197,1219747995019599,VIP $800fem
12198,1219894799523824,VIP $800fem
12199,1219947991183998,VIP $800fem
12200,1220080556479905,VIP $800fem
12201,1220147991597465,VIP $800fem
12202,1220205147991780,VIP $800fem
12203,1220354799812699,VIP $800fem
12204,1220487413479984,VIP $800fem
12205,1220536315479902,VIP $800fem
12206,1220647991372955,VIP $800fem
12207,1220789524799169,VIP $800fem
12208,1220886479999545,VIP $800fem
12209,1220988224799037,VIP $800fem
12210,1221027044799945,VIP $800fem
12211,1221190038247994,VIP $800fem
12212,1221273294834799,VIP $800fem
12213,1221340773647994,VIP $800fem
12214,1221402479908785,VIP $800fem
12215,1221559479953899,VIP $800fem
12216,1221614799519524,VIP $800fem
12217,1221747999787608,VIP $800fem
12218,1221826728479971,VIP $800fem
12219,1221941247991590,VIP $800fem
12220,1222047998999072,VIP $800fem
12221,1222116503479986,VIP $800fem
12222,1222247997425447,VIP $800fem
12223,1222343084799121,VIP $800fem
12224,1222471479948054,VIP $800fem
12225,1222547998405502,VIP $800fem
12226,1222647992456809,VIP $800fem
12227,1222724799301019,VIP $800fem
12228,1222868479984185,VIP $800fem
12229,1222977147991682,VIP $800fem
12230,1223052753547992,VIP $800fem
12231,1223166304799477,VIP $800fem
12232,1223216479907370,VIP $800fem
12233,1223362047997951,VIP $800fem
12234,1223455701347992,VIP $800fem
12235,1223559479984613,VIP $800fem
12236,1223612160447993,VIP $800fem
12237,1223734647993504,VIP $800fem
12238,1223888704799553,VIP $800fem
12239,1223958619479960,VIP $800fem
12240,1224047994319512,VIP $800fem
12241,1224172170747997,VIP $800fem
12242,1224230547995912,VIP $800fem
12243,1224347996172535,VIP $800fem
12244,1224485170847990,VIP $800fem
12245,1224541394654799,VIP $800fem
12246,1224676434479943,VIP $800fem
12247,1224743158224799,VIP $800fem
12248,1224894799418973,VIP $800fem
12249,1224924799857193,VIP $800fem
12250,1225082235634799,VIP $800fem
12251,1225171080479977,VIP $800fem
12252,1225277014799417,VIP $800fem
12253,1225347990051386,VIP $800fem
12254,1225456164799375,VIP $800fem
12255,1225543223847995,VIP $800fem
12256,1225691054799807,VIP $800fem
12257,1225752504414799,VIP $800fem
12258,1225844091047996,VIP $800fem
12259,1225923964799272,VIP $800fem
12260,1226032147990467,VIP $800fem
12261,1226154799243691,VIP $800fem
12262,1226244799302250,VIP $800fem
12263,1226380147997963,VIP $800fem
12264,1226467334479915,VIP $800fem
12265,1226584799738343,VIP $800fem
12266,1226647992814054,VIP $800fem
12267,1226719866479963,VIP $800fem
12268,1226862754799273,VIP $800fem
12269,1226912347995622,VIP $800fem
12270,1227077436124799,VIP $800fem
12271,1227147999701687,VIP $800fem
12272,1227224250479949,VIP $800fem
12273,1227335479933923,VIP $800fem
12274,1227447995790449,VIP $800fem
12275,1227590724799251,VIP $800fem
12276,1227610479991148,VIP $800fem
12277,1227704799131482,VIP $800fem
12278,1227847996362672,VIP $800fem
12279,1227996177704799,VIP $800fem
12280,1228006828044799,VIP $800fem
12281,1228128584799503,VIP $800fem
12282,1228247996350615,VIP $800fem
12283,1228371479916470,VIP $800fem
12284,1228498083247993,VIP $800fem
12285,1228562833479902,VIP $800fem
12286,1228642725479964,VIP $800fem
12287,1228711479987565,VIP $800fem
12288,1228834584799010,VIP $800fem
12289,1228947999936305,VIP $800fem
12290,1229078479937864,VIP $800fem
12291,1229194799210451,VIP $800fem
12292,1229229347991111,VIP $800fem
12293,1229347990714726,VIP $800fem
12294,1229447479914619,VIP $800fem
12295,1229572247994364,VIP $800fem
12296,1229631550247990,VIP $800fem
12297,1229764799108761,VIP $800fem
12298,1229847991543337,VIP $800fem
12299,1229957147998518,VIP $800fem
12300,1230044799610854,VIP $800fem
12301,1230159276479946,VIP $800fem
12302,1230270021314799,VIP $800fem
12303,1230304714799219,VIP $800fem
12304,1230447992005938,VIP $800fem
12305,1230547995689795,VIP $800fem
12306,1230608104799348,VIP $800fem
12307,1230709479911883,VIP $800fem
12308,1230860596479976,VIP $800fem
12309,1230940634147995,VIP $800fem
12310,1231047997467262,VIP $800fem
12311,1231147992849634,VIP $800fem
12312,1231232447992185,VIP $800fem
12313,1231347999799829,VIP $800fem
12314,1231477721294799,VIP $800fem
12315,1231554799963888,VIP $800fem
12316,1231624817847999,VIP $800fem
12317,1231793554799344,VIP $800fem
12318,1231862333479924,VIP $800fem
12319,1231947996772640,VIP $800fem
12320,1232091479986794,VIP $800fem
12321,1232115547992285,VIP $800fem
12322,1232236400479992,VIP $800fem
12323,1232347993075546,VIP $800fem
12324,1232447993137425,VIP $800fem
12325,1232520479906657,VIP $800fem
12326,1232664799512539,VIP $800fem
12327,1232744726479981,VIP $800fem
12328,1232829520479997,VIP $800fem
12329,1232924047999095,VIP $800fem
12330,1233037471747991,VIP $800fem
12331,1233165747990380,VIP $800fem
12332,1233233309479916,VIP $800fem
12333,1233374799469586,VIP $800fem
12334,1233407461247991,VIP $800fem
12335,1233580747991868,VIP $800fem
12336,1233644799971397,VIP $800fem
12337,1233754799664673,VIP $800fem
12338,1233872167479907,VIP $800fem
12339,1233976847991431,VIP $800fem
12340,1234033935479966,VIP $800fem
12341,1234158354799353,VIP $800fem
12342,1234210573247992,VIP $800fem
12343,1234329124799404,VIP $800fem
12344,1234482868479937,VIP $800fem
12345,1234544501514799,VIP $800fem
12346,1234695794799193,VIP $800fem
12347,1234794799640113,VIP $800fem
12348,1234873484799526,VIP $800fem
12349,1234993572479991,VIP $800fem
12350,1235006647999444,VIP $800fem
12351,1235147997397752,VIP $800fem
12352,1235272998347998,VIP $800fem
12353,1235394799017060,VIP $800fem
12354,1235417386479982,VIP $800fem
12355,1235547479960647,VIP $800fem
12356,1235666284799009,VIP $800fem
12357,1235722495479913,VIP $800fem
12358,1235807948247990,VIP $800fem
12359,1235975479959014,VIP $800fem
12360,1236031347994524,VIP $800fem
12361,1236156403354799,VIP $800fem
12362,1236262479937385,VIP $800fem
12363,1236342731479967,VIP $800fem
12364,1236445354247998,VIP $800fem
12365,1236547996921441,VIP $800fem
12366,1236658747994582,VIP $800fem
12367,1236736114479922,VIP $800fem
12368,1236847998222227,VIP $800fem
12369,1236926847990367,VIP $800fem
12370,1237061075479927,VIP $800fem
12371,1237123910479995,VIP $800fem
12372,1237230124799926,VIP $800fem
12373,1237334372479917,VIP $800fem
12374,1237469479923843,VIP $800fem
12375,1237584799904290,VIP $800fem
12376,1237657050547990,VIP $800fem
12377,1237747995161408,VIP $800fem
12378,1237837516384799,VIP $800fem
12379,1237902584799453,VIP $800fem
12380,1238044799791714,VIP $800fem
12381,1238147996280155,VIP $800fem
12382,1238263811364799,VIP $800fem
12383,1238368479942869,VIP $800fem
12384,1238447997888444,VIP $800fem
12385,1238547995494772,VIP $800fem
12386,1238613124799642,VIP $800fem
12387,1238723856479964,VIP $800fem
12388,1238826852347995,VIP $800fem
12389,1238983047991475,VIP $800fem
12390,1239073479952572,VIP $800fem
12391,1239174799467252,VIP $800fem
12392,1239268914224799,VIP $800fem
12393,1239347115479980,VIP $800fem
12394,1239411114799051,VIP $800fem
12395,1239594799706960,VIP $800fem
12396,1239670264479902,VIP $800fem
12397,1239747991224312,VIP $800fem
12398,1239822893047994,VIP $800fem
12399,1239947995081992,VIP $800fem
12400,1240049684479908,VIP $800fem
12401,1240147996437176,VIP $800fem
12402,1240274479973817,VIP $800fem
12403,1240348479932564,VIP $800fem
12404,1240444799226847,VIP $800fem
12405,1240547998060197,VIP $800fem
12406,1240632838479925,VIP $800fem
12407,1240724799837091,VIP $800fem
12408,1240845107479933,VIP $800fem
12409,1240936924799662,VIP $800fem
12410,1241004799318544,VIP $800fem
12411,1241194799706608,VIP $800fem
12412,1241244247999582,VIP $800fem
12413,1241309420347994,VIP $800fem
12414,1241444799577288,VIP $800fem
12415,1241512377947992,VIP $800fem
12416,1241647999661410,VIP $800fem
12417,1241776479910489,VIP $800fem
12418,1241834799370263,VIP $800fem
12419,1241978347991696,VIP $800fem
12420,1242099367447991,VIP $800fem
12421,1242123947994253,VIP $800fem
12422,1242254054799794,VIP $800fem
12423,1242342479915516,VIP $800fem
12424,1242447991743881,VIP $800fem
12425,1242517137479952,VIP $800fem
12426,1242694611479997,VIP $800fem
12427,1242712696794799,VIP $800fem
12428,1242839947991946,VIP $800fem
12429,1242944479956199,VIP $800fem
12430,1243011786864799,VIP $800fem
12431,1243143913479988,VIP $800fem
12432,1243247992089250,VIP $800fem
12433,1243371237014799,VIP $800fem
12434,1243400246747998,VIP $800fem
12435,1243547992202959,VIP $800fem
12436,1243677154799128,VIP $800fem
12437,1243704229479973,VIP $800fem
12438,1243839182747998,VIP $800fem
12439,1243936947990718,VIP $800fem
12440,1244064799690877,VIP $800fem
12441,1244184799063841,VIP $800fem
12442,1244247998360810,VIP $800fem
12443,1244344799184870,VIP $800fem
12444,1244455324799602,VIP $800fem
12445,1244526457479928,VIP $800fem
12446,1244634799069791,VIP $800fem
12447,1244744537479940,VIP $800fem
12448,1244839209447997,VIP $800fem
12449,1244978661147992,VIP $800fem
12450,1245076144799144,VIP $800fem
12451,1245191479926544,VIP $800fem
12452,1245286634799808,VIP $800fem
12453,1245322260479957,VIP $800fem
12454,1245467247993477,VIP $800fem
12455,1245590836479996,VIP $800fem
12456,1245647998171701,VIP $800fem
12457,1245756448394799,VIP $800fem
12458,1245881047996794,VIP $800fem
12459,1245905523934799,VIP $800fem
12460,1246002428547991,VIP $800fem
12461,1246135199924799,VIP $800fem
12462,1246223424247990,VIP $800fem
12463,1246305228479989,VIP $800fem
12464,1246425479985472,VIP $800fem
12465,1246547995739432,VIP $800fem
12466,1246647994050881,VIP $800fem
12467,1246784799503460,VIP $800fem
12468,1246836908479971,VIP $800fem
12469,1246997154799675,VIP $800fem
12470,1247040394799181,VIP $800fem
12471,1247113933414799,VIP $800fem
12472,1247292754799472,VIP $800fem
12473,1247347991365935,VIP $800fem
12474,1247487987447997,VIP $800fem
12475,1247574479992058,VIP $800fem
12476,1247680479920392,VIP $800fem
12477,1247701685294799,VIP $800fem
12478,1247859267744799,VIP $800fem
12479,1247936086479905,VIP $800fem
12480,1248096647994845,VIP $800fem
12481,1248138434799761,VIP $800fem
12482,1248233436479997,VIP $800fem
12483,1248384424799408,VIP $800fem
12484,1248447990785336,VIP $800fem
12485,1248590479999767,VIP $800fem
12486,1248684799546511,VIP $800fem
12487,1248706479901872,VIP $800fem
12488,1248879839947992,VIP $800fem
12489,1248963164799931,VIP $800fem
12490,1249047999226751,VIP $800fem
12491,1249164799785933,VIP $800fem
12492,1249247990987126,VIP $800fem
12493,1249305026047990,VIP $800fem
12494,1249459024799634,VIP $800fem
12495,1249536931947996,VIP $800fem
12496,1249654799366155,VIP $800fem
12497,1249712847996089,VIP $800fem
12498,1249814799571463,VIP $800fem
12499,1249917334799777,VIP $800fem
12500,1250009494799184,VIP $800fem
12501,1250150483947992,VIP $800fem
12502,1250284799435466,VIP $800fem
12503,1250368169479980,VIP $800fem
12504,1250442254479948,VIP $800fem
12505,1250506479997046,VIP $800fem
12506,1250614799501946,VIP $800fem
12507,1250766301479951,VIP $800fem
12508,1250849033434799,VIP $800fem
12509,1250956347991245,VIP $800fem
12510,1251093784799219,VIP $800fem
12511,1251147990694475,VIP $800fem
12512,1251287832479903,VIP $800fem
12513,1251377604799216,VIP $800fem
12514,1251415474799400,VIP $800fem
12515,1251547995598377,VIP $800fem
12516,1251632479982235,VIP $800fem
12517,1251747994782482,VIP $800fem
12518,1251837350479925,VIP $800fem
12519,1251984799149874,VIP $800fem
12520,1252081479981743,VIP $800fem
12521,1252140479907040,VIP $800fem
12522,1252236479922280,VIP $800fem
12523,1252399485947999,VIP $800fem
12524,1252447991098962,VIP $800fem
12525,1252544353354799,VIP $800fem
12526,1252600463194799,VIP $800fem
12527,1252736479993520,VIP $800fem
12528,1252896332994799,VIP $800fem
12529,1252947993563551,VIP $800fem
12530,1253003785174799,VIP $800fem
12531,1253104799804009,VIP $800fem
12532,1253296479984768,VIP $800fem
12533,1253384799101026,VIP $800fem
12534,1253433264799201,VIP $800fem
12535,1253583705479944,VIP $800fem
12536,1253616619479985,VIP $800fem
12537,1253767580547993,VIP $800fem
12538,1253857047999604,VIP $800fem
12539,1253936147999160,VIP $800fem
12540,1254012479962965,VIP $800fem
12541,1254174799924878,VIP $800fem
12542,1254250061247994,VIP $800fem
12543,1254345102479961,VIP $800fem
12544,1254481970347993,VIP $800fem
12545,1254586067947996,VIP $800fem
12546,1254614799046884,VIP $800fem
12547,1254786740647993,VIP $800fem
12548,1254891647995694,VIP $800fem
12549,1254947995215013,VIP $800fem
12550,1255093080914799,VIP $800fem
12551,1255145479928991,VIP $800fem
12552,1255226644799965,VIP $800fem
12553,1255395447999074,VIP $800fem
12554,1255485147992289,VIP $800fem
12555,1255599320479951,VIP $800fem
12556,1255645042647990,VIP $800fem
12557,1255752479998975,VIP $800fem
12558,1255874799466444,VIP $800fem
12559,1255947990434778,VIP $800fem
12560,1256053847995704,VIP $800fem
12561,1256128800304799,VIP $800fem
12562,1256215547990112,VIP $800fem
12563,1256347997805358,VIP $800fem
12564,1256417048479903,VIP $800fem
12565,1256581046647995,VIP $800fem
12566,1256616925047996,VIP $800fem
12567,1256747996673025,VIP $800fem
12568,1256803479981882,VIP $800fem
12569,1256906547990095,VIP $800fem
12570,1257022747992824,VIP $800fem
12571,1257166247997184,VIP $800fem
12572,1257219047996947,VIP $800fem
12573,1257364799257426,VIP $800fem
12574,1257431184904799,VIP $800fem
12575,1257543664799063,VIP $800fem
12576,1257600863479923,VIP $800fem
12577,1257753479983272,VIP $800fem
12578,1257839106479929,VIP $800fem
12579,1257985908747994,VIP $800fem
12580,1258064799322415,VIP $800fem
12581,1258147747999660,VIP $800fem
12582,1258282675374799,VIP $800fem
12583,1258368369247994,VIP $800fem
12584,1258476225479948,VIP $800fem
12585,1258500019147994,VIP $800fem
12586,1258668479988639,VIP $800fem
12587,1258768655479939,VIP $800fem
12588,1258803479986928,VIP $800fem
12589,1258939915204799,VIP $800fem
12590,1259064799261051,VIP $800fem
12591,1259147995206033,VIP $800fem
12592,1259233124799779,VIP $800fem
12593,1259347998037424,VIP $800fem
12594,1259441171947997,VIP $800fem
12595,1259514799746512,VIP $800fem
12596,1259641194194799,VIP $800fem
12597,1259750282247999,VIP $800fem
12598,1259802432479973,VIP $800fem
12599,1259929974799501,VIP $800fem
12600,1260014872479941,VIP $800fem
12601,1260105847993933,VIP $800fem
12602,1260214799230415,VIP $800fem
12603,1260374664799125,VIP $800fem
12604,1260429479934391,VIP $800fem
12605,1260533147990089,VIP $800fem
12606,1260636162247997,VIP $800fem
12607,1260720437479970,VIP $800fem
12608,1260842479961174,VIP $800fem
12609,1260904799901674,VIP $800fem
12610,1261072708247995,VIP $800fem
12611,1261164799346581,VIP $800fem
12612,1261260757047996,VIP $800fem
12613,1261347990062233,VIP $800fem
12614,1261486114347994,VIP $800fem
12615,1261569747995863,VIP $800fem
12616,1261649647995781,VIP $800fem
12617,1261793047994960,VIP $800fem
12618,1261864384504799,VIP $800fem
12619,1261947990629932,VIP $800fem
12620,1262076524799056,VIP $800fem
12621,1262174150947992,VIP $800fem
12622,1262274511184799,VIP $800fem
12623,1262368479907103,VIP $800fem
12624,1262437244799216,VIP $800fem
12625,1262510144799834,VIP $800fem
12626,1262601696247993,VIP $800fem
12627,1262724187479982,VIP $800fem
12628,1262800994854799,VIP $800fem
12629,1262947999881790,VIP $800fem
12630,1263023479970300,VIP $800fem
12631,1263150547991903,VIP $800fem
12632,1263250680704799,VIP $800fem
12633,1263383558479907,VIP $800fem
12634,1263415835479966,VIP $800fem
12635,1263547994235071,VIP $800fem
12636,1263647996448205,VIP $800fem
12637,1263763045694799,VIP $800fem
12638,1263865947998524,VIP $800fem
12639,1263947997669303,VIP $800fem
12640,1264019102479995,VIP $800fem
12641,1264124799458092,VIP $800fem
12642,1264239045947991,VIP $800fem
12643,1264300321479914,VIP $800fem
12644,1264474799192557,VIP $800fem
12645,1264522967114799,VIP $800fem
12646,1264613479930892,VIP $800fem
12647,1264720447994728,VIP $800fem
12648,1264847993694296,VIP $800fem
12649,1264955479936732,VIP $800fem
12650,1265074747994742,VIP $800fem
12651,1265112133479942,VIP $800fem
12652,1265273047479946,VIP $800fem
12653,1265399785794799,VIP $800fem
12654,1265409247997546,VIP $800fem
12655,1265544383847990,VIP $800fem
12656,1265666247991113,VIP $800fem
12657,1265710479922259,VIP $800fem
12658,1265875965479920,VIP $800fem
12659,1265901479919877,VIP $800fem
12660,1266072649479912,VIP $800fem
12661,1266104854799186,VIP $800fem
12662,1266257919047999,VIP $800fem
12663,1266350454799320,VIP $800fem
12664,1266409343694799,VIP $800fem
12665,1266520479947676,VIP $800fem
12666,1266647994202188,VIP $800fem
12667,1266798449447993,VIP $800fem
12668,1266812347997579,VIP $800fem
12669,1266972389447994,VIP $800fem
12670,1267008562847993,VIP $800fem
12671,1267181150479952,VIP $800fem
12672,1267299559747998,VIP $800fem
12673,1267308354799325,VIP $800fem
12674,1267419344799628,VIP $800fem
12675,1267516494799862,VIP $800fem
12676,1267615479915760,VIP $800fem
12677,1267747992459105,VIP $800fem
12678,1267854446479920,VIP $800fem
12679,1267960536479999,VIP $800fem
12680,1268058047997271,VIP $800fem
12681,1268186947999519,VIP $800fem
12682,1268219954799594,VIP $800fem
12683,1268398374799767,VIP $800fem
12684,1268493347990706,VIP $800fem
12685,1268582647992973,VIP $800fem
12686,1268659775479945,VIP $800fem
12687,1268798904479982,VIP $800fem
12688,1268808035714799,VIP $800fem
12689,1268994799879591,VIP $800fem
12690,1269062479918997,VIP $800fem
12691,1269156479941979,VIP $800fem
12692,1269274799925910,VIP $800fem
12693,1269380479909688,VIP $800fem
12694,1269415880684799,VIP $800fem
12695,1269529796544799,VIP $800fem
12696,1269672854799010,VIP $800fem
12697,1269747994570461,VIP $800fem
12698,1269847998315061,VIP $800fem
12699,1269913837214799,VIP $800fem
12700,1270095023479915,VIP $800fem
12701,1270140823547995,VIP $800fem
12702,1270264994124799,VIP $800fem
12703,1270375925479907,VIP $800fem
12704,1270493750479921,VIP $800fem
12705,1270564799043665,VIP $800fem
12706,1270647991439226,VIP $800fem
12707,1270701963479927,VIP $800fem
12708,1270864799303443,VIP $800fem
12709,1270994447993515,VIP $800fem
12710,1271029339147990,VIP $800fem
12711,1271164799892485,Male  VIP $850
12712,1271283964799707,Male  VIP $850
12713,1271396913134799,Male  VIP $850
12714,1271467924799707,Male  VIP $850
12715,1271543910047997,Male  VIP $850
12716,1271647992742327,Male  VIP $850
12717,1271744799596382,Male  VIP $850
12718,1271823139479904,Male  VIP $850
12719,1271921924479909,Male  VIP $850
12720,1272064799461309,Male  VIP $850
12721,1272135447997748,Male  VIP $850
12722,1272274067479926,Male  VIP $850
12723,1272371034799996,Male  VIP $850
12724,1272499547991279,Male  VIP $850
12725,1272535479963996,Male  VIP $850
12726,1272697705874799,Male  VIP $850
12727,1272777234799993,Male  VIP $850
12728,1272847997921231,Male  VIP $850
12729,1272947992033263,Male  VIP $850
12730,1273059145044799,Male  VIP $850
12731,1273194799762515,Male  VIP $850
12732,1273281614799612,Male  VIP $850
12733,1273384799776772,Male  VIP $850
12734,1273445270047992,Male  VIP $850
12735,1273538090747998,Male  VIP $850
12736,1273621847990635,Male  VIP $850
12737,1273747999281820,Male  VIP $850
12738,1273833479929385,Male  VIP $850
12739,1273955728974799,Male  VIP $850
12740,1274046875847997,Male  VIP $850
12741,1274147992367931,Male  VIP $850
12742,1274218084799770,Male  VIP $850
12743,1274346621874799,Male  VIP $850
12744,1274432747990603,Male  VIP $850
12745,1274565244799022,Male  VIP $850
12746,1274644799973481,Male  VIP $850
12747,1274764799686254,Male  VIP $850
12748,1274886447999209,Male  VIP $850
12749,1274947997650606,Male  VIP $850
12750,1275010347993724,Male  VIP $850
12751,1275147991324433,Male  VIP $850
12752,1275254479913699,Male  VIP $850
12753,1275341659014799,Male  VIP $850
12754,1275400880147995,Male  VIP $850
12755,1275547996405929,Male  VIP $850
12756,1275623747991198,Male  VIP $850
12757,1275758574799320,Male  VIP $850
12758,1275883374479978,Male  VIP $850
12759,1275984147998158,Male  VIP $850
12760,1276080479933923,Male  VIP $850
12761,1276183347996980,Male  VIP $850
12762,1276248847998418,Male  VIP $850
12763,1276350622479924,Male  VIP $850
12764,1276401479906389,Male  VIP $850
12765,1276502000047995,Male  VIP $850
12766,1276649314799152,Male  VIP $850
12767,1276769479956564,Male  VIP $850
12768,1276863606047990,Male  VIP $850
12769,1276994799369091,Male  VIP $850
12770,1277085479994815,Male  VIP $850
12771,1277187904799383,Male  VIP $850
12772,1277242479945092,Male  VIP $850
12773,1277331222634799,Male  VIP $850
12774,1277414799167891,Male  VIP $850
12775,1277582718954799,Male  VIP $850
12776,1277647991529071,Male  VIP $850
12777,1277703874799746,Male  VIP $850
12778,1277845495479926,Male  VIP $850
12779,1277969004247996,Male  VIP $850
12780,1278058247991751,Male  VIP $850
12781,1278176479945947,Male  VIP $850
12782,1278247993239006,Male  VIP $850
12783,1278374963479972,Male  VIP $850
12784,1278447995841459,Male  VIP $850
12785,1278536031479989,Male  VIP $850
12786,1278659467747995,Male  VIP $850
12787,1278726379647998,Male  VIP $850
12788,1278881479977489,Male  VIP $850
12789,1278954799171669,Male  VIP $850
12790,1279004799389929,Male  VIP $850
12791,1279160424799329,Male  VIP $850
12792,1279225479939066,Male  VIP $850
12793,1279347991569512,Male  VIP $850
12794,1279451477947994,Male  VIP $850
12795,1279582014799940,Male  VIP $850
12796,1279645264147997,Male  VIP $850
12797,1279787643479943,Male  VIP $850
12798,1279868396744799,Male  VIP $850
12799,1279947996033967,Male  VIP $850
12800,1280047992936046,Male  VIP $850
12801,1280162774799277,Male  VIP $850
12802,1280247994245805,Male  VIP $850
12803,1280379347997784,Male  VIP $850
12804,1280452847998168,Male  VIP $850
12805,1280514799816410,Male  VIP $850
12806,1280648024799572,Male  VIP $850
12807,1280707479911529,Male  VIP $850
12808,1280801647993809,Male  VIP $850
12809,1280910703847997,Male  VIP $850
12810,1281065911214799,Male  VIP $850
12811,1281120656047994,Male  VIP $850
12812,1281254479999565,Male  VIP $850
12813,1281345692947993,Male  VIP $850
12814,1281467479920867,Male  VIP $850
12815,1281514984799237,Male  VIP $850
12816,1281686545479970,Male  VIP $850
12817,1281780812747994,Male  VIP $850
12818,1281832947999995,Male  VIP $850
12819,1281957098247992,Male  VIP $850
12820,1282063681347990,Male  VIP $850
12821,1282112368254799,Male  VIP $850
12822,1282247147996741,Male  VIP $850
12823,1282347991497405,Male  VIP $850
12824,1282474799421570,Male  VIP $850
12825,1282506221647991,Male  VIP $850
12826,1282677815204799,Male  VIP $850
12827,1282783715479981,Male  VIP $850
12828,1282847999320006,Male  VIP $850
12829,1282940595047997,Male  VIP $850
12830,1283014799003656,Male  VIP $850
12831,1283147993951375,Male  VIP $850
12832,1283247991996942,Male  VIP $850
12833,1283301479925370,Male  VIP $850
12834,1283422802479956,Male  VIP $850
12835,1283540241479992,Male  VIP $850
12836,1283696147997504,Male  VIP $850
12837,1283763314799673,Male  VIP $850
12838,1283899226247995,Male  VIP $850
12839,1283991811647998,Male  VIP $850
12840,1284022924799198,Male  VIP $850
12841,1284195479904933,Male  VIP $850
12842,1284298281984799,Male  VIP $850
12843,1284347995050798,Male  VIP $850
12844,1284447997431949,Male  VIP $850
12845,1284583244799465,Male  VIP $850
12846,1284616847997070,Male  VIP $850
12847,1284713211479908,Male  VIP $850
12848,1284847992742252,Male  VIP $850
12849,1284947991390374,Male  VIP $850
12850,1285020275747997,Male  VIP $850
12851,1285147995792693,Male  VIP $850
12852,1285254799935352,Male  VIP $850
12853,1285347994220096,Male  VIP $850
12854,1285405294799024,Male  VIP $850
12855,1285538825479907,Male  VIP $850
12856,1285657885479954,Male  VIP $850
12857,1285776157154799,Male  VIP $850
12858,1285828018247996,Male  VIP $850
12859,1285952811384799,Male  VIP $850
12860,1286047997510165,Male  VIP $850
12861,1286174799373777,Male  VIP $850
12862,1286274799662009,Male  VIP $850
12863,1286377479998608,Male  VIP $850
12864,1286412223147999,Male  VIP $850
12865,1286514799894388,Male  VIP $850
12866,1286626010784799,Male  VIP $850
12867,1286747997932425,Male  VIP $850
12868,1286847995411502,Male  VIP $850
12869,1286978479995852,Male  VIP $850
12870,1287064271479948,Male  VIP $850
12871,1287144917479923,Male  VIP $850
12872,1287257974799858,Male  VIP $850
12873,1287340674054799,Male  VIP $850
12874,1287456306479925,Male  VIP $850
12875,1287569754799808,Male  VIP $850
12876,1287618647999784,Male  VIP $850
12877,1287790085479943,Male  VIP $850
12878,1287880479938653,Male  VIP $850
12879,1287947999183985,Male  VIP $850
12880,1288094799325304,Male  VIP $850
12881,1288105383479990,Male  VIP $850
12882,1288247993131629,Male  VIP $850
12883,1288326244799489,Male  VIP $850
12884,1288479479986034,Male  VIP $850
12885,1288551447995173,Male  VIP $850
12886,1288686479927878,Male  VIP $850
12887,1288720076479916,Male  VIP $850
12888,1288847994330090,Male  VIP $850
12889,1288915479949295,Male  VIP $850
12890,1289093147995594,Male  VIP $850
12891,1289181214799600,Male  VIP $850
12892,1289271866854799,Male  VIP $850
12893,1289364288634799,Male  VIP $850
12894,1289456069134799,Male  VIP $850
12895,1289584769447998,Male  VIP $850
12896,1289640479943147,Male  VIP $850
12897,1289794047992312,Male  VIP $850
12898,1289847995407351,Male  VIP $850
12899,1289987797479974,Male  VIP $850
12900,1290036104799860,Male  VIP $850
12901,1290162479980947,Male  VIP $850
12902,1290252147997112,Male  VIP $850
12903,1290376212947994,Male  VIP $850
12904,1290414799587079,Male  VIP $850
12905,1290547996351983,Male  VIP $850
12906,1290634799837523,Male  VIP $850
12907,1290737479920824,Male  VIP $850
12908,1290865714799980,Male  VIP $850
12909,1290976336474799,Male  VIP $850
12910,1291087758984799,Male  VIP $850
12911,1291138767479987,Male  VIP $850
12912,1291247997284818,Male  VIP $850
12913,1291375147997332,Male  VIP $850
12914,1291447997629242,Male  VIP $850
12915,1291564847997281,Male  VIP $850
12916,1291614799313188,Male  VIP $850
12917,1291747992900275,Male  VIP $850
12918,1291872000724799,Male  VIP $850
12919,1291992536494799,Male  VIP $850
12920,1292047996467996,Male  VIP $850
12921,1292123037814799,Male  VIP $850
12922,1292281056224799,Male  VIP $850
12923,1292398947992178,Male  VIP $850
12924,1292491447996677,Male  VIP $850
12925,1292534139647994,Male  VIP $850
12926,1292661347995298,Male  VIP $850
12927,1292761844799203,Male  VIP $850
12928,1292881494799436,Male  VIP $850
12929,1292949413547992,Male  VIP $850
12930,1293096881944799,Male  VIP $850
12931,1293165579479929,Male  VIP $850
12932,1293221847947999,Male  VIP $850
12933,1293324054799057,Male  VIP $850
12934,1293465836547997,Male  VIP $850
12935,1293547997791771,Male  VIP $850
12936,1293688516479950,Male  VIP $850
12937,1293766479985477,Male  VIP $850
12938,1293833147999981,Male  VIP $850
12939,1293974479916765,Male  VIP $850
12940,1294047794799656,Male  VIP $850
12941,1294130847998756,Male  VIP $850
12942,1294298479986303,Male  VIP $850
12943,1294353094799496,Male  VIP $850
12944,1294486278479992,Male  VIP $850
12945,1294505164799280,Male  VIP $850
12946,1294625032147996,Male  VIP $850
12947,1294770804799909,Male  VIP $850
12948,1294871246947992,Male  VIP $850
12949,1294966853834799,Male  VIP $850
12950,1295094799168757,Male  VIP $850
12951,1295122447998589,Male  VIP $850
12952,1295298792624799,Male  VIP $850
12953,1295390971824799,Male  VIP $850
12954,1295447999470211,Male  VIP $850
12955,1295575926479973,Male  VIP $850
12956,1295634720247998,Male  VIP $850
12957,1295747996438082,Male  VIP $850
12958,1295888390479933,Male  VIP $850
12959,1295916323479974,Male  VIP $850
12960,1296057304799195,Male  VIP $850
12961,1296163204799207,Male  VIP $850
12962,1296262544799308,Male  VIP $850
12963,1296301651004799,Male  VIP $850
12964,1296441439847998,Male  VIP $850
12965,1296547995550074,Male  VIP $850
12966,1296647998133563,Male  VIP $850
12967,1296747021479974,Male  VIP $850
12968,1296884117024799,Male  VIP $850
12969,1296927398847997,Male  VIP $850
12970,1297053774799711,Male  VIP $850
12971,1297190314799712,Male  VIP $850
12972,1297244799353783,Male  VIP $850
12973,1297354479974771,Male  VIP $850
12974,1297433834799378,Male  VIP $850
12975,1297538620247990,Male  VIP $850
12976,1297604799356337,Male  VIP $850
12977,1297713651434799,Male  VIP $850
12978,1297898479951661,Male  VIP $850
12979,1297956135247992,Male  VIP $850
12980,1298054799221667,Male  VIP $850
12981,1298147998201318,Male  VIP $850
12982,1298235479901983,Male  VIP $850
12983,1298324799164445,Male  VIP $850
12984,1298456774799190,Male  VIP $850
12985,1298547994611490,Male  VIP $850
12986,1298620203714799,Male  VIP $850
12987,1298747992033073,Male  VIP $850
12988,1298892929447991,Male  VIP $850
12989,1298972947994915,Male  VIP $850
12990,1299030293479939,Male  VIP $850
12991,1299130105514799,Male  VIP $850
12992,1299246947996316,Male  VIP $850
12993,1299356394799078,Male  VIP $850
12994,1299442050834799,Male  VIP $850
12995,1299526147993286,Male  VIP $850
12996,1299684887479938,Male  VIP $850
12997,1299756460047996,Male  VIP $850
12998,1299847993279839,Male  VIP $850
12999,1299985334799582,Male  VIP $850
13000,1300004563254799,Male  VIP $850
13001,1300157231479912,Male  VIP $850
13002,1300296247990001,Male  VIP $850
13003,1300347997587575,Male  VIP $850
13004,1300462113479982,Male  VIP $850
13005,1300546947999702,Male  VIP $850
13006,1300681647995805,Male  VIP $850
13007,1300791479965769,Male  VIP $850
13008,1300854479960232,Male  VIP $850
13009,1300981344799912,Male  VIP $850
13010,1301095054799566,Male  VIP $850
13011,1301100747996271,Male  VIP $850
13012,1301258479903103,Male  VIP $850
13013,1301367647996258,Male  VIP $850
13014,1301494799239480,Male  VIP $850
13015,1301504799919316,Male  VIP $850
13016,1301629503984799,Male  VIP $850
13017,1301760754799823,Male  VIP $850
13018,1301870658479991,Male  VIP $850
13019,1301944933479908,Male  VIP $850
13020,1302063982479915,Male  VIP $850
13021,1302154799979954,Male  VIP $850
13022,1302296934799006,Male  VIP $850
13023,1302322284799654,Male  VIP $850
13024,1302449489074799,Male  VIP $850
13025,1302518788647996,Male  VIP $850
13026,1302647994642119,Male  VIP $850
13027,1302714799092388,Male  VIP $850
13028,1302844799208950,Male  VIP $850
13029,1302925619534799,Male  VIP $850
13030,1303006907647996,Male  VIP $850
13031,1303183038147996,Male  VIP $850
13032,1303239773479909,Male  VIP $850
13033,1303366574479943,Male  VIP $850
13034,1303453578524799,Male  VIP $850
13035,1303539734534799,Male  VIP $850
13036,1303606544404799,Male  VIP $850
13037,1303708446647999,Male  VIP $850
13038,1303847996422702,Male  VIP $850
13039,1303923882154799,Male  VIP $850
13040,1304020479959609,Male  VIP $850
13041,1304137447993707,Male  VIP $850
13042,1304205244799932,Male  VIP $850
13043,1304334479969726,Male  VIP $850
13044,1304464799771009,Male  VIP $850
13045,1304524799041103,Male  VIP $850
13046,1304673425547997,Male  VIP $850
13047,1304746047995193,Male  VIP $850
13048,1304847992518158,Male  VIP $850
13049,1304954799469072,Male  VIP $850
13050,1305044799586883,Male  VIP $850
13051,1305138046479930,Male  VIP $850
13052,1305269479989069,Male  VIP $850
13053,1305304799495818,Male  VIP $850
13054,1305447998653134,Male  VIP $850
13055,1305584647996662,Male  VIP $850
13056,1305676479974058,Male  VIP $850
13057,1305749479948658,Male  VIP $850
13058,1305847997353716,Male  VIP $850
13059,1305964799300496,Male  VIP $850
13060,1306023147992542,Male  VIP $850
13061,1306164799317817,Male  VIP $850
13062,1306294479996964,Male  VIP $850
13063,1306364799904156,Male  VIP $850
13064,1306494799772744,Male  VIP $850
13065,1306547993401790,Male  VIP $850
13066,1306634479960974,Male  VIP $850
13067,1306751891484799,Male  VIP $850
13068,1306863839604799,Male  VIP $850
13069,1306938347990522,Male  VIP $850
13070,1307051754799170,Male  VIP $850
13071,1307115428864799,Male  VIP $850
13072,1307247990923446,Male  VIP $850
13073,1307352824799518,Male  VIP $850
13074,1307440347999769,Male  VIP $850
13075,1307526947993297,Male  VIP $850
13076,1307600134774799,Male  VIP $850
13077,1307747994367075,Male  VIP $850
13078,1307874799831086,Male  VIP $850
13079,1307947995211996,Male  VIP $850
13080,1308047994551277,Male  VIP $850
13081,1308114799684327,Male  VIP $850
13082,1308233847991235,Male  VIP $850
13083,1308390359874799,Male  VIP $850
13084,1308488452479964,Male  VIP $850
13085,1308519447991689,Male  VIP $850
13086,1308689947998722,Male  VIP $850
13087,1308715454799697,Male  VIP $850
13088,1308827947996661,Male  VIP $850
13089,1308944799857377,Male  VIP $850
13090,1309015508479983,Male  VIP $850
13091,1309194447999420,Male  VIP $850
13092,1309228924799684,Male  VIP $850
13093,1309370036847996,Male  VIP $850
13094,1309406774799623,Male  VIP $850
13095,1309515463024799,Male  VIP $850
13096,1309679634799649,Male  VIP $850
13097,1309781969479962,Male  VIP $850
13098,1309839547998656,Male  VIP $850
13099,1309953479935958,Male  VIP $850
13100,1310044879479950,Male  VIP $850
13101,1310147479946300,Male  VIP $850
13102,1310271029947999,Male  VIP $850
13103,1310384799546273,Male  VIP $850
13104,1310412834799634,Male  VIP $850
13105,1310547993652235,Male  VIP $850
13106,1310698280674799,Male  VIP $850
13107,1310787577844799,Male  VIP $850
13108,1310868447990295,Male  VIP $850
13109,1310944479913852,Male  VIP $850
13110,1311097479915975,Male  VIP $850
13111,1311147776047994,VVIIP $1300F
13112,1311289899479968,VVIIP $1300F
13113,1311348447998507,VVIIP $1300F
13114,1311445747992148,VVIIP $1300F
13115,1311520479907140,VVIIP $1300F
13116,1311621079347990,VVIIP $1300F
13117,1311703364754799,VVIIP $1300F
13118,1311817184799882,VVIIP $1300F
13119,1311914546374799,VVIIP $1300F
13120,1312092479993644,VVIIP $1300F
13121,1312114799797092,VVIIP $1300F
13122,1312284799032311,VVIIP $1300F
13123,1312395173694799,VVIIP $1300F
13124,1312448647997208,VVIIP $1300F
13125,1312556194799472,VVIIP $1300F
13126,1312642444799842,VVIIP $1300F
13127,1312739075747993,VVIIP $1300F
13128,1312864384799015,VVIIP $1300F
13129,1312997214799041,VVIIP $1300F
13130,1313058479932700,VVIIP $1300F
13131,1313113216744799,VVIIP $1300F
13132,1313244799985312,VVIIP $1300F
13133,1313316047992194,VVIIP $1300F
13134,1313406152847999,VVIIP $1300F
13135,1313524697479966,VVIIP $1300F
13136,1313648274947993,VVIIP $1300F
13137,1313799628479967,VVIIP $1300F
13138,1313871479993726,VVIIP $1300F
13139,1313927414799186,VVIIP $1300F
13140,1314049634799594,VVIIP $1300F
13141,1314115096547995,VVIIP $1300F
13142,1314230479964335,VVIIP $1300F
13143,1314391542294799,VVIIP $1300F
13144,1314434799692910,VVIIP $1300F
13145,1314548336834799,VVIIP $1300F
13146,1314674799048422,VVIIP $1300F
13147,1314747992008329,VVIIP $1300F
13148,1314888330747996,VVIIP $1300F
13149,1314965532747997,VVIIP $1300F
13150,1315058147993302,VVIIP $1300F
13151,1315193934799582,VVIIP $1300F
13152,1315271750894799,VVIIP $1300F
13153,1315364674799632,VVIIP $1300F
13154,1315470479909200,VVIIP $1300F
13155,1315564262247994,VVIIP $1300F
13156,1315647998128272,VVIIP $1300F
13157,1315701752479983,VVIIP $1300F
13158,1315892947995432,VVIIP $1300F
13159,1315947992208760,VVIIP $1300F
13160,1316084847999852,VVIIP $1300F
13161,1316181751479935,VVIIP $1300F
13162,1316247999190314,VVIIP $1300F
13163,1316352382047995,VVIIP $1300F
13164,1316468594799124,VVIIP $1300F
13165,1316553888047994,VVIIP $1300F
13166,1316664134799040,VVIIP $1300F
13167,1316722234799185,VVIIP $1300F
13168,1316899475247992,VVIIP $1300F
13169,1316921924479905,VVIIP $1300F
13170,1317077547992855,VVIIP $1300F
13171,1317126654799594,VVIIP $1300F
13172,1317254514799253,VVIIP $1300F
13173,1317344247995364,VVIIP $1300F
13174,1317497182554799,VVIIP $1300F
13175,1317523479970969,VVIIP $1300F
13176,1317618479980522,VVIIP $1300F
13177,1317717587479985,VVIIP $1300F
13178,1317820992479966,VVIIP $1300F
13179,1317947999930413,VVIIP $1300F
13180,1318069447995674,VVIIP $1300F
13181,1318197099847995,VVIIP $1300F
13182,1318247992303393,VVIIP $1300F
13183,1318330624799454,VVIIP $1300F
13184,1318484479932994,VVIIP $1300F
13185,1318574799167288,VVIIP $1300F
13186,1318673479942660,VVIIP $1300F
13187,1318703651947996,VVIIP $1300F
13188,1318848547993617,VVIIP $1300F
13189,1318947992451909,VVIIP $1300F
13190,1319066225944799,VVIIP $1300F
13191,1319184404799853,VVIIP $1300F
13192,1319228150404799,VVIIP $1300F
13193,1319347993561245,VVIIP $1300F
13194,1319458347994389,VVIIP $1300F
13195,1319561848534799,VVIIP $1300F
13196,1319601194799506,VVIIP $1300F
13197,1319779044799520,VVIIP $1300F
13198,1319847993696261,VVIIP $1300F
13199,1319908174799409,VVIIP $1300F
13200,1320064524799113,VVIIP $1300F
13201,1320122620794799,VVIIP $1300F
13202,1320284799797545,VVIIP $1300F
13203,1320394298479928,VVIIP $1300F
13204,1320473479934474,VVIIP $1300F
13205,1320552747992089,VVIIP $1300F
13206,1320688347997547,VVIIP $1300F
13207,1320715174247995,VVIIP $1300F
13208,1320814479964505,VVIIP $1300F
13209,1320955037947993,VVIIP $1300F
13210,1321047999425461,VVIIP $1300F
13211,1321147047991524,VVIIP $1300F
13212,1321274417324799,VVIIP $1300F
13213,1321394799785618,VVIIP $1300F
13214,1321413747999744,VVIIP $1300F
13215,1321546712479931,VVIIP $1300F
13216,1321610854799369,VVIIP $1300F
13217,1321756077504799,VVIIP $1300F
13218,1321847990079480,VVIIP $1300F
13219,1321914799045972,VVIIP $1300F
13220,1322028744799523,VVIIP $1300F
13221,1322127775479932,VVIIP $1300F
13222,1322253479934005,VVIIP $1300F
13223,1322315479902862,VVIIP $1300F
13224,1322486479937818,VVIIP $1300F
13225,1322567862647991,VVIIP $1300F
13226,1322639624799724,VVIIP $1300F
13227,1322738479971316,VVIIP $1300F
13228,1322868547993250,VVIIP $1300F
13229,1322953514799161,VVIIP $1300F
13230,1323032479954843,VVIIP $1300F
13231,1323154427404799,VVIIP $1300F
13232,1323247994232264,VVIIP $1300F
13233,1323382747992549,VVIIP $1300F
13234,1323422175947996,VVIIP $1300F
13235,1323544799113168,VVIIP $1300F
13236,1323615920547995,VVIIP $1300F
13237,1323739586247999,VVIIP $1300F
13238,1323882422479999,VVIIP $1300F
13239,1323985040479996,VVIIP $1300F
13240,1324047993323959,VVIIP $1300F
13241,1324147996298727,VVIIP $1300F
13242,1324247998246138,VVIIP $1300F
13243,1324353935404799,VVIIP $1300F
13244,1324447999323261,VVIIP $1300F
13245,1324567022479958,VVIIP $1300F
13246,1324616204799567,VVIIP $1300F
13247,1324734799210935,VVIIP $1300F
13248,1324861147992106,VVIIP $1300F
13249,1324947991077237,VVIIP $1300F
13250,1325051924799772,VVIIP $1300F
13251,1325197446747995,VVIIP $1300F
13252,1325223847999980,VVIIP $1300F
13253,1325388241479970,VVIIP $1300F
13254,1325465347991088,VVIIP $1300F
13255,1325515479903897,VVIIP $1300F
13256,1325667347993937,VVIIP $1300F
13257,1325759312479992,VVIIP $1300F
13258,1325843764799621,VVIIP $1300F
13259,1325947998488895,VVIIP $1300F
13260,1326047994973564,VVIIP $1300F
13261,1326117387479918,VVIIP $1300F
13262,1326252479997996,VVIIP $1300F
13263,1326379947996996,VVIIP $1300F
13264,1326455147997886,VVIIP $1300F
13265,1326524799012934,VVIIP $1300F
13266,1326680479912118,VVIIP $1300F
13267,1326757374134799,VVIIP $1300F
13268,1326874799235107,VVIIP $1300F
13269,1326975479965285,VVIIP $1300F
13270,1327001314479902,VVIIP $1300F
13271,1327115115744799,VVIIP $1300F
13272,1327277674799863,VVIIP $1300F
13273,1327348147479976,VVIIP $1300F
13274,1327493433744799,VVIIP $1300F
13275,1327539355479972,VVIIP $1300F
13276,1327647993690150,VVIIP $1300F
13277,1327705584799713,VVIIP $1300F
13278,1327843664799940,VVIIP $1300F
13279,1327986807447993,VVIIP $1300F
13280,1328034799525303,VVIIP $1300F
13281,1328133747998630,VVIIP $1300F
13282,1328216895247994,VVIIP $1300F
13283,1328342833479983,VVIIP $1300F
13284,1328447994260727,VVIIP $1300F
13285,1328519017347994,VVIIP $1300F
13286,1328690479913531,VVIIP $1300F
13287,1328784364799837,VVIIP $1300F
13288,1328862479915527,VVIIP $1300F
13289,1328929271494799,VVIIP $1300F
13290,1329062479965088,VVIIP $1300F
13291,1329109353804799,VVIIP $1300F
13292,1329243479987139,VVIIP $1300F
13293,1329334799044271,VVIIP $1300F
13294,1329494799625509,VVIIP $1300F
13295,1329562479981168,VVIIP $1300F
13296,1329681674799768,VVIIP $1300F
13297,1329734799873336,VVIIP $1300F
13298,1329851047993190,VVIIP $1300F
13299,1329942926854799,VVIIP $1300F
13300,1330054799364720,VVIIP $1300F
13301,1330147999012747,VVIIP $1300F
13302,1330243047996186,VVIIP $1300F
13303,1330323479968967,VVIIP $1300F
13304,1330434962347999,VVIIP $1300F
13305,1330592647999621,VVIIP $1300F
13306,1330639244799972,VVIIP $1300F
13307,1330783974247990,VVIIP $1300F
13308,1330892435047991,VVIIP $1300F
13309,1330912353479984,VVIIP $1300F
13310,1331094479987684,VVIIP $1300F
13311,1331109993647998,VVIP $1400m
13312,1331223234799061,VVIP $1400m
13313,1331324799518040,VVIP $1400m
13314,1331405627374799,VVIP $1400m
13315,1331566630147998,VVIP $1400m
13316,1331694364799015,VVIP $1400m
13317,1331714799818214,VVIP $1400m
13318,1331850803464799,VVIP $1400m
13319,1331947993298783,VVIP $1400m
13320,1332047998281688,VVIP $1400m
13321,1332168479942002,VVIP $1400m
13322,1332204398147996,VVIP $1400m
13323,1332394799212781,VVIP $1400m
13324,1332472747997375,VVIP $1400m
13325,1332531917504799,VVIP $1400m
13326,1332644395847994,VVIP $1400m
13327,1332725047996345,VVIP $1400m
13328,1332832479903202,VVIP $1400m
13329,1332914847994753,VVIP $1400m
13330,1333057479978543,VVIP $1400m
13331,1333194799587772,VVIP $1400m
13332,1333247995777703,VVIP $1400m
13333,1333384799499225,VVIP $1400m
13334,1333400562204799,VVIP $1400m
13335,1333500453764799,VVIP $1400m
13336,1333615900754799,VVIP $1400m
13337,1333716554799492,VVIP $1400m
13338,1333888919304799,VVIP $1400m
13339,1333914799690383,VVIP $1400m
13340,1334073479970422,VVIP $1400m
13341,1334147999842771,VVIP $1400m
13342,1334258839479999,VVIP $1400m
13343,1334347990039009,VVIP $1400m
13344,1334436962947990,VVIP $1400m
13345,1334547999689464,VVIP $1400m
13346,1334618204479910,VVIP $1400m
13347,1334754799963658,VVIP $1400m
13348,1334851877479974,VVIP $1400m
13349,1334997657904799,VVIP $1400m
13350,1335023479923710,VVIP $1400m
13351,1335148906554799,VVIP $1400m
13352,1335225347993290,VVIP $1400m
13353,1335347996698881,VVIP $1400m
13354,1335447996099115,VVIP $1400m
13355,1335545201479907,VVIP $1400m
13356,1335614447992972,VVIP $1400m
13357,1335792782454799,VVIP $1400m
13358,1335847992628929,VVIP $1400m
13359,1335956604447999,VVIP $1400m
13360,1336006131164799,VVIP $1400m
13361,1336160150854799,VVIP $1400m
13362,1336247997729457,VVIP $1400m
13363,1336328028479965,VVIP $1400m
13364,1336476664799148,VVIP $1400m
13365,1336546164799628,VVIP $1400m
13366,1336694799091826,VVIP $1400m
13367,1336746536014799,VVIP $1400m
13368,1336811802479972,VVIP $1400m
13369,1336909712894799,VVIP $1400m
13370,1337047995143450,VVIP $1400m
13371,1337109221479963,VVIP $1400m
13372,1337277834799714,VVIP $1400m
13373,1337343992479963,VVIP $1400m
13374,1337447646644799,VVIP $1400m
13375,1337561094799555,VVIP $1400m
13376,1337662648847990,VVIP $1400m
13377,1337724799680705,VVIP $1400m
13378,1337845479963555,VVIP $1400m
13379,1337911032047993,VVIP $1400m
13380,1338031149479904,VVIP $1400m
13381,1338134421014799,VVIP $1400m
13382,1338210504799556,VVIP $1400m
13383,1338324234334799,VVIP $1400m
13384,1338482604799182,VVIP $1400m
13385,1338547994384676,VVIP $1400m
13386,1338647995033874,VVIP $1400m
13387,1338777747997449,VVIP $1400m
13388,1338847997192939,VVIP $1400m
13389,1338931479996645,VVIP $1400m
13390,1339024799202825,VVIP $1400m
13391,1339146547996458,VVIP $1400m
13392,1339294479929491,VVIP $1400m
13393,1339384863247994,VVIP $1400m
13394,1339411647995722,VVIP $1400m
13395,1339529574799973,VVIP $1400m
13396,1339628400534799,VVIP $1400m
13397,1339747997863038,VVIP $1400m
13398,1339894479911892,VVIP $1400m
13399,1339964799100942,VVIP $1400m
13400,1340030479964930,VVIP $1400m
13401,1340170274799072,VVIP $1400m
13402,1340258704504799,VVIP $1400m
13403,1340360854799958,VVIP $1400m
13404,1340405705479957,VVIP $1400m
13405,1340567775479981,VVIP $1400m
13406,1340650317004799,VVIP $1400m
13407,1340701479909127,VVIP $1400m
13408,1340812084799930,VVIP $1400m
13409,1340934119479952,VVIP $1400m
13410,1341095921479960,VVIP $1400m
13411,1341142737747995,VVIP $1400m
13412,1341236347995594,VVIP $1400m
13413,1341347994059418,VVIP $1400m
13414,1341431747993753,VVIP $1400m
13415,1341578479985226,VVIP $1400m
13416,1341663724799625,VVIP $1400m
13417,1341799479990486,VVIP $1400m
13418,1341855530947995,VVIP $1400m
13419,1341977547995687,VVIP $1400m
13420,1342051347997468,VVIP $1400m
13421,1342140330647991,VVIP $1400m
13422,1342247994151291,VVIP $1400m
13423,1342315479971473,VVIP $1400m
13424,1342406047990227,VVIP $1400m
13425,1342577875884799,VVIP $1400m
13426,1342678755479968,VVIP $1400m
13427,1342789424799908,VVIP $1400m
13428,1342847998499429,VVIP $1400m
13429,1342969414534799,VVIP $1400m
13430,1343047991226339,VVIP $1400m
13431,1343155884799298,VVIP $1400m
13432,1343273144799168,VVIP $1400m
13433,1343301047993790,VVIP $1400m
13434,1343469824799800,VVIP $1400m
13435,1343500786479958,VVIP $1400m
13436,1343648547993771,VVIP $1400m
13437,1343750849047995,VVIP $1400m
13438,1343886823479998,VVIP $1400m
13439,1343900447990605,VVIP $1400m
13440,1344047998636451,VVIP $1400m
13441,1344102847992124,VVIP $1400m
13442,1344250051479936,VVIP $1400m
13443,1344341742624799,VVIP $1400m
13444,1344464326464799,VVIP $1400m
13445,1344535074799841,VVIP $1400m
13446,1344664799661420,VVIP $1400m
13447,1344792889364799,VVIP $1400m
13448,1344868479979539,VVIP $1400m
13449,1344904460034799,VVIP $1400m
13450,1345073479968786,VVIP $1400m
13451,1345147639479941,VVIP $1400m
13452,1345265583479967,VVIP $1400m
13453,1345317113479903,VVIP $1400m
13454,1345485950479929,VVIP $1400m
13455,1345563264799413,VVIP $1400m
13456,1345632747996524,VVIP $1400m
13457,1345734799918758,VVIP $1400m
13458,1345850728479964,VVIP $1400m
13459,1345928688484799,VVIP $1400m
13460,1346064432554799,VVIP $1400m
13461,1346147993858694,VVIP $1400m
13462,1346264072479926,VVIP $1400m
13463,1346318479996450,VVIP $1400m
13464,1346430597479958,VVIP $1400m
13465,1346500204479914,VVIP $1400m
13466,1346647999480622,VVIP $1400m
13467,1346704799900375,VVIP $1400m
13468,1346847990411345,VVIP $1400m
13469,1346911479932245,VVIP $1400m
13470,1347034799719365,VVIP $1400m
13471,1347187100479998,VVIP $1400m
13472,1347274347990443,VVIP $1400m
13473,1347359479984302,VVIP $1400m
13474,1347448944799662,VVIP $1400m
13475,1347510147994755,VVIP $1400m
13476,1347604799614158,VVIP $1400m
13477,1347789847994090,VVIP $1400m
13478,1347815446479958,VVIP $1400m
13479,1347994116547991,VVIP $1400m
13480,1348087528147994,VVIP $1400m
13481,1348198337479935,VVIP $1400m
13482,1348224587479938,VVIP $1400m
13483,1348384799501021,VVIP $1400m
13484,1348483534799716,VVIP $1400m
13485,1348563385479941,VVIP $1400m
13486,1348644799224317,VVIP $1400m
13487,1348770123604799,VVIP $1400m
13488,1348847998227291,VVIP $1400m
13489,1348960808447994,VVIP $1400m
13490,1349055647993531,VVIP $1400m
13491,1349136134799794,VVIP $1400m
13492,1349279634799453,VVIP $1400m
13493,1349376947996940,VVIP $1400m
13494,1349447992072695,VVIP $1400m
13495,1349540479934538,VVIP $1400m
13496,1349610794799818,VVIP $1400m
13497,1349747998876054,VVIP $1400m
13498,1349854799362004,VVIP $1400m
13499,1349986640047998,VVIP $1400m
13500,1350094479964580,VVIP $1400m
13501,1350152104014799,VVIP $1400m
13502,1350201214799894,VVIP $1400m
13503,1350324479911408,VVIP $1400m
13504,1350486347999886,VVIP $1400m
13505,1350564154799496,VVIP $1400m
13506,1350654799178560,VVIP $1400m
13507,1350764799885064,VVIP $1400m
13508,1350864799281131,VVIP $1400m
13509,1350911947992355,VVIP $1400m
13510,1351098022447997,VVIP $1400m
13511,1351155742924799,TABLE Parki
13512,1351247992010659,TABLE Parki
13513,1351350403847992,TABLE Parki
13514,1351480233479941,TABLE Parki
13515,1351592892164799,TABLE Parki
13516,1351625479944647,TABLE Parki
13517,1351747998876714,TABLE Parki
13518,1351823479929076,TABLE Parki
13519,1351956372479932,TABLE Parki
13520,1352065544799329,TABLE Parki
13521,1352160819479946,TABLE Parki
13522,1352264296694799,TABLE Parki
13523,1352303047999666,TABLE Parki
13524,1352496671114799,TABLE Parki
13525,1352584799474113,TABLE Parki
13526,1352614799023414,TABLE Parki
13527,1352730126479932,TABLE Parki
13528,1352814799574339,TABLE Parki
13529,1352925536147990,TABLE Parki
13530,1353024799620757,TABLE Parki
13531,1353123676479956,TABLE Parki
13532,1353298947993086,TABLE Parki
13533,1353351286724799,TABLE Parki
13534,1353499284799884,TABLE Parki
13535,1353547994952733,TABLE Parki
13536,1353611479903700,TABLE Parki
13537,1353754799887405,TABLE Parki
13538,1353887379479928,TABLE Parki
13539,1353974799485499,TABLE Parki
13540,1354052235844799,TABLE Parki
13541,1354103404479925,TABLE Parki
13542,1354285463047997,TABLE Parki
13543,1354385479968848,TABLE Parki
13544,1354447998662855,TABLE Parki
13545,1354547998296846,TABLE Parki
13546,1354670734799324,TABLE Parki
13547,1354747997997217,TABLE Parki
13548,1354891009247998,TABLE Parki
13549,1354962549479984,TABLE Parki
13550,1355029479918206,TABLE Parki
13551,1355101830479910,TABLE Parki
13552,1355253759479918,TABLE Parki
13553,1355339130647994,TABLE Parki
13554,1355408479971258,TABLE Parki
13555,1355559254799443,TABLE Parki
13556,1355644799857340,TABLE Parki
13557,1355747996082381,TABLE Parki
13558,1355847991369704,TABLE Parki
13559,1355904799021741,TABLE Parki
13560,1356034644799310,TABLE Parki
13561,1356137074799339,Fem$400gen
13562,1356247995138677,Fem$400gen
13563,1356324799862300,Fem$400gen
13564,1356461600247991,Fem$400gen
13565,1356524799076752,Fem$400gen
13566,1356629257744799,Fem$400gen
13567,1356751479916058,Fem$400gen
13568,1356889254479949,Fem$400gen
13569,1356909074799876,Fem$400gen
13570,1357016940744799,Fem$400gen
13571,1357157479971325,Fem$400gen
13572,1357230574479921,Fem$400gen
13573,1357347992070634,Fem$400gen
13574,1357460932947990,Fem$400gen
13575,1357546093447990,Fem$400gen
13576,1357647995004988,Fem$400gen
13577,1357703447996047,Fem$400gen
13578,1357807934624799,Fem$400gen
13579,1357984479950726,Fem$400gen
13580,1358099347998773,Fem$400gen
13581,1358147990484837,Fem$400gen
13582,1358276753147993,Fem$400gen
13583,1358300147993614,Fem$400gen
13584,1358493247998807,Fem$400gen
13585,1358561547995944,Fem$400gen
13586,1358647992589073,Fem$400gen
13587,1358751394799836,Fem$400gen
13588,1358881254799101,Fem$400gen
13589,1358903479929402,Fem$400gen
13590,1359094799105384,Fem$400gen
13591,1359165947999204,Fem$400gen
13592,1359210479919418,Fem$400gen
13593,1359397570204799,Fem$400gen
13594,1359422832479949,Fem$400gen
13595,1359570479942869,Fem$400gen
13596,1359624799851848,Fem$400gen
13597,1359747994118751,Fem$400gen
13598,1359847994793507,Fem$400gen
13599,1359947994450432,Fem$400gen
13600,1360043110347993,Fem$400gen
13601,1360124799264407,Fem$400gen
13602,1360247990217182,Fem$400gen
13603,1360385829554799,Fem$400gen
13604,1360433490479915,Fem$400gen
13605,1360559750479918,Fem$400gen
13606,1360657840144799,Fem$400gen
13607,1360760184799330,Fem$400gen
13608,1360814799625705,Fem$400gen
13609,1360989479910507,Fem$400gen
13610,1361017479995025,Fem$400gen
13611,1361107047999518,Fem$400gen
13612,1361247994920045,Fem$400gen
13613,1361340447990604,Fem$400gen
13614,1361432901447997,Fem$400gen
13615,1361554799526321,Fem$400gen
13616,1361640959447996,Fem$400gen
13617,1361790363479943,Fem$400gen
13618,1361859592947991,Fem$400gen
13619,1361954799028780,Fem$400gen
13620,1362078181547991,Fem$400gen
13621,1362157447997653,Fem$400gen
13622,1362247992642109,Fem$400gen
13623,1362344799187527,Fem$400gen
13624,1362469327847990,Fem$400gen
13625,1362579447995367,Fem$400gen
13626,1362671218147992,Fem$400gen
13627,1362755614799874,Fem$400gen
13628,1362854799236665,Fem$400gen
13629,1362947990399397,Fem$400gen
13630,1363042652324799,Fem$400gen
13631,1363140223647991,Fem$400gen
13632,1363284847999538,Fem$400gen
13633,1363367696734799,Fem$400gen
13634,1363475244799200,Fem$400gen
13635,1363545404799021,Fem$400gen
13636,1363604799424500,Fem$400gen
13637,1363719247997038,Fem$400gen
13638,1363811794799849,Fem$400gen
13639,1363907747995976,Fem$400gen
13640,1364047995940523,Fem$400gen
13641,1364187479922502,Fem$400gen
13642,1364295479970799,Fem$400gen
13643,1364343977479946,Fem$400gen
13644,1364466479906308,Fem$400gen
13645,1364519449184799,Fem$400gen
13646,1364665479998962,Fem$400gen
13647,1364747992268573,Fem$400gen
13648,1364875659847997,Fem$400gen
13649,1364942552884799,Fem$400gen
13650,1365064799102300,Fem$400gen
13651,1365147997146070,Fem$400gen
13652,1365232852947992,Fem$400gen
13653,1365324043547991,Fem$400gen
13654,1365429747994935,Fem$400gen
13655,1365547994803486,Fem$400gen
13656,1365685580444799,Fem$400gen
13657,1365793710414799,Fem$400gen
13658,1365897435479977,Fem$400gen
13659,1365961183247995,Fem$400gen
13660,1366063134479974,Fem$400gen
13661,1366184799717479,Fem$400gen
13662,1366214799319058,Fem$400gen
13663,1366388338347997,Fem$400gen
13664,1366402311479914,Fem$400gen
13665,1366534032479996,Fem$400gen
13666,1366616144047991,Fem$400gen
13667,1366737347997734,Fem$400gen
13668,1366852947993197,Fem$400gen
13669,1366991479997404,Fem$400gen
13670,1367051475647996,Fem$400gen
13671,1367165479970058,Fem$400gen
13672,1367269547997332,Fem$400gen
13673,1367307747992064,Fem$400gen
13674,1367469483454799,Fem$400gen
13675,1367510245214799,Fem$400gen
13676,1367654799166763,Fem$400gen
13677,1367709874799779,Fem$400gen
13678,1367876947999789,Fem$400gen
13679,1367921472634799,Fem$400gen
13680,1368087479919020,Fem$400gen
13681,1368135479912679,Fem$400gen
13682,1368244799059511,Fem$400gen
13683,1368324029147996,Fem$400gen
13684,1368474799356324,Fem$400gen
13685,1368524799208596,Fem$400gen
13686,1368608884799742,Fem$400gen
13687,1368747997777792,Fem$400gen
13688,1368889574799409,Fem$400gen
13689,1368939364799362,Fem$400gen
13690,1369047999067223,Fem$400gen
13691,1369194799014323,Fem$400gen
13692,1369241742847994,Fem$400gen
13693,1369384479974008,Fem$400gen
13694,1369464799247876,Fem$400gen
13695,1369548927479950,Fem$400gen
13696,1369697874799702,Fem$400gen
13697,1369733744479955,Fem$400gen
13698,1369843074799612,Fem$400gen
13699,1369951479962894,Fem$400gen
13700,1370084799654775,Fem$400gen
13701,1370114799616427,Fem$400gen
13702,1370279084479983,Fem$400gen
13703,1370365479914687,Fem$400gen
13704,1370455479948243,Fem$400gen
13705,1370569514799053,Fem$400gen
13706,1370647990000001,Fem$400gen
13707,1370710947998842,Fem$400gen
13708,1370822294799029,Fem$400gen
13709,1370924799168175,Fem$400gen
13710,1371064799373508,Fem$400gen
13711,1371147994265408,Fem$400gen
13712,1371265479955153,Fem$400gen
13713,1371340085479916,Fem$400gen
13714,1371405897479913,Fem$400gen
13715,1371509164479999,Fem$400gen
13716,1371691479909458,Fem$400gen
13717,1371753414799287,Fem$400gen
13718,1371864799596560,Fem$400gen
13719,1371947992980544,Fem$400gen
13720,1372069407547995,Fem$400gen
13721,1372197479948138,Fem$400gen
13722,1372270669704799,Fem$400gen
13723,1372350574799977,Fem$400gen
13724,1372406247999186,Fem$400gen
13725,1372522747999183,Fem$400gen
13726,1372688787479985,Fem$400gen
13727,1372730892147998,Fem$400gen
13728,1372870253724799,Fem$400gen
13729,1372954944799051,Fem$400gen
13730,1373037838147995,Fem$400gen
13731,1373194799735500,Fem$400gen
13732,1373298004799354,Fem$400gen
13733,1373354799274986,Fem$400gen
13734,1373447996552293,Fem$400gen
13735,1373578847995763,Fem$400gen
13736,1373619330454799,Fem$400gen
13737,1373744886047998,Fem$400gen
13738,1373819557479940,Fem$400gen
13739,1373931916147999,Fem$400gen
13740,1374071744799476,Fem$400gen
13741,1374176879294799,Fem$400gen
13742,1374227414799317,Fem$400gen
13743,1374347999522190,Fem$400gen
13744,1374447992185278,Fem$400gen
13745,1374574799742990,Fem$400gen
13746,1374638029147997,Fem$400gen
13747,1374706583479928,Fem$400gen
13748,1374887465744799,Fem$400gen
13749,1374947990513524,Fem$400gen
13750,1375098479987371,Fem$400gen
13751,1375114799321933,Fem$400gen
13752,1375216164799103,Fem$400gen
13753,1375347999889451,Fem$400gen
13754,1375427647997629,Fem$400gen
13755,1375547994329968,Fem$400gen
13756,1375648669847999,Fem$400gen
13757,1375773037047994,Fem$400gen
13758,1375881925479995,Fem$400gen
13759,1375944142244799,Fem$400gen
13760,1376019479547993,Fem$400gen
13761,1376108422479903,Fem$400gen
13762,1376218430047999,Fem$400gen
13763,1376354799546752,Fem$400gen
13764,1376477447998925,Fem$400gen
13765,1376511479979991,Fem$400gen
13766,1376647993790094,Fem$400gen
13767,1376723054799375,Fem$400gen
13768,1376850009494799,Fem$400gen
13769,1376944799043689,Fem$400gen
13770,1377047991493499,Fem$400gen
13771,1377185447992923,Fem$400gen
13772,1377247990704725,Fem$400gen
13773,1377342453147998,Fem$400gen
13774,1377469147992218,Fem$400gen
13775,1377570479926429,Fem$400gen
13776,1377654479909395,Fem$400gen
13777,1377746149147991,Fem$400gen
13778,1377858184799102,Fem$400gen
13779,1377945397947993,Fem$400gen
13780,1378047995986690,Fem$400gen
13781,1378180322479908,Fem$400gen
13782,1378247990971272,Fem$400gen
13783,1378328147990888,Fem$400gen
13784,1378447994185543,Fem$400gen
13785,1378510792114799,Fem$400gen
13786,1378661424799360,Fem$400gen
13787,1378757495479995,Fem$400gen
13788,1378857974799884,Fem$400gen
13789,1378964799584872,Fem$400gen
13790,1379061047990397,Fem$400gen
13791,1379184799088785,Fem$400gen
13792,1379245647992515,Fem$400gen
13793,1379383499047992,Fem$400gen
13794,1379464799606295,Fem$400gen
13795,1379555479996451,Fem$400gen
13796,1379633606984799,Fem$400gen
13797,1379711047993443,Fem$400gen
13798,1379886214799906,Fem$400gen
13799,1379999544447993,Fem$400gen
13800,1380078618479934,Fem$400gen
13801,1380188574799227,Fem$400gen
13802,1380277242304799,Fem$400gen
13803,1380347995021783,Fem$400gen
13804,1380404799926165,Fem$400gen
13805,1380541312479954,Fem$400gen
13806,1380687660147991,Fem$400gen
13807,1380777694799293,Fem$400gen
13808,1380864799316513,Fem$400gen
13809,1380938254799387,Fem$400gen
13810,1381044183947998,Fem$400gen
13811,1381196487154799,Fem$400gen
13812,1381208098147998,Fem$400gen
13813,1381396947990528,Fem$400gen
13814,1381487447999075,Fem$400gen
13815,1381556372479969,Fem$400gen
13816,1381642489834799,Fem$400gen
13817,1381754966174799,Fem$400gen
13818,1381864799210092,Fem$400gen
13819,1381994479998678,Fem$400gen
13820,1382047994311760,Fem$400gen
13821,1382170944799586,Fem$400gen
13822,1382227912479990,Fem$400gen
13823,1382359847990873,Fem$400gen
13824,1382448604799288,Fem$400gen
13825,1382580731474799,Fem$400gen
13826,1382682479943582,Fem$400gen
13827,1382777844799696,Fem$400gen
13828,1382866852524799,Fem$400gen
13829,1382924854479941,Fem$400gen
13830,1383002457479999,Fem$400gen
13831,1383147999850157,Fem$400gen
13832,1383263157114799,Fem$400gen
13833,1383347994898301,Fem$400gen
13834,1383426347999963,Fem$400gen
13835,1383568491479980,Fem$400gen
13836,1383689425974799,Fem$400gen
13837,1383761756479947,Fem$400gen
13838,1383872049147995,Fem$400gen
13839,1383906405254799,Fem$400gen
13840,1384050154799622,Fem$400gen
13841,1384141479984391,Fem$400gen
13842,1384208016479976,Fem$400gen
13843,1384384799905283,Fem$400gen
13844,1384424799516928,Fem$400gen
13845,1384524799586394,Fem$400gen
13846,1384641479900969,Fem$400gen
13847,1384747991593107,Fem$400gen
13848,1384831834799326,Fem$400gen
13849,1384931524694799,Fem$400gen
13850,1385050747991835,Fem$400gen
13851,1385147995385208,Fem$400gen
13852,1385247991619657,Fem$400gen
13853,1385347991652736,Fem$400gen
13854,1385451847995185,Fem$400gen
13855,1385549303247998,Fem$400gen
13856,1385614799962843,Fem$400gen
13857,1385710479946938,Fem$400gen
13858,1385894827614799,Fem$400gen
13859,1385921114847997,Fem$400gen
13860,1386076834799917,Fem$400gen
13861,1386179950864799,Fem$400gen
13862,1386205447993684,Fem$400gen
13863,1386328847995319,Fem$400gen
13864,1386435536047998,Fem$400gen
13865,1386521794799921,Fem$400gen
13866,1386643447997797,Fem$400gen
13867,1386798147995933,Fem$400gen
13868,1386844799541930,Fem$400gen
13869,1386924476747995,Fem$400gen
13870,1387045347995800,Fem$400gen
13871,1387167479960382,Fem$400gen
13872,1387224094799833,Fem$400gen
13873,1387347999671850,Fem$400gen
13874,1387447994987956,Fem$400gen
13875,1387594047991298,Fem$400gen
13876,1387624799806129,Fem$400gen
13877,1387785216174799,Fem$400gen
13878,1387883548547995,Fem$400gen
13879,1387907047997571,Fem$400gen
13880,1388096237479959,Fem$400gen
13881,1388147993957868,Fem$400gen
13882,1388215479926659,Fem$400gen
13883,1388353103744799,Fem$400gen
13884,1388456194799536,Fem$400gen
13885,1388585493479943,Fem$400gen
13886,1388662530747991,Fem$400gen
13887,1388761479929418,Fem$400gen
13888,1388876447997590,Fem$400gen
13889,1388971581479966,Fem$400gen
13890,1389074799305031,Fem$400gen
13891,1389194799785615,Fem$400gen
13892,1389263845647993,Fem$400gen
13893,1389345479954177,Fem$400gen
13894,1389485435479971,Fem$400gen
13895,1389571580164799,Fem$400gen
13896,1389684799483588,Fem$400gen
13897,1389744799597098,Fem$400gen
13898,1389847994638412,Fem$400gen
13899,1389949479919322,Fem$400gen
13900,1390047997933454,Fem$400gen
13901,1390109580414799,Fem$400gen
13902,1390294497479997,Fem$400gen
13903,1390350186947996,Fem$400gen
13904,1390447996585035,Fem$400gen
13905,1390564078664799,Fem$400gen
13906,1390647996746126,Fem$400gen
13907,1390721447447999,Fem$400gen
13908,1390809993479931,Fem$400gen
13909,1390968944764799,Fem$400gen
13910,1391002917424799,Fem$400gen
13911,1391121495024799,Fem$400gen
13912,1391229447995174,Fem$400gen
13913,1391354799999703,Fem$400gen
13914,1391457633479975,Fem$400gen
13915,1391576839947997,Fem$400gen
13916,1391674935047996,Fem$400gen
13917,1391775747994587,Fem$400gen
13918,1391840139547998,Fem$400gen
13919,1391915469447996,Fem$400gen
13920,1392000479915248,Fem$400gen
13921,1392147995407940,Fem$400gen
13922,1392229113024799,Fem$400gen
13923,1392396884799499,Fem$400gen
13924,1392437692479911,Fem$400gen
13925,1392544416479915,Fem$400gen
13926,1392642274799458,Fem$400gen
13927,1392756604799250,Fem$400gen
13928,1392814799107558,Fem$400gen
13929,1392981547014799,Fem$400gen
13930,1393024799712239,Fem$400gen
13931,1393123479952268,Fem$400gen
13932,1393280194799880,Fem$400gen
13933,1393304799517062,Fem$400gen
13934,1393411547996675,Fem$400gen
13935,1393565479914457,Fem$400gen
13936,1393684799345238,Fem$400gen
13937,1393753703194799,Fem$400gen
13938,1393852094479998,Fem$400gen
13939,1393991479916746,Fem$400gen
13940,1394056755247995,Fem$400gen
13941,1394183057824799,Fem$400gen
13942,1394297224799720,Fem$400gen
13943,1394366204799079,Fem$400gen
13944,1394439606479900,Fem$400gen
13945,1394512747990194,Fem$400gen
13946,1394666951479993,Fem$400gen
13947,1394711951547996,Fem$400gen
13948,1394878747991477,Fem$400gen
13949,1394994799857387,Fem$400gen
13950,1395005647997837,Fem$400gen
13951,1395181147991029,Fem$400gen
13952,1395202769847997,Fem$400gen
13953,1395360954799271,Fem$400gen
13954,1395463479911675,Fem$400gen
13955,1395547992629710,Fem$400gen
13956,1395647997837061,Fem$400gen
13957,1395774479976799,Fem$400gen
13958,1395847997705438,Fem$400gen
13959,1395954799310940,Fem$400gen
13960,1396014144247990,Fem$400gen
13961,1396140589479961,Fem$400gen
13962,1396274901574799,Fem$400gen
13963,1396339479932651,Fem$400gen
13964,1396468884799397,Fem$400gen
13965,1396534047994430,Fem$400gen
13966,1396614575547995,Fem$400gen
13967,1396747999348854,Fem$400gen
13968,1396877084234799,Fem$400gen
13969,1396947998572417,Fem$400gen
13970,1397033458547992,Fem$400gen
13971,1397182272947990,Fem$400gen
13972,1397281447995710,Fem$400gen
13973,1397319546344799,Fem$400gen
13974,1397460466047990,Fem$400gen
13975,1397534799449983,Fem$400gen
13976,1397625694799118,Fem$400gen
13977,1397796990247992,Fem$400gen
13978,1397854799219002,Fem$400gen
13979,1397987458647992,Fem$400gen
13980,1398049314447990,Fem$400gen
13981,1398147993368513,Fem$400gen
13982,1398247054799817,Fem$400gen
13983,1398347998015659,Fem$400gen
13984,1398480216247998,Fem$400gen
13985,1398504799721038,Fem$400gen
13986,1398673479903939,Fem$400gen
13987,1398778194799587,Fem$400gen
13988,1398886997024799,Fem$400gen
13989,1398927493194799,Fem$400gen
13990,1399047997865318,Fem$400gen
13991,1399181081847997,Fem$400gen
13992,1399284154844799,Fem$400gen
13993,1399340924799577,Fem$400gen
13994,1399409479951967,Fem$400gen
13995,1399577447991589,Fem$400gen
13996,1399624799230816,Fem$400gen
13997,1399795394447995,Fem$400gen
13998,1399895315479925,Fem$400gen
13999,1399962216479907,Fem$400gen
14000,1400044799944610,Fem$400gen
14001,1400134799823953,Fem$400gen
14002,1400272854799117,Fem$400gen
14003,1400395847995381,Fem$400gen
14004,1400482989479906,Fem$400gen
14005,1400547998841033,Fem$400gen
14006,1400600535479972,Fem$400gen
14007,1400724964424799,Fem$400gen
14008,1400899525274799,Fem$400gen
14009,1400994799356406,Fem$400gen
14010,1401025479917812,Fem$400gen
14011,1401186330144799,Fem$400gen
14012,1401297854479905,Fem$400gen
14013,1401310182054799,Fem$400gen
14014,1401454799635789,Fem$400gen
14015,1401510568264799,Fem$400gen
14016,1401645479969460,Fem$400gen
14017,1401767963514799,Fem$400gen
14018,1401851893947995,Fem$400gen
14019,1401953479936891,Fem$400gen
14020,1402081434799434,Fem$400gen
14021,1402102514799586,Fem$400gen
14022,1402266193479980,Fem$400gen
14023,1402342249479960,Fem$400gen
14024,1402441994479949,Fem$400gen
14025,1402563634799720,Fem$400gen
14026,1402601479906767,Fem$400gen
14027,1402736094799054,Fem$400gen
14028,1402864479986326,Fem$400gen
14029,1402987479903995,Fem$400gen
14030,1403044799218598,Fem$400gen
14031,1403153314799007,Fem$400gen
14032,1403294799874997,Fem$400gen
14033,1403303479911044,Fem$400gen
14034,1403408074734799,Fem$400gen
14035,1403547994072927,Fem$400gen
14036,1403671347994284,Fem$400gen
14037,1403779479977978,Fem$400gen
14038,1403847993754534,Fem$400gen
14039,1403946914447999,Fem$400gen
14040,1404030371384799,Fem$400gen
14041,1404121424479927,Fem$400gen
14042,1404247996618623,Fem$400gen
14043,1404314799769712,Fem$400gen
14044,1404424799332461,Fem$400gen
14045,1404508965354799,Fem$400gen
14046,1404642594799742,Fem$400gen
14047,1404762464479939,Fem$400gen
14048,1404888904799193,Fem$400gen
14049,1404958991479911,Fem$400gen
14050,1405015596424799,Fem$400gen
14051,1405169936514799,Fem$400gen
14052,1405253814799267,Fem$400gen
14053,1405309479901199,Fem$400gen
14054,1405412573447994,Fem$400gen
14055,1405535984799199,Fem$400gen
14056,1405675764954799,Fem$400gen
14057,1405707834799419,Fem$400gen
14058,1405890436747990,Fem$400gen
14059,1405928049747996,Fem$400gen
14060,1406047998324828,Fem$400gen
14061,1406192050047993,Male Gen $450
14062,1406274799779452,Male Gen $450
14063,1406367847991933,Male Gen $450
14064,1406414074799277,Male Gen $450
14065,1406501386479972,Male Gen $450
14066,1406601138247991,Male Gen $450
14067,1406718070014799,Male Gen $450
14068,1406836744644799,Male Gen $450
14069,1406992414799369,Male Gen $450
14070,1407047992138598,Male Gen $450
14071,1407190350479991,Male Gen $450
14072,1407257064799630,Male Gen $450
14073,1407384799286894,Male Gen $450
14074,1407483479992516,Male Gen $450
14075,1407560247994957,Male Gen $450
14076,1407624799563418,Male Gen $450
14077,1407739223004799,Male Gen $450
14078,1407816647996706,Male Gen $450
14079,1407947656479908,Male Gen $450
14080,1408097479905928,Male Gen $450
14081,1408172447990517,Male Gen $450
14082,1408257014799090,Male Gen $450
14083,1408397979647997,Male Gen $450
14084,1408402479913093,Male Gen $450
14085,1408534799799358,Male Gen $450
14086,1408654874799308,Male Gen $450
14087,1408740047991965,Male Gen $450
14088,1408876365447993,Male Gen $450
14089,1408974416479964,Male Gen $450
14090,1409045744647994,Male Gen $450
14091,1409134799238444,Male Gen $450
14092,1409279447996321,Male Gen $450
14093,1409339547996546,Male Gen $450
14094,1409478224174799,Male Gen $450
14095,1409512747998325,Male Gen $450
14096,1409627134799447,Male Gen $450
14097,1409747993103747,Male Gen $450
14098,1409881479913260,Male Gen $450
14099,1409907716479930,Male Gen $450
14100,1410069977344799,Male Gen $450
14101,1410147993644297,Male Gen $450
14102,1410202154799554,Male Gen $450
14103,1410375070479990,Male Gen $450
14104,1410442681347993,Male Gen $450
14105,1410574588147998,Male Gen $450
14106,1410684799779411,Male Gen $450
14107,1410745376447998,Male Gen $450
14108,1410805865647996,Male Gen $450
14109,1410984799296622,Male Gen $450
14110,1411056677647992,Male Gen $450
14111,1411153212479904,Male Gen $450
14112,1411284134799744,Male Gen $450
14113,1411317247999360,Male Gen $450
14114,1411475574347990,Male Gen $450
14115,1411558398479910,Male Gen $450
14116,1411628274799819,Male Gen $450
14117,1411747999816964,Male Gen $450
14118,1411863013554799,Male Gen $450
14119,1411987447992287,Male Gen $450
14120,1412065479980592,Male Gen $450
14121,1412173374447996,Male Gen $450
14122,1412288947998359,Male Gen $450
14123,1412378104799458,Male Gen $450
14124,1412432479962915,Male Gen $450
14125,1412547999844536,Male Gen $450
14126,1412654799769563,Male Gen $450
14127,1412779047994354,Male Gen $450
14128,1412894799713719,Male Gen $450
14129,1412992047997378,Male Gen $450
14130,1413038479905600,Male Gen $450
14131,1413139837479906,Male Gen $450
14132,1413279047993006,Male Gen $450
14133,1413313947995671,Male Gen $450
14134,1413459755479901,Male Gen $450
14135,1413573276347996,Male Gen $450
14136,1413614134799728,Male Gen $450
14137,1413789794799368,Male Gen $450
14138,1413858303479907,Male Gen $450
14139,1413942479978875,Male Gen $450
14140,1414047996183506,Male Gen $450
14141,1414167479909490,Male Gen $450
14142,1414273417147990,Male Gen $450
14143,1414381264479956,Male Gen $450
14144,1414457047994552,Male Gen $450
14145,1414585479946769,Male Gen $450
14146,1414661868479971,Male Gen $450
14147,1414740102479909,Male Gen $450
14148,1414821347995627,Male Gen $450
14149,1414947998181117,Male Gen $450
14150,1415050183047992,Male Gen $450
14151,1415146324799046,Male Gen $450
14152,1415220247997633,Male Gen $450
14153,1415347990362674,Male Gen $450
14154,1415498962479945,Male Gen $450
14155,1415547994621919,Male Gen $450
14156,1415682604047991,Male Gen $450
14157,1415789611734799,Male Gen $450
14158,1415813005114799,Male Gen $450
14159,1415979784799729,Male Gen $450
14160,1416054047995073,Male Gen $450
14161,1416147997658445,Male Gen $450
14162,1416262810424799,Male Gen $450
14163,1416382333479928,Male Gen $450
14164,1416465024799370,Male Gen $450
14165,1416547990284591,Male Gen $450
14166,1416684247999659,Male Gen $450
14167,1416703766284799,Male Gen $450
14168,1416863422147995,Male Gen $450
14169,1416925247997374,Male Gen $450
14170,1417007842479984,Male Gen $450
14171,1417171686547999,Male Gen $450
14172,1417294836347998,Male Gen $450
14173,1417364407479905,Male Gen $450
14174,1417477247998868,Male Gen $450
14175,1417542591547994,Male Gen $450
14176,1417698983714799,Male Gen $450
14177,1417775147992605,Male Gen $450
14178,1417834799319204,Male Gen $450
14179,1417954391479944,Male Gen $450
14180,1418001264347996,Male Gen $450
14181,1418194799684815,Male Gen $450
14182,1418223479918351,Male Gen $450
14183,1418337504479951,Male Gen $450
14184,1418447995267674,Male Gen $450
14185,1418556347995458,Male Gen $450
14186,1418685964799223,Male Gen $450
14187,1418736704799916,Male Gen $450
14188,1418809520984799,Male Gen $450
14189,1418902362479956,Male Gen $450
14190,1419056479914551,Male Gen $450
14191,1419190807479941,Male Gen $450
14192,1419284799971437,Male Gen $450
14193,1419381384799158,Male Gen $450
14194,1419474799450475,Male Gen $450
14195,1419557215479987,Male Gen $450
14196,1419639479995735,Male Gen $450
14197,1419733014799068,Male Gen $450
14198,1419886666479909,Male Gen $450
14199,1419947995563256,Male Gen $450
14200,1420099738947992,Male Gen $450
14201,1420194479914927,Male Gen $450
14202,1420232479922163,Male Gen $450
14203,1420332847996980,Male Gen $450
14204,1420404799577771,Male Gen $450
14205,1420547999320656,Male Gen $450
14206,1420648884799808,Male Gen $450
14207,1420747993430399,Male Gen $450
14208,1420847991666272,Male Gen $450
14209,1420996164799086,Male Gen $450
14210,1421084799324638,Male Gen $450
14211,1421191975347996,Male Gen $450
14212,1421259102447997,Male Gen $450
14213,1421333479935150,Male Gen $450
14214,1421464947992492,Male Gen $450
14215,1421550162134799,Male Gen $450
14216,1421674799281708,Male Gen $450
14217,1421730567747999,Male Gen $450
14218,1421849701034799,Male Gen $450
14219,1421954799877560,Male Gen $450
14220,1422003374799676,Male Gen $450
14221,1422157308479985,Male Gen $450
14222,1422265479920691,Male Gen $450
14223,1422347994421119,Male Gen $450
14224,1422480414799794,Male Gen $450
14225,1422529479956318,Male Gen $450
14226,1422652128904799,Male Gen $450
14227,1422755481924799,Male Gen $450
14228,1422870714799081,Male Gen $450
14229,1422986479966082,Male Gen $450
14230,1423065064799730,Male Gen $450
14231,1423139947998321,Male Gen $450
14232,1423292479989471,Male Gen $450
14233,1423384799540916,Male Gen $450
14234,1423435547992143,Male Gen $450
14235,1423547991542756,Male Gen $450
14236,1423647999344805,Male Gen $450
14237,1423754574799953,Male Gen $450
14238,1423897479941940,Male Gen $450
14239,1423949547990180,Male Gen $450
14240,1424000270479983,Male Gen $450
14241,1424140599247995,Male Gen $450
14242,1424200230479963,Male Gen $450
14243,1424359834654799,Male Gen $450
14244,1424483847998149,Male Gen $450
14245,1424592154799842,Male Gen $450
14246,1424647998179534,Male Gen $450
14247,1424795479910601,Male Gen $450
14248,1424868978234799,Male Gen $450
14249,1424937479906547,Male Gen $450
14250,1425080580734799,Male Gen $450
14251,1425102025504799,Male Gen $450
14252,1425274062547996,Male Gen $450
14253,1425324729479961,Male Gen $450
14254,1425452217347994,Male Gen $450
14255,1425529479919124,Male Gen $450
14256,1425678047993141,Male Gen $450
14257,1425747998913915,Male Gen $450
14258,1425817479968326,Male Gen $450
14259,1425947998512344,Male Gen $450
14260,1426098447990439,Male Gen $450
14261,1426147996170531,Male Gen $450
14262,1426222208734799,Male Gen $450
14263,1426345610547992,Male Gen $450
14264,1426472479997052,Male Gen $450
14265,1426504799813552,Male Gen $450
14266,1426614799476014,Male Gen $450
14267,1426720460647990,Male Gen $450
14268,1426857149479920,Male Gen $450
14269,1426947994713807,Male Gen $450
14270,1427022880479973,Male Gen $450
14271,1427185083147998,Male Gen $450
14272,1427282719774799,Male Gen $450
14273,1427347992639399,Male Gen $450
14274,1427403165847990,Male Gen $450
14275,1427550479927839,Male Gen $450
14276,1427694494799942,Male Gen $450
14277,1427783330704799,Male Gen $450
14278,1427886479939567,Male Gen $450
14279,1427962525479955,Male Gen $450
14280,1428022479988949,Male Gen $450
14281,1428176938514799,Male Gen $450
14282,1428208147998045,Male Gen $450
14283,1428388761479996,Male Gen $450
14284,1428422684799827,Male Gen $450
14285,1428513625479973,Male Gen $450
14286,1428616148674799,Male Gen $450
14287,1428727366747994,Male Gen $450
14288,1428833494804799,Male Gen $450
14289,1428971181684799,Male Gen $450
14290,1429059479997734,Male Gen $450
14291,1429146147996042,Male Gen $450
14292,1429283938784799,Male Gen $450
14293,1429368125484799,Male Gen $450
14294,1429455268074799,Male Gen $450
14295,1429574799373119,Male Gen $450
14296,1429629896244799,Male Gen $450
14297,1429742479925544,Male Gen $450
14298,1429860844799077,Male Gen $450
14299,1429967898479929,Male Gen $450
14300,1430099670479947,Male Gen $450
14301,1430152172479997,Male Gen $450
14302,1430224184799107,Male Gen $450
14303,1430344479904192,Male Gen $450
14304,1430431188479971,Male Gen $450
14305,1430524547998310,Male Gen $450
14306,1430674914799098,Male Gen $450
14307,1430763994799861,Male Gen $450
14308,1430873479993837,Male Gen $450
14309,1430906479999854,Male Gen $450
14310,1431047995892782,Male Gen $450
14311,1431164799133946,Male Gen $450
14312,1431262479971166,Male Gen $450
14313,1431327194799611,Male Gen $450
14314,1431403624799019,Male Gen $450
14315,1431586874799279,Male Gen $450
14316,1431657135804799,Male Gen $450
14317,1431744807414799,Male Gen $450
14318,1431857819479982,Male Gen $450
14319,1431956479902772,Male Gen $450
14320,1432047997588821,Male Gen $450
14321,1432184518647997,Male Gen $450
14322,1432268192547993,Male Gen $450
14323,1432320672847996,Male Gen $450
14324,1432454491194799,Male Gen $450
14325,1432597930947990,Male Gen $450
14326,1432665274799022,Male Gen $450
14327,1432734237479933,Male Gen $450
14328,1432854799364387,Male Gen $450
14329,1432919754799172,Male Gen $450
14330,1433004744799041,Male Gen $450
14331,1433126604799235,Male Gen $450
14332,1433207147994256,Male Gen $450
14333,1433399547990134,Male Gen $450
14334,1433447990432223,Male Gen $450
14335,1433545394247993,Male Gen $450
14336,1433647995749768,Male Gen $450
14337,1433753068884799,Male Gen $450
14338,1433822605084799,Male Gen $450
14339,1433947991710328,Male Gen $450
14340,1434038307479923,Male Gen $450
14341,1434141931479975,Male Gen $450
14342,1434206347999818,Male Gen $450
14343,1434392528747993,Male Gen $450
14344,1434480572747995,Male Gen $450
14345,1434510479984027,Male Gen $450
14346,1434675479909064,Male Gen $450
14347,1434706284799808,Male Gen $450
14348,1434859511444799,Male Gen $450
14349,1434994799746356,Male Gen $450
14350,1435075510094799,Male Gen $450
14351,1435118062254799,Male Gen $450
14352,1435285012479962,Male Gen $450
14353,1435320221047993,Male Gen $450
14354,1435455347534799,Male Gen $450
14355,1435535479947977,Male Gen $450
14356,1435603784799651,Male Gen $450
14357,1435758111947999,Male Gen $450
14358,1435852101447999,Male Gen $450
14359,1435926479911984,Male Gen $450
14360,1436047996432941,Male Gen $450
14361,1436118542547997,Male Gen $450
14362,1436214680974799,Male Gen $450
14363,1436327894799087,Male Gen $450
14364,1436403443479966,Male Gen $450
14365,1436554799830517,Male Gen $450
14366,1436664799048340,Male Gen $450
14367,1436767047992290,Male Gen $450
14368,1436859636454799,Male Gen $450
14369,1436905047991792,Male Gen $450
14370,1437057220147999,Male Gen $450
14371,1437184684799242,Male Gen $450
14372,1437270614799601,Male Gen $450
14373,1437318479936942,Male Gen $450
14374,1437422647999925,Male Gen $450
14375,1437545147990256,Male Gen $450
14376,1437684174864799,Male Gen $450
14377,1437747992496960,Male Gen $450
14378,1437814304799020,Male Gen $450
14379,1437968164799974,Male Gen $450
14380,1438038747992800,Male Gen $450
14381,1438172347991507,Male Gen $450
14382,1438270041247997,Male Gen $450
14383,1438392484799316,Male Gen $450
14384,1438471177964799,Male Gen $450
14385,1438598428854799,Male Gen $450
14386,1438628334799265,Male Gen $450
14387,1438773652147994,Male Gen $450
14388,1438839000479984,Male Gen $450
14389,1438931786354799,Male Gen $450
14390,1439016974799267,Male Gen $450
14391,1439147993048690,Male Gen $450
14392,1439242947994608,Male Gen $450
14393,1439344799981978,Male Gen $450
14394,1439447999235044,Male Gen $450
14395,1439530374799476,Male Gen $450
14396,1439676647997577,Male Gen $450
14397,1439747994959437,Male Gen $450
14398,1439893485547998,Male Gen $450
14399,1439904799213503,Male Gen $450
14400,1440039714799524,Male Gen $450
14401,1440147998945252,Male Gen $450
14402,1440268479978511,Male Gen $450
14403,1440384799356793,Male Gen $450
14404,1440447998085680,Male Gen $450
14405,1440517172564799,Male Gen $450
14406,1440635821444799,Male Gen $450
14407,1440714799005186,Male Gen $450
14408,1440856714799687,Male Gen $450
14409,1440961372604799,Male Gen $450
14410,1441040547993078,Male Gen $450
14411,1441143435479996,Male Gen $450
14412,1441295974799557,Male Gen $450
14413,1441379752047995,Male Gen $450
14414,1441444799251336,Male Gen $450
14415,1441507479928852,Male Gen $450
14416,1441644261479920,Male Gen $450
14417,1441747998890113,Male Gen $450
14418,1441868258647998,Male Gen $450
14419,1441933247991998,Male Gen $450
14420,1442032147996419,Male Gen $450
14421,1442147994663716,Male Gen $450
14422,1442267574747996,Male Gen $450
14423,1442376038347994,Male Gen $450
14424,1442407479948355,Male Gen $450
14425,1442592564799036,Male Gen $450
14426,1442657050479993,Male Gen $450
14427,1442785333247991,Male Gen $450
14428,1442815737704799,Male Gen $450
14429,1442962179134799,Male Gen $450
14430,1443047990432668,Male Gen $450
14431,1443179623634799,Male Gen $450
14432,1443286614799594,Male Gen $450
14433,1443395173647999,Male Gen $450
14434,1443447479906005,Male Gen $450
14435,1443513818047999,Male Gen $450
14436,1443647997692561,Male Gen $450
14437,1443738374799016,Male Gen $450
14438,1443847990499244,Male Gen $450
14439,1443927496534799,Male Gen $450
14440,1444004178847991,Male Gen $450
14441,1444120261064799,Male Gen $450
14442,1444243601174799,Male Gen $450
14443,1444359087547994,Male Gen $450
14444,1444428479995205,Male Gen $450
14445,1444508479956459,Male Gen $450
14446,1444694799181546,Male Gen $450
14447,1444747993546935,Male Gen $450
14448,1444884799518646,Male Gen $450
14449,1444910479996898,Male Gen $450
14450,1445086013479952,Male Gen $450
14451,1445124799425218,Male Gen $450
14452,1445202159347995,Male Gen $450
14453,1445383479907345,Male Gen $450
14454,1445475106479977,Male Gen $450
14455,1445544165479933,Male Gen $450
14456,1445649870944799,Male Gen $450
14457,1445747997759650,Male Gen $450
14458,1445898591334799,Male Gen $450
14459,1445953677034799,Male Gen $450
14460,1446032739647994,Male Gen $450
14461,1446107028254799,Male Gen $450
14462,1446291088747990,Male Gen $450
14463,1446377506747999,Male Gen $450
14464,1446420479955466,Male Gen $450
14465,1446533374799802,Male Gen $450
14466,1446603386904799,Male Gen $450
14467,1446766554799343,Male Gen $450
14468,1446830835479933,Male Gen $450
14469,1446982847994412,Male Gen $450
14470,1447061994547996,Male Gen $450
14471,1447157126747995,Male Gen $450
14472,1447230474799085,Male Gen $450
14473,1447311445884799,Male Gen $450
14474,1447423611584799,Male Gen $450
14475,1447584799711369,Male Gen $450
14476,1447638974799945,Male Gen $450
14477,1447769761447990,Male Gen $450
14478,1447817046447998,Male Gen $450
14479,1447947999503564,Male Gen $450
14480,1448047990294064,Male Gen $450
14481,1448154214799110,Male Gen $450
14482,1448247998079948,Male Gen $450
14483,1448338680944799,Male Gen $450
14484,1448469073479953,Male Gen $450
14485,1448543894479929,Male Gen $450
14486,1448674799156870,Male Gen $450
14487,1448735574799779,Male Gen $450
14488,1448847996818734,Male Gen $450
14489,1448974918479900,Male Gen $450
14490,1449017962747994,Male Gen $450
14491,1449142479949641,Male Gen $450
14492,1449236647996159,Male Gen $450
14493,1449347997446394,Male Gen $450
14494,1449454799678072,Male Gen $450
14495,1449508865479922,Male Gen $450
14496,1449621234799439,Male Gen $450
14497,1449793847996801,Male Gen $450
14498,1449834799643287,Male Gen $450
14499,1449941647997342,Male Gen $450
14500,1450080775964799,Male Gen $450
14501,1450164799780265,Male Gen $450
14502,1450247999582659,Male Gen $450
14503,1450308220347994,Male Gen $450
14504,1450447993360271,Male Gen $450
14505,1450547993409516,Male Gen $450
14506,1450670544799290,Male Gen $450
14507,1450747547992520,Male Gen $450
14508,1450825747992686,Male Gen $450
14509,1450942247994477,Male Gen $450
14510,1451047991010842,Male Gen $450
14511,1451187086304799,Male Gen $450
14512,1451296625479973,Male Gen $450
14513,1451330939774799,Male Gen $450
14514,1451447995131526,Male Gen $450
14515,1451574493047997,Male Gen $450
14516,1451694799383862,Male Gen $450
14517,1451747993499040,Male Gen $450
14518,1451843479986074,Male Gen $450
14519,1451957374799551,Male Gen $450
14520,1452054235479976,Male Gen $450
14521,1452102479970517,Male Gen $450
14522,1452204799326207,Male Gen $450
14523,1452373500479915,Male Gen $450
14524,1452417334799446,Male Gen $450
14525,1452574799418309,Male Gen $450
14526,1452694799821267,Male Gen $450
14527,1452751509479910,Male Gen $450
14528,1452819947993494,Male Gen $450
14529,1452985479973447,Male Gen $450
14530,1453046528654799,Male Gen $450
14531,1453148479907988,Male Gen $450
14532,1453208445479951,Male Gen $450
14533,1453364799415664,Male Gen $450
14534,1453406688434799,Male Gen $450
14535,1453591810447990,Male Gen $450
14536,1453647991286559,Male Gen $450
14537,1453789479913991,Male Gen $450
14538,1453804213479924,Male Gen $450
14539,1453930322284799,Male Gen $450
14540,1454080404247999,Male Gen $450
14541,1454154799810150,Male Gen $450
14542,1454290101347997,Male Gen $450
14543,1454347990042352,Male Gen $450
14544,1454478150847993,Male Gen $450
14545,1454538147994391,Male Gen $450
14546,1454600861479905,Male Gen $450
14547,1454742691647996,Male Gen $450
14548,1454804479951362,Male Gen $450
14549,1454957474799118,Male Gen $450
14550,1455082092694799,Male Gen $450
14551,1455101654799780,Male Gen $450
14552,1455217312094799,Male Gen $450
14553,1455347996409760,Male Gen $450
14554,1455447997540331,Male Gen $450
14555,1455524799609046,Male Gen $450
14556,1455664479902624,Male Gen $450
14557,1455795347999850,Male Gen $450
14558,1455816784479952,Male Gen $450
14559,1455936638547996,Male Gen $450
14560,1456074474447990,Male Gen $450
14561,1456199479908520,Vip $800f
14562,1456233479944445,Vip $800f
14563,1456376479995061,Vip $800f
14564,1456447999315507,Vip $800f
14565,1456594799397500,Vip $800f
14566,1456683479928039,Vip $800f
14567,1456707786924799,Vip $800f
14568,1456869864799737,Vip $800f
14569,1456956564799913,Vip $800f
14570,1457015947991458,Vip $800f
14571,1457144547990462,Vip $800f
14572,1457221011547993,Vip $800f
14573,1457395554804799,Vip $800f
14574,1457447994703323,Vip $800f
14575,1457544799613411,Vip $800f
14576,1457626647990584,Vip $800f
14577,1457768641424799,Vip $800f
14578,1457835257847995,Vip $800f
14579,1457942175747992,Vip $800f
14580,1458082138744799,Vip $800f
14581,1458147999244821,Vip $800f
14582,1458204799915455,Vip $800f
14583,1458377215647995,Vip $800f
14584,1458468220347994,Vip $800f
14585,1458547654547990,Vip $800f
14586,1458615564479966,Vip $800f
14587,1458792964479903,Vip $800f
14588,1458899654799904,Vip $800f
14589,1458948879547998,Vip $800f
14590,1459002077447999,Vip $800f
14591,1459147993203248,Vip $800f
14592,1459216844947997,Vip $800f
14593,1459335747992158,Vip $800f
14594,1459494799729015,Vip $800f
14595,1459537479922699,Vip $800f
14596,1459647996468554,Vip $800f
14597,1459755479908982,Vip $800f
14598,1459858479981317,Vip $800f
14599,1459934799403690,Vip $800f
14600,1460093690479908,Vip $800f
14601,1460145363814799,Vip $800f
14602,1460294455747995,Vip $800f
14603,1460380171524799,Vip $800f
14604,1460449547995978,Vip $800f
14605,1460554272547996,Vip $800f
14606,1460671705014799,Vip $800f
14607,1460714347993126,Vip $800f
14608,1460842091847998,Vip $800f
14609,1460910514799459,Vip $800f
14610,1461038464799356,Vip $800f
14611,1461163123244799,Vip $800f
14612,1461244799869477,Vip $800f
14613,1461360799479982,Vip $800f
14614,1461402157334799,Vip $800f
14615,1461547997625887,Vip $800f
14616,1461684799506859,Vip $800f
14617,1461752606479996,Vip $800f
14618,1461842566847993,Vip $800f
14619,1461909479922427,Vip $800f
14620,1462091047991275,Vip $800f
14621,1462124799374492,Vip $800f
14622,1462274204799927,Vip $800f
14623,1462361479992176,Vip $800f
14624,1462425147994446,Vip $800f
14625,1462503834799234,Vip $800f
14626,1462638976479988,Vip $800f
14627,1462720847997765,Vip $800f
14628,1462813054799503,Vip $800f
14629,1462938547997910,Vip $800f
14630,1463080276954799,Vip $800f
14631,1463103747997135,Vip $800f
14632,1463204447995379,Vip $800f
14633,1463376479955395,Vip $800f
14634,1463459816479982,Vip $800f
14635,1463549114799499,Vip $800f
14636,1463635934799795,Vip $800f
14637,1463746395747998,Vip $800f
14638,1463882447999880,Vip $800f
14639,1463904812479987,Vip $800f
14640,1464044216479972,Vip $800f
14641,1464194479977392,Vip $800f
14642,1464217619147999,Vip $800f
14643,1464347991747722,Vip $800f
14644,1464447998097962,Vip $800f
14645,1464569447992688,Vip $800f
14646,1464683479908913,Vip $800f
14647,1464706479968645,Vip $800f
14648,1464879479984677,Vip $800f
14649,1464999934479978,Vip $800f
14650,1465036447990792,Vip $800f
14651,1465129969874799,Vip $800f
14652,1465270315384799,Vip $800f
14653,1465321005479983,Vip $800f
14654,1465414362947997,Vip $800f
14655,1465522104799550,Vip $800f
14656,1465611384799586,Vip $800f
14657,1465793338547995,Vip $800f
14658,1465856593447991,Vip $800f
14659,1465935913479986,Vip $800f
14660,1466049364799644,Vip $800f
14661,1466143443479995,Vip $800f
14662,1466247990967876,Vip $800f
14663,1466395892479926,Vip $800f
14664,1466491146479942,Vip $800f
14665,1466529028447996,Vip $800f
14666,1466694799121801,Vip $800f
14667,1466749479954172,Vip $800f
14668,1466807479924503,Vip $800f
14669,1466969883347997,Vip $800f
14670,1467060024799150,Vip $800f
14671,1467147992688985,Vip $800f
14672,1467247992446268,Vip $800f
14673,1467347990042792,Vip $800f
14674,1467464606479974,Vip $800f
14675,1467583479919667,Vip $800f
14676,1467699247999558,Vip $800f
14677,1467784799053831,Vip $800f
14678,1467830479984284,Vip $800f
14679,1467959399479959,Vip $800f
14680,1468051454847995,Vip $800f
14681,1468158746047997,Vip $800f
14682,1468216169479901,Vip $800f
14683,1468380089847994,Vip $800f
14684,1468436648014799,Vip $800f
14685,1468554799073120,Vip $800f
14686,1468631365479978,Vip $800f
14687,1468705755714799,Vip $800f
14688,1468884479945628,Vip $800f
14689,1468914799522913,Vip $800f
14690,1469051044799907,Vip $800f
14691,1469162325544799,Vip $800f
14692,1469241479959785,Vip $800f
14693,1469347998170217,Vip $800f
14694,1469495801447997,Vip $800f
14695,1469504799829854,Vip $800f
14696,1469656674799907,Vip $800f
14697,1469704047998853,Vip $800f
14698,1469804799145002,Vip $800f
14699,1469964799236402,Vip $800f
14700,1470057493479913,Vip $800f
14701,1470104767434799,Vip $800f
14702,1470224799648422,Vip $800f
14703,1470370147993129,Vip $800f
14704,1470447998044755,Vip $800f
14705,1470538546284799,Vip $800f
14706,1470604799861330,Vip $800f
14707,1470781300479958,Vip $800f
14708,1470885479935136,Vip $800f
14709,1470947993403531,Vip $800f
14710,1471065545547996,Vip $800f
14711,1471134799358810,Vip $800f
14712,1471209902964799,Vip $800f
14713,1471349934824799,Vip $800f
14714,1471464864799113,Vip $800f
14715,1471564584799536,Vip $800f
14716,1471669704799167,Vip $800f
14717,1471712851047994,Vip $800f
14718,1471847993529831,Vip $800f
14719,1471920847999949,Vip $800f
14720,1472024454799751,Vip $800f
14721,1472169484799627,Vip $800f
14722,1472223426479963,Vip $800f
14723,1472331479912169,Vip $800f
14724,1472421664799719,Vip $800f
14725,1472540447994784,Vip $800f
14726,1472664799896400,Vip $800f
14727,1472744189479938,Vip $800f
14728,1472847999813362,Vip $800f
14729,1472947990241496,Vip $800f
14730,1473097512147994,Vip $800f
14731,1473147990655278,Vip $800f
14732,1473273464799224,Vip $800f
14733,1473347997202594,Vip $800f
14734,1473468479978795,Vip $800f
14735,1473546869104799,Vip $800f
14736,1473614363479934,Vip $800f
14737,1473798050114799,Vip $800f
14738,1473814799846087,Vip $800f
14739,1473947991189986,Vip $800f
14740,1474059437144799,Vip $800f
14741,1474147991991877,Vip $800f
14742,1474276068104799,Vip $800f
14743,1474340161479917,Vip $800f
14744,1474424371479997,Vip $800f
14745,1474547996241704,Vip $800f
14746,1474647999939215,Vip $800f
14747,1474779374799526,Vip $800f
14748,1474879795479913,Vip $800f
14749,1474995354799824,Vip $800f
14750,1475047991505195,Vip $800f
14751,1475147995721953,Vip $800f
14752,1475241247998885,Vip $800f
14753,1475347993613888,Vip $800f
14754,1475462634799301,Vip $800f
14755,1475522313247990,Vip $800f
14756,1475678647996843,Vip $800f
14757,1475732567984799,Vip $800f
14758,1475847990895774,Vip $800f
14759,1475911479944558,Vip $800f
14760,1476047990742610,Vip $800f
14761,1476131134947996,Vip $800f
14762,1476247996051407,Vip $800f
14763,1476347998303590,Vip $800f
14764,1476447997747026,Vip $800f
14765,1476571479976993,Vip $800f
14766,1476674799700050,Vip $800f
14767,1476744974799157,Vip $800f
14768,1476825119047994,Vip $800f
14769,1476981849404799,Vip $800f
14770,1477096147347995,Vip $800f
14771,1477163774799360,Vip $800f
14772,1477247999935395,Vip $800f
14773,1477347991728559,Vip $800f
14774,1477455524799275,Vip $800f
14775,1477578479902061,Vip $800f
14776,1477647992768990,Vip $800f
14777,1477717447997562,Vip $800f
14778,1477847999186509,Vip $800f
14779,1477917644799161,Vip $800f
14780,1478066614799862,Vip $800f
14781,1478100479924990,Vip $800f
14782,1478263744479950,Vip $800f
14783,1478326024479913,Vip $800f
14784,1478445059014799,Vip $800f
14785,1478534164799585,Vip $800f
14786,1478699880504799,Vip $800f
14787,1478745479997027,Vip $800f
14788,1478802590647999,Vip $800f
14789,1478955947996259,Vip $800f
14790,1479025884799120,Vip $800f
14791,1479111096254799,Vip $800f
14792,1479293750479958,Vip $800f
14793,1479392340479922,Vip $800f
14794,1479401346024799,Vip $800f
14795,1479547997109359,Vip $800f
14796,1479647995721920,Vip $800f
14797,1479793788479937,Vip $800f
14798,1479863164799406,Vip $800f
14799,1479974479947930,Vip $800f
14800,1480013804799675,Vip $800f
14801,1480195014154799,Vip $800f
14802,1480247995176475,Vip $800f
14803,1480347994702390,Vip $800f
14804,1480416109479966,Vip $800f
14805,1480544799682888,Vip $800f
14806,1480610825214799,Vip $800f
14807,1480747993946451,Vip $800f
14808,1480806728944799,Vip $800f
14809,1480985728479976,Vip $800f
14810,1481070157479994,Vip $800f
14811,1481176294799153,Vip $800f
14812,1481230472047991,Vip $800f
14813,1481334799840513,Vip $800f
14814,1481498278047997,Vip $800f
14815,1481517247991419,Vip $800f
14816,1481617650284799,Vip $800f
14817,1481764799468739,Vip $800f
14818,1481892867914799,Vip $800f
14819,1481980922614799,Vip $800f
14820,1482012261847997,Vip $800f
14821,1482147999185256,Vip $800f
14822,1482229644799477,Vip $800f
14823,1482332133479948,Vip $800f
14824,1482466814047998,Vip $800f
14825,1482575824799115,Vip $800f
14826,1482628479910898,Vip $800f
14827,1482704799233664,Vip $800f
14828,1482805098479915,Vip $800f
14829,1482947994629128,Vip $800f
14830,1483037147996754,Vip $800f
14831,1483147993634160,Vip $800f
14832,1483277412484799,Vip $800f
14833,1483334799177337,Vip $800f
14834,1483492201147997,Vip $800f
14835,1483553767479967,Vip $800f
14836,1483611885204799,Vip $800f
14837,1483708479995563,Vip $800f
14838,1483853149479979,Vip $800f
14839,1483921193947997,Vip $800f
14840,1484063847990780,Vip $800f
14841,1484174799454737,Vip $800f
14842,1484236389847991,Vip $800f
14843,1484368327847992,Vip $800f
14844,1484471166447992,Vip $800f
14845,1484504799815772,Vip $800f
14846,1484690734799255,Vip $800f
14847,1484734799088062,Vip $800f
14848,1484865284799237,Vip $800f
14849,1484916484294799,Vip $800f
14850,1485062884799523,Vip $800f
14851,1485157354799961,Vip $800f
14852,1485200479996295,Vip $800f
14853,1485368028047999,Vip $800f
14854,1485494799033826,Vip $800f
14855,1485586547994408,Vip $800f
14856,1485606808479930,Vip $800f
14857,1485781794799734,Vip $800f
14858,1485814799380075,Vip $800f
14859,1485954047996516,Vip $800f
14860,1486030607924799,Vip $800f
14861,1486112084799165,Male Vip $850
14862,1486247997708103,Male Vip $850
14863,1486310619347996,Male Vip $850
14864,1486419969047993,Male Vip $850
14865,1486509747991805,Male Vip $850
14866,1486614799168940,Male Vip $850
14867,1486782847998771,Male Vip $850
14868,1486882402847994,Male Vip $850
14869,1486981364799884,Male Vip $850
14870,1487064799220228,Male Vip $850
14871,1487136297479970,Male Vip $850
14872,1487296847991667,Male Vip $850
14873,1487305650479935,Male Vip $850
14874,1487479454799269,Male Vip $850
14875,1487547998174867,Male Vip $850
14876,1487680479969074,Male Vip $850
14877,1487794799918388,Male Vip $850
14878,1487879025054799,Male Vip $850
14879,1487947997673052,Male Vip $850
14880,1488090653447997,Male Vip $850
14881,1488191666479965,Male Vip $850
14882,1488229622479957,Male Vip $850
14883,1488356479916197,Male Vip $850
14884,1488465447999406,Male Vip $850
14885,1488568778479999,Male Vip $850
14886,1488649847996266,Male Vip $850
14887,1488762479934104,Male Vip $850
14888,1488833722734799,Male Vip $850
14889,1488928044799819,Male Vip $850
14890,1489094333547994,Male Vip $850
14891,1489139278479914,Male Vip $850
14892,1489231146479980,Male Vip $850
14893,1489347992936549,Male Vip $850
14894,1489494799584543,Male Vip $850
14895,1489516252447999,Male Vip $850
14896,1489628479935568,Male Vip $850
14897,1489790138479910,Male Vip $850
14898,1489847990799674,Male Vip $850
14899,1489952479929230,Male Vip $850
14900,1490030479995940,Male Vip $850
14901,1490197266424799,Male Vip $850
14902,1490254799929669,Male Vip $850
14903,1490373884799609,Male Vip $850
14904,1490447990765546,Male Vip $850
14905,1490549479915988,Male Vip $850
14906,1490689444447999,Male Vip $850
14907,1490727479954588,Male Vip $850
14908,1490885479915508,Male Vip $850
14909,1490903479960530,Male Vip $850
14910,1491035349347996,Male Vip $850
14911,1491147994317698,Male Vip $850
14912,1491292954799558,Male Vip $850
14913,1491307224799448,Male Vip $850
14914,1491454347990082,Male Vip $850
14915,1491574799826980,Male Vip $850
14916,1491604799796607,Male Vip $850
14917,1491789714799435,Male Vip $850
14918,1491874799431607,Male Vip $850
14919,1491969479952356,Male Vip $850
14920,1492027586974799,Male Vip $850
14921,1492187774479931,Male Vip $850
14922,1492243896247994,Male Vip $850
14923,1492347994676759,Male Vip $850
14924,1492447991051559,Male Vip $850
14925,1492549914647999,Male Vip $850
14926,1492699539847995,Male Vip $850
14927,1492755381147998,Male Vip $850
14928,1492814647996216,Male Vip $850
14929,1492914799293361,Male Vip $850
14930,1493070044799490,Male Vip $850
14931,1493134799418246,Male Vip $850
14932,1493266479933697,Male Vip $850
14933,1493325479943056,Male Vip $850
14934,1493413121479991,Male Vip $850
14935,1493531764799175,Male Vip $850
14936,1493694479942526,Male Vip $850
14937,1493724023784799,Male Vip $850
14938,1493866377147990,Male Vip $850
14939,1493995736479946,Male Vip $850
14940,1494047995744933,Male Vip $850
14941,1494148447990238,Male Vip $850
14942,1494264799840379,Male Vip $850
14943,1494347994299780,Male Vip $850
14944,1494472287514799,Male Vip $850
14945,1494535247997677,Male Vip $850
14946,1494655918479908,Male Vip $850
14947,1494747992184209,Male Vip $850
14948,1494816264799800,Male Vip $850
14949,1494933147993417,Male Vip $850
14950,1495076614799030,Male Vip $850
14951,1495199147999055,Male Vip $850
14952,1495208247997123,Male Vip $850
14953,1495379896904799,Male Vip $850
14954,1495469194799996,Male Vip $850
14955,1495574647994149,Male Vip $850
14956,1495647997682530,Male Vip $850
14957,1495701947995936,Male Vip $850
14958,1495847996106318,Male Vip $850
14959,1495915894147993,Male Vip $850
14960,1496047998671964,Male Vip $850
14961,1496167124799368,Male Vip $850
14962,1496210122479917,Male Vip $850
14963,1496347995835799,Male Vip $850
14964,1496468643364799,Male Vip $850
14965,1496594098147997,Male Vip $850
14966,1496654985244799,Male Vip $850
14967,1496722011479997,Male Vip $850
14968,1496847995903497,Male Vip $850
14969,1496921382479905,Male Vip $850
14970,1497030479913082,Male Vip $850
14971,1497184799539360,Male Vip $850
14972,1497294799676450,Male Vip $850
14973,1497316684747993,Male Vip $850
14974,1497488479949802,Male Vip $850
14975,1497564799309219,Male Vip $850
14976,1497638359447995,Male Vip $850
14977,1497796694799443,Male Vip $850
14978,1497843464799626,Male Vip $850
14979,1497947990670985,Male Vip $850
14980,1498002447999095,Male Vip $850
14981,1498109047993046,Male Vip $850
14982,1498255934799464,Male Vip $850
14983,1498341134799290,Male Vip $850
14984,1498456847999640,Male Vip $850
14985,1498594799239204,Male Vip $850
14986,1498661312647999,Male Vip $850
14987,1498735990874799,Male Vip $850
14988,1498819064799592,Male Vip $850
14989,1498984479937959,Male Vip $850
14990,1499019517424799,Male Vip $850
14991,1499197682754799,Male Vip $850
14992,1499226479989604,Male Vip $850
14993,1499334799379912,Male Vip $850
14994,1499436479903025,Male Vip $850
14995,1499547999400888,Male Vip $850
14996,1499647994879086,Male Vip $850
14997,1499786047994214,Male Vip $850
14998,1499871674799959,Male Vip $850
14999,1499945655547996,Male Vip $850
15000,1500091547997460,Male Vip $850
15001,1500151024799698,Male Vip $850
15002,1500271479983346,Male Vip $850
15003,1500306344147990,Male Vip $850
15004,1500447992381868,Male Vip $850
15005,1500547991624264,Male Vip $850
15006,1500665322284799,Male Vip $850
15007,1500716479957484,Male Vip $850
15008,1500861479934131,Male Vip $850
15009,1500988414799765,Male Vip $850
15010,1501047990983435,Male Vip $850
15011,1501104799314207,Male Vip $850
15012,1501275552847990,Male Vip $850
15013,1501306214799221,Male Vip $850
15014,1501447991209980,Male Vip $850
15015,1501525560479982,Male Vip $850
15016,1501674799225058,Male Vip $850
15017,1501738274799465,Male Vip $850
15018,1501841475479924,Male Vip $850
15019,1501918534799560,Male Vip $850
15020,1502028134479966,Male Vip $850
15021,1502194799018419,Male Vip $850
15022,1502245479990268,Male Vip $850
15023,1502314799186664,Male Vip $850
15024,1502447995370445,Male Vip $850
15025,1502532749047992,Male Vip $850
15026,1502630974799835,Male Vip $850
15027,1502754799304323,Male Vip $850
15028,1502894877147998,Male Vip $850
15029,1502947999046068,Male Vip $850
15030,1503076194764799,Male Vip $850
15031,1503147999077560,Male Vip $850
15032,1503209947994424,Male Vip $850
15033,1503312047994617,Male Vip $850
15034,1503490357014799,Male Vip $850
15035,1503550747997117,Male Vip $850
15036,1503626847990387,Male Vip $850
15037,1503737294799492,Male Vip $850
15038,1503834799917744,Male Vip $850
15039,1503992544799005,Male Vip $850
15040,1504072147997428,Male Vip $850
15041,1504193505347993,Male Vip $850
15042,1504247993114345,Male Vip $850
15043,1504333479987066,Male Vip $850
15044,1504415555784799,Male Vip $850
15045,1504536888447993,Male Vip $850
15046,1504644799507407,Male Vip $850
15047,1504747993038210,Male Vip $850
15048,1504884479963568,Male Vip $850
15049,1504947990554163,Male Vip $850
15050,1505047990857970,Male Vip $850
15051,1505124799366481,Male Vip $850
15052,1505215479913421,Male Vip $850
15053,1505347993837414,Male Vip $850
15054,1505447479912786,Male Vip $850
15055,1505558424799518,Male Vip $850
15056,1505647547995178,Male Vip $850
15057,1505762084799549,Male Vip $850
15058,1505801647995746,Male Vip $850
15059,1505953447995415,Male Vip $850
15060,1506034799878550,Male Vip $850
15061,1506135274547998,Male Vip $850
15062,1506248648947993,Male Vip $850
15063,1506366247998022,Male Vip $850
15064,1506405244704799,Male Vip $850
15065,1506596547995093,Male Vip $850
15066,1506684799581058,Male Vip $850
15067,1506747993649361,Male Vip $850
15068,1506896747992888,Male Vip $850
15069,1506947998162276,Male Vip $850
15070,1507070861624799,Male Vip $850
15071,1507199891734799,Male Vip $850
15072,1507247996994606,Male Vip $850
15073,1507347993918938,Male Vip $850
15074,1507451391479947,Male Vip $850
15075,1507594984799470,Male Vip $850
15076,1507632484799756,Male Vip $850
15077,1507747999873901,Male Vip $850
15078,1507855908247995,Male Vip $850
15079,1507978479957095,Male Vip $850
15080,1508064799386060,Male Vip $850
15081,1508195184799307,Male Vip $850
15082,1508247993139237,Male Vip $850
15083,1508360169574799,Male Vip $850
15084,1508479974799578,Male Vip $850
15085,1508594799894977,Male Vip $850
15086,1508627281944799,Male Vip $850
15087,1508716569094799,Male Vip $850
15088,1508828347993902,Male Vip $850
15089,1508915479980622,Male Vip $850
15090,1509069265447999,Male Vip $850
15091,1509175260479943,Male Vip $850
15092,1509247994953275,Male Vip $850
15093,1509303464799394,Male Vip $850
15094,1509497479903302,Male Vip $850
15095,1509565161247999,Male Vip $850
15096,1509647996848437,Male Vip $850
15097,1509701347994015,Male Vip $850
15098,1509857114064799,Male Vip $850
15099,1509934690604799,Male Vip $850
15100,1510054583804799,Male Vip $850
15101,1510157434799506,Male Vip $850
15102,1510298479948672,Male Vip $850
15103,1510328547992887,Male Vip $850
15104,1510424479963976,Male Vip $850
15105,1510508479914799,Male Vip $850
15106,1510637460447991,Male Vip $850
15107,1510777482247992,Male Vip $850
15108,1510836240479926,Male Vip $850
15109,1510972147996616,Male Vip $850
15110,1511047994375335,Male Vip $850
15111,1511138053147996,Male Vip $850
15112,1511219014799662,Male Vip $850
15113,1511324799621097,Male Vip $850
15114,1511442156479976,Male Vip $850
15115,1511538958747990,Male Vip $850
15116,1511610747994526,Male Vip $850
15117,1511789479999965,Male Vip $850
15118,1511847997337605,Male Vip $850
15119,1511916479998837,Male Vip $850
15120,1512076947284799,Male Vip $850
15121,1512194799990251,Male Vip $850
15122,1512284704347993,Male Vip $850
15123,1512347991044127,Male Vip $850
15124,1512426314799001,Male Vip $850
15125,1512503947994777,Male Vip $850
15126,1512613479925813,Male Vip $850
15127,1512786479933663,Male Vip $850
15128,1512817555479975,Male Vip $850
15129,1512949614479974,Male Vip $850
15130,1513006479943846,Male Vip $850
15131,1513164173947996,Male Vip $850
15132,1513247998826984,Male Vip $850
15133,1513354799552373,Male Vip $850
15134,1513484799384183,Male Vip $850
15135,1513580649484799,Male Vip $850
15136,1513664799516247,Male Vip $850
15137,1513798481947997,Male Vip $850
15138,1513801374799936,Male Vip $850
15139,1513984799335620,Male Vip $850
15140,1514008847994398,Male Vip $850
15141,1514187988747997,Male Vip $850
15142,1514207448364799,Male Vip $850
15143,1514320479901183,Male Vip $850
15144,1514453004799166,Male Vip $850
15145,1514560633347994,Male Vip $850
15146,1514620840147996,Male Vip $850
15147,1514729223479939,Male Vip $850
15148,1514838355647995,Male Vip $850
15149,1514993347993510,Male Vip $850
15150,1515007292047996,Male Vip $850
15151,1515139792114799,Male Vip $850
15152,1515247990149545,Male Vip $850
15153,1515394799658327,Male Vip $850
15154,1515496479918329,Male Vip $850
15155,1515586047991748,Male Vip $850
15156,1515681924799828,Male Vip $850
15157,1515725947999706,Male Vip $850
15158,1515816313154799,Male Vip $850
15159,1515939997547994,Male Vip $850
15160,1516034555254799,Male Vip $850
15161,test1,test
15162,test2,test
15163,test3,test
15164,test4,test
15165,test5,test
15166,IET6a15bd17787366.46710843,on3Ladies
15167,IET6a15bd1778cd54.42940095,on3Ladies
15168,IET6a15bd177911a1.13203287,on3Ladies
15169,IET6a1716a4c4e123.28514278,on3Ladies
15170,IET6a1716a4c53765.57746094,on3Ladies
15171,IET6a1716a4c57989.08666896,on3Ladies
15172,IET6a1740ec33a621.34026677,on3Ladies
15173,IET6a1740ec33f090.18646520,on3Ladies
15174,IET6a1740ec343162.11546187,on3Ladies
15175,IET6a184155ca1240.86242970,on3Ladies
15176,IET6a184155ca6a88.95200492,on3Ladies
15177,IET6a184155caae77.32710418,on3Ladies
15178,IET6a184f652e2497.33727572,on3Ladies
15179,IET6a184f652e8ad0.98434254,on3Ladies
15180,IET6a184f652edd39.65403039,on3Ladies
15181,IET6a18d897002b39.69059072,on3Ladies
15182,IET6a18d897007d47.22780069,on3Ladies
15183,IET6a18d89700c386.84029769,on3Ladies
15184,IET6a19adc8a8e753.97774665,on3Ladies
15185,IET6a19adc8a95181.36812252,on3Ladies
15186,IET6a19adc8a99987.14341372,on3Ladies
15187,IET6a19daa2c9d412.67777976,on3Ladies
15188,IET6a19daa2ca2162.86607958,on3Ladies
15189,IET6a19daa2ca5f92.74744991,on3Ladies
15190,IET6a19e150294a58.15393221,on3Ladies
15191,IET6a19e15029a9a1.53335422,on3Ladies
15192,IET6a19e15029eff6.48997285,on3Ladies
15193,IET6a1a2773b08a36.11454513,on3Ladies
15194,IET6a1a2773b0fb82.05439855,on3Ladies
15195,IET6a1a2773b14a34.88994761,on3Ladies
15196,IET6a1b55a8ea1838.06154661,on3Ladies
15197,IET6a1b55a8ea6969.90527170,on3Ladies
15198,IET6a1b55a8eaa821.58291142,on3Ladies
15199,IET6a1b8b2475f517.47867380,on3Ladies
15200,IET6a1b8b24763be2.54491707,on3Ladies
15201,IET6a1b8b247678f3.44407912,on3Ladies
15202,IET6a20a54d97bb16.57443305,on3Ladies
15203,IET6a20a54d982015.05559188,on3Ladies
15204,IET6a20a54d987da4.26244583,on3Ladies
15205,IET6a21f405a9d4e2.82272083,on3Ladies
15206,IET6a21f405aa3310.53727964,on3Ladies
15207,IET6a21f405aa7bd3.62790739,on3Ladies
15208,IET6a22b987a571d8.93030447,on3Ladies
15209,IET6a22b987a5be20.37591808,on3Ladies
15210,IET6a22b987a602a8.08023720,on3Ladies
15211,IET6a2449dc50f133.91022739,on3Ladies
15212,IET6a2449dc513ec3.79187572,on3Ladies
15213,IET6a2449dc517c23.80156572,on3Ladies
15214,IET6a29fdcdc82bf6.54502265,on3Ladies
15215,IET6a29fdcdc87f52.53002136,on3Ladies
15216,IET6a29fdcdc8c451.75330765,on3Ladies
15217,IET6a2af8751215c3.80318641,on3Ladies
15218,IET6a2af875125d20.72920031,on3Ladies
15219,IET6a2af875129f71.73533885,on3Ladies
15220,IET6a3b38961a11a7.63606431,on3Ladies
15221,IET6a3b38961a9444.52557708,on3Ladies
15222,IET6a3b38961adbf0.28062342,on3Ladies
15223,IET6a3dd518852211.35026670,on3Ladies
15224,IET6a3dd518857990.08218536,on3Ladies
15225,IET6a3dd51885d016.35208157,on3Ladies
15226,IET6a3de0d9a55f79.19715298,on3Ladies
15227,IET6a3de0d9a5a709.84417950,on3Ladies
15228,IET6a3de0d9a5e944.21564234,on3Ladies
15229,IET6a3eada9f1b985.14593905,on3Ladies
15230,IET6a3eada9f23ab5.41283838,on3Ladies
15231,IET6a3eada9f27fe6.69808705,on3Ladies
15232,IET6a3eae6aed1a41.02603322,on3Ladies
15233,IET6a3eae6aed5b20.93131355,on3Ladies
15234,IET6a3eae6aed9800.16327602,on3Ladies
15235,IET6a3ec11e1fda06.34121434,on3Ladies
15236,IET6a3ec11e202ac1.64745909,on3Ladies
15237,IET6a3ec11e208f22.30360198,on3Ladies
15238,IET6a3efa4b2068b9.86333526,on3Ladies
15239,IET6a3efa4b20bbd2.61160741,on3Ladies
15240,IET6a3efa4b210680.70190472,on3Ladies
15241,IET6a3fbb19af5827.98298974,on3Ladies
15242,IET6a3fbb19afa588.60159709,on3Ladies
15243,IET6a3fbb19afea04.51325954,on3Ladies
15244,IET6a41baf4987aa4.12562548,on3Ladies
15245,IET6a41baf498cb94.80113069,on3Ladies
15246,IET6a41baf4990d25.32126820,on3Ladies
15247,IET6a427f0e02c298.35490096,on3Ladies
15248,IET6a427f0e031a24.50632245,on3Ladies
15249,IET6a427f0e035a53.69590537,on3Ladies
15250,IET6a42f2b11e1246.95197462,on3Ladies
15251,IET6a42f2b11e54a6.75433000,on3Ladies
15252,IET6a42f2b11e9524.44308842,on3Ladies
15253,IET6a432e5e6f9ff7.62312011,on3Ladies
15254,IET6a432e5e6ff6c7.10022660,on3Ladies
15255,IET6a432e5e703ed1.57007435,on3Ladies
15256,IET6a439cac9b8930.94650000,on3Ladies
15257,IET6a439cac9bd4f5.80525652,on3Ladies
15258,IET6a439cac9c1766.21467473,on3Ladies
15259,IET6a443052398e09.05642920,on3Ladies
15260,IET6a44305239d7e1.63459188,on3Ladies
15261,IET6a4430523a1d47.25699653,on3Ladies
15262,IET6a4442580f2b20.90356597,on3Ladies
15263,IET6a4442580f7ff5.22565904,on3Ladies
15264,IET6a4442580fcaf7.15064174,on3Ladies
15265,IET6a4465bca84ac2.91330854,on3Ladies
15266,IET6a4465bca89dc2.16047197,on3Ladies
15267,IET6a4465bca8e175.90785357,on3Ladies
15268,IET6a446a01dc3486.56084747,on3Ladies
15269,IET6a446a01dc9051.42103087,on3Ladies
15270,IET6a446a01dcd774.73726257,on3Ladies
15271,IET6a45ddc1913e52.55594988,on3Ladies
15272,IET6a45ddc191a6a7.74287199,on3Ladies
15273,IET6a45ddc191f6c7.74650482,on3Ladies
15274,IET6a46ded9e9c7b5.73401545,on3Ladies
15275,IET6a46ded9ea1fc5.73634304,on3Ladies
15276,IET6a46ded9ea7246.93794581,on3Ladies
15277,IET6a481ae1304819.44193488,on3Ladies
15278,IET6a481ae1309db7.11291291,on3Ladies
15279,IET6a481ae130e426.46421936,on3Ladies
15280,IET6a48566740deb5.91985292,on3Ladies
15281,IET6a485667412663.14627826,on3Ladies
15282,IET6a4856674168d0.37113363,on3Ladies
15283,IET6a498f2ce485e5.08260665,on3Ladies
15284,IET6a498f2ce4d8d9.37185166,on3Ladies
15285,IET6a498f2ce51b46.87288382,on3Ladies
15286,IET6a49d184d6a677.40215770,on3Ladies
15287,IET6a49d184d6f6f6.87182230,on3Ladies
15288,IET6a49d184d738e9.75970127,on3Ladies
15289,IET6a4c348a033b06.20263841,on3Ladies
15290,IET6a4c348a0391f3.57211510,on3Ladies
15291,IET6a4c348a03e277.90346652,on3Ladies
15292,IET6a4d00ef581419.32842363,on3Ladies
15293,IET6a4d00ef5868d8.25909322,on3Ladies
15294,IET6a4d00ef58b208.89461902,on3Ladies
15295,IET6a4d34fb3ca4e8.12800241,on3Ladies
15296,IET6a4d34fb3ce252.77123557,on3Ladies
15297,IET6a4d34fb3d1dd7.63733242,on3Ladies
15298,IET6a4e71e1a0c288.86620299,on3Ladies
15299,IET6a4e71e1a11034.09116473,on3Ladies
15300,IET6a4e71e1a150c2.27114516,on3Ladies
15301,IET6a4ec2bb6e4680.58964730,on3Ladies
15302,IET6a4ec2bb6e9778.93818615,on3Ladies
15303,IET6a4ec2bb6edd29.53382004,on3Ladies
15304,IET6a4f0e8fe84d17.78862261,on3Ladies
15305,IET6a4f0e8fe8ae69.63955751,on3Ladies
15306,IET6a4f0e8fe8fff3.70253295,on3Ladies
15307,IET6a502fbfe68233.25032265,on3Ladies
15308,IET6a502fbfe6ddb7.01267630,on3Ladies
15309,IET6a502fbfe72541.37995579,on3Ladies
15310,IET6a51afe8727f55.53661240,on3Ladies
15311,IET6a51afe872ce31.67859189,on3Ladies
15312,IET6a51afe8730ca9.98936181,on3Ladies
15313,IET6a528a13dd5901.42460820,on3Ladies
15314,IET6a528a13ddc735.56583593,on3Ladies
15315,IET6a528a13de0b45.42198199,on3Ladies
15316,IET6a5508af089277.57586735,on3Ladies
15317,IET6a5508af08e000.80670220,on3Ladies
15318,IET6a5508af092282.90490159,on3Ladies
15319,IET6a556132d7ea04.45523705,on3Ladies
15320,IET6a556132d83bc1.49693330,on3Ladies
15321,IET6a556132d886e9.61627816,on3Ladies
15322,IET6a576f1220fed2.98932671,on3Ladies
15323,IET6a576f12214b21.26129668,on3Ladies
15324,IET6a576f12219763.67725119,on3Ladies
15325,IET6a582cc4e08544.57607951,on3Ladies
15326,IET6a582cc4e0d507.19204263,on3Ladies
15327,IET6a582cc4e116c2.60596500,on3Ladies
15328,IET6a5958ca476521.67968392,on3Ladies
15329,IET6a5958ca47cf29.35539957,on3Ladies
15330,IET6a5958ca483172.89738873,on3Ladies
15331,IET6a5a1f6207aea6.12115012,on3Ladies
15332,IET6a5a1f62081413.04709613,on3Ladies
15333,IET6a5a1f62086e71.53057993,on3Ladies
15334,IET6a5a45a4ca5cd8.96139758,on3Ladies
15335,IET6a5a45a4cac581.54163570,on3Ladies
15336,IET6a5a45a4cb0a72.11131977,on3Ladies
15337,IET6a5be1a85091e1.00697051,on3Ladies
15338,IET6a5be1a85126f2.13123580,on3Ladies
15339,IET6a5be1a8517156.14710511,on3Ladies
15340,IET6a5c118e3a96b0.91886073,on3Ladies
15341,IET6a5c118e3af0e9.26043596,on3Ladies
15342,IET6a5c118e3b39b1.39501940,on3Ladies
15343,IET6a5c2ff3b73c24.89002663,on3Ladies
15344,IET6a5c2ff3b788e8.22327318,on3Ladies
15345,IET6a5c2ff3b7cbd0.00612088,on3Ladies
15346,IET6a5eb94a973510.27401089,on3Ladies
15347,IET6a5eb94a9795f4.18202160,on3Ladies
15348,IET6a5eb94a97e363.38177400,on3Ladies
15349,IET6a5f9c17ed1de3.18385159,on3Ladies
15350,IET6a5f9c17ed66a3.06167829,on3Ladies
15351,IET6a5f9c18027997.59338605,on3Ladies
15352,IET6a5fd7562d19a1.04348246,on3Ladies
15353,IET6a5fd7562da509.54062419,on3Ladies
15354,IET6a5fd7562df770.83364939,on3Ladies
15355,IET6a60a50602fe16.95152363,on3Ladies
15356,IET6a60a506035506.20550802,on3Ladies
15357,IET6a60a506039605.05652536,on3Ladies
15358,IET6a610142e6d292.10521258,on3Ladies
15359,IET6a610142e72972.32058678,on3Ladies
15360,IET6a610142e77355.48161640,on3Ladies
15361,IET6a61466e378b54.01647085,on3Ladies
15362,IET6a61466e37db61.16778721,on3Ladies
15363,IET6a61466e3821e7.98958175,on3Ladies
15364,IET6a6155759d9857.52405555,on3Ladies
15365,IET6a6155759de314.16450491,on3Ladies
15366,IET6a6155759e23e8.54935280,on3Ladies
15367,IET6a62a490b66db2.26785944,on3Ladies
15368,IET6a62a490b73e24.40461918,on3Ladies
15369,IET6a62a490b78347.28926363,on3Ladies
15370,IET6a64e4254023a8.74486114,on3Ladies
15371,IET6a64e425407540.88234759,on3Ladies
15372,IET6a64e42540b5e5.43720297,on3Ladies
15373,IET6a64e7794df1f7.39949127,on3Ladies
15374,IET6a64e7794e6591.90614041,on3Ladies
15375,IET6a64e7794ea5a5.82906018,on3Ladies
15376,IET6a666bc9c338f3.43761547,on3Ladies
15377,IET6a666bc9c3e625.08119335,on3Ladies
15378,IET6a666bc9c44fe6.14331448,on3Ladies
15379,IET6a6909f7007636.77743121,on3Ladies
15380,IET6a6909f700cdd0.33414269,on3Ladies
15381,IET6a6909f7011303.55832638,on3Ladies
15382,IET6a694d2870b8a5.61482037,on3Ladies
15383,IET6a694d2870fbd7.19263535,on3Ladies
15384,IET6a694d28713664.76555275,on3Ladies
15385,IET6a6a1072c294d2.56831092,on3Ladies
15386,IET6a6a1072c2dc12.47965406,on3Ladies
15387,IET6a6a1072c318b3.60171102,on3Ladies
15388,IET6a6b171d4382e2.69094260,on3Ladies
15389,IET6a6b171d43d4b4.10798702,on3Ladies
15390,IET6a6b171d441de0.90108395,on3Ladies
15391,IET6a6c749110aba5.41493575,on3Ladies
15392,IET6a6c749110f7f0.22060812,on3Ladies
15393,IET6a6c7491113860.89866587,on3Ladies
15394,IET6a6d2bc7aa27f8.55945316,on3Ladies
15395,IET6a6d2bc7aa7352.80237845,on3Ladies
15396,IET6a6d2bc7aab524.40877625,on3Ladies
15397,IET6a6d2de9314f51.75042783,on3Ladies
15398,IET6a6d2de931aee0.59231208,on3Ladies
15399,IET6a6d2de93201c1.65400667,on3Ladies
15400,IET6a6e1d503047d9.02709717,on3Ladies
15401,IET6a6e1d5030b793.91053709,on3Ladies
15402,IET6a6e1d50311dd7.32905616,on3Ladies
15403,IET6a6e3fc2104cf3.55220789,on3Ladies
15404,IET6a6e3fc210a4b1.91546796,on3Ladies
15405,IET6a6e3fc210eef9.75663031,on3Ladies
15406,IET6a6f962d9e2569.34334082,on3Ladies
15407,IET6a6f962d9e7c12.92425672,on3Ladies
15408,IET6a6f962d9ec1b7.41145110,on3Ladies
15409,IET6a7a3251c50b79.02467250,on3Ladies
15410,IET6a7a3251c56362.21698912,on3Ladies
15411,IET6a7a3251c5a983.58404990,on3Ladies
15412,TK6a85efb375a310.89406822,onBackstage
15413,TK6a85efb3882d48.85080111,onBackstage
15414,TK6a85efb39f1e87.28456317,onBackstage
15415,TK6a85efb3a56330.90531512,onBackstage
15416,TK6a85efb3a9c012.80287291,onBackstage
15417,TK6a85efb3adc257.73236565,onBackstage
15418,TK6a85f066362f77.22512599,onBackstage
15419,TK6a85f0663a25c0.83881013,onBackstage
15420,TK6a899534e92329.67167687,onBackstage
15421,TK6a8995353a3f21.19658694,onBackstage
15422,TK6a89abaf2ef4e7.94450272,onBackstage
15423,TK6a89abaf674d06.33901559,onBackstage
15424,TK6a89abda2f6511.58398074,onBackstage
15425,TK6a89abda5a6c54.69203923,onBackstage
15426,TK6a89ac1255e0f0.91420855,onBackstage
15427,TK6a89ac127f23c3.84409252,onBackstage
15428,TK6a89ac520b8c81.47884644,onBackstage
15429,TK6a89ac52363276.08230799,onBackstage
15430,TK6a89aca803a064.38322434,onBackstage
15431,TK6a89aca834ad12.97005964,onBackstage
15432,TK6a89ace83251e9.65362754,onBackstage
15433,TK6a89ace85bc571.20011185,onBackstage
15434,TK6a89ad1e01bee6.82161911,onBackstage
15435,TK6a89ad1e359047.40625363,onBackstage
15436,TK6a89ad667929d0.33771084,onBackstage
15437,TK6a89ad66aa23a8.47465857,onBackstage
15438,TK6a89ad754ec0d5.11112071,onBackstage
15439,TK6a89ad7580e643.08749503,onBackstage
15440,TK6a89ad938a29b7.71857889,onBackstage
15441,TK6a89ad93c94656.37843089,onBackstage
15442,TK6a89aeabaa15a4.82747737,onBackstage
15443,TK6a89aeabeffb22.51668323,onBackstage
15444,TK6a89aed1095967.93646232,onBackstage
15445,TK6a89aed13b8505.55870249,onBackstage
15446,TK6a89aee1d1dcf9.00887200,onBackstage
15447,TK6a89aee2075604.99026795,onBackstage
15448,TK6a89af06317640.51919188,onBackstage
15449,TK6a89af0661e560.94602505,onBackstage
15450,TK6a89af37533f07.20875982,onBackstage
15451,TK6a89af37819d26.88143972,onBackstage
15452,TK6a89af78787201.23865352,onBackstage
15453,TK6a89af78a32927.89801296,onBackstage
15454,TK6a89af89aca2d1.44661169,onBackstage
15455,TK6a89af89d82b08.78473488,onBackstage
15456,TK6a89af91184e52.97914313,onBackstage
15457,TK6a89af914adb91.23044705,onBackstage
15458,TK6a89cd6a197280.69147175,onBackstage
15459,TK6a89cd6a4462d9.38206888,onBackstage
15460,TK6a89d31ecaa462.09738274,onBackstage
15461,TK6a89d31f33f006.67557817,onBackstage
15462,TK6a89dc043d3f53.66950927,onBackstage
15463,TK6a89dc0467bd80.82423075,onBackstage
15464,TK6a89deaee90532.05098188,onBackstage
15465,TK6a89deaf1e87d1.50706379,onBackstage
15466,TK6a89deaf48b852.26069527,onBackstage
15467,TK6a89deaf7311f8.91080361,onBackstage
15468,TK6a89deafa310c1.83409327,onBackstage
15469,TK6a89deafd3b164.75820234,onBackstage
15470,TK6a89deb00fe9a2.34228374,onBackstage
15471,TK6a89deb0400684.91346908,onBackstage
15472,TK6a89deb0710ab6.89927520,onBackstage
15473,TK6a89deb0a19721.98081589,onBackstage
15474,TK6a89deb0d329e2.15614416,onBackstage
15475,TK6a89deb10f4ad1.50555799,onBackstage
15476,TK6a89deb13a9743.27692452,onBackstage
15477,TK6a89df22eb62e8.53134682,onBackstage
15478,TK6a89df23217733.79007605,onBackstage
15479,TK6a89df2358a984.47965911,onBackstage
15480,TK6a89e022a722a3.40015614,onBackstage
15481,TK6a89e022daa821.53326238,onBackstage
15482,TK6a89e0231756d6.29115156,onBackstage
15483,TK6a89e0234f3f68.56551875,onBackstage
15484,TK6a89e023841dd5.34290799,onBackstage
15485,TK6a89e023ba4cc1.80592362,onBackstage
15486,TK6a89e023ec6229.17608360,onBackstage
15487,TK6a89e02429d9d4.03713584,onBackstage
15488,TK6a89e024661618.04156567,onBackstage
15489,TK6a89e024980114.56080494,onBackstage
15490,TK6a89e024c9d463.80902259,onBackstage
15491,TK6a89e02508f401.66947496,onBackstage
15492,TK6a89e27b2d5d29.47499023,onBackstage
15493,TK6a89e27b672b69.03445026,onBackstage
15494,TK6a89e27b96d579.62628048,onBackstage
15495,TK6a89e27bc12763.57087454,onBackstage
15496,TK6a89e27bec4963.93740877,onBackstage
15497,TK6a89e27c2341d3.39286427,onBackstage
15498,TK6a89e27c524ba4.59266345,onBackstage
15499,TK6a89e27c7c5eb0.85872685,onBackstage
15500,TK6a89e439a79071.04169723,onBackstage
15501,TK6a89e439e4bf25.79506548,onBackstage
15502,TK6a89e43a23a947.44257291,onBackstage
15503,TK6a89e43a54f313.93526734,onBackstage
15504,TK6a89e43a850450.75267662,onBackstage
15505,TK6a89e43ab6a5d5.89649981,onBackstage
15506,TK6a89e43ae15f79.51720381,onBackstage
15507,TK6a89e4da9648d5.38909306,onBackstage
15508,TK6a89e4dac639f8.34852550,onBackstage
15509,TK6a89e4daf1e720.67259536,onBackstage
15510,TK6a89e4db2af4a2.53627840,onBackstage
15511,TK6a89e4db57b747.42258095,onBackstage
15512,TK6a89e4db845687.62315753,onBackstage
15513,TK6a89e4dbb0ead6.93860696,onBackstage
15514,TK6a89e4dbe22b63.56260111,onBackstage
15515,TK6a89e4dc1f2d45.88430248,onBackstage
15516,TK6a89e4dc539457.62103184,onBackstage
15517,TK6a89f6df024ae7.34262039,onBackstage
15518,TK6a89f88ced4ed5.25762549,onBackstage
15519,TK6a89f88d396535.18455253,onBackstage
15520,TK6a89f9a76a49b2.78512523,onBackstage
15521,TK6a8a052d1e5df4.14846740,onBackstage
15522,TK6a8a052d4c9934.88882739,onBackstage
15523,TK6a8a052d7ee953.29920448,onBackstage
15524,TK6a8a052db17be4.58612559,onBackstage
15525,TK6a8a052de2f733.30475755,onBackstage
15526,TK6a8a052e208e40.63694296,onBackstage
15527,TK6a860b3b75b6f7.21474016,onCABANA c
15528,TK6a860b3b793390.72936548,onCABANA c
15529,TK6a860b3baf9638.38183866,onCABANA c
15530,TK6a860b3bb30163.72832625,onCABANA c
15531,TK6a860b3bb5e1d6.42004707,onCABANA c
15532,TK6a860b3bb8b273.84279408,onCABANA c
15533,TK6a860b3bef1282.02682952,onCABANA c
15534,TK6a860b3bf1f533.53110739,onCABANA c
15535,TK6a860b3c00b3f4.95353149,onCABANA c
15536,TK6a860b3c04f4b6.46538748,onCABANA c
15537,TK6a86f7afefa231.57801042,onCABANA c
15538,TK6a86f7b02d72b5.19441950,onCABANA c
15539,TK6a86f7b05dc457.47249932,onCABANA c
15540,TK6a86f7b08ccb18.53885075,onCABANA c
15541,TK6a86f7b0bbe527.80744615,onCABANA c
15542,TK6a871d29ef6f00.46657013,onCABANA c
15543,TK6a871d2a354a00.21838841,onCABANA c
15544,TK6a871d2a642310.27263596,onCABANA c
15545,TK6a871d2a94b2b3.65540757,onCABANA c
15546,TK6a871d2ac3e344.48387743,onCABANA c
15547,TK6a871d2af41a57.11195358,onCABANA c
15548,TK6a871d2b3158f4.33545503,onCABANA c
15549,TK6a871d2b60a807.96101518,onCABANA c
15550,TK6a871d2b9028f5.06810762,onCABANA c
15551,TK6a871d2bc153a5.94437341,onCABANA c
15552,TK6a871d2bf21e25.46860907,onCABANA c
15553,TK6a871d2c2e20a1.88167300,onCABANA c
15554,TK6a87298a494834.46657550,onCABANA c
15555,TK6a87298a74a666.76983341,onCABANA c
15556,TK6a87408105dc42.31706941,onCABANA c
15557,TK6a87408134ec90.10058350,onCABANA c
15558,TK6a8740816027b7.21951732,onCABANA c
15559,TK6a874081924095.99598168,onCABANA c
15560,TK6a874081c2f831.65790351,onCABANA c
15561,TK6a874081f34274.22472433,onCABANA c
15562,TK6a874082310f47.76383470,onCABANA c
15563,TK6a8740826199b0.83808455,onCABANA c
15564,TK6a8740829343a3.97184679,onCABANA c
15565,TK6a874082c351d7.41833639,onCABANA c
15566,TK6a88c5a2dcf8b4.40924369,onCABANA c
15567,TK6a88c5a31f2750.28824522,onCABANA c
15568,TK6a89a3254cd235.36658286,onCABANA c
15569,TK6a89bbe8943975.76150020,onCABANA c
15570,TK6a89bbe8d09a35.37872285,onCABANA c
15571,TK6a89bbfc890a70.09749702,onCABANA c
15572,TK6a89bbfcbd2f62.00321475,onCABANA c
15573,TK6a89d3b618f8e2.70067028,onCABANA c
15574,TK6a89d3b64e3391.30158694,onCABANA c
15575,TK6a89d3b6800572.85604637,onCABANA c
15576,TK6a89d3b6aff697.99043856,onCABANA c
15577,TK6a89e85b7b2c03.01428401,onCABANA c
15578,TK6a89e85ba55b27.35218076,onCABANA c
15579,TK6a89e85bd081e3.62150425,onCABANA c
15580,TK6a8a05c7dd22b1.33544229,onCABANA c
15581,TK6a8a05c8179551.08167370,onCABANA c
15582,TK6a8a05c8469590.07798930,onCABANA c
15583,TK6a8a05c86ec7f2.02059254,onCABANA c
15584,TK6a8a05c8993ab4.33187502,onCABANA c
15585,TK6a8a05c8c0f151.33684024,onCABANA c
15586,TK6a8a05c8ea29b2.66445006,onCABANA c
15587,TK6a8a05c91d7590.62060467,onCABANA c
15588,TK6a8a05c9576415.40292024,onCABANA c
15589,TK6a8a05c987cb58.62440589,onCABANA c
15590,TK6a8a05c9b801b2.05614014,onCABANA c
15591,TK6a8a05c9e92353.54792606,onCABANA c
15592,TK6a8a05ca24ad44.78949373,onCABANA c
15593,TK6a8a05ca5b44d1.54017686,onCABANA c
15594,TK6a8a05ca8955b9.98590435,onCABANA c
15595,TK6a8a05cab93638.32945737,onCABANA c
15596,TK6a8a05cae2abb9.01657536,onCABANA c
15597,TK6a8a05cb172820.33045758,onCABANA c
15598,IET6a1a40a48f2292.68655022,onCabana 
15599,IET6a1a40a48f7d24.56614298,onCabana 
15600,IET6a1a40a48fee56.07553897,onCabana 
15601,IET6a1a40a4903965.63941403,onCabana 
15602,IET6a1a40a4907c02.48172044,onCabana 
15603,IET6a1a40a490bd21.99600243,onCabana 
15604,IET6a1a40a490fed9.11097420,onCabana 
15605,IET6a1a40a49141d1.25374409,onCabana 
15606,IET6a1a40a4918824.32304658,onCabana 
15607,IET6a1a40a491c9e2.31339139,onCabana 
15608,TK6a8479de72e2d6.82324551,onCabana 
15609,TK6a8479de78bf52.92198968,onCabana 
15610,TK6a8479de7d0ce4.60067519,onCabana 
15611,TK6a8479de815601.26315671,onCabana 
15612,TK6a8479de852307.22640167,onCabana 
15613,TK6a8479de89aa44.39606091,onCabana 
15614,TK6a8479de9073e9.41234168,onCabana 
15615,TK6a8479de98aae9.31117077,onCabana 
15616,TK6a8479de9c7fb8.13081690,onCabana 
15617,TK6a8479dea45358.64110185,onCabana 
15618,TK6a85d94956a395.23300769,onCabana 
15619,TK6a85d9495a7eb0.97431582,onCabana 
15620,TK6a85d94961f9b5.63279499,onCabana 
15621,TK6a85d94968c501.52338750,onCabana 
15622,TK6a85d9496f9cb3.25107124,onCabana 
15623,TK6a85d949797d15.35215217,onCabana 
15624,TK6a85d949823a50.97104629,onCabana 
15625,TK6a85d9498d1881.19468988,onCabana 
15626,TK6a85d94994b506.58552116,onCabana 
15627,TK6a85d9499cb466.97267610,onCabana 
15628,TK6a8609aef38787.70437855,onCabana 
15629,TK6a8609af0b4ec6.58257393,onCabana 
15630,TK6a8609af12b662.20075618,onCabana 
15631,TK6a8609af184016.10860433,onCabana 
15632,TK6a8609af1c7a88.46862962,onCabana 
15633,TK6a8609af203c69.59320312,onCabana 
15634,TK6a8609af2436f5.39845666,onCabana 
15635,TK6a8609af2b3975.34770985,onCabana 
15636,TK6a8609af338921.91500939,onCabana 
15637,TK6a8609af3b7674.66330104,onCabana 
15638,TK6a860a40629527.65644327,onCabana 
15639,TK6a860a40668942.21777299,onCabana 
15640,TK6a860a4069f514.73607116,onCabana 
15641,TK6a860a406dd8b9.57469585,onCabana 
15642,TK6a860a4070d359.71312231,onCabana 
15643,TK6a860a4074b410.93647066,onCabana 
15644,TK6a860a4078ace1.04175117,onCabana 
15645,TK6a860a407c76c9.14266845,onCabana 
15646,TK6a860a40805ce6.24450732,onCabana 
15647,TK6a860a40837294.89519993,onCabana 
15648,IET6a0b8e8363fe07.08904185,on eb gen
15649,IET6a0b8f00ae4b68.79232104,on eb gen
15650,IET6a0b9016729216.40190702,on eb gen
15651,IET6a0b901672de37.77933044,on eb gen
15652,IET6a0b902d670b76.54895995,on eb gen
15653,IET6a0b90bc8f47a5.90806722,on eb gen
15654,IET6a0b90dc9ee5d6.23408513,on eb gen
15655,IET6a0b91107069d6.76046965,on eb gen
15656,IET6a0b911070c3b2.31343451,on eb gen
15657,IET6a0b9110710d08.23328553,on eb gen
15658,IET6a0b914f960f63.54399942,on eb gen
15659,IET6a0b91fde40870.25615262,on eb gen
15660,IET6a0b91fde469b7.06780969,on eb gen
15661,IET6a0b925940bb65.90227601,on eb gen
15662,IET6a0b9259410d72.75823083,on eb gen
15663,IET6a0b92cbab8ab3.55439096,on eb gen
15664,IET6a0b92df5c2d38.71171684,on eb gen
15665,IET6a0b92df5c8a78.72131545,on eb gen
15666,IET6a0b92e22ec407.17938644,on eb gen
15667,IET6a0b92e34f0212.70556429,on eb gen
15668,IET6a0b936e8f81b2.51921071,on eb gen
15669,IET6a0b9383388885.16561884,on eb gen
15670,IET6a0b938338db68.66926461,on eb gen
15671,IET6a0b9383391d33.15850399,on eb gen
15672,IET6a0b94697b8be8.06020167,on eb gen
15673,IET6a0b94fa9d8032.53791718,on eb gen
15674,IET6a0b950ecd2ed2.66997272,on eb gen
15675,IET6a0b950ecd7e53.38658215,on eb gen
15676,IET6a0b966c779191.72439694,on eb gen
15677,IET6a0b96974dd4d1.86788467,on eb gen
15678,IET6a0b96974e28b0.10523119,on eb gen
15679,IET6a0b96974e81e7.31620716,on eb gen
15680,IET6a0b9710ddb603.76570489,on eb gen
15681,IET6a0b975c45fc68.33167075,on eb gen
15682,IET6a0b975c4659c0.89445469,on eb gen
15683,IET6a0b97a9e09843.27301664,on eb gen
15684,IET6a0b97a9e0f593.81557601,on eb gen
15685,IET6a0b980a1df216.05841416,on eb gen
15686,IET6a0b98dad1a660.16687688,on eb gen
15687,IET6a0b9917b34916.69228342,on eb gen
15688,IET6a0b9917b3a6b9.98988249,on eb gen
15689,IET6a0b999d55e2f5.30038193,on eb gen
15690,IET6a0b99b45d3761.62514600,on eb gen
15691,IET6a0b9acc916610.66994105,on eb gen
15692,IET6a0b9b86514129.71459593,on eb gen
15693,IET6a0b9c416fccc2.85756675,on eb gen
15694,IET6a0b9d34c78471.87318721,on eb gen
15695,IET6a0b9e21391ed4.95357822,on eb gen
15696,IET6a0b9e24995322.39549120,on eb gen
15697,IET6a0bafe32418b7.11872072,on eb gen
15698,IET6a0b8d19daf7a1.54948162,on eb vip
15699,IET6a0b8da8633891.88530258,on eb vip
15700,IET6a0b8f05d90b17.49390302,on eb vip
15701,IET6a0b8f05d959e6.27316655,on eb vip
15702,IET6a0b8f57c74e21.76422322,on eb vip
15703,IET6a0b8f57c79ea2.58301614,on eb vip
15704,IET6a0b8f702fab85.41337465,on eb vip
15705,IET6a0b8f703005b4.08697351,on eb vip
15706,IET6a0b8f970d6343.36084854,on eb vip
15707,IET6a0b8fb7044927.82615096,on eb vip
15708,IET6a0b8ff9dcafa4.17743971,on eb vip
15709,IET6a0b8ff9dd03b9.50198897,on eb vip
15710,IET6a0b9069899b16.80268167,on eb vip
15711,IET6a0b90e14e8978.89104189,on eb vip
15712,IET6a0b90e6e87812.19879498,on eb vip
15713,IET6a0b90e6e8c2e3.55805548,on eb vip
15714,IET6a0b9133d438c6.85921467,on eb vip
15715,IET6a0b9133d489c6.82749018,on eb vip
15716,IET6a0b9141a58ce5.90468465,on eb vip
15717,IET6a0b9141a5e797.04276737,on eb vip
15718,IET6a0b9141a63174.72207764,on eb vip
15719,IET6a0b91f857c559.09042809,on eb vip
15720,IET6a0b92d322b6f6.75653570,on eb vip
15721,IET6a0b92d322fdb4.81594726,on eb vip
15722,IET6a0b92eea8fef5.89584651,on eb vip
15723,IET6a0b92f5691c69.33435809,on eb vip
15724,IET6a0b9314dcb846.85014095,on eb vip
15725,IET6a0b9314dcf977.36831758,on eb vip
15726,IET6a0b9342996d15.62253528,on eb vip
15727,IET6a0b934299ccd8.66605646,on eb vip
15728,IET6a0b9394219e51.38223233,on eb vip
15729,IET6a0b9481c38599.78308696,on eb vip
15730,IET6a0b9481c3de19.02834750,on eb vip
15731,IET6a0b949e396cc3.75680188,on eb vip
15732,IET6a0b94e441b3d3.56050708,on eb vip
15733,IET6a0b96d0d2f4a5.46310166,on eb vip
15734,IET6a0b96fb28d816.55405937,on eb vip
15735,IET6a0b983b18d3a5.96756398,on eb vip
15736,IET6a0b9849b4d5e8.16208040,on eb vip
15737,IET6a0b9881035bb1.34860026,on eb vip
15738,IET6a0b98a9c52d43.83219383,on eb vip
15739,IET6a0b995f8feaa2.25153913,on eb vip
15740,IET6a0b99a469fc03.84512161,on eb vip
15741,IET6a0b99c44200e6.43897003,on eb vip
15742,IET6a0b99c4424cd6.08089973,on eb vip
15743,IET6a0b99c4428c06.52304239,on eb vip
15744,IET6a0b9ef72b6297.91783177,on eb vip
15745,IET6a0ba7ec90a019.46992948,on eb vip
15746,IET6a0bae12573839.58371208,on eb vip
15747,IET6a0bb5da2af925.39128615,on eb vip
15748,TK6a8768b5b07292.60143667,on eb vip
15749,TK6a8768b5dffb04.08819751,on eb vip
15750,TK6a8768b61da612.63351545,on eb vip
15751,TK6a8768b650bad3.53207366,on eb vip
15752,TK6a8768b680b812.17471578,on eb vip
15753,TK6a8768b6aa6317.89805141,on eb vip
15754,TK6a8768b6d55645.95233596,on eb vip
15755,TK6a8768b70a9618.66457879,on eb vip
15756,TK6a8768b7393bd2.21226717,on eb vip
15757,TK6a8768b76412e8.04248607,on eb vip
15758,TK6a8768b78ea244.28081894,on eb vip
15759,TK6a8768b7b85bc5.20560521,on eb vip
15760,TK6a7f8c68c92040.90714018,on gen co
15761,TK6a7f8c71bb57a2.17395862,on gen co
15762,TK6a7f8c7bef59e9.71045514,on gen co
15763,TK6a7f8c8a1888b1.57926174,on gen co
15764,TK6a7f8c9d6c3e26.83501026,on gen co
15765,TK6a7f8ca7e4e106.75296905,on gen co
15766,TK6a7f8cb69fb2e8.35960669,on gen co
15767,TK6a7f8ce13b1353.89517746,on gen co
15768,TK6a7f8cf064df35.58871341,on gen co
15769,TK6a7f8cfb54eaf4.15139537,on gen co
15770,TK6a7f8d08a770e7.61650458,on gen co
15771,TK6a7f8d14ae0054.85825518,on gen co
15772,TK6a7f8d26e88706.79792968,on gen co
15773,TK6a7f8d6951d323.11446783,on gen co
15774,TK6a7f8d7817a288.95134387,on gen co
15775,TK6a7f8d82aee955.49529876,on gen co
15776,TK6a8352650a2d50.82615393,on gen co
15777,TK6a8352653a4540.50291228,on gen co
15778,TK6a83526569d476.54151991,on gen co
15779,TK6a8352659b0649.70553935,on gen co
15780,TK6a835265cb9683.94469316,on gen co
15781,TK6a835266078a09.58294730,on gen co
15782,TK6a85ef7f0519d9.80880094,on gen co
15783,TK6a85ef7f08ca12.45509453,on gen co
15784,TK6a85ef7f0bb9a3.62804358,on gen co
15785,TK6a85ef7f0ef803.66279013,on gen co
15786,TK6a85ef7f130de7.67837909,on gen co
15787,TK6a85ef7f1809c8.50263019,on gen co
15788,TK6a85ef7f1c7de3.21943016,on gen co
15789,TK6a85ef7f217bf7.43256702,on gen co
15790,TK6a85ef7f25dad1.87012840,on gen co
15791,TK6a85ef7f2a6f46.98216725,on gen co
15792,TK6a85ef7f2f1cc4.31775219,on gen co
15793,TK6a85ef7f33a665.92987897,on gen co
15794,TK6a85ef7f386911.70683516,on gen co
15795,TK6a85ef7f3d4619.58790318,on gen co
15796,TK6a85ef7f41c6f7.98850847,on gen co
15797,TK6a85ef7f46c2f8.89924240,on gen co
15798,TK6a85ef7f4bc060.61742998,on gen co
15799,TK6a85ef7f508fe4.19408184,on gen co
15800,TK6a85ef7f55da66.42657154,on gen co
15801,TK6a85ef7f5b3b94.15739365,on gen co
15802,TK6a85f176c28fc1.71140630,on gen co
15803,TK6a85f176c7a392.88992433,on gen co
15804,TK6a85f176cc16f8.42496388,on gen co
15805,TK6a85f176d09fc1.74856252,on gen co
15806,TK6a85f176d552a9.30064378,on gen co
15807,TK6a85f176da0ba3.71166956,on gen co
15808,TK6a85f176defa69.22828316,on gen co
15809,TK6a85f176e37ff4.16619156,on gen co
15810,TK6a863bea8d72c1.04329565,on gen co
15811,TK6a863beab77ad3.04388889,on gen co
15812,TK6a86f4ea258584.85772513,on gen co
15813,TK6a86f4ea52b7a2.24404740,on gen co
15814,TK6a870c33b9f481.58381013,on gen co
15815,TK6a870c33ea5337.49961946,on gen co
15816,TK6a870c3427fd26.67903253,on gen co
15817,TK6a870c3452d973.22368625,on gen co
15818,TK6a870c347d5708.59980771,on gen co
15819,TK6a870c34a90dd0.27191084,on gen co
15820,TK6a870c34d3e763.13405039,on gen co
15821,TK6a870c350c0bb2.41450169,on gen co
15822,TK6a870c3536b429.51168787,on gen co
15823,TK6a870c35621286.34987352,on gen co
15824,TK6a870c5cc75792.84904148,on gen co
15825,TK6a870c5d02a615.77488841,on gen co
15826,TK6a870ea8aa5b01.42911324,on gen co
15827,TK6a870ea8dc9527.43638485,on gen co
15828,TK6a870ea911d0a8.36228211,on gen co
15829,TK6a870ea93c45b6.27508378,on gen co
15830,TK6a870ea96625e4.58693434,on gen co
15831,TK6a870ea9909da6.96234225,on gen co
15832,TK6a870ea9bc8956.27602607,on gen co
15833,TK6a870ea9e7d2a5.76866852,on gen co
15834,TK6a870eaa1d1350.36047158,on gen co
15835,TK6a870eaa4814a3.40943847,on gen co
15836,TK6a870eaa734d41.41949209,on gen co
15837,TK6a870eaaa1a902.45232533,on gen co
15838,TK6a870eaace8fd2.03202950,on gen co
15839,TK6a870eab09f134.07188037,on gen co
15840,TK6a870eab3bee22.02235462,on gen co
15841,TK6a870eab6d2ee6.95733427,on gen co
15842,TK6a870eab9d85c8.53506190,on gen co
15843,TK6a870eabcda782.64944643,on gen co
15844,TK6a870eac0d0fe4.81527936,on gen co
15845,TK6a870eac40c884.17585490,on gen co
15846,TK6a8726a5d63594.63791464,on gen co
15847,TK6a873d4f182d00.70582748,on gen co
15848,TK6a873d4f5b7ba1.59415731,on gen co
15849,TK6a877299b3ef72.52553163,on gen co
15850,TK6a877a025a8dd7.42938071,on gen co
15851,TK6a877b24a011c7.50457358,on gen co
15852,TK6a877b24d325b4.10540819,on gen co
15853,TK6a8784ec7d3511.73619942,on gen co
15854,TK6a8784ecab7432.37983050,on gen co
15855,TK6a8784ecdfece7.08488628,on gen co
15856,TK6a8784ed1e45b9.99129846,on gen co
15857,TK6a8784ed510cd6.70280958,on gen co
15858,TK6a8784ed8419d7.14859886,on gen co
15859,TK6a8784edb6a5f9.74304197,on gen co
15860,TK6a8784ede9df44.36972629,on gen co
15861,TK6a878971a37ea1.40318473,on gen co
15862,TK6a87a4ba9a46b3.93458765,on gen co
15863,TK6a87a4bacf0b65.51456222,on gen co
15864,TK6a8851108a74e5.49943429,on gen co
15865,TK6a885110b88258.73055094,on gen co
15866,TK6a885838357b24.27225377,on gen co
15867,TK6a88583868f377.03197841,on gen co
15868,TK6a885838d10c37.74028132,on gen co
15869,TK6a885d7976f921.55536867,on gen co
15870,TK6a885d79ca6db8.44065905,on gen co
15871,TK6a886b7a333b11.21624327,on gen co
15872,TK6a886b7a61fea2.45744120,on gen co
15873,TK6a886bfc1aa0e3.50492384,on gen co
15874,TK6a886bfc4d65b3.13433797,on gen co
15875,TK6a886bfc7f34e7.28985014,on gen co
15876,TK6a886d24d78745.05568671,on gen co
15877,TK6a886d25191707.69111546,on gen co
15878,TK6a886d254d0af4.87022482,on gen co
15879,TK6a886d25825f67.14365723,on gen co
15880,TK6a887450c87231.21894738,on gen co
15881,TK6a8886d4de9299.56588857,on gen co
15882,TK6a8886d533a884.69485700,on gen co
15883,TK6a888c2c0aee77.76538569,on gen co
15884,TK6a888c2c423b38.72869351,on gen co
15885,TK6a88ce0dc8ca97.75835740,on gen co
15886,TK6a88ce0e093fe2.76703044,on gen co
15887,TK6a88eb608648c4.93239555,on gen co
15888,TK6a88eb60bb8a25.70089697,on gen co
15889,TK6a88eb60ef48c9.51060891,on gen co
15890,TK6a88eb612e32e4.63243799,on gen co
15891,TK6a88eb6162eea8.00705617,on gen co
15892,TK6a89017539a4c8.00819030,on gen co
15893,TK6a8901757149d7.47292163,on gen co
15894,TK6a890175a6baa2.14074909,on gen co
15895,TK6a890175de2f01.33213541,on gen co
15896,TK6a8901761eafc8.96334115,on gen co
15897,TK6a890176540a10.65330408,on gen co
15898,TK6a890176881f80.45761325,on gen co
15899,TK6a890176bf0ba1.47766801,on gen co
15900,TK6a890176f36d71.02361985,on gen co
15901,TK6a890177348d98.46222782,on gen co
15902,TK6a890177690ed5.30816434,on gen co
15903,TK6a8901779ddb26.56780920,on gen co
15904,TK6a890177d4a021.20685572,on gen co
15905,TK6a890178158346.95153888,on gen co
15906,TK6a8901784ba786.06918452,on gen co
15907,TK6a8901787fb451.07090136,on gen co
15908,TK6a890178b7f792.97178119,on gen co
15909,TK6a890178f16206.02137159,on gen co
15910,TK6a89017954c633.56844294,on gen co
15911,TK6a8901798842a6.12134147,on gen co
15912,TK6a890179c13f15.37746258,on gen co
15913,TK6a89017a482be6.23162095,on gen co
15914,TK6a89017a7c6638.01696000,on gen co
15915,TK6a89017ab38657.12461707,on gen co
15916,TK6a89017ae8a888.19699174,on gen co
15917,TK6a89022410f5f1.35592692,on gen co
15918,TK6a89022449b353.91570528,on gen co
15919,TK6a890299378a12.32198056,on gen co
15920,TK6a8902a3228f62.77160719,on gen co
15921,TK6a8902a356bc70.57720494,on gen co
15922,TK6a8902a38b47b3.99847654,on gen co
15923,TK6a8902e3a9f7b0.73961729,on gen co
15924,TK6a8902e3de58f2.74938355,on gen co
15925,TK6a8902e41f9b99.29738980,on gen co
15926,TK6a89185c0b8097.22502035,on gen co
15927,TK6a89185c3f7dc7.59579669,on gen co
15928,TK6a89185c75a742.83610803,on gen co
15929,TK6a89185caba1d8.86935399,on gen co
15930,TK6a89185ce0f340.88833798,on gen co
15931,TK6a89185d211539.01264071,on gen co
15932,TK6a89185d55dbb1.95306801,on gen co
15933,TK6a89185d8b93c3.12930796,on gen co
15934,TK6a89185dc16c74.64457398,on gen co
15935,TK6a89185df3f9d2.79672200,on gen co
15936,TK6a8994a77a87e4.71658087,on gen co
15937,TK6a8994a7a69251.52356619,on gen co
15938,TK6a8994a7d886d3.13932312,on gen co
15939,TK6a8994a81628b7.38069435,on gen co
15940,TK6a8994a84914b5.23711998,on gen co
15941,TK6a8994b37e0626.46333950,on gen co
15942,TK6a8994b3a803d3.21304131,on gen co
15943,TK6a8994b3d3b6a4.39015774,on gen co
15944,TK6a8994b4098951.44082746,on gen co
15945,TK6a8994b43435b1.86858589,on gen co
15946,TK6a8995e6483e35.28672525,on gen co
15947,TK6a8995e679cbe9.39480828,on gen co
15948,TK6a89960ac2a543.19562678,on gen co
15949,TK6a89960aee3969.02791510,on gen co
15950,TK6a8997fd6ce843.17835113,on gen co
15951,TK6a8997fd9766e0.54218331,on gen co
15952,TK6a89a393861421.44487068,on gen co
15953,TK6a89a393b0eeb2.01063529,on gen co
15954,TK6a89c952a8a367.01351910,on gen co
15955,TK6a89cc33d98969.84563230,on gen co
15956,TK6a89cc341143c7.62417299,on gen co
15957,TK6a89d34fa66f32.94154207,on gen co
15958,TK6a89e5267be5a7.52246129,on gen co
15959,TK6a89e5279df090.76389177,on gen co
15960,TK6a89f725523b71.47347705,on gen co
15961,TK6a89f7258562b5.26854779,on gen co
15962,TK6a89f74f3d7da9.00665575,on gen co
15963,TK6a89f74f6e3e91.48423586,on gen co
15964,TK6a89f74f9c0b11.52092228,on gen co
15965,TK6a89f74fc7d148.16232258,on gen co
15966,TK6a8a03bd1b9834.74824664,on gen co
15967,TK6a8a03bd4ecd81.04844053,on gen co
15968,TK6a8a03bd7bb1a7.50283812,on gen co
15969,TK6a8a03bda78901.38032115,on gen co
15970,TK6a8a05cb451fe5.47971118,on gen co
15971,TK6a8a05cb6dbc02.01788571,on gen co
15972,TK6a8a05cb97b3b9.87002212,on gen co
15973,TK6a8a05cbc05e10.94205434,on gen co
15974,TK6a8a1442c4d3b6.07877263,on gen co
15975,TK6a8a1442ef3b37.37387214,on gen co
15976,TK6a8a1453982696.39076154,on gen co
15977,TK6a8a1453d3f6f1.90126733,on gen co
15978,TK6a8a161e6b8c21.52429257,on gen co
15979,IET6a0b98a5ee40b6.25282111,on genfem
15980,IET6a0b98c4c8f151.69569317,on genfem
15981,IET6a0b98ee1091f4.93389807,on genfem
15982,IET6a0b98efaecda2.53859272,on genfem
15983,IET6a0b98efaf2550.68916358,on genfem
15984,IET6a0b9907838336.90349480,on genfem
15985,IET6a0b992ee64768.64842031,on genfem
15986,IET6a0b994e3ae612.12867101,on genfem
15987,IET6a0b9971eac936.64192044,on genfem
15988,IET6a0b99c19664b9.28747134,on genfem
15989,IET6a0b99c4ee3b74.77643883,on genfem
15990,IET6a0b9a526591d0.40085641,on genfem
15991,IET6a0b9a73d42041.45596726,on genfem
15992,IET6a0b9ac0ae20a7.56396296,on genfem
15993,IET6a0b9b16088847.34741359,on genfem
15994,IET6a0b9b160902a1.04512124,on genfem
15995,IET6a0b9b57e0aee7.51701011,on genfem
15996,IET6a0b9bbe51ac39.17763984,on genfem
15997,IET6a0b9bc51e8da7.99006995,on genfem
15998,IET6a0b9be5e112c9.80900992,on genfem
15999,IET6a0b9bedc03da5.49902264,on genfem
16000,IET6a0b9c0b299770.67302602,on genfem
16001,IET6a0b9c29aff421.89047098,on genfem
16002,IET6a0b9c8c9f1051.66718237,on genfem
16003,IET6a0b9c956950a5.45405630,on genfem
16004,IET6a0b9cc425a574.87270093,on genfem
16005,IET6a0b9cc425f187.38858250,on genfem
16006,IET6a0b9ce946c9e5.87813453,on genfem
16007,IET6a0b9ce9471935.16956193,on genfem
16008,IET6a0b9cfa125f13.60790601,on genfem
16009,IET6a0b9d06045537.88780382,on genfem
16010,IET6a0b9d0b94e896.68024417,on genfem
16011,IET6a0b9d128ea4c1.10347915,on genfem
16012,IET6a0b9d128f1535.67819616,on genfem
16013,IET6a0b9d982d26b2.78152366,on genfem
16014,IET6a0b9d982d8273.36054514,on genfem
16015,IET6a0b9e12c58a72.04336394,on genfem
16016,IET6a0b9eabae4ff7.27162985,on genfem
16017,IET6a0b9ebe2184f8.21421086,on genfem
16018,IET6a0b9edb300c15.02499549,on genfem
16019,IET6a0b9fa728e570.57767681,on genfem
16020,IET6a0b9fa7292e35.79285151,on genfem
16021,IET6a0b9fa79b69a5.44894115,on genfem
16022,IET6a0b9faacc1389.29513572,on genfem
16023,IET6a0b9fdf8ac5f9.23888054,on genfem
16024,IET6a0ba067951b97.55226076,on genfem
16025,IET6a0ba07ee36e86.93144831,on genfem
16026,IET6a0ba0accd1337.15379229,on genfem
16027,IET6a0ba1017def73.84094562,on genfem
16028,IET6a0ba1df122274.14343679,on genfem
16029,IET6a0ba21edbf1d2.47270431,on genfem
16030,IET6a0ba28cd06672.76840350,on genfem
16031,IET6a0ba2adc13c45.05765076,on genfem
16032,IET6a0ba2adc1ab30.16604266,on genfem
16033,IET6a0ba2e1a34935.10521228,on genfem
16034,IET6a0ba2f0a972d6.14986334,on genfem
16035,IET6a0ba36c7ef535.05143983,on genfem
16036,IET6a0ba3a47c4104.02137291,on genfem
16037,IET6a0ba3a920f555.52798498,on genfem
16038,IET6a0ba4aa906743.40881833,on genfem
16039,IET6a0ba576a27bc8.89359858,on genfem
16040,IET6a0ba6c033fdb5.37073709,on genfem
16041,IET6a0ba709060247.15412452,on genfem
16042,IET6a0ba7170dcb72.95473244,on genfem
16043,IET6a0ba7170e3131.97587316,on genfem
16044,IET6a0ba82ac7ec50.67377572,on genfem
16045,IET6a0ba889521ea3.75336471,on genfem
16046,IET6a0ba8d0da5976.15089488,on genfem
16047,IET6a0ba917d1f3d4.39188185,on genfem
16048,IET6a0ba917d25926.40635526,on genfem
16049,IET6a0ba92c1db701.19682485,on genfem
16050,IET6a0ba94e161942.95250493,on genfem
16051,IET6a0baa3ad97d05.65587175,on genfem
16052,IET6a0bab9104c205.97617759,on genfem
16053,IET6a0bab910515c0.19550488,on genfem
16054,IET6a0babf9a86592.47701624,on genfem
16055,IET6a0babf9a8b632.27830601,on genfem
16056,IET6a0bac232a0b41.59138586,on genfem
16057,IET6a0bac6b0f6022.23103241,on genfem
16058,IET6a0bac76704474.78533025,on genfem
16059,IET6a0bada2ae1780.21594267,on genfem
16060,IET6a0bae3cddf543.57309989,on genfem
16061,IET6a0bae44491a67.07329122,on genfem
16062,IET6a0bae787b8736.82352523,on genfem
16063,IET6a0baed946cfe9.60462165,on genfem
16064,IET6a0baf0d76a5d4.98496306,on genfem
16065,IET6a0baf9479a7c1.01437785,on genfem
16066,IET6a0bafcbac1fc1.79172432,on genfem
16067,IET6a0bafcbac7ac1.56825069,on genfem
16068,IET6a0bb0b4b69419.62343685,on genfem
16069,IET6a0bb0c0a47cc9.41338813,on genfem
16070,IET6a0bb0e641b4c3.72429528,on genfem
16071,IET6a0bb0e64200b6.75947282,on genfem
16072,IET6a0bb0febe5485.80478556,on genfem
16073,IET6a0bb10d507081.97262073,on genfem
16074,IET6a0bb153578ef5.69805698,on genfem
16075,IET6a0bb17bdb9b92.83164502,on genfem
16076,IET6a0bb214b0f9f6.85587552,on genfem
16077,IET6a0bb28dc3fa13.21680938,on genfem
16078,IET6a0bb2dbac3b65.55015064,on genfem
16079,IET6a0bb300a1e832.21080405,on genfem
16080,IET6a0bb300a23889.00684791,on genfem
16081,IET6a0bb519475ef8.02453102,on genfem
16082,IET6a0bb5979ce0f7.81011569,on genfem
16083,IET6a0bbb23e6cc00.23510243,on genfem
16084,IET6a0bbbca351095.66976823,on genfem
16085,IET6a0bbdb8bd8db6.94114521,on genfem
16086,IET6a0bbdb8bdd808.13587741,on genfem
16087,IET6a0bc0aa824736.97695997,on genfem
16088,IET6a0bc12a198965.36511670,on genfem
16089,IET6a0bc22d8a6c75.49917851,on genfem
16090,IET6a0bc645926683.14888889,on genfem
16091,IET6a0bc7a73564c5.95285161,on genfem
16092,IET6a0bcb768dd9c2.10732160,on genfem
16093,IET6a0bcd7bf00539.79804029,on genfem
16094,IET6a0bcda3b7a979.95796629,on genfem
16095,IET6a0bd121af2689.30345658,on genfem
16096,IET6a0bd15f3f0d57.19837416,on genfem
16097,IET6a0bd4826946a2.52083694,on genfem
16098,IET6a0be59b7f9df7.68787348,on genfem
16099,IET6a0be6af396624.69392881,on genfem
16100,IET6a0c4a105dd079.23011482,on genfem
16101,IET6a0c4b274000e0.05644107,on genfem
16102,IET6a0c51db50c691.07119334,on genfem
16103,IET6a0c5370d2a714.54722315,on genfem
16104,IET6a0c571e78ffb4.91212762,on genfem
16105,IET6a0c574a982454.51529811,on genfem
16106,IET6a0c5d512fdc41.05903298,on genfem
16107,IET6a0c5dcf2cbd85.04022126,on genfem
16108,IET6a0c5dcf2d1641.22067970,on genfem
16109,IET6a0c5fa051e6c6.26379361,on genfem
16110,IET6a0c6023f27d39.34298097,on genfem
16111,IET6a0c60b57a4eb4.42223721,on genfem
16112,IET6a0c617829a993.99432927,on genfem
16113,IET6a0c61ac9a22d0.59410151,on genfem
16114,IET6a0c62387b90b4.32161931,on genfem
16115,IET6a0c6410746607.33646401,on genfem
16116,IET6a0c647533f469.97880946,on genfem
16117,IET6a0c6639ae4253.37430219,on genfem
16118,IET6a0c6d96d51ae1.41381585,on genfem
16119,IET6a0c6dc1bbfb43.51203714,on genfem
16120,IET6a0c6e10c55010.04874379,on genfem
16121,IET6a0c70b13b0398.03944828,on genfem
16122,IET6a0c70cb64dc76.08156980,on genfem
16123,IET6a0c70cb653d20.11004340,on genfem
16124,IET6a0c70cb658558.42938777,on genfem
16125,IET6a0c75ad3f0722.71445300,on genfem
16126,IET6a0c7663241e18.51986045,on genfem
16127,IET6a0c7759e1f231.68953597,on genfem
16128,IET6a0c79b99bb5c1.09186887,on genfem
16129,IET6a0c7a57d4fcb4.43454283,on genfem
16130,IET6a0c7b4a5f6057.96985968,on genfem
16131,IET6a0c7c70ec7626.89865179,on genfem
16132,IET6a0c7d79881bf5.33882035,on genfem
16133,IET6a0c7d798869a6.19384281,on genfem
16134,IET6a0c7dd791c3b7.04453909,on genfem
16135,IET6a0c7dea413571.67647866,on genfem
16136,IET6a0c7f06ce8f74.52722269,on genfem
16137,IET6a0c7f06cedd00.30339452,on genfem
16138,IET6a0c8225f248d7.96462434,on genfem
16139,IET6a0c83ac73f105.89645244,on genfem
16140,IET6a0c914c5d3a14.70863775,on genfem
16141,IET6a0c914c5d9eb3.80419376,on genfem
16142,IET6a0c919306fdd6.05897058,on genfem
16143,IET6a0c9603a6cee1.45914818,on genfem
16144,IET6a0c9e1e6d7bc3.37512754,on genfem
16145,IET6a0c9e84800cb6.63936366,on genfem
16146,IET6a0c9e84806743.14008353,on genfem
16147,IET6a0ca06ecd0692.37104545,on genfem
16148,IET6a0ca387a84cb0.66157405,on genfem
16149,IET6a0caaaf0fc185.61621775,on genfem
16150,IET6a0caaaf101366.73210475,on genfem
16151,IET6a0caf87a16e09.71664943,on genfem
16152,IET6a0cb01c83b6c9.16116316,on genfem
16153,IET6a0cb09cba8be6.85945313,on genfem
16154,IET6a0cb4dadd1f22.30142785,on genfem
16155,IET6a0cb50c9d7087.22409216,on genfem
16156,IET6a0cb84703dc68.74275163,on genfem
16157,IET6a0cbc61810b12.37030501,on genfem
16158,IET6a0cbc84000d46.41239337,on genfem
16159,IET6a0cbc84005fc9.83688414,on genfem
16160,IET6a0cbd9bc85c89.61609137,on genfem
16161,IET6a0cc472659435.00949050,on genfem
16162,IET6a0cc5e0daf8c2.01309575,on genfem
16163,IET6a0cc77ed94fa2.04304144,on genfem
16164,IET6a0cc791689a91.99875273,on genfem
16165,IET6a0cc8c91770e0.62118278,on genfem
16166,IET6a0cc93a99fb48.40643914,on genfem
16167,IET6a0cc93a9a5a35.47931388,on genfem
16168,IET6a0ccb583d4313.72443656,on genfem
16169,IET6a0ccb583da578.60260610,on genfem
16170,IET6a0cccfad26072.94284437,on genfem
16171,IET6a0cd4bee84791.63580359,on genfem
16172,IET6a0cd689b47136.30484214,on genfem
16173,IET6a0cdc244d10f9.23037212,on genfem
16174,IET6a0cde03e31938.70337433,on genfem
16175,IET6a0ce13bd3cd98.38150236,on genfem
16176,IET6a0ce3c0239235.89301772,on genfem
16177,IET6a0ce3ea35b581.15060437,on genfem
16178,IET6a0cea6727dab8.99370882,on genfem
16179,IET6a0ceac598f093.99374737,on genfem
16180,IET6a0ced3f00d352.12105914,on genfem
16181,IET6a0cedf46bf845.45392789,on genfem
16182,IET6a0cf0d3e5c2c0.32667778,on genfem
16183,IET6a0cf10d0a4713.02017643,on genfem
16184,IET6a0cf26a3038e4.09953609,on genfem
16185,IET6a0cf2c0265437.30917467,on genfem
16186,IET6a0cf2c026a795.54006006,on genfem
16187,IET6a0cf3eb28f2d4.09938667,on genfem
16188,IET6a0cf3eb294590.36094201,on genfem
16189,IET6a0cf3eb299070.02738409,on genfem
16190,IET6a0cf65a7e8409.61386733,on genfem
16191,IET6a0cf774f30a53.21492158,on genfem
16192,IET6a0cf774f353b0.79920120,on genfem
16193,IET6a0cf8f463a761.81448391,on genfem
16194,IET6a0cff0b3f53f0.65304986,on genfem
16195,IET6a0cff652c5c62.82555791,on genfem
16196,IET6a0d00b5c7f629.15357185,on genfem
16197,IET6a0d016a0a7360.30947215,on genfem
16198,IET6a0d0429e813c7.93791643,on genfem
16199,IET6a0d0651246d74.70455212,on genfem
16200,IET6a0d065124b387.69321559,on genfem
16201,IET6a0d083cef0a82.11622838,on genfem
16202,IET6a0d095aafa3f7.28281104,on genfem
16203,IET6a0d0b085d54d2.11801267,on genfem
16204,IET6a0d0b55356151.13243656,on genfem
16205,IET6a0d1052061fb9.05591581,on genfem
16206,IET6a0d1394315625.77298896,on genfem
16207,IET6a0d139431a238.88685199,on genfem
16208,IET6a0d1b7daa8b70.91275898,on genfem
16209,IET6a0d1b7daadbb8.67689445,on genfem
16210,IET6a0d1f286e18a2.38648426,on genfem
16211,IET6a0d20c2d13dc6.91663690,on genfem
16212,IET6a0d21889e7714.73463812,on genfem
16213,IET6a0d225aa59fa1.25027030,on genfem
16214,IET6a0d225aa5e904.30391314,on genfem
16215,IET6a0d26f4926916.17737801,on genfem
16216,IET6a0d361a043bc2.81581515,on genfem
16217,IET6a0d3cc5f0a8f1.56434054,on genfem
16218,IET6a0d87c104d9a5.35132526,on genfem
16219,IET6a0d92deb9afe4.76032426,on genfem
16220,IET6a0db4e687f2e3.04957787,on genfem
16221,IET6a0db51f6ad6c4.03537918,on genfem
16222,IET6a0db51f6b29a7.08876946,on genfem
16223,IET6a0db7fd445042.58954926,on genfem
16224,IET6a0dba694d8583.87825720,on genfem
16225,IET6a0dc964a572f9.73612782,on genfem
16226,IET6a0dcbf2821538.12027229,on genfem
16227,IET6a0dceeb6eb3d7.98366501,on genfem
16228,IET6a0dd064c18084.28009593,on genfem
16229,IET6a0dd4842f9a30.98981344,on genfem
16230,IET6a0dd7ddb4f8d4.53476459,on genfem
16231,IET6a0ddba8e100d9.06290587,on genfem
16232,IET6a0de14f17ae81.19227224,on genfem
16233,IET6a0deec4bf2ba9.02270689,on genfem
16234,IET6a0deec4bf7d49.97249299,on genfem
16235,IET6a0df08f085eb7.66502111,on genfem
16236,IET6a0df218ec59c6.28831727,on genfem
16237,IET6a0df218ecb6b4.12484064,on genfem
16238,IET6a0dfe5b2351e4.23486034,on genfem
16239,IET6a0e08bd67bf42.35517701,on genfem
16240,IET6a0e0943cff1a9.85683290,on genfem
16241,IET6a0e1bc5795f59.16820960,on genfem
16242,IET6a0e2108796287.64528136,on genfem
16243,IET6a0e23459f8c46.03540514,on genfem
16244,IET6a0e23459fdad3.67850817,on genfem
16245,IET6a0e34b13d13e5.45936085,on genfem
16246,IET6a0e34b13d6a97.57604602,on genfem
16247,IET6a0e39e7de6101.79602647,on genfem
16248,IET6a0e40efc7fcf1.04419168,on genfem
16249,IET6a0e43802c2a47.08264620,on genfem
16250,IET6a0e4b608983c2.94157623,on genfem
16251,IET6a0e4f34c8c049.36198319,on genfem
16252,IET6a0e515133aaa0.91260689,on genfem
16253,IET6a0e566843fd73.37119473,on genfem
16254,IET6a0e573b8589c0.52557575,on genfem
16255,IET6a0e5c07a108c1.87385699,on genfem
16256,IET6a0e6fdd841da8.48264483,on genfem
16257,IET6a0e8bf28c1af6.65692030,on genfem
16258,IET6a0f1bd76e9196.85813332,on genfem
16259,IET6a0f1bd76ee700.58707457,on genfem
16260,IET6a0f1e1c50fd20.51513853,on genfem
16261,IET6a0f20e17427d1.19398033,on genfem
16262,IET6a0f26ea17cbc8.44965941,on genfem
16263,IET6a0f28619daf53.46442127,on genfem
16264,IET6a0f2c4867c185.35667961,on genfem
16265,IET6a0f2c699612a1.72296003,on genfem
16266,IET6a0f2d8f35cf79.60678680,on genfem
16267,IET6a0f3396093eb1.10686473,on genfem
16268,IET6a0f3405a02401.08076736,on genfem
16269,IET6a0f370da0b089.34732185,on genfem
16270,IET6a0f39ed0c4c40.15661224,on genfem
16271,IET6a0f3f9097a334.70923439,on genfem
16272,IET6a0f730db57f97.35842103,on genfem
16273,IET6a108aaf483909.99106691,on genfem
16274,IET6a11a3e2e3d497.67815633,on genfem
16275,IET6a11b706187bb1.37185343,on genfem
16276,IET6a11c51f6776b0.80990071,on genfem
16277,IET6a11c544ba23e1.48010460,on genfem
16278,IET6a11c544ba7234.24660332,on genfem
16279,IET6a11c544bab253.19468893,on genfem
16280,IET6a11c88bc60210.58294665,on genfem
16281,IET6a11c88bc65ae8.69692345,on genfem
16282,IET6a11d919a66881.77890952,on genfem
16283,IET6a11e1a5dfd128.00700407,on genfem
16284,IET6a11e1a5e01d25.63659715,on genfem
16285,IET6a11f1f4d48c74.82944088,on genfem
16286,IET6a11ffd49df1b7.24900829,on genfem
16287,IET6a120bb71ff0a3.36384689,on genfem
16288,IET6a120e824e9c31.05640737,on genfem
16289,IET6a120e824ef968.00399941,on genfem
16290,IET6a121219675646.34368292,on genfem
16291,IET6a12121967a227.57252695,on genfem
16292,IET6a12121967e493.41766697,on genfem
16293,IET6a121c774f8ce9.86876413,on genfem
16294,IET6a122d294c8c45.58844095,on genfem
16295,IET6a1231da1339c3.52331589,on genfem
16296,IET6a1238a916e165.58538480,on genfem
16297,IET6a123a7a0eacf5.24450853,on genfem
16298,IET6a123e3baf3785.83710402,on genfem
16299,IET6a1242706d1da4.32863191,on genfem
16300,IET6a1242ef866ef8.26682019,on genfem
16301,IET6a1242ef86b9e2.41916782,on genfem
16302,IET6a1244e8c6d9d8.31506622,on genfem
16303,IET6a1246bfb4e748.22726927,on genfem
16304,IET6a1252e871b5c0.79968391,on genfem
16305,IET6a1257e26d3668.26236247,on genfem
16306,IET6a125abc4407d9.44584316,on genfem
16307,IET6a125abc444f98.11198348,on genfem
16308,IET6a126003b2e8f8.57471848,on genfem
16309,IET6a1260acb7c428.55979903,on genfem
16310,IET6a1261d6ee9d95.41351736,on genfem
16311,IET6a1265fd8a03c7.79247149,on genfem
16312,IET6a12b92c866bb6.28698274,on genfem
16313,IET6a13095f8e9b90.93837466,on genfem
16314,IET6a130cbff2ecf4.43275238,on genfem
16315,IET6a1318fa234878.38774501,on genfem
16316,IET6a132226dbfbe7.10246038,on genfem
16317,IET6a132408d0bcb4.45742765,on genfem
16318,IET6a1324c41cf430.34095884,on genfem
16319,IET6a1328589b67e0.06667577,on genfem
16320,IET6a1348bcee1218.64027220,on genfem
16321,IET6a13594191db46.11148239,on genfem
16322,IET6a135ef1502664.28283297,on genfem
16323,IET6a13954cb7a425.42550525,on genfem
16324,IET6a13ca014b78c9.68161824,on genfem
16325,IET6a13cba5167682.21610649,on genfem
16326,IET6a1443cd95cf04.42464475,on genfem
16327,IET6a145ab3354ff2.42372144,on genfem
16328,IET6a145c3294cae4.47808759,on genfem
16329,IET6a145fe91a8904.70144218,on genfem
16330,IET6a145fe91ae518.69129344,on genfem
16331,IET6a145fe91b2e88.01632741,on genfem
16332,IET6a1473d638cd53.62017339,on genfem
16333,IET6a147612ed8d63.75696371,on genfem
16334,IET6a14790e77c359.03517554,on genfem
16335,IET6a1482694ec857.10123480,on genfem
16336,IET6a1487a73f36c9.34187592,on genfem
16337,IET6a149e53b5d759.78808949,on genfem
16338,IET6a149e53b61c60.74854654,on genfem
16339,IET6a14a1b6e99813.04350331,on genfem
16340,IET6a14a1b6e9e0c6.88643938,on genfem
16341,IET6a14a8d9c86806.63930653,on genfem
16342,IET6a14b2f3997eb0.01869749,on genfem
16343,IET6a14b2f399dd04.33211446,on genfem
16344,IET6a14b6a9889fa9.63776453,on genfem
16345,IET6a14c23d675dd3.77657888,on genfem
16346,IET6a14e34c0c58f6.50076010,on genfem
16347,IET6a14e777e579b4.38282362,on genfem
16348,IET6a14f10f76e423.85981219,on genfem
16349,IET6a14f10f773440.86169934,on genfem
16350,IET6a14f6b90bce93.48295301,on genfem
16351,IET6a14f6b90c1e55.96069063,on genfem
16352,IET6a14f6fc3d09e7.98909410,on genfem
16353,IET6a14fc743c6d40.57574809,on genfem
16354,IET6a14fed6cc7323.92252828,on genfem
16355,IET6a150185f39876.53314789,on genfem
16356,IET6a1504b6520d86.31577034,on genfem
16357,IET6a151336581c40.65083761,on genfem
16358,IET6a159799403035.13221976,on genfem
16359,IET6a15a9ad424924.34980452,on genfem
16360,IET6a15c186353520.11580789,on genfem
16361,IET6a15ce1abc1001.99413184,on genfem
16362,IET6a15d27a1e3e53.61122571,on genfem
16363,IET6a15ddbb4afaa4.04595532,on genfem
16364,IET6a15ddbb4b4f17.47326469,on genfem
16365,IET6a15ddbb4b9412.14499646,on genfem
16366,IET6a15ddbb4bd7e8.35663464,on genfem
16367,IET6a15e632a0db59.41392661,on genfem
16368,IET6a160f8406b595.13264223,on genfem
16369,IET6a16106ce6b298.41139477,on genfem
16370,IET6a16154fa7f067.10140389,on genfem
16371,IET6a1622e59f3416.32459184,on genfem
16372,IET6a1633acaed707.98339657,on genfem
16373,IET6a1788662f2e19.71298600,on genfem
16374,IET6a1788662f7ae1.59907844,on genfem
16375,IET6a17889720db12.80139528,on genfem
16376,IET6a1791e1a4d7d4.72707197,on genfem
16377,IET6a1792af3e2138.16358066,on genfem
16378,IET6a17953adbb528.01294155,on genfem
16379,IET6a17ae22d9ade4.28062124,on genfem
16380,IET6a182b66dbd103.83571814,on genfem
16381,IET6a18438aa412d8.26349510,on genfem
16382,IET6a184558665877.09861897,on genfem
16383,IET6a18455866b306.49592359,on genfem
16384,IET6a18508795fa36.11382417,on genfem
16385,IET6a1888e92d1240.49192896,on genfem
16386,IET6a1888e92d5cd5.15773883,on genfem
16387,IET6a1888e92da620.88323840,on genfem
16388,IET6a18a40cab1468.64603567,on genfem
16389,IET6a18a40cab7140.79403034,on genfem
16390,IET6a18a635941540.65933183,on genfem
16391,IET6a18ae01bccc77.07524876,on genfem
16392,IET6a18b402c25735.87028917,on genfem
16393,IET6a18b4e4239f64.38891310,on genfem
16394,IET6a18c327609460.43194411,on genfem
16395,IET6a18cdd253f8a8.46040997,on genfem
16396,IET6a18d57a258c74.09711494,on genfem
16397,IET6a18e2977e6ad3.04818475,on genfem
16398,IET6a18e2977ebe92.27833935,on genfem
16399,IET6a18e8d1a63ab3.43896793,on genfem
16400,IET6a18ed8b54c9c7.57389249,on genfem
16401,IET6a18ff5307c2d4.58660142,on genfem
16402,IET6a19017934dc98.05450472,on genfem
16403,IET6a19458de16420.65292808,on genfem
16404,IET6a199149f28b97.27034479,on genfem
16405,IET6a19a226e77623.31010623,on genfem
16406,IET6a19d640cd6200.38229491,on genfem
16407,IET6a19d9b61f39a9.17925578,on genfem
16408,IET6a19dd07c1f4b2.75956549,on genfem
16409,IET6a19de06aae904.06342722,on genfem
16410,IET6a19dea2403e91.36240874,on genfem
16411,IET6a19e008234e51.56759203,on genfem
16412,IET6a19e0421b8f76.05470760,on genfem
16413,IET6a19e077d30675.25404751,on genfem
16414,IET6a19e077d363d1.51976156,on genfem
16415,IET6a19e07f471c46.54581719,on genfem
16416,IET6a19e0c2228197.59580895,on genfem
16417,IET6a19e1991018b4.26054299,on genfem
16418,IET6a19e41b1f9287.21209922,on genfem
16419,IET6a19ec7e327404.51658248,on genfem
16420,IET6a19ed12343ab1.49715352,on genfem
16421,IET6a19edd23ec019.40031213,on genfem
16422,IET6a19edd23f1f73.87673848,on genfem
16423,IET6a19f1406a8c69.90274760,on genfem
16424,IET6a19f1406adca0.55599210,on genfem
16425,IET6a19f1715ee591.75626255,on genfem
16426,IET6a19f412ccafd2.03603151,on genfem
16427,IET6a19f7f6916d24.05905049,on genfem
16428,IET6a19fc4bbcef51.73182508,on genfem
16429,IET6a19fdd8aa4971.53349662,on genfem
16430,IET6a19fe3d020c64.02775151,on genfem
16431,IET6a1a06396320a1.57045269,on genfem
16432,IET6a1a094480fa83.06759794,on genfem
16433,IET6a1a1d4dee9a77.98812563,on genfem
16434,IET6a1a335d6d2b38.52668485,on genfem
16435,IET6a1a335d6d7630.06306610,on genfem
16436,IET6a1a381fcf7866.47821630,on genfem
16437,IET6a1a381fcfe7f0.61963559,on genfem
16438,IET6a1a39bc6f4022.12260096,on genfem
16439,IET6a1a39bc6f9ba9.09457516,on genfem
16440,IET6a1a6136c4e8d8.62965083,on genfem
16441,IET6a1a718557a338.05522141,on genfem
16442,IET6a1aa2f6e68ae4.17755580,on genfem
16443,IET6a1ac75bb38dc6.94176823,on genfem
16444,IET6a1ae05b7f0db5.15295313,on genfem
16445,IET6a1afa38c5c6d7.07761672,on genfem
16446,IET6a1b1405aaf3a9.75301058,on genfem
16447,IET6a1b28cb915f26.25431481,on genfem
16448,IET6a1b2f330c4fe9.79263129,on genfem
16449,IET6a1b55a19a4bc1.52660278,on genfem
16450,IET6a1b57d873d960.92349840,on genfem
16451,IET6a1b5e45d18f31.00025397,on genfem
16452,IET6a1b6f1282f0b6.06431005,on genfem
16453,IET6a1b771c0a0d02.44288850,on genfem
16454,IET6a1b822665c3c0.88920808,on genfem
16455,IET6a1bb3d9f2ec46.48339880,on genfem
16456,IET6a1bb3d9f33940.83881940,on genfem
16457,IET6a1c5eb9dcc034.85609753,on genfem
16458,IET6a1c7dcb075712.13885962,on genfem
16459,IET6a1c8efa11b193.85216056,on genfem
16460,IET6a1c8efa120413.79312369,on genfem
16461,IET6a1c996a50ada2.44141966,on genfem
16462,IET6a1c9e5b581828.22221309,on genfem
16463,IET6a1c9e5b585fe6.38304247,on genfem
16464,IET6a1ca6c4abe2c2.74932807,on genfem
16465,IET6a1caa5bcc6a22.58441120,on genfem
16466,IET6a1cf783f1ba17.03165157,on genfem
16467,IET6a1d7a0a7c5487.90814231,on genfem
16468,IET6a1d8acb0a0db5.55027227,on genfem
16469,IET6a1dbbe8afac72.92963310,on genfem
16470,IET6a1dcdffbe4007.99193154,on genfem
16471,IET6a1dcdffbe9fd2.67275682,on genfem
16472,IET6a1de0a3753f73.34845254,on genfem
16473,IET6a1dfaee7a6c91.18536719,on genfem
16474,IET6a1e192192ef14.20819474,on genfem
16475,IET6a1e1e23b86326.02833795,on genfem
16476,IET6a1e1ff2d9d903.62183334,on genfem
16477,IET6a1e4ebec6a7f3.60872568,on genfem
16478,IET6a1ea4c760dfe8.03573678,on genfem
16479,IET6a1eea382bb646.88071799,on genfem
16480,IET6a1f068b1df6f8.81848182,on genfem
16481,IET6a1f4eb0167372.78403623,on genfem
16482,IET6a1f62e0ac0fb4.15241405,on genfem
16483,IET6a1f67c0e39581.93726367,on genfem
16484,IET6a1f806c728c87.58075092,on genfem
16485,IET6a206021010d45.98407716,on genfem
16486,IET6a20696e127a23.79289886,on genfem
16487,IET6a20a724707b62.89970810,on genfem
16488,IET6a20a883c1c8a0.00309721,on genfem
16489,IET6a20d2c87b3a94.96828457,on genfem
16490,IET6a20d8e31c6fd3.77140013,on genfem
16491,IET6a20e0d39f5b53.51441305,on genfem
16492,IET6a20ec0a4c1fa7.27754077,on genfem
16493,IET6a20fb7c9f3637.44729732,on genfem
16494,IET6a2195eda63e60.15270700,on genfem
16495,IET6a21b2962d3419.83600367,on genfem
16496,IET6a21b2962d8288.59837772,on genfem
16497,IET6a21b755a8edb9.90557841,on genfem
16498,IET6a21c2790a2c38.94665933,on genfem
16499,IET6a21eca23b5385.28085004,on genfem
16500,IET6a21eca23bc424.53151425,on genfem
16501,IET6a21f587e60a70.20341661,on genfem
16502,IET6a22bdd567cd32.70490441,on genfem
16503,IET6a22bdd5682904.61794350,on genfem
16504,IET6a22e863197cb8.35666635,on genfem
16505,IET6a230d9d85c2e3.09325826,on genfem
16506,IET6a23256f84d012.36933188,on genfem
16507,IET6a23307bc5fdc5.59580853,on genfem
16508,IET6a2337cf996bc7.56691240,on genfem
16509,IET6a243e359b8fa5.36863721,on genfem
16510,IET6a247d2073e458.19828078,on genfem
16511,IET6a247d20743020.33110252,on genfem
16512,IET6a24878d3eec03.07068838,on genfem
16513,IET6a249dd384f934.74159430,on genfem
16514,IET6a249eff743fa5.05288574,on genfem
16515,IET6a24a53186a534.89016824,on genfem
16516,IET6a259c4bc45219.46724548,on genfem
16517,IET6a25b8995c7af0.10199149,on genfem
16518,IET6a261371a893f1.94250646,on genfem
16519,IET6a26b67a326c69.94946715,on genfem
16520,IET6a26f9783da2a3.24740402,on genfem
16521,IET6a27121bba44e1.91869763,on genfem
16522,IET6a27575a66bd28.32606239,on genfem
16523,IET6a27b4ba2e9b61.57388354,on genfem
16524,IET6a27b4ba2ee0c4.73963146,on genfem
16525,IET6a27fb09c46f39.84905431,on genfem
16526,IET6a28126f390ac6.73618015,on genfem
16527,IET6a287c439cb075.26624462,on genfem
16528,IET6a299bde793624.20797896,on genfem
16529,IET6a29a41a16d5b3.16828121,on genfem
16530,IET6a29c81ba853f9.27295840,on genfem
16531,IET6a29fe10dc4013.17540485,on genfem
16532,IET6a2a23b58ccf95.37210342,on genfem
16533,IET6a2ae7fade80e8.51238597,on genfem
16534,IET6a2b492da6acf6.36338625,on genfem
16535,IET6a2b529ca6c8e1.88045293,on genfem
16536,IET6a2bd85ae95407.93072357,on genfem
16537,IET6a2bfcde939546.11436561,on genfem
16538,IET6a2c202e5432b1.62160790,on genfem
16539,IET6a2c4b089a6379.23157369,on genfem
16540,IET6a2c4b089ac430.14991461,on genfem
16541,IET6a2c4bfc8ca424.55885532,on genfem
16542,IET6a2c648ae86746.72515890,on genfem
16543,IET6a2c69bd400c20.70243141,on genfem
16544,IET6a2c8c276c7ce5.43751562,on genfem
16545,IET6a2cc5cf6409d0.04168768,on genfem
16546,IET6a2dafa7966a34.10269326,on genfem
16547,IET6a2eb0434feaf3.37856373,on genfem
16548,IET6a2eb043503695.64587484,on genfem
16549,IET6a2f3ad491a2e1.20874784,on genfem
16550,IET6a2f7191cf05c2.81975600,on genfem
16551,IET6a3010cb13fb16.77407492,on genfem
16552,IET6a3010cb1456d3.61590074,on genfem
16553,IET6a304bf5b01af5.17195098,on genfem
16554,IET6a3289a21faab4.62021557,on genfem
16555,IET6a32ca105feba8.89177674,on genfem
16556,IET6a330881e2eb21.39820495,on genfem
16557,IET6a330bbdc41459.62782336,on genfem
16558,IET6a33366a1234e1.61787617,on genfem
16559,IET6a340b8c178a90.02551410,on genfem
16560,IET6a340be0277339.96699023,on genfem
16561,IET6a3440a1ca3cc2.49423633,on genfem
16562,IET6a3545fbd7f4a8.17474590,on genfem
16563,IET6a3547a71dea33.20345949,on genfem
16564,IET6a35559a828e47.54158085,on genfem
16565,IET6a355df877e451.50289539,on genfem
16566,IET6a35890013b7b8.63073343,on genfem
16567,IET6a35c8dbb24ad0.42247098,on genfem
16568,IET6a35c8dbb2a3f5.45356363,on genfem
16569,IET6a361c2754aa08.86322547,on genfem
16570,IET6a370d2b533793.28764885,on genfem
16571,IET6a3718570d7ad1.20903884,on genfem
16572,IET6a380d137e0aa1.58679350,on genfem
16573,IET6a392be92b07a3.15976359,on genfem
16574,IET6a3941f0393069.13288568,on genfem
16575,IET6a39b515089158.60583031,on genfem
16576,IET6a39bf4819f298.90051786,on genfem
16577,IET6a39df65eb6775.90252793,on genfem
16578,IET6a39df65ebb107.81585367,on genfem
16579,IET6a3b28b96f4cb7.73938875,on genfem
16580,IET6a3b2920452df3.88124798,on genfem
16581,IET6a3bd583ebd0b7.18080333,on genfem
16582,IET6a3bd583ec26e3.61069024,on genfem
16583,IET6a3c2252cea225.90477805,on genfem
16584,IET6a3d537bd3a423.84401245,on genfem
16585,IET6a3d537bd3f364.80345944,on genfem
16586,IET6a3d56be5e8122.03500713,on genfem
16587,IET6a3db024966420.03788106,on genfem
16588,IET6a3db7587e9253.91272480,on genfem
16589,IET6a3db91518a563.64722117,on genfem
16590,IET6a3dbb3f188ec3.06364282,on genfem
16591,IET6a3dd6169cbb09.67407021,on genfem
16592,IET6a3dd6169d1295.09045484,on genfem
16593,IET6a3dd7286f64d3.53259914,on genfem
16594,IET6a3dd7a2ed6702.07321466,on genfem
16595,IET6a3de31ed7c606.57725074,on genfem
16596,IET6a3e19b962fa81.59801425,on genfem
16597,IET6a3e5578397376.82005981,on genfem
16598,IET6a3e60e44f20d4.36240360,on genfem
16599,IET6a3e78c38b2d22.23484675,on genfem
16600,IET6a3e8367acff04.56507456,on genfem
16601,IET6a3e893c73c9c7.07706511,on genfem
16602,IET6a3e893c741326.45241435,on genfem
16603,IET6a3e8a4ec7b413.79411796,on genfem
16604,IET6a3eb4efd3af81.95200380,on genfem
16605,IET6a3f1c48403d04.71961084,on genfem
16606,IET6a3f1da4560a59.19573029,on genfem
16607,IET6a3f21a0ca4bd1.42578774,on genfem
16608,IET6a3f23f3330716.24349467,on genfem
16609,IET6a3f2ea170c632.44682490,on genfem
16610,IET6a3f3de1410726.39347652,on genfem
16611,IET6a3f3f88795329.03341548,on genfem
16612,IET6a3fb773d92587.30049747,on genfem
16613,IET6a3fba330f2637.91405021,on genfem
16614,IET6a3fba330f71c0.27145102,on genfem
16615,IET6a3fd1e1506d09.38763493,on genfem
16616,IET6a3fd98283afa8.19236607,on genfem
16617,IET6a3fda2a6f1f78.85477440,on genfem
16618,IET6a3fee41bd4012.60083819,on genfem
16619,IET6a400258092433.09646123,on genfem
16620,IET6a40077c5fd796.90867420,on genfem
16621,IET6a400acf9bb978.52682608,on genfem
16622,IET6a401940aa89c7.13492015,on genfem
16623,IET6a401fbb01a3b6.74601441,on genfem
16624,IET6a403d80a89ce9.55979159,on genfem
16625,IET6a40489abee041.12239873,on genfem
16626,IET6a40489abf4a21.05292379,on genfem
16627,IET6a4049d8e07916.44516902,on genfem
16628,IET6a404c64640f87.07198180,on genfem
16629,IET6a40546746f518.87753221,on genfem
16630,IET6a405b3b7c3416.50831344,on genfem
16631,IET6a405f9373d5e2.63597526,on genfem
16632,IET6a406e0fd08a20.22014413,on genfem
16633,IET6a407e314e74f6.90667286,on genfem
16634,IET6a408030628bd1.69084976,on genfem
16635,IET6a40803062d883.09522569,on genfem
16636,IET6a409bc614ff71.05741875,on genfem
16637,IET6a410b823a92e8.74726347,on genfem
16638,IET6a414bfb96fb16.57953557,on genfem
16639,IET6a41595bd19634.55318981,on genfem
16640,IET6a41a7661986e3.22659261,on genfem
16641,IET6a41a76619d691.33374106,on genfem
16642,IET6a41b1589d54e7.03158896,on genfem
16643,IET6a41b4db7f5201.49454864,on genfem
16644,IET6a41b91a986b78.25409923,on genfem
16645,IET6a41bbe83f3ec2.41873751,on genfem
16646,IET6a4200d5ef1319.57092345,on genfem
16647,IET6a427767ad5942.95714287,on genfem
16648,IET6a42789503b2a7.06766297,on genfem
16649,IET6a427895040a82.29087857,on genfem
16650,IET6a428279e67821.91260161,on genfem
16651,IET6a428371c9c176.29615380,on genfem
16652,IET6a4283db6024b1.45163988,on genfem
16653,IET6a4286638dfff9.07450778,on genfem
16654,IET6a42888bd91430.26359862,on genfem
16655,IET6a42888bd96730.14003830,on genfem
16656,IET6a42888bd9aee6.88572738,on genfem
16657,IET6a42888be94e18.35457252,on genfem
16658,IET6a428af03376b3.25066044,on genfem
16659,IET6a42997eba1742.84873072,on genfem
16660,IET6a429d7259a869.10443328,on genfem
16661,IET6a42a641d0aa79.80585816,on genfem
16662,IET6a42a94c5ef792.22236788,on genfem
16663,IET6a42abc1984ec6.67692662,on genfem
16664,IET6a42abc198ab61.88790066,on genfem
16665,IET6a42b5894ed1d9.17490601,on genfem
16666,IET6a42c2542ff5e1.89520177,on genfem
16667,IET6a42c7146fcab8.03038541,on genfem
16668,IET6a42c714702100.31457184,on genfem
16669,IET6a42d1de5f2627.54205268,on genfem
16670,IET6a42d1de5f7998.14344307,on genfem
16671,IET6a42d620717595.90631430,on genfem
16672,IET6a42d62071cab1.78719868,on genfem
16673,IET6a42d620721252.41373639,on genfem
16674,IET6a42d6e0b4fcb3.01353881,on genfem
16675,IET6a42d7d06dfbc6.75646775,on genfem
16676,IET6a42dba74faa67.33328882,on genfem
16677,IET6a42dcc1c79757.31186648,on genfem
16678,IET6a42dfe5c893f6.28965136,on genfem
16679,IET6a42e236debfe9.89112696,on genfem
16680,IET6a42e236df1284.61573892,on genfem
16681,IET6a42ea9cdea8b4.65013236,on genfem
16682,IET6a42f270ada564.32427877,on genfem
16683,IET6a42f2b11dc698.57422449,on genfem
16684,IET6a430c7d173d36.24351706,on genfem
16685,IET6a431866457f93.10592916,on genfem
16686,IET6a4337908f1323.39135876,on genfem
16687,IET6a43b32ab9a702.05409366,on genfem
16688,IET6a43b801ab9f93.67921382,on genfem
16689,IET6a43c686d8ef30.56945109,on genfem
16690,IET6a43c9b116be82.01158362,on genfem
16691,IET6a43d3f5d9d260.21511798,on genfem
16692,IET6a43d3f5da33f1.02301401,on genfem
16693,IET6a43d417aba737.11956181,on genfem
16694,IET6a43edef897c35.64143746,on genfem
16695,IET6a43f79e230bf0.49699458,on genfem
16696,IET6a44046648d835.23341050,on genfem
16697,IET6a4407e3108147.35209462,on genfem
16698,IET6a440fc5ec2324.40711787,on genfem
16699,IET6a442965344cc3.03602347,on genfem
16700,IET6a442b251e9565.07861039,on genfem
16701,IET6a4432a7dac883.03390975,on genfem
16702,IET6a4432f6898220.23019361,on genfem
16703,IET6a4432f68a1301.99239176,on genfem
16704,IET6a44332d7cf2f2.80102864,on genfem
16705,IET6a44332d7d41c4.17369666,on genfem
16706,IET6a443aafb70a13.44968767,on genfem
16707,IET6a443c0e833b86.51879673,on genfem
16708,IET6a443c0e838802.00443747,on genfem
16709,IET6a443ccedeffa5.10956575,on genfem
16710,IET6a4443ae525fa3.49425143,on genfem
16711,IET6a444500befb97.48657202,on genfem
16712,IET6a4449d290f8b9.35512152,on genfem
16713,IET6a444fb4374e31.22118768,on genfem
16714,IET6a444fe38c3279.29478807,on genfem
16715,IET6a4455933aad77.40962324,on genfem
16716,IET6a4457277dc0c0.98589422,on genfem
16717,IET6a4460ba06f199.22823790,on genfem
16718,IET6a4465a6e7e068.28511897,on genfem
16719,IET6a446ae764d485.48158548,on genfem
16720,IET6a446c6ede9df8.96188820,on genfem
16721,IET6a446c8c5a5570.41358056,on genfem
16722,IET6a446c8c5abf86.34079872,on genfem
16723,IET6a446ead386773.86001756,on genfem
16724,IET6a446fc2d9adb3.58839529,on genfem
16725,IET6a446fc2da1247.15847244,on genfem
16726,IET6a4481f1b581c7.60649912,on genfem
16727,IET6a449a5f7851d2.99675357,on genfem
16728,IET6a44e604c96044.31590903,on genfem
16729,IET6a4502a3297087.44002974,on genfem
16730,IET6a4527913fc417.41204945,on genfem
16731,IET6a453c64f0d866.39306708,on genfem
16732,IET6a453c64f12ab6.58174713,on genfem
16733,IET6a455489008d71.79505017,on genfem
16734,IET6a45581ac6a7d1.70243299,on genfem
16735,IET6a456e40c04989.91819213,on genfem
16736,IET6a456e64573795.06203844,on genfem
16737,IET6a4575028e69b4.08989725,on genfem
16738,IET6a4585f0be79c9.53849295,on genfem
16739,IET6a458fe83ec199.91572486,on genfem
16740,IET6a45947763d551.82132250,on genfem
16741,IET6a459d464fae81.50281648,on genfem
16742,IET6a45ac78ed96e4.98438687,on genfem
16743,IET6a45ac78edf245.53391950,on genfem
16744,IET6a45afd1a09274.20197449,on genfem
16745,IET6a45b2c0ef7876.30052843,on genfem
16746,IET6a45b6763722e6.90216219,on genfem
16747,IET6a45b9b4ba6fa0.51952957,on genfem
16748,IET6a45c9b8d5ec91.71826692,on genfem
16749,IET6a45e9b7441698.52094621,on genfem
16750,IET6a463e95814b15.07755835,on genfem
16751,IET6a463e95819224.58523213,on genfem
16752,IET6a464851454214.97527104,on genfem
16753,IET6a465db3e5cfe6.26489454,on genfem
16754,IET6a4661f9007121.11775316,on genfem
16755,IET6a466790cb1589.77733753,on genfem
16756,IET6a4680ea1fe486.53903154,on genfem
16757,IET6a4680ea204ae8.19083337,on genfem
16758,IET6a468624b5caa6.62871350,on t2gen
16759,IET6a468624b61a28.17343617,on t2gen
16760,IET6a468624b65a50.51687926,on t2gen
16761,IET6a46c234ba4641.20619975,on t2gen
16762,IET6a46c947e3bfb5.89907752,on t2gen
16763,IET6a46d10650e480.38938876,on t2gen
16764,IET6a46d57b57ed52.68458963,on t2gen
16765,IET6a4716dbec0020.62364475,on t2gen
16766,IET6a471e0ed3b132.66850167,on t2gen
16767,IET6a47b28cd03729.71446483,on t2gen
16768,IET6a47c9d0bebe48.93009326,on t2gen
16769,IET6a47ee28032ab2.54243652,on t2gen
16770,IET6a48193e6b7a59.66833647,on t2gen
16771,IET6a483301d85832.26560708,on t2gen
16772,IET6a4868e7bc93a1.93172132,on t2gen
16773,IET6a48ea2d062012.20656807,on t2gen
16774,IET6a491c67df1cd1.47905066,on t2gen
16775,IET6a491c67df7ec4.20703229,on t2gen
16776,IET6a491d4fc9a2c6.20784659,on t2gen
16777,IET6a491d4fca0e35.34454247,on t2gen
16778,IET6a491d4fca55a7.77740921,on t2gen
16779,IET6a491d4fca9f38.66721948,on t2gen
16780,IET6a4982df148404.51109929,on t2gen
16781,IET6a49bf77eb4702.72600549,on t2gen
16782,IET6a49c6e1cf5e53.47478427,on t2gen
16783,IET6a49dc71157530.96500420,on t2gen
16784,IET6a4ab598923c36.85136320,on t2gen
16785,IET6a4b8c21822a03.96095059,on t2gen
16786,IET6a4bba3d3600c1.01195466,on t2gen
16787,IET6a4be3e9b85617.19592833,on t2gen
16788,IET6a4c226f265b38.15695464,on t2gen
16789,IET6a4c54c4309c40.71984142,on t2gen
16790,IET6a4c6e745bbaa9.30877910,on t2gen
16791,IET6a4d356f9279a8.77466410,on t2gen
16792,IET6a4d356f92e185.42134892,on t2gen
16793,IET6a4d7f8a60a0c2.35007534,on t2gen
16794,IET6a4e17cb219460.64908437,on t2gen
16795,IET6a4e729277fac6.54352134,on t2gen
16796,IET6a4e76483a8745.90804102,on t2gen
16797,IET6a4e894418e3c0.46846687,on t2gen
16798,IET6a4e89441945b5.75616967,on t2gen
16799,IET6a4ea5be51fb39.49412683,on t2gen
16800,IET6a4f8e7a7c7437.75144286,on t2gen
16801,IET6a4f8e7a7cc4f3.37033834,on t2gen
16802,IET6a4f918717aee1.65500522,on t2gen
16803,IET6a4f974c453516.15720667,on t2gen
16804,IET6a4ff2d62f11c7.09091575,on t2gen
16805,IET6a50704d1b04a8.75285660,on t2gen
16806,IET6a511ee21f48c6.40165542,on t2gen
16807,IET6a512abb2aa6c3.58490013,on t2gen
16808,IET6a514502ec3c04.66985821,on t2gen
16809,IET6a516420892e42.32665062,on t2gen
16810,IET6a516e6b7fe238.86559775,on t2gen
16811,IET6a51778be439d9.91739645,on t2gen
16812,IET6a51c50eead541.62144779,on t2gen
16813,IET6a522f99cb4870.61505073,on t2gen
16814,IET6a529417acb356.75323724,on t2gen
16815,IET6a52b2c902f5e4.45806615,on t2gen
16816,IET6a5302fe3dbd30.49928001,on t2gen
16817,IET6a531f03293ad1.27072652,on t2gen
16818,IET6a53b34ae5f950.40270933,on t2gen
16819,IET6a5439d8867552.29650082,on t2gen
16820,IET6a543e030f8982.11287579,on t2gen
16821,IET6a543e030fdcb0.08630704,on t2gen
16822,IET6a54cb3b028b11.14112696,on t2gen
16823,IET6a555d7c973ae4.69684525,on t2gen
16824,IET6a5572def2cba8.27227795,on t2gen
16825,IET6a5572def33182.94299234,on t2gen
16826,IET6a557ec826d1a5.33639281,on t2gen
16827,IET6a56584b405916.57648429,on t2gen
16828,IET6a566e42d5e344.79257744,on t2gen
16829,IET6a567c6cef9a54.06029567,on t2gen
16830,IET6a56847c129fe7.49089298,on t2gen
16831,IET6a56847c12fe52.05766532,on t2gen
16832,IET6a56ef479b1214.22124874,on t2gen
16833,IET6a56ef479b8142.23712770,on t2gen
16834,IET6a56f044bc3539.95757100,on t2gen
16835,IET6a5782fa22b094.84299831,on t2gen
16836,IET6a57bc42473a16.01273709,on t2gen
16837,IET6a57bc89447e47.21556735,on t2gen
16838,IET6a57cd86dc4791.96289053,on t2gen
16839,IET6a57f418470b81.56432496,on t2gen
16840,IET6a586a32794e42.02931541,on t2gen
16841,IET6a59599e8cf670.10779008,on t2gen
16842,IET6a5962fa83cbe3.96409928,on t2gen
16843,IET6a597d5b621f11.91105575,on t2gen
16844,IET6a5982da92f334.43476484,on t2gen
16845,IET6a5982da934233.24639850,on t2gen
16846,IET6a5982da937d39.99820423,on t2gen
16847,IET6a5a8c81e844a4.29985323,on t2gen
16848,IET6a5acc2ee509b7.98971631,on t2gen
16849,IET6a5bff3a9569b5.24524659,on t2gen
16850,IET6a5c1a299b8570.98317146,on t2gen
16851,IET6a5c23d6688ad5.34850188,on t2gen
16852,IET6a5cbc02d95711.27115270,on t2gen
16853,IET6a5cd57211dff5.35350187,on t2gen
16854,IET6a5cfeaeba6d03.86814225,on t2gen
16855,IET6a5d3919835803.40178305,on t2gen
16856,IET6a5d391983abd6.82415293,on t2gen
16857,IET6a5d391983f047.19448895,on t2gen
16858,IET6a5d650eae8388.78020871,on t2gen
16859,IET6a5d72141afe30.35955571,on t2gen
16860,IET6a5e6771107fa6.43604761,on t2gen
16861,IET6a5e79959ca968.69662043,on t2gen
16862,IET6a5e94bd8de722.98648953,on t2gen
16863,IET6a5ea67b10f6e9.70422665,on t2gen
16864,IET6a5ea7d5744b59.82210184,on t2gen
16865,IET6a5ea7d5749794.36383328,on t2gen
16866,IET6a5eac00d57fe2.70681742,on t2gen
16867,IET6a5eac00d5cdb4.49347270,on t2gen
16868,IET6a5ed11da3e347.97407478,on t2gen
16869,IET6a5eda7bb912b1.75246022,on t2gen
16870,IET6a5f9831a30ea1.84789716,on t2gen
16871,IET6a5fba7cd0cd27.05684434,on t2gen
16872,IET6a6027f4c108c4.92049594,on t2gen
16873,IET6a6133597434e6.60621410,on t2gen
16874,IET6a619287a2e671.38935975,on t2gen
16875,IET6a62657f495773.17409142,on t2gen
16876,IET6a62a3672cf585.04651186,on t2gen
16877,IET6a63424ae0e5d8.26665160,on t2gen
16878,IET6a63cec67011d8.78721516,on t2gen
16879,IET6a63d0909cad84.82591466,on t2gen
16880,IET6a63f0389161d2.99175489,on t2gen
16881,IET6a64900fd61c53.21679324,on t2gen
16882,IET6a64900fd663c5.16843239,on t2gen
16883,IET6a64bbc962c089.53139919,on t2gen
16884,IET6a64dd1c2ba6e6.41248765,on t2gen
16885,IET6a64fd392a59a7.61736329,on t2gen
16886,IET6a6509f5a0ad15.31890227,on t2gen
16887,IET6a6513977bcce8.49207824,on t2gen
16888,IET6a651c5d01dba8.52238617,on t2gen
16889,IET6a65285999a861.72935549,on t2gen
16890,IET6a652d94ea0ca6.69756898,on t2gen
16891,IET6a655b64cd2340.51835842,on t2gen
16892,IET6a6571a2c52bf6.63671059,on t2gen
16893,IET6a65d27039e869.31020658,on t2gen
16894,IET6a660b9e795233.10931651,on t2gen
16895,IET6a661ac9c5ebb5.75091573,on t2gen
16896,IET6a662a176708e4.54324147,on t2gen
16897,IET6a669198a18739.39595431,on t2gen
16898,IET6a67906856f9d7.16493219,on t2gen
16899,IET6a67ae54ba9593.21306351,on t2gen
16900,IET6a67c750a34766.99381909,on t2gen
16901,IET6a67fa854fcbb4.93001599,on t2gen
16902,IET6a67fa85501fc9.32814156,on t2gen
16903,IET6a6818929f99d7.90670066,on t2gen
16904,IET6a681a7b4ccae7.33038630,on t2gen
16905,IET6a68dec453e158.47470368,on t2gen
16906,IET6a692f6b839b04.45899537,on t2gen
16907,IET6a692f6b83e8b8.06279518,on t2gen
16908,IET6a6943a94c61d3.00087984,on t2gen
16909,IET6a6a6096b140a0.72545240,on t2gen
16910,IET6a6aa75adf21a4.42936953,on t2gen
16911,IET6a6ad312518421.58892391,on t2gen
16912,IET6a6b24df429658.79118468,on t2gen
16913,IET6a6b5e12e0fae3.96511821,on t2gen
16914,IET6a6b774e98bc40.03764192,on t2gen
16915,IET6a6b774e991ee4.81791836,on t2gen
16916,IET6a6b9181917d33.62186225,on t2gen
16917,IET6a6b9781a86d07.60613298,on t2gen
16918,IET6a6bae3b924608.56453933,on t2gen
16919,IET6a6bb7599d6922.66050275,on t2gen
16920,IET6a6bfc53744691.18422287,on t2gen
16921,IET6a6c6e05439c30.30004859,on t2gen
16922,IET6a6d09970af3c2.08107133,on t2gen
16923,IET6a6d09970b47c9.56228715,on t2gen
16924,IET6a6d0fb681abe6.33511509,on t2gen
16925,IET6a6d52e93d83b7.74653076,on t2gen
16926,IET6a6deb0f9def88.34990968,on t2gen
16927,IET6a6deb0f9e5242.02405497,on t2gen
16928,IET6a6df81bbd6681.81263769,on t2gen
16929,IET6a6df81bbdb425.76785872,on t2gen
16930,IET6a6e4d24e49bc4.24810405,on t2gen
16931,IET6a6e8780b32e08.93372087,on t2gen
16932,IET6a6e8fd24cfaa0.97753828,on t2gen
16933,IET6a6f30cbcf0335.27126129,on t2gen
16934,IET6a70a9a3ef1c54.15206322,on t2gen
16935,IET6a70b521d27ea0.30196759,on t2gen
16936,IET6a714be12755d9.47139137,on t2gen
16937,IET6a71c3d755aa44.44504899,on t2gen
16938,IET6a71edac7000a0.34954070,on t2gen
16939,IET6a71f1e01bd367.71177585,on t2gen
16940,IET6a7229633f01e1.63779632,on t2gen
16941,IET6a7256a1828226.29588939,on t2gen
16942,IET6a72775096ff67.72811532,on t2gen
16943,IET6a727750976306.56531748,on t2gen
16944,IET6a72777ad24c70.10511558,on t2gen
16945,IET6a7282b365f700.20855751,on t2gen
16946,IET6a7282b3666ce8.98806396,on t2gen
16947,IET6a729d89dc0823.50871709,on t2gen
16948,IET6a72a646ae9370.96184023,on t2gen
16949,IET6a739c1dac3802.53348347,on t2gen
16950,IET6a73a620613ae8.57844963,on t2gen
16951,IET6a73acf9e53850.68245785,on t2gen
16952,IET6a73b53585f385.25182645,on t2gen
16953,IET6a73d8eaf27394.59088053,on t2gen
16954,IET6a73db0f8334e8.29032314,on t2gen
16955,IET6a73dd26657311.05295651,on t2gen
16956,IET6a73dd574b6aa8.90629925,on t2gen
16957,IET6a7494384f3280.92917314,on t2gen
16958,IET6a74a7639c9a94.58390003,on t2gen
16959,IET6a74c6a55e81f2.60268322,on t2gen
16960,IET6a74df082d5a05.87404075,on t2gen
16961,IET6a74e701a8f1f1.45248753,on t2gen
16962,IET6a7536f7559560.82516679,on t2gen
16963,IET6a75b1717c6732.87980341,on t2gen
16964,IET6a75b1717cc835.22045865,on t2gen
16965,IET6a75f18fb4bab2.38992281,on t2gen
16966,IET6a7610e8ba4d57.50558788,on t2gen
16967,IET6a763500650692.75419588,on t2gen
16968,IET6a764cd64dd543.90095750,on t2gen
16969,IET6a764f41c74284.12381477,on t2gen
16970,IET6a764f41c78fd8.00238699,on t2gen
16971,IET6a76524a52ee16.09818194,on t2gen
16972,IET6a76524a533cb4.76337317,on t2gen
16973,IET6a7672b69cd7e8.64960283,on t2gen
16974,IET6a7682e9dce6f2.33733532,on t2gen
16975,IET6a7682e9dd36e8.46203241,on t2gen
16976,IET6a769e7048c503.46814185,on t2gen
16977,IET6a76c65953ae92.24025899,on t2gen
16978,IET6a76c65953fb93.75513074,on t2gen
16979,IET6a76c659544678.35119831,on t2gen
16980,IET6a76c659548e40.85986146,on t2gen
16981,IET6a76c8e7cd01e1.60342271,on t2gen
16982,IET6a77598925af77.94468307,on t2gen
16983,IET6a778aa420c2c9.99871654,on t2gen
16984,IET6a778da535c102.53295498,on t2gen
16985,IET6a781bf81f5277.75742644,on t2gen
16986,IET6a78921baef217.13705408,on t2gen
16987,IET6a7895013e7e53.47587291,on t2gen
16988,IET6a78d047ea6bd0.48588696,on t2gen
16989,IET6a78f8cbf12f76.78592488,on t2gen
16990,IET6a79d22c46f810.76292341,on t2gen
16991,IET6a79d5337af550.97559769,on t2gen
16992,IET6a7a1525e75c12.07274832,on t2gen
16993,IET6a7a202cb86e62.33529425,on t2gen
16994,IET6a7a690f615c37.32142243,on t2gen
16995,IET6a7aa9429b3607.99874547,on t2gen
16996,IET6a7b11f755e123.32102361,on t2gen
16997,IET6a7b3a92c8e3d9.69103350,on t2gen
16998,IET6a7b4382b472d5.04740557,on t2gen
16999,IET6a7ba7143e4ba0.71001070,on t2gen
17000,IET6a7baa78e65e13.81137225,on t2gen
17001,IET6a7babc4258c34.71771355,on t2gen
17002,IET6a7babc425d606.18293882,on t2gen
17003,IET6a7baef22bb922.15909534,on t2gen
17004,IET6a7bdf7290aac9.90101296,on t2gen
17005,IET6a7ca05b789489.01882375,on t2gen
17006,IET6a7ca45dc30294.81336409,on t2gen
17007,IET6a7cd23d83bab7.80463809,on t2gen
17008,IET6a7cd23d841534.10710495,on t2gen
17009,IET6a7cd23d845715.10726618,on t2gen
17010,IET6a7cd973d96b90.87537290,on t2gen
17011,IET6a7cd973d9c703.68182304,on t2gen
17012,IET6a7cee0055a0e2.10105423,on t2gen
17013,IET6a7cf850d6b136.50250099,on t2gen
17014,IET6a7cffee02c472.20039172,on t2gen
17015,IET6a7d0359d82785.56689007,on t2gen
17016,IET6a7d0c077936f1.65264085,on t2gen
17017,IET6a7d2e12dc25f5.82766330,on t2gen
17018,IET6a7d47c94b4367.91224510,on t2gen
17019,IET6a7d47c94ba167.26468383,on t2gen
17020,IET6a7dbf83f1c227.68291864,on t2gen
17021,IET6a7dc242826d73.02305410,on t2gen
17022,IET6a7de48b6bc509.84016217,on t2gen
17023,IET6a7e51275edb31.46493680,on t2gen
17024,IET6a7e51275f2ee8.92167265,on t2gen
17025,IET6a7e7def4a0634.08968708,on t2gen
17026,IET6a7e95286feab4.08700322,on t2gen
17027,IET6a7eccbb5cb829.46482948,on t2gen
17028,IET6a7f3159d000a2.15121090,on t2gen
17029,IET6a7f317d090cd5.35213804,on t2gen
17030,IET6a7f568c316655.79703544,on t2gen
17031,IET6a7f8401453383.37787178,on t2gen
17032,IET6a7fcb87bf6788.94843409,on t2gen
17033,IET6a805bff5bc1e5.20261619,on t2gen
17034,IET6a805bff5c1ed2.06785574,on t2gen
17035,IET6a80b2a99b9206.19371503,on t2gen
17036,IET6a80c1e8869c50.43541518,on t2gen
17037,IET6a80c42ca98618.13075130,on t2gen
17038,IET6a80e4824de837.77957538,on t2gen
17039,IET6a80ec1ebb1e94.45635075,on t2gen
17040,IET6a80ec1ebb6c87.91333168,on t2gen
17041,IET6a80fa90336ba3.10841764,on t2gen
17042,IET6a8108fc17ee05.67454544,on t2gen
17043,IET6a8108fc184fa2.37493588,on t2gen
17044,IET6a811739d90802.51797248,on t2gen
17045,IET6a81ae53a02409.57879368,on t2gen
17046,IET6a81b7a05382e2.58963340,on t2gen
17047,IET6a81de3735fdc9.48977501,on t2gen
17048,IET6a81eb04280671.32212389,on t2gen
17049,IET6a81eb04285328.36732609,on t2gen
17050,IET6a81f294ebeb28.54646845,on t2gen
17051,IET6a81f82318c043.62483089,on t2gen
17052,IET6a820336760ac5.93685574,on t2gen
17053,IET6a820d368cb576.92353399,on t2gen
17054,IET6a821b39030e11.33909434,on t2gen
17055,IET6a82371aa71092.30752393,on t2gen
17056,IET6a825f5f3ebd89.67396878,on t2gen
17057,IET6a825f777ce6f0.09068076,on t2gen
17058,IET6a83060332e542.22901550,on t2gen
17059,IET6a831c5e373f46.09158155,on t2gen
17060,IET6a8321865de607.13630909,on t2gen
17061,IET6a8329cda0d8f5.86117630,on t2gen
17062,IET6a8337ee6cbba1.38686931,on t2gen
17063,IET6a833f4c02e8d8.72314797,on t2gen
17064,IET6a8347a96e7064.71475605,on t2gen
17065,IET6a8368b32fe826.46206146,on t2gen
17066,IET6a83b20ac03386.41761794,on t2gen
17067,IET6a83e0bfdf6db6.59620579,on t2gen
17068,IET6a83f8b0f1e2f7.83884809,on t2gen
17069,IET6a842f1bc16f34.06248489,on t2gen
17070,IET6a84613387b475.81600735,on t2gen
17071,IET6a84769cbeefb4.90467475,on t2gen
17072,IET6a8484e46213b9.22321861,on t2gen
17073,IET6a8490115e8809.46422109,on t2gen
17074,IET6a84ae75d8b422.99068250,on t2gen
17075,IET6a84b334980142.64918299,on t2gen
17076,IET6a84cec4bf2676.18528705,on t2gen
17077,IET6a84d1219a2234.77053541,on t2gen
17078,IET6a84df35e11720.41607762,on t2gen
17079,IET6a84e5cf768023.49600470,on t2gen
17080,IET6a84e5cf770402.66147046,on t2gen
17081,IET6a84ebe6aaf9e7.45654492,on t2gen
17082,IET6a84ff3d4eddf6.83218289,on t2gen
17083,IET6a8503a4040881.19440270,on t2gen
17084,IET6a8504a42a69b8.49166986,on t2gen
17085,IET6a8504a42ab917.22080926,on t2gen
17086,IET6a850a0f9bfdf6.79765359,on t2gen
17087,IET6a850bff71dbf3.18424120,on t2gen
17088,IET6a850bff722d67.11857550,on t2gen
17089,IET6a858aa4d4f928.57892371,on t2gen
17090,IET6a85a4f1c93911.15825684,on t2gen
17091,IET6a85aac657b5a6.89613698,on t2gen
17092,IET6a85aac6580d56.69777927,on t2gen
17093,IET6a85b1b79b4465.82063058,on t2gen
17094,IET6a85b1b79b9417.92694234,on t2gen
17095,IET6a85c91079b806.96202345,on t2gen
17096,IET6a85c9107a0e33.76429266,on t2gen
17097,IET6a85ca58db64f1.30906887,on t2gen
17098,IET6a85cb18b63598.46888862,on t2gen
17099,IET6a85f104424581.71405749,on t2gen
17100,IET6a85fa0823fef8.08930663,on t2gen
17101,IET6a860dbe3ecd97.11397208,on t2gen
17102,IET6a860dbe3f2d74.51835111,on t2gen
17103,IET6a86339909fa78.29313209,on t2gen
17104,IET6a863eb49cbb34.29844652,on t2gen
17105,IET6a86441ea07754.47165372,on t2gen
17106,IET6a86569a3b68b0.03138178,on t2gen
17107,IET6a8658eb35ff25.46603638,on t2gen
17108,IET6a865e54cffed5.93513558,on t2gen
17109,IET6a865e54d06b88.09347852,on t2gen
17110,IET6a865f7dc99965.32235001,on t2gen
17111,IET6a866dbe8bce70.31732560,on t2gen
17112,IET6a86b0d489c8f4.77243341,on t2gen
17113,IET6a86bdda2c5e42.53140069,on t2gen
17114,IET6a86f03e8fff21.31391406,on t2gen
17115,IET6a870e6f683eb0.80850826,on t2gen
17116,IET6a8713031126f8.42037982,on t2gen
17117,IET6a871303118c52.48526396,on t2gen
17118,IET6a872262e96c20.16091853,on t2gen
17119,IET6a87390ea87830.33513968,on t2gen
17120,IET6a87390ea8e297.08456463,on t2gen
17121,IET6a873cbec54113.34250557,on t2gen
17122,IET6a8745062d5e20.63754163,on t2gen
17123,IET6a876dc245c324.34098067,on t2gen
17124,IET6a8776dd9d7ca2.45168459,on t2gen
17125,IET6a877ad1c841c8.00148675,on t2gen
17126,IET6a8796bbeb40e2.51192365,on t2gen
17127,IET6a879b86a7e0b4.61316848,on t2gen
17128,IET6a879fe498e174.30946791,on t2gen
17129,IET6a87c6707f8c21.77534730,on t2gen
17130,IET6a87dfd7f3c6e4.99642480,on t2gen
17131,IET6a87dfd7f41a62.20843710,on t2gen
17132,IET6a87e393341811.27924031,on t2gen
17133,IET6a87f5a3dde800.83502044,on t2gen
17134,IET6a87f5a3de3ef1.19813561,on t2gen
17135,IET6a87f5a3de8d18.20172307,on t2gen
17136,IET6a8843ab11da82.13843253,on t2gen
17137,IET6a8843ab1230d4.51466771,on t2gen
17138,IET6a88563788a636.60754988,on t2gen
17139,IET6a8873e08f08f6.44255650,on t2gen
17140,IET6a887506e70690.94324431,on t2gen
17141,IET6a887506e75522.40213475,on t2gen
17142,IET6a8877316104e3.95442634,on t2gen
17143,IET6a887731615fd1.02228662,on t2gen
17144,IET6a887a92904db1.80253635,on t2gen
17145,IET6a887c5b7ae550.35503467,on t2gen
17146,IET6a888ddb2c1ea0.66577023,on t2gen
17147,IET6a888f9a05d0f5.02953888,on t2gen
17148,IET6a88a9d61792b9.30023370,on t2gen
17149,IET6a88a9d617ee19.75239059,on t2gen
17150,IET6a88ac23a743c3.41852565,on t2gen
17151,IET6a88b8a7cadf01.22460674,on t2gen
17152,IET6a88be99419116.99553919,on t2gen
17153,IET6a88be9941f8e7.76557015,on t2gen
17154,IET6a88c14aeb5341.54453871,on t2gen
17155,IET6a88c2d1ce9f87.63209261,on t2gen
17156,IET6a88c2d1cef351.96179260,on t2gen
17157,IET6a88c5e89a0287.11088203,on t2gen
17158,IET6a88c810f15eb9.66208621,on t2gen
17159,IET6a88c85dd3dc53.39609432,on t2gen
17160,IET6a88c9e34dc227.30222054,on t2gen
17161,IET6a88c9e34e1035.28108450,on t2gen
17162,IET6a88d598c246d6.46032444,on t2gen
17163,IET6a88d98f65bbc1.73906524,on t2gen
17164,IET6a88da0242a0f5.01487950,on t2gen
17165,IET6a88dc9460efd2.28834080,on t2gen
17166,IET6a88e411b32cd2.30875931,on t2gen
17167,IET6a88e411b38106.71463042,on t2gen
17168,IET6a88e411b3c575.14142167,on t2gen
17169,IET6a88e4f876e672.21913250,on t2gen
17170,IET6a88e91e4ac580.83040215,on t2gen
17171,IET6a88efbd7d5d22.30958239,on t2gen
17172,IET6a88f12d5c4b16.66663611,on t2gen
17173,IET6a88f25a7651f4.76598263,on t2gen
17174,IET6a88f2f1a37d68.43290875,on t2gen
17175,IET6a88fac8a46859.06341043,on t2gen
17176,IET6a88ffc24b8308.55932094,on t2gen
17177,IET6a88ffc24bfd32.40349246,on t2gen
17178,IET6a8902aee07815.57140901,on t2gen
17179,IET6a8904155513a1.70569640,on t2gen
17180,IET6a8904b80a4470.84530380,on t2gen
17181,IET6a89080b32c077.25852171,on t2gen
17182,IET6a890c5d511a68.99695856,on t2gen
17183,IET6a8919a7a14fe2.62234462,on t2gen
17184,IET6a891e19412870.87867950,on t2gen
17185,IET6a891fecf11106.74511188,on t2gen
17186,IET6a8926cc8b14a5.02490168,on t2gen
17187,IET6a8927811029d7.82967785,on t2gen
17188,IET6a8928eb4d3577.85494463,on t2gen
17189,IET6a8957833144c4.96024248,on t2gen
17190,IET6a89870e2a5d23.02934451,on t2gen
17191,IET6a89870e2abf56.33146789,on t2gen
17192,IET6a8988c278c2a5.98265287,on t2gen
17193,IET6a899c23bf8f12.88723309,on t2gen
17194,IET6a899c6eaaccd9.90053660,on t2gen
17195,IET6a899dba276d82.52344706,on t2gen
17196,IET6a89a00ba4c2e8.23125169,on t2gen
17197,IET6a89ac023c1c87.62098084,on t2gen
17198,IET6a89ac5d6ce832.77120976,on t2gen
17199,IET6a89acc2389d92.57646159,on t2gen
17200,IET6a89add1e6ea54.69841327,on t2gen
17201,IET6a89add1e74206.83725121,on t2gen
17202,IET6a89ae4724adc1.54696689,on t2gen
17203,IET6a89b02bc401e1.54486035,on t2gen
17204,IET6a89b652379bc3.82192184,on t2gen
17205,IET6a89b86c94b3a3.47996338,on t2gen
17206,IET6a89b86c950881.20076024,on t2gen
17207,IET6a89b99bca79b6.11178972,on t2gen
17208,IET6a89bd26131ea7.94995791,on t2gen
17209,IET6a89bda67ca8a7.66959332,on t2gen
17210,IET6a89bda67d0256.34668500,on t2gen
17211,IET6a89be97162a35.15992328,on t2gen
17212,IET6a89cb3b7af634.40498991,on t2gen
17213,IET6a89cc552a6383.09417909,on t2gen
17214,IET6a89ceb172f829.19414868,on t2gen
17215,IET6a89d43dcefd61.78854301,on t2gen
17216,IET6a89d73d0748d5.28437139,on t2gen
17217,IET6a89da6f61adc7.25956454,on t2gen
17218,IET6a89dd555fef89.94062473,on t2gen
17219,IET6a89df20ee1f37.38155434,on t2gen
17220,IET6a89df20ee6eb5.97585679,on t2gen
17221,IET6a89df20eeb590.75554196,on t2gen
17222,IET6a89e2fb377d37.91664384,on t2gen
17223,IET6a89e4205cdd60.72825712,on t2gen
17224,IET6a89e4df0447b3.43441818,on t2gen
17225,IET6a89eb77ec5d35.45854271,on t2gen
17226,IET6a89ed0942c7e2.45638530,on t2gen
17227,IET6a89ed9a0a6eb6.08296370,on t2gen
17228,IET6a89f635c706f5.93023685,on t2gen
17229,IET6a89f7cd52f729.06544722,on t2gen
17230,IET6a89fb150bc4e4.62207921,on t2gen
17231,IET6a89fb150c2092.79403527,on t2gen
17232,IET6a89fcfe929400.53306798,on t2gen
17233,IET6a89ff8faf7252.74660866,on t2gen
17234,IET6a8a05dcc69d72.22329935,on t2gen
17235,IET6a8a06e542cfa0.92320098,on t2gen
17236,IET6a8a07f68daac5.02846405,on t2gen
17237,IET6a8a0830089d60.49307151,on t2gen
17238,IET6a8a08a70a2f74.45099524,on t2gen
17239,IET6a8a09703c21f9.54598459,on t2gen
17240,IET6a8a0b15ecbe82.53990533,on t2gen
17241,IET6a8a0f04334f65.23603322,on t2gen
17242,IET6a8a11aa9208a5.23024163,on t2gen
17243,IET6a8a11aa925f25.79368660,on t2gen
17244,IET6a8a11aa92a382.71542018,on t2gen
17245,IET6a8a142e6423f4.31609650,on t2gen
17246,IET6a8a14b5cbf7b6.94709035,on t2gen
17247,IET6a8a15043d6b11.26198366,on t2gen
17248,IET6a8a158318d523.64506672,on t2gen
17249,IET6a8a15831935f8.85654073,on t2gen
17250,IET6a8a158b49e9c3.49390547,on t2gen
17251,IET6a8a158b4a36e7.77817073,on t2gen
17252,IET6a8a158b4a8f82.00840334,on t2gen
17253,IET6a8a1599744c30.99687989,on t2gen
17254,IET6a8a15dc709076.97699663,on t2gen
17255,IET6a38853e452a98.63064653,on genf comm
17256,IET6a4e7aa91ce0a2.74575379,on genf comm
17257,IET6a4e7aa91d4440.75734784,on genf comm
17258,IET6a5bf59a1dc670.84001969,on genf comm
17259,IET6a622f70158f00.04414146,on genf comm
17260,IET6a63aeea6d9719.58458577,on genf comm
17261,IET6a70b4de23fb77.98282532,on genf comm
17262,IET6a70b4de2447f4.96604069,on genf comm
17263,IET6a70c24f2af5b7.00519144,on genf comm
17264,IET6a762efe986166.43899313,on genf comm
17265,IET6a7e8ef6a20381.01600764,on genf comm
17266,IET6a7f137adfd632.17507477,on genf comm
17267,IET6a7f80aab760c3.63645904,on genf comm
17268,IET6a7f80aab7b1d8.71312138,on genf comm
17269,IET6a83b5cc345918.09219485,on genf comm
17270,IET6a83b5cc34bb50.78540726,on genf comm
17271,IET6a83b5cc351ee6.15776642,on genf comm
17272,IET6a863f317eb772.48451468,on genf comm
17273,IET6a8779d1846527.03063708,on genf comm
17274,IET6a8779d184d4c6.39419541,on genf comm
17275,IET6a8779d18533e4.17454143,on genf comm
17276,IET6a88e1e1a62db0.31974554,on genf comm
17277,IET6a88e1e1a69139.91502229,on genf comm
17278,IET6a88e1e1a6da75.36814269,on genf comm
17279,IET6a88e1e1a72682.74152203,on genf comm
17280,IET6a0b98c4c94d74.46636331,on genM
17281,IET6a0b98c769b3a1.83845647,on genM
17282,IET6a0b98d02c2b78.48551386,on genM
17283,IET6a0b994e3b35e4.44641881,on genM
17284,IET6a0b9ac0af9675.60974155,on genM
17285,IET6a0b9b160956e0.68951746,on genM
17286,IET6a0b9bedc0b145.78858217,on genM
17287,IET6a0b9cc4358b98.72359543,on genM
17288,IET6a0b9e38eebf63.04290429,on genM
17289,IET6a0b9f3a31c129.10922907,on genM
17290,IET6a0b9fa7296ed0.22038304,on genM
17291,IET6a0b9fa79bb5e4.20881999,on genM
17292,IET6a0b9fa79bfe87.70814084,on genM
17293,IET6a0b9fcf3c53d9.59705001,on genM
17294,IET6a0ba067956743.63889805,on genM
17295,IET6a0ba2e1a398a3.26314982,on genM
17296,IET6a0ba2f0a9ca06.73169562,on genM
17297,IET6a0ba36c7f9d45.56550769,on genM
17298,IET6a0ba3a9214118.26332950,on genM
17299,IET6a0ba3b2115fa4.83238746,on genM
17300,IET6a0ba3f2411fe0.31759193,on genM
17301,IET6a0ba49d471794.54801586,on genM
17302,IET6a0ba6577a0980.73371453,on genM
17303,IET6a0ba7090654d8.12659746,on genM
17304,IET6a0ba70f1c07c8.00358029,on genM
17305,IET6a0ba889526c96.03302049,on genM
17306,IET6a0ba88952b2e6.12178413,on genM
17307,IET6a0ba94e168af1.51469421,on genM
17308,IET6a0baa3ad9d649.77402184,on genM
17309,IET6a0baa928d2964.15826077,on genM
17310,IET6a0bab9aee52c2.81358419,on genM
17311,IET6a0bada2ae7197.75574291,on genM
17312,IET6a0baed9471fe0.31703911,on genM
17313,IET6a0bb026d58b02.61121674,on genM
17314,IET6a0bb15357e822.12002142,on genM
17315,IET6a0bb17bdbf8f4.25702945,on genM
17316,IET6a0bb17bdc4ea7.90814143,on genM
17317,IET6a0bb1db81cc05.05804648,on genM
17318,IET6a0bb214b158f3.13438086,on genM
17319,IET6a0bb5194701d9.80378237,on genM
17320,IET6a0bb51947a3b1.31854010,on genM
17321,IET6a0bb76508be57.22656158,on genM
17322,IET6a0bbb23e71dd6.02641170,on genM
17323,IET6a0bc547c3d0c6.66212168,on genM
17324,IET6a0bc7a735adb0.01495372,on genM
17325,IET6a0bcda3b80102.86591222,on genM
17326,IET6a0bcda3b844d0.34074588,on genM
17327,IET6a0bf21c27d8d4.47363556,on genM
17328,IET6a0c5d51302c28.02526744,on genM
17329,IET6a0c617829ff61.72107563,on genM
17330,IET6a0c61ac9a7201.91714932,on genM
17331,IET6a0c6989259e15.55985287,on genM
17332,IET6a0c6aab19ebb3.19621897,on genM
17333,IET6a0c6ca9233602.98142706,on genM
17334,IET6a0c6dc1bc4507.47836475,on genM
17335,IET6a0c746a981723.37067358,on genM
17336,IET6a0c75ad3f7a58.61191631,on genM
17337,IET6a0c7663247756.09559782,on genM
17338,IET6a0c7e65ec30d0.61906478,on genM
17339,IET6a0c83ac744358.11083550,on genM
17340,IET6a0c9db98c7326.85406954,on genM
17341,IET6a0c9e1e6dd151.75324307,on genM
17342,IET6a0ca06ecd6d69.45261130,on genM
17343,IET6a0ca387a89518.90726372,on genM
17344,IET6a0caef88750f7.58333262,on genM
17345,IET6a0cc77ed9ab48.74121867,on genM
17346,IET6a0cc93a9aae27.29969209,on genM
17347,IET6a0cccfad2c3d5.20765655,on genM
17348,IET6a0cdc244d6200.22793921,on genM
17349,IET6a0ce320adf731.24054753,on genM
17350,IET6a0cf774f2b558.32817897,on genM
17351,IET6a0cff0b3fbeb0.15920951,on genM
17352,IET6a0cff652cad75.15344081,on genM
17353,IET6a0d0429e869c0.63948344,on genM
17354,IET6a0d21889ec4a0.26065839,on genM
17355,IET6a0db4e6884cc2.66206582,on genM
17356,IET6a0db7fd44b756.69451138,on genM
17357,IET6a0dba694de019.16288428,on genM
17358,IET6a0dc964a5c630.82968611,on genM
17359,IET6a0e1bc579b096.39742521,on genM
17360,IET6a0e3bb68aaee6.59549583,on genM
17361,IET6a0e3bb68b0412.20319371,on genM
17362,IET6a0e3fe418c6a7.98223584,on genM
17363,IET6a0e3fe41918d8.03965412,on genM
17364,IET6a0e50815be669.38958604,on genM
17365,IET6a0e515133f5a1.25789977,on genM
17366,IET6a0e573b85d608.77542085,on genM
17367,IET6a0e6fdd847747.58537605,on genM
17368,IET6a0e6fdd84b8b4.83511654,on genM
17369,IET6a0e8bf28c6c55.18461801,on genM
17370,IET6a0e8bf28cb4f7.56773664,on genM
17371,IET6a0f003aa8d1a6.59393442,on genM
17372,IET6a0f2d8f362744.74032139,on genM
17373,IET6a0f3405a08407.48463012,on genM
17374,IET6a0f5b59e71255.92543283,on genM
17375,IET6a0f5c298fa512.93252036,on genM
17376,IET6a0f6474057282.98446794,on genM
17377,IET6a0f730db5d6e2.09593887,on genM
17378,IET6a0f7cac1c3622.61779526,on genM
17379,IET6a0f8ada4ae977.36121187,on genM
17380,IET6a0fa30253b239.11073531,on genM
17381,IET6a0fa30253fae2.98461760,on genM
17382,IET6a0faad525ddd5.95611779,on genM
17383,IET6a0fc1337263d1.35639458,on genM
17384,IET6a0fe24bea9822.34056194,on genM
17385,IET6a10502aae5640.58612247,on genM
17386,IET6a1077276c2ae7.69567065,on genM
17387,IET6a107af2e1e974.04297283,on genM
17388,IET6a108aaf488023.70402873,on genM
17389,IET6a10a3129bff62.87207448,on genM
17390,IET6a10c05c655852.39547326,on genM
17391,IET6a10c6fc32d7e2.32748855,on genM
17392,IET6a1124658a9148.00817330,on genM
17393,IET6a112808358c80.93696787,on genM
17394,IET6a113511e37a44.75334621,on genM
17395,IET6a113511e3d297.04091045,on genM
17396,IET6a11a3e2e43cd5.76521126,on genM
17397,IET6a11b70618c0c5.85343965,on genM
17398,IET6a11c51f67c693.76558519,on genM
17399,IET6a11d88e87aca6.46315882,on genM
17400,IET6a11fe42bf3c27.05482583,on genM
17401,IET6a11fe42bf8958.62644472,on genM
17402,IET6a1231da1389e0.99585703,on genM
17403,IET6a1242ef86f954.10727466,on genM
17404,IET6a1260acb82915.09933880,on genM
17405,IET6a12e951050861.32588079,on genM
17406,IET6a132bcc681455.71964810,on genM
17407,IET6a133a545e8973.99268300,on genM
17408,IET6a133a545ef986.80812389,on genM
17409,IET6a1354f544eb94.95160250,on genM
17410,IET6a1385c7577022.09646603,on genM
17411,IET6a13b01845b331.30671936,on genM
17412,IET6a13b3eb6cd476.70657240,on genM
17413,IET6a13cba516cbc7.07944373,on genM
17414,IET6a145395f2c592.75147333,on genM
17415,IET6a14686922a445.17064015,on genM
17416,IET6a147612ee0269.21757449,on genM
17417,IET6a149966c83e90.45796641,on genM
17418,IET6a14a8d9c8c114.07469425,on genM
17419,IET6a14b2ef916125.15175996,on genM
17420,IET6a14f10f777687.68132471,on genM
17421,IET6a14f6b90c6490.28132441,on genM
17422,IET6a14fed6ccbfe0.07023042,on genM
17423,IET6a150185f3fbb4.21687569,on genM
17424,IET6a1504b6529ef8.31862254,on genM
17425,IET6a1510a377e5f1.57211006,on genM
17426,IET6a15ca7e6a4041.29271955,on genM
17427,IET6a15ce1abc6c51.34759317,on genM
17428,IET6a15d27a1e8844.68158601,on genM
17429,IET6a15d4bf10fe19.51708202,on genM
17430,IET6a1788972124e4.02730264,on genM
17431,IET6a178e54c0f5b5.44978883,on genM
17432,IET6a17953adc0a97.62634853,on genM
17433,IET6a17a4701ddb76.31339596,on genM
17434,IET6a17af34af9ab5.63488790,on genM
17435,IET6a182b66dc2003.46326301,on genM
17436,IET6a1845586707e1.66461737,on genM
17437,IET6a1899c4e1bb60.64504349,on genM
17438,IET6a1899c4e20c02.04592951,on genM
17439,IET6a18a635946253.16276537,on genM
17440,IET6a18cdd2545ae0.13920427,on genM
17441,IET6a18e2977f0294.44276793,on genM
17442,IET6a18e2977f44e5.81530058,on genM
17443,IET6a18eb1d8a6528.50558891,on genM
17444,IET6a190179352be9.48976075,on genM
17445,IET6a1901dd52c1c8.00514145,on genM
17446,IET6a19458de1b3b1.53559470,on genM
17447,IET6a19458de1f4e4.20713336,on genM
17448,IET6a19458de24015.13346887,on genM
17449,IET6a198346cef088.32585239,on genM
17450,IET6a19c8cebd9b63.13696332,on genM
17451,IET6a19d6e633b264.62105483,on genM
17452,IET6a19d96fe81c97.97819299,on genM
17453,IET6a19df2198e955.09088889,on genM
17454,IET6a19df4baee192.46590124,on genM
17455,IET6a19e0421bdbc0.88145561,on genM
17456,IET6a19e199108113.36866425,on genM
17457,IET6a19ed12349ea0.30728259,on genM
17458,IET6a19edd23f6fe9.27227821,on genM
17459,IET6a19ef49431fa6.33714257,on genM
17460,IET6a19f1406b1ba5.34477510,on genM
17461,IET6a19f1406b5b95.12634213,on genM
17462,IET6a19f1406b99d1.06343967,on genM
17463,IET6a19fdd8aa94c7.36329958,on genM
17464,IET6a1a0b1bccf2f9.46049979,on genM
17465,IET6a1a0cfa694857.41356952,on genM
17466,IET6a1a1d4deee455.02018830,on genM
17467,IET6a1a381b29d892.43368407,on genM
17468,IET6a1a411c9e3cd4.99574324,on genM
17469,IET6a1a4b0f9add11.59993709,on genM
17470,IET6a1a6248f14ac7.56371710,on genM
17471,IET6a1aa2f6e6d851.09532431,on genM
17472,IET6a1afa38c61df0.91724096,on genM
17473,IET6a1b2d07ac4851.37126270,on genM
17474,IET6a1b2d4ea78381.56273483,on genM
17475,IET6a1b2f330cb3b5.31610312,on genM
17476,IET6a1b573c59ad97.24442782,on genM
17477,IET6a1b5e45d1dad1.61285848,on genM
17478,IET6a1b771c0a51b4.17547377,on genM
17479,IET6a1b8226662166.65716363,on genM
17480,IET6a1b8c5e619aa1.87077256,on genM
17481,IET6a1c7da6895d69.60746652,on genM
17482,IET6a1c7dcb07b836.70668478,on genM
17483,IET6a1ca6c4ac3099.28530821,on genM
17484,IET6a1cc0ab97f648.59696611,on genM
17485,IET6a1cf783f20bf5.09056979,on genM
17486,IET6a1dbbe8b00390.87714723,on genM
17487,IET6a1dfaee7ac554.95516453,on genM
17488,IET6a1e1e23b8be09.05148739,on genM
17489,IET6a1e555b662959.24458399,on genM
17490,IET6a1e555b667ae5.54993056,on genM
17491,IET6a1eea382c0800.35354341,on genM
17492,IET6a1eed9a003512.24655062,on genM
17493,IET6a1eed9a008714.10948756,on genM
17494,IET6a1f05bd307489.07932333,on genM
17495,IET6a1f67c0e3e9e8.39048929,on genM
17496,IET6a1f87782a8663.29389580,on genM
17497,IET6a20a32a326005.89925459,on genM
17498,IET6a20a7528ba109.22040261,on genM
17499,IET6a20a883c21724.72795977,on genM
17500,IET6a20e0d39fa7d9.99131161,on genM
17501,IET6a20e532d10719.98013706,on genM
17502,IET6a20e726c50346.75314124,on genM
17503,IET6a20ec0a4c7507.36560075,on genM
17504,IET6a21c28a2dec50.21349646,on genM
17505,IET6a230d9d8611f2.06181539,on genM
17506,IET6a2316b7ed67a8.54931411,on genM
17507,IET6a23307bc65357.48173073,on genM
17508,IET6a2376f14b86f3.41487518,on genM
17509,IET6a2376f14bd112.05748281,on genM
17510,IET6a2489ac2ec8e2.15867929,on genM
17511,IET6a249eff749541.09025347,on genM
17512,IET6a24a4ba67ed46.09574708,on genM
17513,IET6a24a531871c18.63304189,on genM
17514,IET6a25aa332a1e94.18914563,on genM
17515,IET6a261371a8e775.97441334,on genM
17516,IET6a26b67a32bf13.01454875,on genM
17517,IET6a26f9783e02f3.77448963,on genM
17518,IET6a27575a670cf5.43218637,on genM
17519,IET6a275b25a05628.48542254,on genM
17520,IET6a27647674d334.56457142,on genM
17521,IET6a27778b9765f6.16899017,on genM
17522,IET6a27b4ba2f1d86.41584071,on genM
17523,IET6a289b9c6fa4d3.11177690,on genM
17524,IET6a28e53c04bfc0.90006997,on genM
17525,IET6a29803920c3e8.68908627,on genM
17526,IET6a299bde797f37.64729561,on genM
17527,IET6a29abfe0a3e72.80494495,on genM
17528,IET6a29b00c3e7074.25623749,on genM
17529,IET6a29c81ba8a0d0.01445252,on genM
17530,IET6a29fe10dc9471.80123018,on genM
17531,IET6a29ff68688d75.49947956,on genM
17532,IET6a2a0811d27480.63590927,on genM
17533,IET6a2a1e288542c5.61648158,on genM
17534,IET6a2ac3efc20d82.70504159,on genM
17535,IET6a2ace3ba2a4d3.17256759,on genM
17536,IET6a2ae7faded919.76222248,on genM
17537,IET6a2bd85ae99fb2.93360144,on genM
17538,IET6a2c69bd406115.90694993,on genM
17539,IET6a2ef0ec075bc6.02194325,on genM
17540,IET6a2f19b2af3f27.40021407,on genM
17541,IET6a3010cb14a438.21671715,on genM
17542,IET6a3289a21ffc74.32322421,on genM
17543,IET6a3289a2203e57.12039446,on genM
17544,IET6a32b5df1baa67.76574325,on genM
17545,IET6a330bbdc469f5.99607609,on genM
17546,IET6a3322be3c8901.96085284,on genM
17547,IET6a33422f8ab5a2.17037924,on genM
17548,IET6a3362f6e14255.39212414,on genM
17549,IET6a341ad2285db5.01870761,on genM
17550,IET6a355df8783817.44952317,on genM
17551,IET6a36cc12e15ee3.83840383,on genM
17552,IET6a36cc12e1a7a3.02218885,on genM
17553,IET6a370d2b538211.86174617,on genM
17554,IET6a3718570dbf44.17225700,on genM
17555,IET6a380d1382b6e1.21248785,on genM
17556,IET6a387652eda622.19335291,on genM
17557,IET6a387652eded75.36700275,on genM
17558,IET6a387652ee2eb7.24987809,on genM
17559,IET6a394bb28c2ad4.51341590,on genM
17560,IET6a39a37f1ec347.55170145,on genM
17561,IET6a39bf481ab213.27646554,on genM
17562,IET6a3ac9ceebb0e0.96933900,on genM
17563,IET6a3b2920457b01.60446041,on genM
17564,IET6a3b2d16193773.87253826,on genM
17565,IET6a3bb07a2761d9.01398036,on genM
17566,IET6a3bf5c38a1b81.10990813,on genM
17567,IET6a3c27b4260213.98323577,on genM
17568,IET6a3d56be5ecef8.82993215,on genM
17569,IET6a3dbb3f18d878.71434489,on genM
17570,IET6a3dcaea190263.46784314,on genM
17571,IET6a3dd7a2edb6a3.94352332,on genM
17572,IET6a3de11b995f14.22286401,on genM
17573,IET6a3de12db3b441.95411164,on genM
17574,IET6a3e19b96342d8.75942463,on genM
17575,IET6a3e557839cc62.62802231,on genM
17576,IET6a3e60e44f7176.55928971,on genM
17577,IET6a3e68f929f624.81053461,on genM
17578,IET6a3e8a4ec80992.36573367,on genM
17579,IET6a3ea1d77bf310.58379015,on genM
17580,IET6a3eaccbd85377.76096297,on genM
17581,IET6a3eb4efd422e5.29508049,on genM
17582,IET6a3ec175d11e31.76303458,on genM
17583,IET6a3ec175d18223.21734228,on genM
17584,IET6a3f1da45673e9.17265019,on genM
17585,IET6a3f20bcc867b2.49570214,on genM
17586,IET6a3f21c21da209.05638628,on genM
17587,IET6a3f23f33379d5.32435754,on genM
17588,IET6a3f24b1b852c3.81417942,on genM
17589,IET6a3f3f8879bfe6.68704262,on genM
17590,IET6a3f400320e002.28583301,on genM
17591,IET6a3fb187ee58c7.97963636,on genM
17592,IET6a3fba330fafb2.59677211,on genM
17593,IET6a3fba330ff6c1.22664479,on genM
17594,IET6a40008cd487a3.77018587,on genM
17595,IET6a401940aae372.41733620,on genM
17596,IET6a401fbb020418.13433699,on genM
17597,IET6a4045794bcf97.46833269,on genM
17598,IET6a4049d8e0dd95.12184707,on genM
17599,IET6a405467475b69.20943010,on genM
17600,IET6a4056ba6056a1.35198104,on genM
17601,IET6a4056ba60b7d2.45312527,on genM
17602,IET6a405f93742494.40053442,on genM
17603,IET6a406213eaa823.82962595,on genM
17604,IET6a407151aab451.60364368,on genM
17605,IET6a415bf18b41b8.24704008,on genM
17606,IET6a4192c71661a2.10671444,on genM
17607,IET6a41b3b0d0f400.29594285,on genM
17608,IET6a426bc427af61.57126155,on genM
17609,IET6a428279e6d4f0.07379018,on genM
17610,IET6a428371ca0865.59392961,on genM
17611,IET6a428d5e3da432.91974003,on genM
17612,IET6a428d5e3df072.31034978,on genM
17613,IET6a42b5894f2317.25778586,on genM
17614,IET6a42d7e8561a42.16178083,on genM
17615,IET6a42d81bc944e6.34454065,on genM
17616,IET6a42de6b03b7c7.12438464,on genM
17617,IET6a42e07097ce69.43762559,on genM
17618,IET6a42ea9cdf03d3.00586232,on genM
17619,IET6a430c7d178dd3.59607536,on genM
17620,IET6a433820a863b2.72590874,on genM
17621,IET6a43b32ab9ef49.13525451,on genM
17622,IET6a43b32aba3060.07981817,on genM
17623,IET6a43c154e8c2c7.86054632,on genM
17624,IET6a4407e310cfb3.81071104,on genM
17625,IET6a44117a5e3b24.57750234,on genM
17626,IET6a44325b1eeec7.93510354,on genM
17627,IET6a4432f689d081.50919137,on genM
17628,IET6a443c0e83cae4.28206157,on genM
17629,IET6a443d41048071.20939858,on genM
17630,IET6a44453ccc14d1.92421460,on genM
17631,IET6a444fb4379819.60491796,on genM
17632,IET6a446c6ede5841.42888498,on genM
17633,IET6a446c8c5b1d33.03393691,on genM
17634,IET6a4486d232d339.16256075,on genM
17635,IET6a448c7ba1f2f8.00745838,on genM
17636,IET6a449a5f78a5c5.54088756,on genM
17637,IET6a4502a329cb51.81333917,on genM
17638,IET6a453c8b13c730.03289762,on genM
17639,IET6a456747b09e98.47252228,on genM
17640,IET6a456e40c0ac95.87618714,on genM
17641,IET6a4592af12c0b2.11458065,on genM
17642,IET6a459477644337.49225602,on genM
17643,IET6a45afd1a0e986.07520250,on genM
17644,IET6a45b5aab129b9.16018103,on genM
17645,IET6a45b9b4bab891.02508765,on genM
17646,IET6a463e9581d933.21862525,on genM
17647,IET6a466790cb63c7.06090625,on genM
17648,IET6a467d3cf2fb10.24108764,on genM
17649,IET6a4685850861a6.75803178,ON GEN T2M
17650,IET6a468624b6a076.17739214,ON GEN T2M
17651,IET6a46c06c7605e6.78993992,ON GEN T2M
17652,IET6a46c234ba9399.92384413,ON GEN T2M
17653,IET6a46c947e42214.99330540,ON GEN T2M
17654,IET6a46e3a2ed9921.24001873,ON GEN T2M
17655,IET6a4707f1302ed1.88519093,ON GEN T2M
17656,IET6a4716dbec5048.77244771,ON GEN T2M
17657,IET6a471e0ed40f73.01929010,ON GEN T2M
17658,IET6a4762eba93675.00074122,ON GEN T2M
17659,IET6a480973701255.34034591,ON GEN T2M
17660,IET6a49769921dc01.16223803,ON GEN T2M
17661,IET6a49bdd1ec97d2.31786151,ON GEN T2M
17662,IET6a4a32bada2e19.24212774,ON GEN T2M
17663,IET6a4a701bd31d01.25454128,ON GEN T2M
17664,IET6a4c102497aae9.99496009,ON GEN T2M
17665,IET6a4c3a058ada55.90371804,ON GEN T2M
17666,IET6a4d34fb3c0871.07062115,ON GEN T2M
17667,IET6a4d34fb3c64f3.59615466,ON GEN T2M
17668,IET6a4d356f933129.57438636,ON GEN T2M
17669,IET6a4e7fbb46e904.48026689,ON GEN T2M
17670,IET6a4e8944198644.16281219,ON GEN T2M
17671,IET6a4ea5be524f06.16759860,ON GEN T2M
17672,IET6a4eca850ded28.07040397,ON GEN T2M
17673,IET6a4eca850e4ac5.42972966,ON GEN T2M
17674,IET6a4ee229e00876.45445722,ON GEN T2M
17675,IET6a4f94e7ae2011.53484882,ON GEN T2M
17676,IET6a4f974c4584b8.44199487,ON GEN T2M
17677,IET6a4ff2d62f6bf8.09146795,ON GEN T2M
17678,IET6a50393f8527c4.13054266,ON GEN T2M
17679,IET6a513bd11ff768.32527552,ON GEN T2M
17680,IET6a514502ec88a9.43961332,ON GEN T2M
17681,IET6a514502ecd038.01211004,ON GEN T2M
17682,IET6a514502ed1454.04168704,ON GEN T2M
17683,IET6a516420898040.43096107,ON GEN T2M
17684,IET6a521747c08d54.41817740,ON GEN T2M
17685,IET6a522f99cba514.45619229,ON GEN T2M
17686,IET6a523b6807acc2.19660473,ON GEN T2M
17687,IET6a531f03298856.92336112,ON GEN T2M
17688,IET6a53908c38d3f3.09036681,ON GEN T2M
17689,IET6a53908c3924b2.91378132,ON GEN T2M
17690,IET6a555d7c9797d7.37245930,ON GEN T2M
17691,IET6a557ec82913c1.61754369,ON GEN T2M
17692,IET6a557ec83aaeb8.37678311,ON GEN T2M
17693,IET6a55b3c714e218.94476117,ON GEN T2M
17694,IET6a56584b40a6c4.36505799,ON GEN T2M
17695,IET6a567c6ceff3e4.39565160,ON GEN T2M
17696,IET6a567ccb50bfa1.20417545,ON GEN T2M
17697,IET6a56847c1343f1.36877477,ON GEN T2M
17698,IET6a56fb9e824c58.04131768,ON GEN T2M
17699,IET6a5706726c25e0.07974056,ON GEN T2M
17700,IET6a57bc42487983.25035270,ON GEN T2M
17701,IET6a57e669621412.71065883,ON GEN T2M
17702,IET6a57e914788637.11870625,ON GEN T2M
17703,IET6a5860541cd1b7.47403320,ON GEN T2M
17704,IET6a586a3279bcb4.56894580,ON GEN T2M
17705,IET6a586a327a0748.76813350,ON GEN T2M
17706,IET6a59599e8d5359.44320589,ON GEN T2M
17707,IET6a5961c2859279.02316237,ON GEN T2M
17708,IET6a597d5b627905.43043751,ON GEN T2M
17709,IET6a5982da93b5d8.16267149,ON GEN T2M
17710,IET6a59ab87834412.51436461,ON GEN T2M
17711,IET6a5a1909e245a5.44698023,ON GEN T2M
17712,IET6a5a24750d48e5.19782792,ON GEN T2M
17713,IET6a5a2801a7bb73.13003156,ON GEN T2M
17714,IET6a5a68f3ee7a93.06450189,ON GEN T2M
17715,IET6a5a8c81e8ab54.26245417,ON GEN T2M
17716,IET6a5ab6bb1f21d0.19288908,ON GEN T2M
17717,IET6a5ae67736b109.68249447,ON GEN T2M
17718,IET6a5b0fd2505e47.80206729,ON GEN T2M
17719,IET6a5bf10c065244.55664644,ON GEN T2M
17720,IET6a5c23d668e322.98505183,ON GEN T2M
17721,IET6a5cbc02d99ef9.15118738,ON GEN T2M
17722,IET6a5cfeaebad963.48841260,ON GEN T2M
17723,IET6a5d3919843648.69637288,ON GEN T2M
17724,IET6a5d650eaed643.12510634,ON GEN T2M
17725,IET6a5de5ce415ed6.58791714,ON GEN T2M
17726,IET6a5e54c945af91.44906562,ON GEN T2M
17727,IET6a5e6d8c27cff3.66687635,ON GEN T2M
17728,IET6a5e6d8c2822c9.43151896,ON GEN T2M
17729,IET6a5ea7d574db29.93260442,ON GEN T2M
17730,IET6a5eac00d61485.33778791,ON GEN T2M
17731,IET6a5eac00d65a68.86556441,ON GEN T2M
17732,IET6a5ed11da43814.51665106,ON GEN T2M
17733,IET6a5edaf7e63ea0.68405482,ON GEN T2M
17734,IET6a5fb6e0896c27.06440827,ON GEN T2M
17735,IET6a5fd7562e4866.28610650,ON GEN T2M
17736,IET6a6027f4cc4307.55656847,ON GEN T2M
17737,IET6a60d205b163a8.64077376,ON GEN T2M
17738,IET6a60d205b1d3b2.23359085,ON GEN T2M
17739,IET6a613afca8c291.33703400,ON GEN T2M
17740,IET6a613afca92377.01217817,ON GEN T2M
17741,IET6a6182ab528894.53060679,ON GEN T2M
17742,IET6a619287a33699.72691626,ON GEN T2M
17743,IET6a619ece5c8413.82590849,ON GEN T2M
17744,IET6a62123b25ec07.72583251,ON GEN T2M
17745,IET6a62123b2649e8.27484439,ON GEN T2M
17746,IET6a62875f3deb73.96831936,ON GEN T2M
17747,IET6a63424ae14660.12595337,ON GEN T2M
17748,IET6a6345de301da4.84226811,ON GEN T2M
17749,IET6a63a91b53ad86.03807731,ON GEN T2M
17750,IET6a63fc995dd845.56987958,ON GEN T2M
17751,IET6a64fa28a31df6.58441795,ON GEN T2M
17752,IET6a64fd392aa6e9.33185374,ON GEN T2M
17753,IET6a6571a2c58920.01027562,ON GEN T2M
17754,IET6a659447e5f0f9.75399742,ON GEN T2M
17755,IET6a65d2703a2ef0.09127913,ON GEN T2M
17756,IET6a662c47b88a96.72615493,ON GEN T2M
17757,IET6a669198a1ddb9.64327339,ON GEN T2M
17758,IET6a6754dc8a28f0.92041522,ON GEN T2M
17759,IET6a67b7765d4790.44606636,ON GEN T2M
17760,IET6a67eac3708996.72851633,ON GEN T2M
17761,IET6a67f458a91892.54723770,ON GEN T2M
17762,IET6a67fa85506b36.70160517,ON GEN T2M
17763,IET6a6818929fdff0.92281352,ON GEN T2M
17764,IET6a681892a01eb4.86621308,ON GEN T2M
17765,IET6a681892a06084.03175881,ON GEN T2M
17766,IET6a68dec45447c8.32723427,ON GEN T2M
17767,IET6a6920aedf8ed1.52002328,ON GEN T2M
17768,IET6a6941d6e4ddc2.21774913,ON GEN T2M
17769,IET6a694efe2d12d9.53067886,ON GEN T2M
17770,IET6a694efe2d7d10.77265140,ON GEN T2M
17771,IET6a6a5fb92bb1f5.68337113,ON GEN T2M
17772,IET6a6a8ecd086804.80160251,ON GEN T2M
17773,IET6a6aa01419dfb0.49057310,ON GEN T2M
17774,IET6a6ad31251d3b9.29918078,ON GEN T2M
17775,IET6a6b24df42e7b5.59468929,ON GEN T2M
17776,IET6a6b489b8fa6d7.44113321,ON GEN T2M
17777,IET6a6b4d88edd130.34239884,ON GEN T2M
17778,IET6a6b9781a8b8e4.49220544,ON GEN T2M
17779,IET6a6bb7599dbaf6.02927753,ON GEN T2M
17780,IET6a6bec00c90852.36449037,ON GEN T2M
17781,IET6a6bfc53749a56.01977233,ON GEN T2M
17782,IET6a6c0c51ca7638.99882807,ON GEN T2M
17783,IET6a6c10bfbaabf3.32327492,ON GEN T2M
17784,IET6a6ca020a93ed4.83084961,ON GEN T2M
17785,IET6a6d061c831c07.12962374,ON GEN T2M
17786,IET6a6d09970b8aa1.84829251,ON GEN T2M
17787,IET6a6d09970bcd63.77954261,ON GEN T2M
17788,IET6a6d1f6a9fa417.99888941,ON GEN T2M
17789,IET6a6d28347b3727.82648199,ON GEN T2M
17790,IET6a6d28347bc9c2.10888903,ON GEN T2M
17791,IET6a6d429a69da11.05955979,ON GEN T2M
17792,IET6a6e3fc21138d4.12783670,ON GEN T2M
17793,IET6a6e6d4b416f54.34226481,ON GEN T2M
17794,IET6a6e8fd24d5640.85630706,ON GEN T2M
17795,IET6a70a5db4fd310.62107468,ON GEN T2M
17796,IET6a70cd739c5a64.97304895,ON GEN T2M
17797,IET6a70fb2d6f6ae0.00944392,ON GEN T2M
17798,IET6a70fb2d6fbe59.82651385,ON GEN T2M
17799,IET6a714be127a022.82406553,ON GEN T2M
17800,IET6a715349bbe3a7.78239788,ON GEN T2M
17801,IET6a715349bc3377.07948559,ON GEN T2M
17802,IET6a71de9484cbe6.74384132,ON GEN T2M
17803,IET6a71edac80a210.63310845,ON GEN T2M
17804,IET6a720c1f1a5aa3.75628616,ON GEN T2M
17805,IET6a726c53d6bd21.59584062,ON GEN T2M
17806,IET6a72775097a876.16879257,ON GEN T2M
17807,IET6a72775097ed47.11584499,ON GEN T2M
17808,IET6a72777ad29cc0.74522349,ON GEN T2M
17809,IET6a7287814737a1.97013333,ON GEN T2M
17810,IET6a7360823a08c5.58377996,ON GEN T2M
17811,IET6a73a6206191f6.73516736,ON GEN T2M
17812,IET6a73a62061d674.02607113,ON GEN T2M
17813,IET6a73acf9e582b0.97013878,ON GEN T2M
17814,IET6a73b535864e95.94100726,ON GEN T2M
17815,IET6a73d8eaf2dc05.63034684,ON GEN T2M
17816,IET6a73db0f839d03.00906703,ON GEN T2M
17817,IET6a73e682cd08e0.01130823,ON GEN T2M
17818,IET6a7457dcbf7c38.61455107,ON GEN T2M
17819,IET6a749ee24ca744.44263981,ON GEN T2M
17820,IET6a74a7639cf3c5.17303663,ON GEN T2M
17821,IET6a750fc8dd9b67.87756007,ON GEN T2M
17822,IET6a751732d57d39.25395351,ON GEN T2M
17823,IET6a752299609229.18343783,ON GEN T2M
17824,IET6a7536f755e883.20528735,ON GEN T2M
17825,IET6a753da7d99fc1.56153824,ON GEN T2M
17826,IET6a75dea1277e71.63457059,ON GEN T2M
17827,IET6a762f15471bb4.02541982,ON GEN T2M
17828,IET6a7661d5849de5.24381762,ON GEN T2M
17829,IET6a7672b69d3619.75145301,ON GEN T2M
17830,IET6a769e70491cd3.80939477,ON GEN T2M
17831,IET6a771ba7c6ca38.58723280,ON GEN T2M
17832,IET6a777c3169e1c1.76891765,ON GEN T2M
17833,IET6a777e6035da88.50578488,ON GEN T2M
17834,IET6a77835e7bc1b8.36293517,ON GEN T2M
17835,IET6a778d8770b743.01778796,ON GEN T2M
17836,IET6a778da54dc4d9.37248488,ON GEN T2M
17837,IET6a77b4232ce4f0.99565632,ON GEN T2M
17838,IET6a78f2e52fa6a6.03290220,ON GEN T2M
17839,IET6a78f8cbf263e4.36941996,ON GEN T2M
17840,IET6a79d5337b4bc7.15804511,ON GEN T2M
17841,IET6a7a10b0385025.44132051,ON GEN T2M
17842,IET6a7a1525e7b747.34806515,ON GEN T2M
17843,IET6a7a2127411896.20173554,ON GEN T2M
17844,IET6a7a3da7ab1d51.89672870,ON GEN T2M
17845,IET6a7aa18d498810.65275309,ON GEN T2M
17846,IET6a7b21d90eaeb8.02180397,ON GEN T2M
17847,IET6a7b3a92c94711.27363964,ON GEN T2M
17848,IET6a7b4382b4c098.59652817,ON GEN T2M
17849,IET6a7b880162f169.08997089,ON GEN T2M
17850,IET6a7b95af06f6b3.01650706,ON GEN T2M
17851,IET6a7ba091eb7bb0.31766872,ON GEN T2M
17852,IET6a7ba7143e9d92.26144563,ON GEN T2M
17853,IET6a7ba7143ede60.34208727,ON GEN T2M
17854,IET6a7baae973e3c6.51668430,ON GEN T2M
17855,IET6a7c005ee08591.71086950,ON GEN T2M
17856,IET6a7c027f60d8d7.16051236,ON GEN T2M
17857,IET6a7c6237c13c11.38738234,ON GEN T2M
17858,IET6a7c648e89f330.41600225,ON GEN T2M
17859,IET6a7cba4c653cc6.69567614,ON GEN T2M
17860,IET6a7cffee033129.94857181,ON GEN T2M
17861,IET6a7d0c07798023.55679855,ON GEN T2M
17862,IET6a7d2e99085969.29251976,ON GEN T2M
17863,IET6a7d2e9908a847.34943601,ON GEN T2M
17864,IET6a7dc5917d9527.25342968,ON GEN T2M
17865,IET6a7ddcdc79e291.45255182,ON GEN T2M
17866,IET6a7dfa23d50a32.70640949,ON GEN T2M
17867,IET6a7dfa23d552e0.84249564,ON GEN T2M
17868,IET6a7dfa23d59476.07639727,ON GEN T2M
17869,IET6a7e06c1e94a15.90543209,ON GEN T2M
17870,IET6a7e51275f7b57.13608654,ON GEN T2M
17871,IET6a7e51275fc480.71151772,ON GEN T2M
17872,IET6a7e742262f276.07385284,ON GEN T2M
17873,IET6a7e742656c031.64691255,ON GEN T2M
17874,IET6a7e808271c097.57041605,ON GEN T2M
17875,IET6a7f144e80afd7.73340655,ON GEN T2M
17876,IET6a7f4bab934762.21726945,ON GEN T2M
17877,IET6a7f66b33901f3.77190599,ON GEN T2M
17878,IET6a7f947edd6304.14417275,ON GEN T2M
17879,IET6a7fab32f3b771.56216671,ON GEN T2M
17880,IET6a7fc63f951691.52259590,ON GEN T2M
17881,IET6a7fcf394b2690.04731835,ON GEN T2M
17882,IET6a7fcf394b6e55.63006329,ON GEN T2M
17883,IET6a805bff5c6c02.47893245,ON GEN T2M
17884,IET6a808b48dfb966.83489534,ON GEN T2M
17885,IET6a808d1a66f933.05903810,ON GEN T2M
17886,IET6a80a6d135a942.27421739,ON GEN T2M
17887,IET6a80a6d135f965.67587798,ON GEN T2M
17888,IET6a80c1e886e7c9.11400813,ON GEN T2M
17889,IET6a80c7746883f7.46840880,ON GEN T2M
17890,IET6a80e2ad0765e4.20305738,ON GEN T2M
17891,IET6a80f8113910a8.83406932,ON GEN T2M
17892,IET6a81106baab6a1.99027931,ON GEN T2M
17893,IET6a811fa90b01b7.47003624,ON GEN T2M
17894,IET6a81b43b191be0.05601491,ON GEN T2M
17895,IET6a81b43b198fd8.36433111,ON GEN T2M
17896,IET6a81de37364789.52226055,ON GEN T2M
17897,IET6a81fd598f04c4.86474478,ON GEN T2M
17898,IET6a820d368d1f49.24521198,ON GEN T2M
17899,IET6a8211aaa82fc7.55132891,ON GEN T2M
17900,IET6a821b39036058.33064850,ON GEN T2M
17901,IET6a8244a8774fe5.85407907,ON GEN T2M
17902,IET6a826be56267a4.92301008,ON GEN T2M
17903,IET6a826e5e753978.86942312,ON GEN T2M
17904,IET6a826e5e759773.53365835,ON GEN T2M
17905,IET6a831c5e378ed5.34020381,ON GEN T2M
17906,IET6a83357453abe8.05350826,ON GEN T2M
17907,IET6a834b0c106b78.84434120,ON GEN T2M
17908,IET6a836920b85515.63510271,ON GEN T2M
17909,IET6a8374266ee586.75850596,ON GEN T2M
17910,IET6a83b20ac08c78.07319500,ON GEN T2M
17911,IET6a83b833c02639.30511088,ON GEN T2M
17912,IET6a83c3b066d2f7.47937652,ON GEN T2M
17913,IET6a844926cf2bf8.29453828,ON GEN T2M
17914,IET6a84606ed50c89.00494233,ON GEN T2M
17915,IET6a84632badceb2.15822130,ON GEN T2M
17916,IET6a84723e3edd24.31250861,ON GEN T2M
17917,IET6a84a86586f182.01404175,ON GEN T2M
17918,IET6a84ae7c87fc03.82083441,ON GEN T2M
17919,IET6a84b5323d7352.15641369,ON GEN T2M
17920,IET6a84e5cf774b38.48525916,ON GEN T2M
17921,IET6a84ea827e9de1.03091512,ON GEN T2M
17922,IET6a84ebe6ab4871.47677581,ON GEN T2M
17923,IET6a850a0f9c46d6.68995778,ON GEN T2M
17924,IET6a85138db37c48.17156160,ON GEN T2M
17925,IET6a85138db3cb87.32346135,ON GEN T2M
17926,IET6a852e5b2d5435.34593330,ON GEN T2M
17927,IET6a85bb932e8061.05251591,ON GEN T2M
17928,IET6a85c9107a5059.69429526,ON GEN T2M
17929,IET6a85c9107aaa03.35302541,ON GEN T2M
17930,IET6a85d7d1af4106.22728996,ON GEN T2M
17931,IET6a85f4f65a2f84.58847017,ON GEN T2M
17932,IET6a85f895e645e8.28678311,ON GEN T2M
17933,IET6a860b6b01ab89.65528843,ON GEN T2M
17934,IET6a860c20d52119.98981869,ON GEN T2M
17935,IET6a8617bdb309b7.27157687,ON GEN T2M
17936,IET6a8617bdb36166.72086124,ON GEN T2M
17937,IET6a863da813ae38.13521625,ON GEN T2M
17938,IET6a863eb49d0e50.33614086,ON GEN T2M
17939,IET6a86412ccfd3e8.58918802,ON GEN T2M
17940,IET6a8657e6894005.63973650,ON GEN T2M
17941,IET6a866d0ec12949.83785922,ON GEN T2M
17942,IET6a866dbe8c28d3.95240868,ON GEN T2M
17943,IET6a86b0d48a2ca8.89933043,ON GEN T2M
17944,IET6a8726c03d86f4.72693226,ON GEN T2M
17945,IET6a87390ea92b08.80053249,ON GEN T2M
17946,IET6a8745062daf44.08212846,ON GEN T2M
17947,IET6a8754e7649930.41160464,ON GEN T2M
17948,IET6a87756cbd5f40.93525547,ON GEN T2M
17949,IET6a8776dd9dd6f6.12118413,ON GEN T2M
17950,IET6a8781cd950973.05495616,ON GEN T2M
17951,IET6a8796bbeb88a7.23843732,ON GEN T2M
17952,IET6a879b86a84ab1.82181522,ON GEN T2M
17953,IET6a879baecfd9c1.79080496,ON GEN T2M
17954,IET6a87b4a53c5c89.44966708,ON GEN T2M
17955,IET6a87e16164ed41.66299002,ON GEN T2M
17956,IET6a885957582051.35499406,ON GEN T2M
17957,IET6a885957586e23.94438846,ON GEN T2M
17958,IET6a886860223035.88984342,ON GEN T2M
17959,IET6a888235a52157.68842479,ON GEN T2M
17960,IET6a888235a57056.11071193,ON GEN T2M
17961,IET6a8882a771db41.08785916,ON GEN T2M
17962,IET6a888f9a062055.56128949,ON GEN T2M
17963,IET6a88adcc536b06.51508355,ON GEN T2M
17964,IET6a88adcc53c990.35492891,ON GEN T2M
17965,IET6a88af9727d662.89834873,ON GEN T2M
17966,IET6a88c276bc7d30.17405443,ON GEN T2M
17967,IET6a88c5684f62c0.29531386,ON GEN T2M
17968,IET6a88c5959cbf43.11774955,ON GEN T2M
17969,IET6a88c667775838.80811202,ON GEN T2M
17970,IET6a88c8fe6469a3.28652308,ON GEN T2M
17971,IET6a88cf2a762013.01619784,ON GEN T2M
17972,IET6a88d773eef597.90963576,ON GEN T2M
17973,IET6a88dc1593ed12.91095767,ON GEN T2M
17974,IET6a88dc15945d07.59838873,ON GEN T2M
17975,IET6a88ded7277df8.21687809,ON GEN T2M
17976,IET6a88e51bea7d73.47123961,ON GEN T2M
17977,IET6a88e68f954e03.79877494,ON GEN T2M
17978,IET6a88e7bf7b2be8.16728243,ON GEN T2M
17979,IET6a88e7bf7b8241.83653920,ON GEN T2M
17980,IET6a88ec4920b150.60353921,ON GEN T2M
17981,IET6a88ece1afc8f6.55060625,ON GEN T2M
17982,IET6a88f25a76ad32.40234995,ON GEN T2M
17983,IET6a88f25a770083.92600404,ON GEN T2M
17984,IET6a88f3e4985959.38960373,ON GEN T2M
17985,IET6a88f41ad482a5.62015378,ON GEN T2M
17986,IET6a88fbffbc4586.92581595,ON GEN T2M
17987,IET6a88ffc24d3194.04983193,ON GEN T2M
17988,IET6a8902aee0fc47.07937581,ON GEN T2M
17989,IET6a8902dd352be3.12142294,ON GEN T2M
17990,IET6a8904155572b9.25589545,ON GEN T2M
17991,IET6a8909c5da26e5.19399607,ON GEN T2M
17992,IET6a8909c5da7748.90570347,ON GEN T2M
17993,IET6a8910b8f1e496.90905252,ON GEN T2M
17994,IET6a8916004f7058.79204164,ON GEN T2M
17995,IET6a895783318ec5.31243270,ON GEN T2M
17996,IET6a896f162df5b5.12856712,ON GEN T2M
17997,IET6a89870e2b1079.78478625,ON GEN T2M
17998,IET6a8988c2792bf7.14216265,ON GEN T2M
17999,IET6a899ccaca8cb7.26349041,ON GEN T2M
18000,IET6a89a6ce8f38e9.86351505,ON GEN T2M
18001,IET6a89a75f7b8770.98261560,ON GEN T2M
18002,IET6a89a908d70ca7.83333077,ON GEN T2M
18003,IET6a89a908d757b9.92922534,ON GEN T2M
18004,IET6a89acb6452543.75300012,ON GEN T2M
18005,IET6a89afd270f784.11035555,ON GEN T2M
18006,IET6a89afd2715005.16022442,ON GEN T2M
18007,IET6a89b73cb0e211.89563706,ON GEN T2M
18008,IET6a89c0f49ff250.39524363,ON GEN T2M
18009,IET6a89cb3b7b3f02.77665349,ON GEN T2M
18010,IET6a89cb3b7b8102.99564054,ON GEN T2M
18011,IET6a89d2e0d1ff53.34082067,ON GEN T2M
18012,IET6a89d5d69d59c7.29613947,ON GEN T2M
18013,IET6a89d5d69e0045.77718196,ON GEN T2M
18014,IET6a89d618714c40.49804391,ON GEN T2M
18015,IET6a89dc992cf753.01777065,ON GEN T2M
18016,IET6a89dc992d4439.48829999,ON GEN T2M
18017,IET6a89e02b2cc039.63735744,ON GEN T2M
18018,IET6a89e4205d2668.04117973,ON GEN T2M
18019,IET6a89ed09432890.80189428,ON GEN T2M
18020,IET6a89f7ded6e625.98196599,ON GEN T2M
18021,IET6a89f7ded73299.37220706,ON GEN T2M
18022,IET6a89fcfe92dfd5.71555373,ON GEN T2M
18023,IET6a89fe30448c48.41715549,ON GEN T2M
18024,IET6a89fe3044d718.93672078,ON GEN T2M
18025,IET6a89fee2e07780.02353021,ON GEN T2M
18026,IET6a8a00a6d283c8.80350423,ON GEN T2M
18027,IET6a8a08d2aebc91.97528027,ON GEN T2M
18028,IET6a8a091fa9faf5.52567748,ON GEN T2M
18029,IET6a8a104c688d28.36551186,ON GEN T2M
18030,IET6a8a145c486ee1.32126555,ON GEN T2M
18031,IET6a8a15043db661.13809722,ON GEN T2M
18032,IET6a8a165bea8f44.31008328,ON GEN T2M
18033,IET6a38853e459e45.95407845,ON GEN COMM
18034,IET6a39f8a640e004.51974728,ON GEN COMM
18035,IET6a484ad7899c14.18712970,ON GEN COMM
18036,IET6a48e869d37f81.51651482,ON GEN COMM
18037,IET6a4e7aa91da0d2.97098490,ON GEN COMM
18038,IET6a622f701633a7.67118648,ON GEN COMM
18039,IET6a622f7016a031.38263578,ON GEN COMM
18040,IET6a6eb7f054f2e2.07804288,ON GEN COMM
18041,IET6a6eb7f0553ad5.25232497,ON GEN COMM
18042,IET6a70c24f2b60b6.36889528,ON GEN COMM
18043,IET6a75e89c8d3008.70728272,ON GEN COMM
18044,IET6a762efe98c5c4.82942855,ON GEN COMM
18045,IET6a786e53c04998.96655105,ON GEN COMM
18046,IET6a7a26891b1709.99246773,ON GEN COMM
18047,IET6a7e342c42c4f3.82029678,ON GEN COMM
18048,IET6a7e8ef6a24d44.90779496,ON GEN COMM
18049,IET6a83b5cc356969.77094517,ON GEN COMM
18050,IET6a84516ec4a286.08133422,ON GEN COMM
18051,IET6a863f317f0ee8.42400360,ON GEN COMM
18052,IET6a11cef4969b09.04925297,Group 
18053,IET6a11cef496e756.94679095,Group 
18054,IET6a11cef4972e99.45294340,Group 
18055,IET6a73aec78f5592.63349832,LADIES T2 SPE
18056,IET6a73aec78fb8b4.72584955,LADIES T2 SPE
18057,IET6a73aec7900b08.74509034,LADIES T2 SPE
18058,IET6a74143954f558.77690044,LADIES T2 SPE
18059,IET6a7414395541d1.45708577,LADIES T2 SPE
18060,IET6a7414395589b8.21659224,LADIES T2 SPE
18061,IET6a747777551976.40996395,LADIES T2 SPE
18062,IET6a747777556a46.29429397,LADIES T2 SPE
18063,IET6a74777755aca9.38532598,LADIES T2 SPE
18064,IET6a751578940b78.61332015,LADIES T2 SPE
18065,IET6a751578945a90.82313400,LADIES T2 SPE
18066,IET6a7515789496f2.67318978,LADIES T2 SPE
18067,IET6a77992cb72d95.05451740,LADIES T2 SPE
18068,IET6a77992cb77aa9.11904755,LADIES T2 SPE
18069,IET6a77992cb7c128.95136551,LADIES T2 SPE
18070,IET6a78a1a88335e1.40596884,LADIES T2 SPE
18071,IET6a78a1a8838788.91849065,LADIES T2 SPE
18072,IET6a78a1a883c9d5.18777454,LADIES T2 SPE
18073,IET6a78aaa7dbc811.28392888,LADIES T2 SPE
18074,IET6a78aaa7dc3b68.84495787,LADIES T2 SPE
18075,IET6a78aaa7dc9ad3.91608074,LADIES T2 SPE
18076,IET6a7a08936b0a69.66818712,LADIES T2 SPE
18077,IET6a7a08936b7381.74574566,LADIES T2 SPE
18078,IET6a7a08936bc723.82750906,LADIES T2 SPE
18079,IET6a7a0b26145537.68123190,LADIES T2 SPE
18080,IET6a7a0b2614bfc0.30417519,LADIES T2 SPE
18081,IET6a7a0b26151524.83416620,LADIES T2 SPE
18082,IET6a7a2287c8d0d7.41403247,LADIES T2 SPE
18083,IET6a7a2287c91802.27983232,LADIES T2 SPE
18084,IET6a7a2287c95894.73262040,LADIES T2 SPE
18085,IET6a7a41dc072184.75124451,LADIES T2 SPE
18086,IET6a7a41dc0770a1.26824487,LADIES T2 SPE
18087,IET6a7a41dc07b259.60878440,LADIES T2 SPE
18088,IET6a7b0131b147a2.53130563,LADIES T2 SPE
18089,IET6a7b0131b1ab40.10450028,LADIES T2 SPE
18090,IET6a7b0131b1f837.91725065,LADIES T2 SPE
18091,IET6a7cfdb1972a27.63371250,LADIES T2 SPE
18092,IET6a7cfdb1978389.13000748,LADIES T2 SPE
18093,IET6a7cfdb197c9c0.29318548,LADIES T2 SPE
18094,IET6a7d2d2d5c3d78.60869274,LADIES T2 SPE
18095,IET6a7d2d2d5c9484.73477952,LADIES T2 SPE
18096,IET6a7d2d2d5ceba0.56910871,LADIES T2 SPE
18097,IET6a7e02553df8f0.48111948,LADIES T2 SPE
18098,IET6a7e02553e5f51.45862964,LADIES T2 SPE
18099,IET6a7e02553eae62.60307736,LADIES T2 SPE
18100,IET6a7fb39536fea3.32758203,LADIES T2 SPE
18101,IET6a7fb3953759f8.32333241,LADIES T2 SPE
18102,IET6a7fb39537a1d4.93393222,LADIES T2 SPE
18103,IET6a7fd13331aaf9.02643400,LADIES T2 SPE
18104,IET6a7fd13331f543.24461796,LADIES T2 SPE
18105,IET6a7fd133323288.14192297,LADIES T2 SPE
18106,IET6a7fd4fd0b0824.11851799,LADIES T2 SPE
18107,IET6a7fd4fd0b63a3.84593642,LADIES T2 SPE
18108,IET6a7fd4fd0ba8c8.91367740,LADIES T2 SPE
18109,IET6a80755d686f58.24892881,LADIES T2 SPE
18110,IET6a80755d68b769.92793666,LADIES T2 SPE
18111,IET6a80755d68fa49.19826340,LADIES T2 SPE
18112,IET6a81106ba9a2a5.71384899,LADIES T2 SPE
18113,IET6a81106baa0ed1.28690169,LADIES T2 SPE
18114,IET6a81106baa5a50.10921557,LADIES T2 SPE
18115,IET6a8135ae165bc6.11528628,LADIES T2 SPE
18116,IET6a8135ae16a885.68721497,LADIES T2 SPE
18117,IET6a8135ae16f631.11875037,LADIES T2 SPE
18118,IET6a825f317a7cc4.38226840,LADIES T2 SPE
18119,IET6a825f317ad094.12092153,LADIES T2 SPE
18120,IET6a825f317b2343.15999182,LADIES T2 SPE
18121,IET6a8341bc808dc1.62920167,LADIES T2 SPE
18122,IET6a8341bc80e488.72814579,LADIES T2 SPE
18123,IET6a8341bc812e34.37454698,LADIES T2 SPE
18124,IET6a83790a6e9579.59018928,LADIES T2 SPE
18125,IET6a83790a6f01e0.53682801,LADIES T2 SPE
18126,IET6a83790a6f4b37.57641520,LADIES T2 SPE
18127,IET6a843a9f4f5799.72649570,LADIES T2 SPE
18128,IET6a843a9f4fa255.31695809,LADIES T2 SPE
18129,IET6a843a9f4fe395.41109078,LADIES T2 SPE
18130,IET6a87511b9bab86.20412474,LADIES T2 SPE
18131,IET6a87511b9c1f60.48852697,LADIES T2 SPE
18132,IET6a87511b9c7694.30235921,LADIES T2 SPE
18133,IET6a876077af7408.65446040,LADIES T2 SPE
18134,IET6a876077afc564.55345710,LADIES T2 SPE
18135,IET6a876077b012e7.16697717,LADIES T2 SPE
18136,IET6a87a8c92441e3.94751628,LADIES T2 SPE
18137,IET6a87a8c9249497.23897780,LADIES T2 SPE
18138,IET6a87a8c924d731.32750730,LADIES T2 SPE
18139,IET6a87f0a64fc159.38072634,LADIES T2 SPE
18140,IET6a87f0a6502fd4.50652737,LADIES T2 SPE
18141,IET6a87f0a6508f98.41176266,LADIES T2 SPE
18142,IET6a8887fd44e2b1.05004564,LADIES T2 SPE
18143,IET6a8887fd454653.15073173,LADIES T2 SPE
18144,IET6a8887fd458e46.84294566,LADIES T2 SPE
18145,IET6a88a9258720b9.31881009,LADIES T2 SPE
18146,IET6a88a9258771a7.37053025,LADIES T2 SPE
18147,IET6a88a92587bc51.66342327,LADIES T2 SPE
18148,TK6a85d8cf7dff56.60124292,ON CABANA S
18149,TK6a85d8cf819527.50410930,ON CABANA S
18150,TK6a85d8cf865803.13259100,ON CABANA S
18151,TK6a85d8cf8a3247.74551183,ON CABANA S
18152,TK6a85d8cf8d3131.19556183,ON CABANA S
18153,TK6a85d8cf911a54.66488625,ON CABANA S
18154,TK6a85d8cf952b71.95394198,ON CABANA S
18155,TK6a85d8cf9be628.20128116,ON CABANA S
18156,TK6a85d8cf9fba11.20121687,ON CABANA S
18157,TK6a85d8cfa39f05.80212773,ON CABANA S
18158,TK6a85d8cfa7f408.30981635,ON CABANA S
18159,TK6a85d8cfab8f06.43510829,ON CABANA S
18160,TK6a85d8cfaf6f68.71631229,ON CABANA S
18161,TK6a85d8cfb37a58.68731532,ON CABANA S
18162,TK6a85d8cfb72417.98522364,ON CABANA S
18163,TK6a88c57baafd15.41785643,STAGE-SIDE C
18164,TK6a88c57c021e03.71374542,STAGE-SIDE C
18165,TK6a88c57c37ac89.74956288,STAGE-SIDE C
18166,TK6a88c57c7e8951.05817052,STAGE-SIDE C
18167,TK6a88c57cbdb714.71493009,STAGE-SIDE C
18168,TK6a88cea0b5ea42.24250504,STAGE-SIDE C
18169,TK6a88cea1076968.62783564,STAGE-SIDE C
18170,TK6a88d0f87ba107.26826758,STAGE-SIDE C
18171,TK6a88d15b6f26b7.96510687,STAGE-SIDE C
18172,TK6a88d15ba4fc42.29260766,STAGE-SIDE C
18173,TK6a88d162d23395.62918175,STAGE-SIDE C
18174,TK6a88d16314d824.75656332,STAGE-SIDE C
18175,TK6a88d176748393.01041367,STAGE-SIDE C
18176,TK6a88d177b17790.89743200,STAGE-SIDE C
18177,TK6a88d177c03f45.53140638,STAGE-SIDE C
18178,TK6a88d177e9c298.30460731,STAGE-SIDE C
18179,TK6a88d302a134e9.08405056,STAGE-SIDE C
18180,TK6a88d302e28e80.82800990,STAGE-SIDE C
18181,TK6a88d370778466.00264378,STAGE-SIDE C
18182,TK6a88d370b4a131.10516617,STAGE-SIDE C
18183,TK6a88d75c834f03.50433585,STAGE-SIDE C
18184,TK6a88d83745f887.53062095,STAGE-SIDE C
18185,TK6a88d83777a4f4.41114224,STAGE-SIDE C
18186,TK6a88d8855fe9e5.78198970,STAGE-SIDE C
18187,TK6a88d90e5d1b12.41958629,STAGE-SIDE C
18188,TK6a88d90e90d865.11558165,STAGE-SIDE C
18189,TK6a88db1ab34a49.25249800,STAGE-SIDE C
18190,TK6a88db1b04f225.23193787,STAGE-SIDE C
18191,TK6a88ea9e9469e6.48802308,STAGE-SIDE C
18192,TK6a88ea9ed1bca9.70165548,STAGE-SIDE C
18193,TK6a88eb61d56326.52280581,STAGE-SIDE C
18194,TK6a88eb62154627.68154710,STAGE-SIDE C
18195,TK6a88ebeb2ee8e9.05498299,STAGE-SIDE C
18196,TK6a88ebeb65a9f9.75195148,STAGE-SIDE C
18197,TK6a88f03d2f4b31.27816621,STAGE-SIDE C
18198,TK6a88f03d621149.74414477,STAGE-SIDE C
18199,TK6a88f16e4b58b3.00025361,STAGE-SIDE C
18200,TK6a88f16e7e6460.19425772,STAGE-SIDE C
18201,TK6a88f1a067d756.31345964,STAGE-SIDE C
18202,TK6a88f1a09b7d30.27486121,STAGE-SIDE C
18203,TK6a88f4e4d20155.23139590,STAGE-SIDE C
18204,TK6a88f4e5124747.50696178,STAGE-SIDE C
18205,TK6a88ff0c569ff1.28846958,STAGE-SIDE C
18206,TK6a88ff0c891c86.76466019,STAGE-SIDE C
18207,TK6a8905b48b1cd7.45820869,STAGE-SIDE C
18208,TK6a8905b4cc41a0.62988925,STAGE-SIDE C
18209,TK6a8908e8b4cdb4.39935558,STAGE-SIDE C
18210,TK6a8908e91528f8.00241727,STAGE-SIDE C
18211,TK6a890ae7ea67f1.58436496,STAGE-SIDE C
18212,TK6a890ae82a47b0.07197755,STAGE-SIDE C
18213,TK6a890f92075a01.37096189,STAGE-SIDE C
18214,TK6a890f92ad23d4.03475704,STAGE-SIDE C
18215,TK6a891fde2646e7.42162978,STAGE-SIDE C
18216,TK6a891fde5b6342.78150578,STAGE-SIDE C
18217,TK6a8927b21ce877.11137519,STAGE-SIDE C
18218,TK6a8927b24f8f51.30666163,STAGE-SIDE C
18219,TK6a8953d1714084.57508485,STAGE-SIDE C
18220,TK6a8953d1a27ea8.02511025,STAGE-SIDE C
18221,TK6a899cc53839e3.76544752,STAGE-SIDE C
18222,TK6a899cc573a6a2.63528440,STAGE-SIDE C
18223,TK6a89a1a23532f6.75810438,STAGE-SIDE C
18224,TK6a89a1a271bd76.68402369,STAGE-SIDE C
18225,TK6a89ad7faeda01.27327099,STAGE-SIDE C
18226,TK6a89ad7fda6b66.06117335,STAGE-SIDE C
18227,TK6a89b089a71c76.40157428,STAGE-SIDE C
18228,TK6a89c24a1448a3.44682077,STAGE-SIDE C
18229,TK6a89c24a3f33b5.00636073,STAGE-SIDE C
18230,TK6a89c711ea2373.36615546,STAGE-SIDE C
18231,TK6a89ca36cbded3.12616895,STAGE-SIDE C
18232,TK6a89ca370951c0.55044164,STAGE-SIDE C
18233,TK6a89cd0b939258.30797855,STAGE-SIDE C
18234,TK6a89cd0bbde957.45518638,STAGE-SIDE C
18235,TK6a89d47865f338.50461956,STAGE-SIDE C
18236,TK6a89d4788eb0c6.08557341,STAGE-SIDE C
18237,TK6a89d6d5d1faf9.39213716,STAGE-SIDE C
18238,TK6a89d9871e9e16.75851282,STAGE-SIDE C
18239,TK6a89d98754c590.28367030,STAGE-SIDE C
18240,TK6a89e572b917f9.39683736,STAGE-SIDE C
18241,TK6a89e57302d1e4.12856753,STAGE-SIDE C
18242,TK6a89edc2201c76.50901831,STAGE-SIDE C
18243,TK6a89ee3bd95d77.54317068,STAGE-SIDE C
18244,TK6a89f356b81bc2.52233276,STAGE-SIDE C
18245,TK6a89f3570b18d8.41250864,STAGE-SIDE C
18246,TK6a89fe76a65353.97893320,STAGE-SIDE C
18247,TK6a89fe76d15018.94627966,STAGE-SIDE C
18248,TK6a8a0a81a6ef57.01550506,STAGE-SIDE C
18249,TK6a8a0a81d0fe79.68067946,STAGE-SIDE C
18250,TK6a8a0be83336b7.60744278,STAGE-SIDE C
18251,TK6a870b3895d830.95485825,TABLE COMP
18252,TK6a870b38cc9af0.05463419,TABLE COMP
18253,TK6a870b39406ea7.37018150,TABLE COMP
18254,TK6a870b39700b42.73246015,TABLE COMP
18255,TK6a8716804448c3.05990200,TABLE COMP
18256,TK6a885834a1e2e7.26522312,TABLE COMP
18257,TK6a885834cf0a63.00799037,TABLE COMP
18258,TK6a8858350715f0.28305040,TABLE COMP
18259,TK6a88583532cb04.76572691,TABLE COMP
18260,TK6a885835942816.53205352,TABLE COMP
18261,TK6a885835c0a6e1.13973297,TABLE COMP
18262,TK6a885835ecb688.33435114,TABLE COMP
18263,TK6a88583623b599.41103533,TABLE COMP
18264,TK6a8858364f6383.58444592,TABLE COMP
18265,TK6a88583680fdc8.32903062,TABLE COMP
18266,TK6a885836b374c0.97390593,TABLE COMP
18267,TK6a885836e4d630.78441292,TABLE COMP
18268,TK6a8858372231d1.59570375,TABLE COMP
18269,TK6a88583754dd29.47178973,TABLE COMP
18270,TK6a885837889664.49902488,TABLE COMP
18271,TK6a885837b9d043.32155562,TABLE COMP
18272,TK6a890121375f84.54942487,TABLE COMP
18273,TK6a8901217fe324.43979361,TABLE COMP
18274,TK6a890121b39e07.88047488,TABLE COMP
18275,TK6a890121e63f35.17438303,TABLE COMP
18276,TK6a89012224afd9.31696396,TABLE COMP
18277,TK6a8901225aaf93.12026480,TABLE COMP
18278,TK6a8901228d97f1.10823228,TABLE COMP
18279,TK6a890122c564b4.41638450,TABLE COMP
18280,TK6a89012307c806.28435508,TABLE COMP
18281,TK6a8901233bb257.25001727,TABLE COMP
18282,TK6a891888753cf0.65826570,TABLE COMP
18283,TK6a89da06c68881.12256922,TABLE COMP
18284,TK6a89da06f11fa0.76254298,TABLE COMP
18285,TK6a89da0728e273.18253755,TABLE COMP
18286,IET6a297310ac4644.26300589,Table Ticket
18287,IET6a297310aca0a2.83324940,Table Ticket
18288,IET6a297310ad0ef0.59137615,Table Ticket
18289,IET6a297310ad5a44.17967556,Table Ticket
18290,IET6a43fb19ac5286.87653365,Table Ticket
18291,IET6a43fb19b77dc0.08017883,Table Ticket
18292,IET6a43fb19b7d3f5.66213301,Table Ticket
18293,IET6a43fb19b816c5.86754613,Table Ticket
18294,IET6a504ae2902c65.14766911,Table Ticket
18295,IET6a504ae2908a66.14436124,Table Ticket
18296,IET6a504ae290cfc0.60665372,Table Ticket
18297,IET6a504ae2911442.59785627,Table Ticket
18298,IET6a596b0d42f0e2.47255013,Table Ticket
18299,IET6a596b0d433787.97631279,Table Ticket
18300,IET6a596b0d437ef4.89417318,Table Ticket
18301,IET6a596b0d43c1c5.42644244,Table Ticket
18302,IET6a663cc679e572.11707326,Table Ticket
18303,IET6a663cc67a3872.85565991,Table Ticket
18304,IET6a663cc67a80f6.64501082,Table Ticket
18305,IET6a663cc67ac857.71481876,Table Ticket
18306,TK6a7cc3cd8441d0.51855478,Table Ticket
18307,TK6a7cc3cdb8ed08.84985092,Table Ticket
18308,TK6a7cc3cde714d6.07482285,Table Ticket
18309,TK6a7cc3ce20b0a5.22917637,Table Ticket
18310,IET6a83cd8114d9a3.39281101,Table Ticket
18311,IET6a83cd81154615.84638412,Table Ticket
18312,IET6a83cd81158a58.11750390,Table Ticket
18313,IET6a83cd8115d6e4.16982661,Table Ticket
18314,IET6a8485625d7e40.05194205,Table Ticket
18315,IET6a8485625dd803.63788287,Table Ticket
18316,IET6a8485625e1a65.15883274,Table Ticket
18317,IET6a8485625e58b3.63957505,Table Ticket
18318,IET6a8525aca6b893.66393590,Table Ticket
18319,IET6a8525aca710a9.10330700,Table Ticket
18320,IET6a8525aca75ab1.47711854,Table Ticket
18321,IET6a8525aca7a6c0.27019909,Table Ticket
18322,TK6a89daa10bbc92.07776539,Table Ticket
18323,TK6a89daa141f9c1.86089689,Table Ticket
18324,TK6a89daa16deee4.02671786,Table Ticket
18325,TK6a89daa199d110.06202016,Table Ticket
18326,TK6a89dc94071517.56829192,Table Ticket
18327,TK6a89dc943dfaf2.91702454,Table Ticket
18328,TK6a89dc94721481.10690504,Table Ticket
18329,TK6a89dc94a76750.03872799,Table Ticket
18330,TK6a89dc94dc0ea3.28651202,Table Ticket
18331,TK6a89dc9512ef95.03239155,Table Ticket
18332,TK6a468508e2f2b6.84896481,VIP COMP
18333,TK6a4685092a1ed9.07242536,VIP COMP
18334,TK6a709f468618d5.65419137,VIP COMP
18335,TK6a709f46c3f027.91675443,VIP COMP
18336,TK6a7352cc50b986.50375284,VIP COMP
18337,TK6a7352cc9270d3.09575000,VIP COMP
18338,TK6a7352ccc35c43.42553630,VIP COMP
18339,TK6a7352cd341de8.54188206,VIP COMP
18340,TK6a79dbacc901e7.96435154,VIP COMP
18341,TK6a7f369f281bb8.62042168,VIP COMP
18342,TK6a7f369f6e2b16.20866862,VIP COMP
18343,TK6a7f3700ef27c3.93941361,VIP COMP
18344,TK6a7f37012407c7.45495308,VIP COMP
18345,TK6a7f384c8c2501.44732486,VIP COMP
18346,TK6a7f384cc68f83.09706600,VIP COMP
18347,TK6a7f8dc2751f91.70981485,VIP COMP
18348,TK6a7f8dc29f7a83.12286760,VIP COMP
18349,TK6a7f8dc2c7b533.80200771,VIP COMP
18350,TK6a7fa69e0d9583.99602811,VIP COMP
18351,TK6a7fa69e3a2515.06859236,VIP COMP
18352,TK6a806662f238d7.46063943,VIP COMP
18353,TK6a80666328ae52.84479783,VIP COMP
18354,TK6a81c5a8e838b0.52358979,VIP COMP
18355,TK6a81c5a91fb7a9.91108544,VIP COMP
18356,TK6a81c910aa6908.69647004,VIP COMP
18357,TK6a83524fc3ea29.01833590,VIP COMP
18358,TK6a8352500fd2b5.23587110,VIP COMP
18359,TK6a83525b69c4c8.13304259,VIP COMP
18360,TK6a83525b9d5a82.72889980,VIP COMP
18361,TK6a83525bce9111.61636334,VIP COMP
18362,TK6a83525c10a418.49798072,VIP COMP
18363,TK6a8468c27cd694.86624663,VIP COMP
18364,TK6a8468c281dd61.94592204,VIP COMP
18365,TK6a846ac15adf23.43457865,VIP COMP
18366,TK6a846ac1611b04.50572675,VIP COMP
18367,TK6a84c31678b747.65910946,VIP COMP
18368,TK6a84c3167df2a6.98034424,VIP COMP
18369,TK6a84c31683d832.00213159,VIP COMP
18370,TK6a84c3dc6c8445.83621246,VIP COMP
18371,TK6a84c3dc7185b8.26925628,VIP COMP
18372,TK6a84c6130b05e8.04462458,VIP COMP
18373,TK6a85142cc4bbe8.11819713,VIP COMP
18374,TK6a85142cc9d790.65981412,VIP COMP
18375,TK6a859c05bcde73.65850582,VIP COMP
18376,TK6a85e27885f4d9.89367983,VIP COMP
18377,TK6a85e2788aa476.38832462,VIP COMP
18378,TK6a85e29eebf9e0.19043149,VIP COMP
18379,TK6a85e29f2fad47.71080962,VIP COMP
18380,TK6a85e2d31bae98.83240614,VIP COMP
18381,TK6a85e2d3205109.94795638,VIP COMP
18382,TK6a85e2f31de067.90024931,VIP COMP
18383,TK6a85e2f322f581.45305809,VIP COMP
18384,TK6a85e3381585a3.55828113,VIP COMP
18385,TK6a85e3381a65b5.18502361,VIP COMP
18386,TK6a85e392e2be92.47715238,VIP COMP
18387,TK6a85e392e837e4.83384068,VIP COMP
18388,TK6a85eb8f29d890.64752348,VIP COMP
18389,TK6a85eb8f2f2ca6.06015421,VIP COMP
18390,TK6a85ef9a90e5e1.80560960,VIP COMP
18391,TK6a85ef9a95b600.26294315,VIP COMP
18392,TK6a85ef9a9aeb26.42576122,VIP COMP
18393,TK6a85ef9aa15c60.46942687,VIP COMP
18394,TK6a85ef9aa660d1.69366394,VIP COMP
18395,TK6a85ef9aab5686.98944400,VIP COMP
18396,TK6a85ef9ab018c7.42704263,VIP COMP
18397,TK6a85ef9ab541c6.89530521,VIP COMP
18398,TK6a85ef9ab9eea3.45077985,VIP COMP
18399,TK6a85ef9abeabb8.68628094,VIP COMP
18400,TK6a85ef9ac3b1a5.71213506,VIP COMP
18401,TK6a85ef9ac9a8f1.29537808,VIP COMP
18402,TK6a85ef9acedc68.40069156,VIP COMP
18403,TK6a85ef9ad3a8f3.35329811,VIP COMP
18404,TK6a85ef9ad8ee38.25549145,VIP COMP
18405,TK6a85ef9addd289.50577680,VIP COMP
18406,TK6a85ef9ae2d8b2.64536639,VIP COMP
18407,TK6a85ef9ae7ae48.86578436,VIP COMP
18408,TK6a85ef9aec6b68.21245945,VIP COMP
18409,TK6a85ef9af209b5.86466757,VIP COMP
18410,TK6a85ef9b031e06.43920510,VIP COMP
18411,TK6a85ef9b089a35.74158391,VIP COMP
18412,TK6a85ef9b0d8b07.31185111,VIP COMP
18413,TK6a85ef9b122d06.97291500,VIP COMP
18414,TK6a85f0201d4983.04574293,VIP COMP
18415,TK6a85f020223489.26577769,VIP COMP
18416,TK6a85f0202789d0.03879902,VIP COMP
18417,TK6a85f0202c76c9.28298626,VIP COMP
18418,TK6a85f02031e252.26877756,VIP COMP
18419,TK6a85f020371a09.30903759,VIP COMP
18420,TK6a85f031709303.43494507,VIP COMP
18421,TK6a85f031757919.71192371,VIP COMP
18422,TK6a85f0317a8b89.24427541,VIP COMP
18423,TK6a85f0317f7748.75934431,VIP COMP
18424,TK6a85f031870727.53105423,VIP COMP
18425,TK6a85f0318c4895.77270172,VIP COMP
18426,TK6a85f031914b55.57066066,VIP COMP
18427,TK6a85f031961ed0.88332881,VIP COMP
18428,TK6a85f0448d8044.06210459,VIP COMP
18429,TK6a85f0449229f2.37992705,VIP COMP
18430,TK6a85f044975da1.61730599,VIP COMP
18431,TK6a85f0449c6dd0.41382991,VIP COMP
18432,TK6a85f044a1c060.35480429,VIP COMP
18433,TK6a85f044a73eb9.16753928,VIP COMP
18434,TK6a85f044ac8b35.11058853,VIP COMP
18435,TK6a85f044b23275.71741943,VIP COMP
18436,TK6a85f044b7e006.69966168,VIP COMP
18437,TK6a85f044bd0a76.51087183,VIP COMP
18438,TK6a85f044c30bd3.81459248,VIP COMP
18439,TK6a85f044c870a8.44832085,VIP COMP
18440,TK6a85f044cd5032.57555907,VIP COMP
18441,TK6a85f044d27a74.18528086,VIP COMP
18442,TK6a85f044d7d918.54902386,VIP COMP
18443,TK6a85f044dd0fd4.01996016,VIP COMP
18444,TK6a85f044e1d861.61227083,VIP COMP
18445,TK6a85f044e6b211.70997749,VIP COMP
18446,TK6a85f044eb94f7.26690448,VIP COMP
18447,TK6a85f044f0aad1.74510488,VIP COMP
18448,TK6a85f071df1338.72073780,VIP COMP
18449,TK6a85f14b4c4429.29569524,VIP COMP
18450,TK6a85f16354b170.13560786,VIP COMP
18451,TK6a85f1635a0b82.21568195,VIP COMP
18452,TK6a85f1635f50b1.16567744,VIP COMP
18453,TK6a85f163649194.97729858,VIP COMP
18454,TK6a85f16369a065.36278110,VIP COMP
18455,TK6a85f1636f51e1.41262471,VIP COMP
18456,TK6a85f1767323c7.58846640,VIP COMP
18457,TK6a85f17678ac87.18928063,VIP COMP
18458,TK6a85f1767fd775.12245427,VIP COMP
18459,TK6a85f17684bbd0.82778171,VIP COMP
18460,TK6a860581b62bf7.99852305,VIP COMP
18461,TK6a860581bb0ad0.73821392,VIP COMP
18462,TK6a8605b76223c9.10896127,VIP COMP
18463,TK6a8605b7689405.71083980,VIP COMP
18464,TK6a860e0b6eeec7.91445581,VIP COMP
18465,TK6a860e2127f3b3.27405943,VIP COMP
18466,TK6a862586f3a881.13775765,VIP COMP
18467,TK6a8625874f5728.21328809,VIP COMP
18468,TK6a862587b34584.13080197,VIP COMP
18469,TK6a862587e57a19.18327773,VIP COMP
18470,TK6a86f4ddd8a940.54846344,VIP COMP
18471,TK6a86f4de169f79.47954613,VIP COMP
18472,TK6a86f4de546267.64960206,VIP COMP
18473,TK6a86f4de8037e0.50170637,VIP COMP
18474,TK6a86f4deac0f86.86960487,VIP COMP
18475,TK6a86f4dedd14c6.66907561,VIP COMP
18476,TK6a86f556841258.26817148,VIP COMP
18477,TK6a86f556ae2100.30128776,VIP COMP
18478,TK6a870c31c73614.70406162,VIP COMP
18479,TK6a870c321afe64.12763673,VIP COMP
18480,TK6a870c324cc5e7.87413443,VIP COMP
18481,TK6a870c327f5052.23781160,VIP COMP
18482,TK6a870c32b067c8.70441937,VIP COMP
18483,TK6a870c32e08511.28056337,VIP COMP
18484,TK6a870c331e1a13.51834394,VIP COMP
18485,TK6a870c33507e81.23330684,VIP COMP
18486,TK6a870ea7052b78.86517288,VIP COMP
18487,TK6a870ea735b535.49355609,VIP COMP
18488,TK6a870ea76b6eb3.38955946,VIP COMP
18489,TK6a870ea79e7f51.03187446,VIP COMP
18490,TK6a870ea7cf5d12.20898441,VIP COMP
18491,TK6a870ea80bb119.75162251,VIP COMP
18492,TK6a870ea83c1a14.21592523,VIP COMP
18493,TK6a8719b90cf671.90822157,VIP COMP
18494,TK6a8719b9505071.86009108,VIP COMP
18495,TK6a871a075bd2f9.24093156,VIP COMP
18496,TK6a871a07907e11.93056001,VIP COMP
18497,TK6a871aa72c5444.40953922,VIP COMP
18498,TK6a871aa75fb1a9.13926971,VIP COMP
18499,TK6a871ae62940b0.56906372,VIP COMP
18500,TK6a871ae6540f79.73033420,VIP COMP
18501,TK6a873d618485c0.15004032,VIP COMP
18502,TK6a873d7a16a9b4.87059811,VIP COMP
18503,TK6a873d7a4d1766.95869186,VIP COMP
18504,TK6a873d8ecff223.39272796,VIP COMP
18505,TK6a873d8f0f71d2.40900600,VIP COMP
18506,TK6a873d8f3f3bb0.28987038,VIP COMP
18507,TK6a8742641849c3.30055889,VIP COMP
18508,TK6a87426446d151.04799409,VIP COMP
18509,TK6a87495a5bcdf2.45108363,VIP COMP
18510,TK6a8750f7b254c5.05218066,VIP COMP
18511,TK6a8750f7ef0bf6.69831144,VIP COMP
18512,TK6a8752e1943ac7.78824262,VIP COMP
18513,TK6a8755e0838562.21878333,VIP COMP
18514,TK6a875a12e05ef0.00831978,VIP COMP
18515,TK6a875a13188db5.61357512,VIP COMP
18516,TK6a875a200824a5.19502836,VIP COMP
18517,TK6a875a20391b54.01491455,VIP COMP
18518,TK6a87668422a863.66360592,VIP COMP
18519,TK6a876684589701.47076470,VIP COMP
18520,TK6a877605719260.65529228,VIP COMP
18521,TK6a8776059e2912.85208764,VIP COMP
18522,TK6a877605c940e8.73659861,VIP COMP
18523,TK6a877605f36672.33640264,VIP COMP
18524,TK6a8784eaef2449.86334586,VIP COMP
18525,TK6a8784eb28c0f0.49743740,VIP COMP
18526,TK6a8784eb5707f5.33604036,VIP COMP
18527,TK6a8784eb83b977.39432291,VIP COMP
18528,TK6a8784ebb14221.88126415,VIP COMP
18529,TK6a8784ebdfa121.86045770,VIP COMP
18530,TK6a8784ec1a2b47.25948374,VIP COMP
18531,TK6a878e36622b91.09307685,VIP COMP
18532,TK6a878ed05f3780.20608497,VIP COMP
18533,TK6a87a86f80c327.28845320,VIP COMP
18534,TK6a87a86faf57d7.24515519,VIP COMP
18535,TK6a8811a1595607.64115229,VIP COMP
18536,TK6a8811a187d0a8.92286165,VIP COMP
18537,TK6a8811ea7cb410.91534172,VIP COMP
18538,TK6a8811eaab3780.36259743,VIP COMP
18539,TK6a881207317c80.38172035,VIP COMP
18540,TK6a8812075f6ff5.79264544,VIP COMP
18541,TK6a8812e37745a9.78737668,VIP COMP
18542,TK6a8812ef359211.50168038,VIP COMP
18543,TK6a8812fece3975.47916019,VIP COMP
18544,TK6a8812ff07fa07.58325354,VIP COMP
18545,TK6a8812ff347b61.18410347,VIP COMP
18546,TK6a88295447e606.10347773,VIP COMP
18547,TK6a88463a7f7f84.54591088,VIP COMP
18548,TK6a88510fbe42a7.29396665,VIP COMP
18549,TK6a88510fedc868.89241104,VIP COMP
18550,TK6a88547c261662.75723407,VIP COMP
18551,TK6a88583350b4f2.19055517,VIP COMP
18552,TK6a8858337d3968.02165849,VIP COMP
18553,TK6a885833aaebd2.12808186,VIP COMP
18554,TK6a885833d7bd94.71007946,VIP COMP
18555,TK6a8858340fad71.69763848,VIP COMP
18556,TK6a8858343d8572.29826728,VIP COMP
18557,TK6a88597cdac5f1.66121248,VIP COMP
18558,TK6a885a704080b9.86248753,VIP COMP
18559,TK6a885de9adecb1.65003111,VIP COMP
18560,TK6a885de9daba42.37638280,VIP COMP
18561,TK6a886b6c648885.99616260,VIP COMP
18562,TK6a886b6c94b125.98654860,VIP COMP
18563,TK6a886b7984f1c4.26180760,VIP COMP
18564,TK6a886b79bbd6d1.84522315,VIP COMP
18565,TK6a886be13d1e25.01584593,VIP COMP
18566,TK6a886be17245f4.17803134,VIP COMP
18567,TK6a886c5ed61775.18264305,VIP COMP
18568,TK6a886c5f11ee26.56225238,VIP COMP
18569,TK6a886c5f404e35.43446900,VIP COMP
18570,TK6a886c853d7021.77881659,VIP COMP
18571,TK6a886c8570c098.81010611,VIP COMP
18572,TK6a886c94118262.65093576,VIP COMP
18573,TK6a886c9446c0b2.07299762,VIP COMP
18574,TK6a886ca173cf66.03663757,VIP COMP
18575,TK6a886ca1b5a331.82228486,VIP COMP
18576,TK6a886cb27d1675.86072713,VIP COMP
18577,TK6a886cb2b0b8d4.14547608,VIP COMP
18578,TK6a886cbf8738a6.17330416,VIP COMP
18579,TK6a886cbfbbe027.92727623,VIP COMP
18580,TK6a886cea7aaa55.80468051,VIP COMP
18581,TK6a886ceae06d74.42359881,VIP COMP
18582,TK6a886cf811ac65.57935742,VIP COMP
18583,TK6a886cf84d6676.80245527,VIP COMP
18584,TK6a886d01b6cf24.69709895,VIP COMP
18585,TK6a886d01e49ba9.80372893,VIP COMP
18586,TK6a886d0c841a12.66471233,VIP COMP
18587,TK6a886d0cb26bf3.68701512,VIP COMP
18588,TK6a886d161fc928.03034722,VIP COMP
18589,TK6a886d164c3379.25803520,VIP COMP
18590,TK6a886d30956754.85892843,VIP COMP
18591,TK6a886d30da6926.58340561,VIP COMP
18592,TK6a886d3ab1e143.62669221,VIP COMP
18593,TK6a886d3ae8df17.93836987,VIP COMP
18594,TK6a886d4a715284.22367764,VIP COMP
18595,TK6a886d4a9ea751.18298754,VIP COMP
18596,TK6a886d56137e72.67798496,VIP COMP
18597,TK6a886d56472210.06656316,VIP COMP
18598,TK6a886dca6c86e5.22931390,VIP COMP
18599,TK6a886dcaa0da98.46500156,VIP COMP
18600,TK6a886efac10fa4.61326519,VIP COMP
18601,TK6a886efb016033.96579334,VIP COMP
18602,TK6a886f505fb2f6.27650507,VIP COMP
18603,TK6a886f509fc9d9.51380362,VIP COMP
18604,TK6a886f606927c8.39710148,VIP COMP
18605,TK6a886f60999e37.20885187,VIP COMP
18606,TK6a887118500f03.06108402,VIP COMP
18607,TK6a8871187dd5f8.60805039,VIP COMP
18608,TK6a8871c64f6b80.11973421,VIP COMP
18609,TK6a8873f1a65370.95185290,VIP COMP
18610,TK6a8874a56d8f47.43039770,VIP COMP
18611,TK6a8874a5a33ea2.85898497,VIP COMP
18612,TK6a8874a5d86496.68088879,VIP COMP
18613,TK6a8874a61354b6.33715921,VIP COMP
18614,TK6a8874e1c0cf54.24335316,VIP COMP
18615,TK6a8886ae93b889.71929957,VIP COMP
18616,TK6a8886aecd5b67.13578740,VIP COMP
18617,TK6a8886af140769.71060602,VIP COMP
18618,TK6a8886af4d3620.34908207,VIP COMP
18619,TK6a88998b758e19.71289523,VIP COMP
18620,TK6a88998bab7793.27540113,VIP COMP
18621,TK6a88998be11fd9.69803768,VIP COMP
18622,TK6a88a293835304.06130300,VIP COMP
18623,TK6a88a293b8d1d1.84143303,VIP COMP
18624,TK6a88abd99a4155.77969083,VIP COMP
18625,TK6a88aca0cdf5e6.22459081,VIP COMP
18626,TK6a88bc66f297b5.39112429,VIP COMP
18627,TK6a88bc67613927.82911860,VIP COMP
18628,TK6a88bc679938f8.72895935,VIP COMP
18629,TK6a88bc67d142e4.88290863,VIP COMP
18630,TK6a88bcb56344f2.84031650,VIP COMP
18631,TK6a88bcb5997a83.08637616,VIP COMP
18632,TK6a88bcb5d021c2.80895841,VIP COMP
18633,TK6a88bcd629edc9.77808008,VIP COMP
18634,TK6a88c75ae0b5f2.41868629,VIP COMP
18635,TK6a88d36ad42189.20850670,VIP COMP
18636,TK6a88d36b194957.88240389,VIP COMP
18637,TK6a88d36b5ef469.29133837,VIP COMP
18638,TK6a88e31d5c2192.36996241,VIP COMP
18639,TK6a88e31d976e42.24558318,VIP COMP
18640,TK6a88e97ddd6288.32611113,VIP COMP
18641,TK6a88e9f9dce895.81127253,VIP COMP
18642,TK6a88e9fa2c17c7.54555196,VIP COMP
18643,TK6a88eb5e24a742.13226366,VIP COMP
18644,TK6a88eb5e599b25.52034486,VIP COMP
18645,TK6a88eb5e900322.75756922,VIP COMP
18646,TK6a88eb5ec36115.71509390,VIP COMP
18647,TK6a88eb5f02a4b0.79535539,VIP COMP
18648,TK6a88eb5f382dc9.66067628,VIP COMP
18649,TK6a88eb5f9ed770.45338329,VIP COMP
18650,TK6a88eb5fd71633.63489392,VIP COMP
18651,TK6a88eb60196050.40271769,VIP COMP
18652,TK6a88f8da06c1e8.76106174,VIP COMP
18653,TK6a88f903b51ea5.36426335,VIP COMP
18654,TK6a88f9acf201a1.53459907,VIP COMP
18655,TK6a88fd2bf15707.94488288,VIP COMP
18656,TK6a88fed04def55.20106335,VIP COMP
18657,TK6a88ff11b1e289.73797011,VIP COMP
18658,TK6a88ff11e8e7a7.51567424,VIP COMP
18659,TK6a890172a1cad4.45944161,VIP COMP
18660,TK6a890172d77007.80805181,VIP COMP
18661,TK6a8901731d9234.57405537,VIP COMP
18662,TK6a890173c54ee5.93340697,VIP COMP
18663,TK6a8901748a1af4.32744268,VIP COMP
18664,TK6a890174bfceb8.36905858,VIP COMP
18665,TK6a8901c6abcf38.77355735,VIP COMP
18666,TK6a89027b60e746.70535247,VIP COMP
18667,TK6a89027b977197.14626927,VIP COMP
18668,TK6a890335e93ae0.49272037,VIP COMP
18669,TK6a8918871adaa5.77445936,VIP COMP
18670,TK6a8918875277c8.47832601,VIP COMP
18671,TK6a891887a59b06.68454900,VIP COMP
18672,TK6a89188806ccc1.88963207,VIP COMP
18673,TK6a89539843a876.40025241,VIP COMP
18674,TK6a89539887f0a3.26011592,VIP COMP
18675,TK6a895398bae918.47422705,VIP COMP
18676,TK6a895398eb3877.56490376,VIP COMP
18677,TK6a895399278288.82965766,VIP COMP
18678,TK6a89539956e418.87919582,VIP COMP
18679,TK6a8994a6bb5454.82614098,VIP COMP
18680,TK6a8994a7124b78.18065396,VIP COMP
18681,TK6a8994b326b209.62094532,VIP COMP
18682,TK6a8994b3521cb9.18713986,VIP COMP
18683,TK6a8994bd64b744.26684530,VIP COMP
18684,TK6a8994bd9798c4.82874161,VIP COMP
18685,TK6a8994d308e252.63100345,VIP COMP
18686,TK6a8994d3454ac0.91989564,VIP COMP
18687,TK6a8995212c5182.79440185,VIP COMP
18688,TK6a8995215d35c0.48819590,VIP COMP
18689,TK6a8995218f8c63.17359402,VIP COMP
18690,TK6a899521c34029.49288981,VIP COMP
18691,TK6a899522018fb8.15586892,VIP COMP
18692,TK6a8995356c9588.68069796,VIP COMP
18693,TK6a8995359f1794.36843152,VIP COMP
18694,TK6a899535cf4130.39640342,VIP COMP
18695,TK6a8995360d3fa5.49173753,VIP COMP
18696,TK6a89958287a9f7.74851377,VIP COMP
18697,TK6a899582c8e591.73390574,VIP COMP
18698,TK6a89958307c745.83826213,VIP COMP
18699,TK6a899583393837.77305343,VIP COMP
18700,TK6a8995836a3c35.17225170,VIP COMP
18701,TK6a8995b1675631.97188540,VIP COMP
18702,TK6a8995b19349a5.67119158,VIP COMP
18703,TK6a8995e56841d0.14057228,VIP COMP
18704,TK6a8995e59ecb69.59208652,VIP COMP
18705,TK6a8995e5d6c469.89196848,VIP COMP
18706,TK6a8995e61561f8.53498702,VIP COMP
18707,TK6a89a2fc0378b9.07064299,VIP COMP
18708,TK6a89a2fc35a1a7.27367700,VIP COMP
18709,TK6a89a30aa26b56.04865995,VIP COMP
18710,TK6a89a30ad44717.55708157,VIP COMP
18711,TK6a89a3678e83a6.00483743,VIP COMP
18712,TK6a89a392bb8845.67606413,VIP COMP
18713,TK6a89a392f3e160.33603856,VIP COMP
18714,TK6a89a3932ce187.01988472,VIP COMP
18715,TK6a89a3935943f0.44724670,VIP COMP
18716,TK6a89ab59bff8d8.50075135,VIP COMP
18717,TK6a89ab59eab3b5.94116857,VIP COMP
18718,TK6a89ab5a239273.46400485,VIP COMP
18719,TK6a89ab5a4eff20.95002220,VIP COMP
18720,TK6a89ab5a79fdb7.60517430,VIP COMP
18721,TK6a89ab5aa5dd46.11003261,VIP COMP
18722,TK6a89ab5ad29608.46420295,VIP COMP
18723,TK6a89ab5b09b815.67075746,VIP COMP
18724,TK6a89ab5b3bc616.06606026,VIP COMP
18725,TK6a89ab5b679770.70563860,VIP COMP
18726,TK6a89ab5b927d23.89520447,VIP COMP
18727,TK6a89ab5bbdacb1.09860624,VIP COMP
18728,TK6a89ab5be95b73.82011185,VIP COMP
18729,TK6a89ab5c278873.63418983,VIP COMP
18730,TK6a89ab5c5ba281.28669375,VIP COMP
18731,TK6a89ab5c90a125.74195820,VIP COMP
18732,TK6a89ab5cc3c2f5.28810487,VIP COMP
18733,TK6a89ab5d0267c7.47295469,VIP COMP
18734,TK6a89ab5d3525b3.69366611,VIP COMP
18735,TK6a89ab5d6077d4.04308636,VIP COMP
18736,TK6a89ab660a36c0.77667208,VIP COMP
18737,TK6a89ab6636bdd6.11079994,VIP COMP
18738,TK6a89ab6668c419.96663784,VIP COMP
18739,TK6a89ab6699c462.87422776,VIP COMP
18740,TK6a89ab66cb7804.83239569,VIP COMP
18741,TK6a89abf5c2f8b6.22202504,VIP COMP
18742,TK6a89bd90a0a855.07924297,VIP COMP
18743,TK6a89c4adc83712.66274039,VIP COMP
18744,TK6a89cc16f0bba6.83262028,VIP COMP
18745,TK6a89cc17280702.94327049,VIP COMP
18746,TK6a89cc3380bb48.60622910,VIP COMP
18747,TK6a89cc33ad2147.63425603,VIP COMP
18748,TK6a89cc53db1620.60624630,VIP COMP
18749,TK6a89cc541487c8.27241685,VIP COMP
18750,TK6a89cc543f0386.70631741,VIP COMP
18751,TK6a89cca37eedc5.87534282,VIP COMP
18752,TK6a89cca3c14088.79532523,VIP COMP
18753,TK6a89cca4002a17.47780330,VIP COMP
18754,TK6a89cca432ba80.12774501,VIP COMP
18755,TK6a89ccdd6aba87.61567241,VIP COMP
18756,TK6a89ccddacb747.59871098,VIP COMP
18757,TK6a89cce8100516.32119876,VIP COMP
18758,TK6a89cce843bf57.02184960,VIP COMP
18759,TK6a89cce8754823.01040917,VIP COMP
18760,TK6a89cce8a64e84.29253988,VIP COMP
18761,TK6a89ccf2401ef3.21283554,VIP COMP
18762,TK6a89ccf26b2a93.12947625,VIP COMP
18763,TK6a89cd5e55a230.48009801,VIP COMP
18764,TK6a89cd75c0e900.29337264,VIP COMP
18765,TK6a89cd75edaf72.45558135,VIP COMP
18766,TK6a89d31e6943c1.06495325,VIP COMP
18767,TK6a89d3830ad092.97183293,VIP COMP
18768,TK6a89d3b6e2b581.25259334,VIP COMP
18769,TK6a89d3b720d646.34460277,VIP COMP
18770,TK6a89deb19b78f4.52348088,VIP COMP
18771,TK6a89deb1c809a6.31638837,VIP COMP
18772,TK6a89deb1f33fb6.23351175,VIP COMP
18773,TK6a89deb22b41b2.18384787,VIP COMP
18774,TK6a89deb256fe98.22982344,VIP COMP
18775,TK6a89deb280c408.87398432,VIP COMP
18776,TK6a89deb2accaa4.23922514,VIP COMP
18777,TK6a89deb2de8071.11801026,VIP COMP
18778,TK6a89deb31c8a37.72894882,VIP COMP
18779,TK6a89df23861596.12776064,VIP COMP
18780,TK6a89df23b52350.50406832,VIP COMP
18781,TK6a89df23defd77.85491716,VIP COMP
18782,TK6a89df24180504.53979621,VIP COMP
18783,TK6a89df245aefb9.14657668,VIP COMP
18784,TK6a89df24c01df8.62086622,VIP COMP
18785,TK6a89df24f16075.96144107,VIP COMP
18786,TK6a89df252e1565.31903884,VIP COMP
18787,TK6a89df2557f8e6.95820901,VIP COMP
18788,TK6a89df2581bde3.06694478,VIP COMP
18789,TK6a89df25ad09b1.04294847,VIP COMP
18790,TK6a89df25d84c36.18854987,VIP COMP
18791,TK6a89df260f02c8.38066235,VIP COMP
18792,TK6a89df26472684.11520730,VIP COMP
18793,TK6a89df267beb55.91765447,VIP COMP
18794,TK6a89df26afd166.93359164,VIP COMP
18795,TK6a89df26e294f4.85225314,VIP COMP
18796,TK6a89df271fb8e2.46389978,VIP COMP
18797,TK6a89df2754c3f7.91233214,VIP COMP
18798,TK6a89df27800eb1.79484938,VIP COMP
18799,TK6a89df27e12c58.30643826,VIP COMP
18800,TK6a89df28224521.06000508,VIP COMP
18801,TK6a89df2854df35.26719057,VIP COMP
18802,TK6a89df28b3d9a9.94257067,VIP COMP
18803,TK6a89df28ddb714.00083741,VIP COMP
18804,TK6a89e3b6077a99.22622988,VIP COMP
18805,TK6a89e3b637eed7.49662994,VIP COMP
18806,TK6a89e43b57b870.95701621,VIP COMP
18807,TK6a89e43b8370a9.19824378,VIP COMP
18808,TK6a89e43bb5e0a1.10429110,VIP COMP
18809,TK6a89e43be62d12.02014312,VIP COMP
18810,TK6a89e83f7dccf5.40748607,VIP COMP
18811,TK6a89e83fb10b68.39950226,VIP COMP
18812,TK6a89e83fe5d920.33199264,VIP COMP
18813,TK6a89e84024e8a4.46170196,VIP COMP
18814,TK6a89f73362ac32.18872042,VIP COMP
18815,TK6a89f7338fc447.06525783,VIP COMP
18816,TK6a89f733bbef29.16125217,VIP COMP
18817,TK6a89f733e7a9a5.32182311,VIP COMP
18818,TK6a89f74ed7ffb4.12350980,VIP COMP
18819,TK6a89f74f1029c0.26123893,VIP COMP
18820,TK6a89f88418f724.02620087,VIP COMP
18821,TK6a89f884462697.67227950,VIP COMP
18822,TK6a89f89f668825.74700915,VIP COMP
18823,TK6a89f8a86dbc99.84479821,VIP COMP
18824,TK6a89f8a8a010c2.67090454,VIP COMP
18825,TK6a89f8b1870821.76910765,VIP COMP
18826,TK6a89f8b1b2e674.22005905,VIP COMP
18827,TK6a89f8babb2103.99487395,VIP COMP
18828,TK6a89f8baef10a6.86401195,VIP COMP
18829,TK6a89f8c38fe4e3.48747863,VIP COMP
18830,TK6a89f8c3c3d4c3.94136844,VIP COMP
18831,TK6a89f8e5e2cf98.60066360,VIP COMP
18832,TK6a89f8e6295471.18829838,VIP COMP
18833,TK6a89f8e65b1868.38759646,VIP COMP
18834,TK6a89f8e68cab29.36693815,VIP COMP
18835,TK6a89fb66e2c180.97929544,VIP COMP
18836,TK6a89fb67324f36.27297718,VIP COMP
18837,TK6a8a03c66031e4.50160353,VIP COMP
18838,TK6a8a03c68cbd54.91166167,VIP COMP
18839,TK6a8a03c6b9e502.82550358,VIP COMP
18840,TK6a8a03c6e6d5a4.13528519,VIP COMP
18841,TK6a8a0449315d10.68871293,VIP COMP
18842,TK6a8a0449659b73.27231614,VIP COMP
18843,TK6a8a044998a925.80427006,VIP COMP
18844,TK6a8a0449cafb16.69811468,VIP COMP
18845,TK6a8a045badcd33.92762425,VIP COMP
18846,TK6a8a045bdf95a3.04044555,VIP COMP
18847,TK6a8a046e3b5e40.01200154,VIP COMP
18848,TK6a8a046e67dad1.71672267,VIP COMP
18849,TK6a8a047d3dc312.56177893,VIP COMP
18850,TK6a8a047d68bbb2.54986712,VIP COMP
18851,TK6a8a09c4494337.12815481,VIP COMP
18852,TK6a8a0a025990f5.06617423,VIP COMP
18853,TK6a8a0a187f85e0.93206951,VIP COMP
18854,TK6a8a112619e3b4.52368055,VIP COMP
18855,TK6a8a11906d9b63.77465387,VIP COMP
18856,TK6a8a11a4860607.37516965,VIP COMP
18857,TK6a8a12d0310588.47612487,VIP COMP
18858,TK6a8a12d05d7313.40835331,VIP COMP
18859,TK6a8a151a4a05e9.59929424,VIP COMP
18860,TK6a8a151a75f1e9.85298926,VIP COMP
18861,TK6a8a155470aca7.77228099,VIP COMP
18862,TK6a8a1554a001a7.11256753,VIP COMP
18863,TK6a8a1554ccf972.61444740,VIP COMP
18864,TK6a8a1555064ee9.83009354,VIP COMP
18865,TK6a8a1593c799c8.39246522,VIP COMP
18866,TK6a8a15fec35df6.47361098,VIP COMP
18867,TK6a8a15ff13f863.14545772,VIP COMP
18868,IET6a0b990a1f4a81.59083839,VIP- Female
18869,IET6a0b990a1fbc00.59057892,VIP- Female
18870,IET6a0b990a2c0685.74924866,VIP- Female
18871,IET6a0b99a7724923.10739397,VIP- Female
18872,IET6a0b9b1d98e890.76334816,VIP- Female
18873,IET6a0b9bb49030d5.20185788,VIP- Female
18874,IET6a0b9c08741180.32598015,VIP- Female
18875,IET6a0b9c08747b14.19084220,VIP- Female
18876,IET6a0b9c399de331.04411269,VIP- Female
18877,IET6a0b9ce1a1a022.35357161,VIP- Female
18878,IET6a0b9cfb89c402.05874074,VIP- Female
18879,IET6a0b9d5df3e117.24567755,VIP- Female
18880,IET6a0b9e2e28c508.68767454,VIP- Female
18881,IET6a0b9ecee90b09.73115443,VIP- Female
18882,IET6a0b9fb91956f0.57718798,VIP- Female
18883,IET6a0ba00330fe41.24065641,VIP- Female
18884,IET6a0ba00f053eb1.90814999,VIP- Female
18885,IET6a0ba0f23464f0.47105028,VIP- Female
18886,IET6a0ba24275b068.54774048,VIP- Female
18887,IET6a0ba40d8691e1.73119622,VIP- Female
18888,IET6a0ba4445e1510.61910686,VIP- Female
18889,IET6a0ba691472731.52849596,VIP- Female
18890,IET6a0baf352b46e1.57266740,VIP- Female
18891,IET6a0baf4965a404.07376619,VIP- Female
18892,IET6a0baf9a23ba19.04661064,VIP- Female
18893,IET6a0bb17fa40466.62151837,VIP- Female
18894,IET6a0bb1f263b170.42387055,VIP- Female
18895,IET6a0bb1f2640e63.63980358,VIP- Female
18896,IET6a0bb1f2645f96.71104202,VIP- Female
18897,IET6a0bb2eb0fbe50.28823174,VIP- Female
18898,IET6a0bb2eb1014e9.23774703,VIP- Female
18899,IET6a0bb2eb105480.94045792,VIP- Female
18900,IET6a0bb4eea51fe5.43299725,VIP- Female
18901,IET6a0bb74b39a031.44112857,VIP- Female
18902,IET6a0bbb188186f3.65270432,VIP- Female
18903,IET6a0bbeedc198b6.72452109,VIP- Female
18904,IET6a0bbeedc200f8.47179747,VIP- Female
18905,IET6a0bbf13ce13a4.66432429,VIP- Female
18906,IET6a0bbf13ce5a14.34699513,VIP- Female
18907,IET6a0bc14116e870.71160249,VIP- Female
18908,IET6a0bc1411738e3.57698278,VIP- Female
18909,IET6a0bc141177a67.41262492,VIP- Female
18910,IET6a0bc7106f75e6.59758127,VIP- Female
18911,IET6a0bcc278a3276.17386335,VIP- Female
18912,IET6a0be054c8e884.38648253,VIP- Female
18913,IET6a0be231cebc33.31124764,VIP- Female
18914,IET6a0c523a8f5825.60669672,VIP- Female
18915,IET6a0c5999764c41.22163303,VIP- Female
18916,IET6a0c5999769778.84110439,VIP- Female
18917,IET6a0c8b5bd2c392.01246046,VIP- Female
18918,IET6a0c8b9c636062.00841532,VIP- Female
18919,IET6a0cb93c3b66f6.44207686,VIP- Female
18920,IET6a0cbae18ba038.46280736,VIP- Female
18921,IET6a0cc19672d123.86989894,VIP- Female
18922,IET6a0cc1967335e0.06720210,VIP- Female
18923,IET6a0cd17de5e9b2.81461266,VIP- Female
18924,IET6a0cd6a38db414.82197095,VIP- Female
18925,IET6a0cd6a38e06f2.67318935,VIP- Female
18926,IET6a0cff83d667f4.24428415,VIP- Female
18927,IET6a0cff83d6bbc8.27942539,VIP- Female
18928,IET6a0d01e0981493.10811182,VIP- Female
18929,IET6a0d03ade706d5.98617734,VIP- Female
18930,IET6a0d03ade75633.23992971,VIP- Female
18931,IET6a0d055695a188.59865233,VIP- Female
18932,IET6a0d0732490505.54083000,VIP- Female
18933,IET6a0d0e18a54804.52909272,VIP- Female
18934,IET6a0d1b710266b1.59722498,VIP- Female
18935,IET6a0d2f646b7229.26838391,VIP- Female
18936,IET6a0d4b1d46bcf3.43874777,VIP- Female
18937,IET6a0d4c600b3d04.66895732,VIP- Female
18938,IET6a0d4cf425ee00.55975875,VIP- Female
18939,IET6a0d96bb3fb8d3.98383113,VIP- Female
18940,IET6a0da32621ce41.98819836,VIP- Female
18941,IET6a0db6cf0f1cf6.91889224,VIP- Female
18942,IET6a0dd7af045d66.17470794,VIP- Female
18943,IET6a0df50a4a2932.54248236,VIP- Female
18944,IET6a0dfb03db4a57.74753264,VIP- Female
18945,IET6a0dfbd1958185.53952608,VIP- Female
18946,IET6a0e056fa42688.35217263,VIP- Female
18947,IET6a0e1fedb9db30.92750400,VIP- Female
18948,IET6a0e39c41f5080.97529754,VIP- Female
18949,IET6a0e39c41fa355.88947153,VIP- Female
18950,IET6a0e4ab8ba6d49.27547968,VIP- Female
18951,IET6a0e55120ac332.18665863,VIP- Female
18952,IET6a0e5f74a36248.27166599,VIP- Female
18953,IET6a0ef095df69c7.74081547,VIP- Female
18954,IET6a0f2243ad4e97.67009871,VIP- Female
18955,IET6a0f2243ada011.26233533,VIP- Female
18956,IET6a0f76295d8717.23982226,VIP- Female
18957,IET6a0f76295de115.08624698,VIP- Female
18958,IET6a0f8903984923.63877412,VIP- Female
18959,IET6a0f8ada4b3825.81101983,VIP- Female
18960,IET6a0f98fa5f5264.87086312,VIP- Female
18961,IET6a0f98fa5fa171.83135259,VIP- Female
18962,IET6a0f9e7fcd1342.47275486,VIP- Female
18963,IET6a0f9e7fcd5b62.88033293,VIP- Female
18964,IET6a0faf2342e5a9.19516786,VIP- Female
18965,IET6a0fb47583edd5.70324246,VIP- Female
18966,IET6a0fc0bb29faa3.25247056,VIP- Female
18967,IET6a0fc72487b0e4.47918605,VIP- Female
18968,IET6a0fc72aeaf936.58539922,VIP- Female
18969,IET6a10440f8490d0.88187766,VIP- Female
18970,IET6a10440f84e357.70833707,VIP- Female
18971,IET6a106b5f4e4986.52208426,VIP- Female
18972,IET6a106b5f4ea3f0.65066442,VIP- Female
18973,IET6a1073124ffa00.46715643,VIP- Female
18974,IET6a107673168198.22359618,VIP- Female
18975,IET6a10767316ef33.95019898,VIP- Female
18976,IET6a10837cbc7e58.42347130,VIP- Female
18977,IET6a10837cbccd96.20558089,VIP- Female
18978,IET6a108c2a9041a4.59080000,VIP- Female
18979,IET6a108d7d649ee6.48858066,VIP- Female
18980,IET6a109bd6f10a34.43968485,VIP- Female
18981,IET6a10afac059079.99575836,VIP- Female
18982,IET6a10b585dc27e3.97819415,VIP- Female
18983,IET6a10b585dc73f0.58251559,VIP- Female
18984,IET6a10b65d75e780.42928621,VIP- Female
18985,IET6a10b7fe5d9cc5.29772728,VIP- Female
18986,IET6a10dc853be134.75263901,VIP- Female
18987,IET6a10f0c090c311.80658562,VIP- Female
18988,IET6a10ff16864788.96026703,VIP- Female
18989,IET6a10ffcd229e73.97276984,VIP- Female
18990,IET6a110148da70f9.38854967,VIP- Female
18991,IET6a110148dac752.86655211,VIP- Female
18992,IET6a1115d210c2f4.30735763,VIP- Female
18993,IET6a11ed55c142e3.72482653,VIP- Female
18994,IET6a121ba4666be0.06614190,VIP- Female
18995,IET6a121ba466c119.06275275,VIP- Female
18996,IET6a124515544206.78073604,VIP- Female
18997,IET6a124515548cb7.49018769,VIP- Female
18998,IET6a130753a6dc33.05367775,VIP- Female
18999,IET6a130753a73c48.90130007,VIP- Female
19000,IET6a130753a78575.20852754,VIP- Female
19001,IET6a136e0f075757.03694849,VIP- Female
19002,IET6a137928811a57.32038296,VIP- Female
19003,IET6a137f115bcb16.84603182,VIP- Female
19004,IET6a144dbb7b6890.58825616,VIP- Female
19005,IET6a1475e4d9dec7.20041189,VIP- Female
19006,IET6a147788e22340.97900439,VIP- Female
19007,IET6a14931be74953.63046132,VIP- Female
19008,IET6a14931be7ab04.36251251,VIP- Female
19009,IET6a14c2af67a215.38801857,VIP- Female
19010,IET6a14c62b6fa4d3.70895961,VIP- Female
19011,IET6a1519d7a86d56.03912892,VIP- Female
19012,IET6a15f00f6ba7b0.15486770,VIP- Female
19013,IET6a160b2a0cde00.63925848,VIP- Female
19014,IET6a161c364b7976.34799664,VIP- Female
19015,IET6a161c364bc920.17785121,VIP- Female
19016,IET6a163d421272f2.79721984,VIP- Female
19017,IET6a165b9ab22500.45217009,VIP- Female
19018,IET6a16731bcf9ed9.04907447,VIP- Female
19019,IET6a16731bcff785.08217859,VIP- Female
19020,IET6a16ec9438e2e1.17465272,VIP- Female
19021,IET6a173b84300066.33078429,VIP- Female
19022,IET6a176ee10cbbe0.17286248,VIP- Female
19023,IET6a1774806f10b7.00732918,VIP- Female
19024,IET6a179b86143f69.10291071,VIP- Female
19025,IET6a179b86149c37.04342439,VIP- Female
19026,IET6a17d387bd6993.37590764,VIP- Female
19027,IET6a183b3ef3c137.51937694,VIP- Female
19028,IET6a185907ce8e18.16112799,VIP- Female
19029,IET6a1859e1d06a00.94387831,VIP- Female
19030,IET6a1859e1d0c3f3.84822581,VIP- Female
19031,IET6a1859e1d10854.35430237,VIP- Female
19032,IET6a18974ed7b202.46709482,VIP- Female
19033,IET6a18b790532900.44587263,VIP- Female
19034,IET6a18baea630064.43051556,VIP- Female
19035,IET6a18c3d3e0f1c0.58188589,VIP- Female
19036,IET6a19d86838be66.27215465,VIP- Female
19037,IET6a19d868391a50.63141683,VIP- Female
19038,IET6a19df8ea417f5.63077486,VIP- Female
19039,IET6a19f7cda090a3.64087409,VIP- Female
19040,IET6a19f7cda0dc16.45905957,VIP- Female
19041,IET6a1a005673faa5.90632982,VIP- Female
19042,IET6a1a22d7637785.13911193,VIP- Female
19043,IET6a1a246c253357.01808847,VIP- Female
19044,IET6a1a31832d0c50.94979325,VIP- Female
19045,IET6a1a31832d5d20.63350882,VIP- Female
19046,IET6a1a3307a1f929.26436475,VIP- Female
19047,IET6a1a36c1f21180.27480729,VIP- Female
19048,IET6a1a3a17521951.31964029,VIP- Female
19049,IET6a1a81948251a1.58698846,VIP- Female
19050,IET6a1ad4b0830e83.48369606,VIP- Female
19051,IET6a1b483d5858f0.32463740,VIP- Female
19052,IET6a1b5854e06505.12781472,VIP- Female
19053,IET6a1ba5d153e3e8.84566500,VIP- Female
19054,IET6a1c39dea37469.07062277,VIP- Female
19055,IET6a1c5db6a356d5.09523288,VIP- Female
19056,IET6a1c63269a0f49.34826791,VIP- Female
19057,IET6a1c70bc4ed963.53134055,VIP- Female
19058,IET6a1dda4f2d5913.35857922,VIP- Female
19059,IET6a1ddc02518652.84426034,VIP- Female
19060,IET6a1ddc0251df79.99346919,VIP- Female
19061,IET6a1e03b703aaf3.95559019,VIP- Female
19062,IET6a1e0def77d851.72142094,VIP- Female
19063,IET6a1e10fface7b8.82026899,VIP- Female
19064,IET6a1ea9753ecbc1.92187859,VIP- Female
19065,IET6a1efbe7e16f69.19529795,VIP- Female
19066,IET6a1f48d8a4a8f7.59942089,VIP- Female
19067,IET6a1f48d8a50799.76449929,VIP- Female
19068,IET6a2061ace687c3.76299318,VIP- Female
19069,IET6a2081afd08056.42818542,VIP- Female
19070,IET6a2088d49b5ed7.42513341,VIP- Female
19071,IET6a20bc9e923d26.45292793,VIP- Female
19072,IET6a20bc9e929b43.75177070,VIP- Female
19073,IET6a20dc251eb4d4.65042969,VIP- Female
19074,IET6a2244e0db24f2.10276701,VIP- Female
19075,IET6a22c067ec8ec2.56521258,VIP- Female
19076,IET6a235e42cbcbe6.35219514,VIP- Female
19077,IET6a235e42cc1e66.61612071,VIP- Female
19078,IET6a24114a94fbe5.08595721,VIP- Female
19079,IET6a245d4bbb6808.18340731,VIP- Female
19080,IET6a247f594b3071.17791531,VIP- Female
19081,IET6a247f594b7ad4.70808402,VIP- Female
19082,IET6a24af899e8891.22403095,VIP- Female
19083,IET6a2588330acf67.64994403,VIP- Female
19084,IET6a2598ebe7b114.92300880,VIP- Female
19085,IET6a25d3ef5114a9.23805311,VIP- Female
19086,IET6a2733f3c90368.88588917,VIP- Female
19087,IET6a2757b6d071b7.30641076,VIP- Female
19088,IET6a2872d03518c5.74619904,VIP- Female
19089,IET6a28974a2f9e44.07960499,VIP- Female
19090,IET6a289864aa0613.66241321,VIP- Female
19091,IET6a28acebb6d117.19134003,VIP- Female
19092,IET6a296265832481.98878212,VIP- Female
19093,IET6a2ac654b80fe6.69189798,VIP- Female
19094,IET6a2aca24500162.46456745,VIP- Female
19095,IET6a2ae25500bb73.22419812,VIP- Female
19096,IET6a2c0742e0b0f8.49390432,VIP- Female
19097,IET6a2d3fee3306e3.88928684,VIP- Female
19098,IET6a2ff66078cda1.00815683,VIP- Female
19099,IET6a31e506973e30.83982223,VIP- Female
19100,IET6a32b81c990352.07630141,VIP- Female
19101,IET6a32e1b8e67331.47834620,VIP- Female
19102,IET6a354db6715522.28340028,VIP- Female
19103,IET6a3561792077d3.49955187,VIP- Female
19104,IET6a36c961ce2557.22197441,VIP- Female
19105,IET6a36c961ce6ab7.81946344,VIP- Female
19106,IET6a36c961ceaa85.79285511,VIP- Female
19107,IET6a3c5664e09930.85260081,VIP- Female
19108,IET6a3d25a54a6c19.99129191,VIP- Female
19109,IET6a3d88bdd3a858.82882526,VIP- Female
19110,IET6a3db383d1ac29.49537311,VIP- Female
19111,IET6a3db9cda33402.76001473,VIP- Female
19112,IET6a3ddc39cf2c00.11204616,VIP- Female
19113,IET6a3e51f220b837.13070013,VIP- Female
19114,IET6a3e5528a64729.62351129,VIP- Female
19115,IET6a3e68ed966d87.27756896,VIP- Female
19116,IET6a3e7a811b3bf3.77291453,VIP- Female
19117,IET6a3e9ce49cc4d3.27767810,VIP- Female
19118,IET6a3f03eebe0ba5.37210637,VIP- Female
19119,IET6a3f3690127d39.56293093,VIP- Female
19120,IET6a3fc6033da327.08972046,VIP- Female
19121,IET6a41201bd86737.26358544,VIP- Female
19122,IET6a41ba02d0d1f4.56398636,VIP- Female
19123,IET6a41ba02d126a4.37782093,VIP- Female
19124,IET6a41c3a6114059.82746227,VIP- Female
19125,IET6a41d640c26db2.12902080,VIP- Female
19126,IET6a42de9f496801.40751850,VIP- Female
19127,IET6a43d69a981d03.72292328,VIP- Female
19128,IET6a43d69a9869b8.40135103,VIP- Female
19129,IET6a446fc164bf47.36939295,VIP- Female
19130,IET6a446fc1650fd6.28857979,VIP- Female
19131,IET6a451165ce99c7.98236029,VIP- Female
19132,IET6a456ea0bfc7f0.17024273,VIP- Female
19133,IET6a45910ecbaa82.65477273,VIP- Female
19134,IET6a46e7afcc3129.21673309,VIP FEMALE - Tier 2
19135,IET6a46e7afcc9833.45561467,VIP FEMALE - Tier 2
19136,IET6a46e7afccf361.82890007,VIP FEMALE - Tier 2
19137,IET6a46f650011b73.50357242,VIP FEMALE - Tier 2
19138,IET6a4733006455b9.07635060,VIP FEMALE - Tier 2
19139,IET6a495ae6ecae17.10252506,VIP FEMALE - Tier 2
19140,IET6a495cb50c42a3.35512145,VIP FEMALE - Tier 2
19141,IET6a49a692dcf083.09368322,VIP FEMALE - Tier 2
19142,IET6a49ce5e6dde91.24984925,VIP FEMALE - Tier 2
19143,IET6a4a724047a518.19527208,VIP FEMALE - Tier 2
19144,IET6a4a7411c137a8.46232496,VIP FEMALE - Tier 2
19145,IET6a4ae53f247d84.56175148,VIP FEMALE - Tier 2
19146,IET6a4bda48098ad9.60057660,VIP FEMALE - Tier 2
19147,IET6a4c5375e7ef44.71019645,VIP FEMALE - Tier 2
19148,IET6a4c5375e84394.29694042,VIP FEMALE - Tier 2
19149,IET6a4e69c72559c8.23399104,VIP FEMALE - Tier 2
19150,IET6a4ef3ca7948c5.53761874,VIP FEMALE - Tier 2
19151,IET6a4ef3ca7994f4.88971785,VIP FEMALE - Tier 2
19152,IET6a4ef3ca79d419.45956036,VIP FEMALE - Tier 2
19153,IET6a4f71105df5f2.52882907,VIP FEMALE - Tier 2
19154,IET6a4f81a41f3f24.13155607,VIP FEMALE - Tier 2
19155,IET6a4fa93648a3a6.76280427,VIP FEMALE - Tier 2
19156,IET6a4fff82c005c6.25987678,VIP FEMALE - Tier 2
19157,IET6a501f32055767.25227250,VIP FEMALE - Tier 2
19158,IET6a501f3205a213.39742436,VIP FEMALE - Tier 2
19159,IET6a52381f7ef3a7.13271799,VIP FEMALE - Tier 2
19160,IET6a5648bd0f52c5.57845353,VIP FEMALE - Tier 2
19161,IET6a58c9f2573ef8.97095585,VIP FEMALE - Tier 2
19162,IET6a58c9f2579553.83700960,VIP FEMALE - Tier 2
19163,IET6a58c9f257dfc0.97204746,VIP FEMALE - Tier 2
19164,IET6a59863dca8b32.70392539,VIP FEMALE - Tier 2
19165,IET6a59863dcae2e1.83702223,VIP FEMALE - Tier 2
19166,IET6a59863dcb2ba3.24045619,VIP FEMALE - Tier 2
19167,IET6a59b0c2f0b372.40847305,VIP FEMALE - Tier 2
19168,IET6a5a0529e6b086.92583069,VIP FEMALE - Tier 2
19169,IET6a5a2c99d42463.70978197,VIP FEMALE - Tier 2
19170,IET6a5a89d61efd93.57411906,VIP FEMALE - Tier 2
19171,IET6a5aa6bf0310d4.28254193,VIP FEMALE - Tier 2
19172,IET6a5bc689bd90d5.55459370,VIP FEMALE - Tier 2
19173,IET6a5c4126348669.80966976,VIP FEMALE - Tier 2
19174,IET6a5e3ed5caba71.70391513,VIP FEMALE - Tier 2
19175,IET6a5e60bf0cb050.80809468,VIP FEMALE - Tier 2
19176,IET6a5ec9298fafa0.68703298,VIP FEMALE - Tier 2
19177,IET6a5ecc39bc0cb6.27900399,VIP FEMALE - Tier 2
19178,IET6a5ecc39bc5b09.61240593,VIP FEMALE - Tier 2
19179,IET6a613b74424f14.30336733,VIP FEMALE - Tier 2
19180,IET6a616a871d58e3.02078442,VIP FEMALE - Tier 2
19181,IET6a6176f6ddd097.04909158,VIP FEMALE - Tier 2
19182,IET6a61f45f879841.24840901,VIP FEMALE - Tier 2
19183,IET6a61f45f87e854.75049436,VIP FEMALE - Tier 2
19184,IET6a629f62b10e55.14759655,VIP FEMALE - Tier 2
19185,IET6a62fc783bd581.38183425,VIP FEMALE - Tier 2
19186,IET6a63aff8590d90.66013219,VIP FEMALE - Tier 2
19187,IET6a63bf75944f44.23754752,VIP FEMALE - Tier 2
19188,IET6a63c514700902.13188119,VIP FEMALE - Tier 2
19189,IET6a63c92f58e857.72965909,VIP FEMALE - Tier 2
19190,IET6a65014d10cf04.63152150,VIP FEMALE - Tier 2
19191,IET6a65102c48b1d5.35355179,VIP FEMALE - Tier 2
19192,IET6a66885ab98bd9.87273401,VIP FEMALE - Tier 2
19193,IET6a6785ad5d6370.85090497,VIP FEMALE - Tier 2
19194,IET6a67a993c0ff66.30333319,VIP FEMALE - Tier 2
19195,IET6a67e18b5968f5.43067351,VIP FEMALE - Tier 2
19196,IET6a67e709c35c65.67155268,VIP FEMALE - Tier 2
19197,IET6a6928ac48fa50.85354619,VIP FEMALE - Tier 2
19198,IET6a69b1bada3221.77724038,VIP FEMALE - Tier 2
19199,IET6a69cb7a612774.89150521,VIP FEMALE - Tier 2
19200,IET6a6a061028e133.67278889,VIP FEMALE - Tier 2
19201,IET6a6b4879e85f34.96067595,VIP FEMALE - Tier 2
19202,IET6a6b6d06b18195.93003394,VIP FEMALE - Tier 2
19203,IET6a6bb63011aaf4.23032892,VIP FEMALE - Tier 2
19204,IET6a6cb19e443fd9.58467331,VIP FEMALE - Tier 2
19205,IET6a6cc3f96d6114.21247771,VIP FEMALE - Tier 2
19206,IET6a6d06628265b6.41743589,VIP FEMALE - Tier 2
19207,IET6a6d305adb8f03.65021723,VIP FEMALE - Tier 2
19208,IET6a6de7f6f01460.30331487,VIP FEMALE - Tier 2
19209,IET6a6e59ff64c2e1.65402178,VIP FEMALE - Tier 2
19210,IET6a6f92191fbd49.50212580,VIP FEMALE - Tier 2
19211,IET6a6fb5f744a928.33505390,VIP FEMALE - Tier 2
19212,IET6a6fd7e56d8631.76646419,VIP FEMALE - Tier 2
19213,IET6a70aaf24a3c21.63612075,VIP FEMALE - Tier 2
19214,IET6a70c8914e4ae9.75002076,VIP FEMALE - Tier 2
19215,IET6a70c8914e8f29.65177187,VIP FEMALE - Tier 2
19216,IET6a70f221480173.32195002,VIP FEMALE - Tier 2
19217,IET6a70f221485765.44007896,VIP FEMALE - Tier 2
19218,IET6a710774db8143.69971244,VIP FEMALE - Tier 2
19219,IET6a710d987aaa89.58419495,VIP FEMALE - Tier 2
19220,IET6a715ac1a27a33.01784100,VIP FEMALE - Tier 2
19221,IET6a725fa71a0b10.22479875,VIP FEMALE - Tier 2
19222,IET6a725fa71a6991.99952276,VIP FEMALE - Tier 2
19223,IET6a727d0c5a04c8.81601162,VIP FEMALE - Tier 2
19224,IET6a727d1cd038a5.50313350,VIP FEMALE - Tier 2
19225,IET6a7363e20ecb89.58422123,VIP FEMALE - Tier 2
19226,IET6a737dbe3c5918.72847901,VIP FEMALE - Tier 2
19227,IET6a73eb19d3b9f1.25963655,VIP FEMALE - Tier 2
19228,IET6a74c148bc79c6.21383750,VIP FEMALE - Tier 2
19229,IET6a74c148bcce92.19036216,VIP FEMALE - Tier 2
19230,IET6a75193bf30924.94228908,VIP FEMALE - Tier 2
19231,IET6a7526e197eaf3.00197797,VIP FEMALE - Tier 2
19232,IET6a7526e19851b1.66976021,VIP FEMALE - Tier 2
19233,IET6a7526e198b175.08065035,VIP FEMALE - Tier 2
19234,IET6a75eb83b78ea0.05912124,VIP FEMALE - Tier 2
19235,IET6a75fa3d7e31a1.63067182,VIP FEMALE - Tier 2
19236,IET6a7608bf712649.80953710,VIP FEMALE - Tier 2
19237,IET6a765050ed1102.77011588,VIP FEMALE - Tier 2
19238,IET6a779628440176.45506871,VIP FEMALE - Tier 2
19239,IET6a77f086a15751.99705160,VIP FEMALE - Tier 2
19240,IET6a77f086a1ad11.65839029,VIP FEMALE - Tier 2
19241,IET6a77f086a1f7a4.78757336,VIP FEMALE - Tier 2
19242,IET6a7814d7851578.73675530,VIP FEMALE - Tier 2
19243,IET6a78e5b40f35a3.59927053,VIP FEMALE - Tier 2
19244,IET6a793e59ef5101.07340939,VIP FEMALE - Tier 2
19245,IET6a79424f1d1f45.46719046,VIP FEMALE - Tier 2
19246,IET6a79b48d11be68.79138245,VIP FEMALE - Tier 2
19247,IET6a79ceee00c8f6.41434666,VIP FEMALE - Tier 2
19248,IET6a79ceee014ec4.68637014,VIP FEMALE - Tier 2
19249,IET6a79ceee0196b0.32337685,VIP FEMALE - Tier 2
19250,IET6a79ceee01e224.85207970,VIP FEMALE - Tier 2
19251,IET6a79d29b104fa8.12683717,VIP FEMALE - Tier 2
19252,IET6a7a592420a019.50758359,VIP FEMALE - Tier 2
19253,IET6a7a67926a0584.47429051,VIP FEMALE - Tier 2
19254,IET6a7a6e342750d2.05519672,VIP FEMALE - Tier 2
19255,IET6a7b8ea4639a87.80964181,VIP FEMALE - Tier 2
19256,IET6a7ca768282ca7.97070244,VIP FEMALE - Tier 2
19257,IET6a7ccdd520c930.89830909,VIP FEMALE - Tier 2
19258,IET6a7ce909694743.28763980,VIP FEMALE - Tier 2
19259,IET6a7d30d4520605.86168956,VIP FEMALE - Tier 2
19260,IET6a7dfb2dc01494.61640642,VIP FEMALE - Tier 2
19261,IET6a7e1ccbe9b006.58299404,VIP FEMALE - Tier 2
19262,IET6a7e3341c22822.20615631,VIP FEMALE - Tier 2
19263,IET6a7e47e530a008.82780462,VIP FEMALE - Tier 2
19264,IET6a7f1d32eac5f7.32987797,VIP FEMALE - Tier 2
19265,IET6a7f545bbce274.61298535,VIP FEMALE - Tier 2
19266,IET6a7f87b566b900.40515085,VIP FEMALE - Tier 2
19267,IET6a7f887be40273.32391304,VIP FEMALE - Tier 2
19268,IET6a7fd331d854d1.66892621,VIP FEMALE - Tier 2
19269,IET6a80aa61a62c38.22343560,VIP FEMALE - Tier 2
19270,IET6a80b5a6960ad3.45071787,VIP FEMALE - Tier 2
19271,IET6a80d2db74fef5.35712347,VIP FEMALE - Tier 2
19272,IET6a80dc418db453.82500252,VIP FEMALE - Tier 2
19273,IET6a80e81dd74d95.56541804,VIP FEMALE - Tier 2
19274,IET6a813246958780.79533005,VIP FEMALE - Tier 2
19275,IET6a81b284928182.88049223,VIP FEMALE - Tier 2
19276,IET6a82fb1c6375b5.59367553,VIP FEMALE - Tier 2
19277,IET6a82fb1c63e325.98531341,VIP FEMALE - Tier 2
19278,IET6a838b62f02871.60464150,VIP FEMALE - Tier 2
19279,IET6a83932a674fa1.11356058,VIP FEMALE - Tier 2
19280,IET6a83bedd130141.90133839,VIP FEMALE - Tier 2
19281,IET6a8488cfbc3321.79676541,VIP FEMALE - Tier 2
19282,IET6a84c934d5a6e6.92710482,VIP FEMALE - Tier 2
19283,IET6a84f3032398f1.03326349,VIP FEMALE - Tier 2
19284,IET6a84fc532bc920.34663208,VIP FEMALE - Tier 2
19285,IET6a84fc532c15a1.19941479,VIP FEMALE - Tier 2
19286,IET6a8502dd52c627.58324207,VIP FEMALE - Tier 2
19287,IET6a8523c4ab2289.55622184,VIP FEMALE - Tier 2
19288,IET6a8523c4ab70d9.73872434,VIP FEMALE - Tier 2
19289,IET6a85bd03d874e1.04245402,VIP FEMALE - Tier 2
19290,IET6a85ddbf69c584.91222962,VIP FEMALE - Tier 2
19291,IET6a85ddbf6a1251.41885445,VIP FEMALE - Tier 2
19292,IET6a8619d3927641.63799009,VIP FEMALE - Tier 2
19293,IET6a8635e4d11ea0.07774205,VIP FEMALE - Tier 2
19294,IET6a86668fc629a0.30560853,VIP FEMALE - Tier 2
19295,IET6a86760e69acf6.56896372,VIP FEMALE - Tier 2
19296,IET6a86760e69fc67.07220652,VIP FEMALE - Tier 2
19297,IET6a867a6bd2eae2.82807627,VIP FEMALE - Tier 2
19298,IET6a867a6bd334d4.33426698,VIP FEMALE - Tier 2
19299,IET6a86e1d0e91404.77567402,VIP FEMALE - Tier 2
19300,IET6a87007f5aa459.60950392,VIP FEMALE - Tier 2
19301,IET6a871fc0da09c6.14178817,VIP FEMALE - Tier 2
19302,IET6a87364bda20e8.62938189,VIP FEMALE - Tier 2
19303,IET6a87764423f333.35794557,VIP FEMALE - Tier 2
19304,IET6a8787f041aa02.04789770,VIP FEMALE - Tier 2
19305,IET6a8787f04212f7.40826806,VIP FEMALE - Tier 2
19306,IET6a878a03ec8632.34847720,VIP FEMALE - Tier 2
19307,IET6a8798589dbca4.93528650,VIP FEMALE - Tier 2
19308,IET6a87a7bb5033c4.48042411,VIP FEMALE - Tier 2
19309,IET6a87bde7c254e9.22626099,VIP FEMALE - Tier 2
19310,IET6a87bde7c2ac05.81450492,VIP FEMALE - Tier 2
19311,IET6a87db93f421a8.14984672,VIP FEMALE - Tier 2
19312,IET6a88307e8c1562.54786325,VIP FEMALE - Tier 2
19313,IET6a88307e8c6826.99565959,VIP FEMALE - Tier 2
19314,IET6a8877f59ba4f9.77568445,VIP FEMALE - Tier 2
19315,IET6a8877f59bfac0.72352752,VIP FEMALE - Tier 2
19316,IET6a8878a85e3740.37280187,VIP FEMALE - Tier 2
19317,IET6a8879799bd299.52044023,VIP FEMALE - Tier 2
19318,IET6a887aecea3c13.38757668,VIP FEMALE - Tier 2
19319,IET6a88848ae9e319.58200638,VIP FEMALE - Tier 2
19320,IET6a88ae50370343.73643070,VIP FEMALE - Tier 2
19321,IET6a88b40044fa66.87921748,VIP FEMALE - Tier 2
19322,IET6a88c0fa8e1964.15673503,VIP FEMALE - Tier 2
19323,IET6a88c5a0b2cf61.76047902,VIP FEMALE - Tier 2
19324,IET6a88c5a0b337a2.78147360,VIP FEMALE - Tier 2
19325,IET6a88d81e8f3ee4.25808652,VIP FEMALE - Tier 2
19326,IET6a88d975286d98.52273486,VIP FEMALE - Tier 2
19327,IET6a88e4a12d2bb9.93059648,VIP FEMALE - Tier 2
19328,IET6a88e4a12d8351.43900712,VIP FEMALE - Tier 2
19329,IET6a88edddbd5c95.48238548,VIP FEMALE - Tier 2
19330,IET6a8915550e0dc6.72956153,VIP FEMALE - Tier 2
19331,IET6a8973717e6874.00891939,VIP FEMALE - Tier 2
19332,IET6a8973717ebd37.39184921,VIP FEMALE - Tier 2
19333,IET6a89a75b5eebb7.55951115,VIP FEMALE - Tier 2
19334,IET6a89ae775d9228.66914687,VIP FEMALE - Tier 2
19335,IET6a89b034d356d2.49450646,VIP FEMALE - Tier 2
19336,IET6a89b5f2bc7cc5.75926599,VIP FEMALE - Tier 2
19337,IET6a89b6bbd3c4b8.22636658,VIP FEMALE - Tier 2
19338,IET6a89bba5c78433.44946942,VIP FEMALE - Tier 2
19339,IET6a89bfcc124a00.24175347,VIP FEMALE - Tier 2
19340,IET6a89c56700b9c4.91422639,VIP FEMALE - Tier 2
19341,IET6a89cc1f11ca29.46088037,VIP FEMALE - Tier 2
19342,IET6a89cc61d2d853.80935221,VIP FEMALE - Tier 2
19343,IET6a89d0746defc6.00003650,VIP FEMALE - Tier 2
19344,IET6a89d0746e5e39.58629404,VIP FEMALE - Tier 2
19345,IET6a89d14171cfe9.98790780,VIP FEMALE - Tier 2
19346,IET6a89d510164f39.21278485,VIP FEMALE - Tier 2
19347,IET6a89d510169f24.89570485,VIP FEMALE - Tier 2
19348,IET6a89df81547778.90734537,VIP FEMALE - Tier 2
19349,IET6a89e2a47af6a6.71601453,VIP FEMALE - Tier 2
19350,IET6a89e6837bed62.52349942,VIP FEMALE - Tier 2
19351,IET6a89e8023c9c24.83776985,VIP FEMALE - Tier 2
19352,IET6a89eaf5e05698.95162814,VIP FEMALE - Tier 2
19353,IET6a89eaf5e0b9a8.08389532,VIP FEMALE - Tier 2
19354,IET6a89eb6a948ba6.01544167,VIP FEMALE - Tier 2
19355,IET6a89f0e2219762.74178192,VIP FEMALE - Tier 2
19356,IET6a89fba4057dc7.53296950,VIP FEMALE - Tier 2
19357,IET6a89fd0d162d25.68891861,VIP FEMALE - Tier 2
19358,IET6a8a0221b97a63.79709182,VIP FEMALE - Tier 2
19359,IET6a8a055251e779.62329823,VIP FEMALE - Tier 2
19360,IET6a8a0a33415802.65523005,VIP FEMALE - Tier 2
19361,IET6a8a0b904cb138.04608801,VIP FEMALE - Tier 2
19362,IET6a8a0d40408e52.09541987,VIP FEMALE - Tier 2
19363,IET6a2c403612f5a2.69304537,VIP Female (Committee)
19364,IET6a2c9713be4442.19927979,VIP Female (Committee)
19365,IET6a2fe97ab41099.24378582,VIP Female (Committee)
19366,IET6a2ff98860a1c2.31058408,VIP Female (Committee)
19367,IET6a312d546d8ff0.34967847,VIP Female (Committee)
19368,IET6a3fe58ce6b559.66053415,VIP Female (Committee)
19369,IET6a416293dba273.39034163,VIP Female (Committee)
19370,IET6a4559bff1b750.97553524,VIP Female (Committee)
19371,IET6a4559bff217c3.34197657,VIP Female (Committee)
19372,IET6a6375e343f6a6.46227057,VIP Female (Committee)
19373,IET6a666413ed0223.93831403,VIP Female (Committee)
19374,IET6a68bbe364ca02.84545549,VIP Female (Committee)
19375,IET6a6a66f2b60494.03857711,VIP Female (Committee)
19376,IET6a6cd65fc7d1d4.16117627,VIP Female (Committee)
19377,IET6a6cd65fc82163.65999256,VIP Female (Committee)
19378,IET6a6fa81b381f57.58539074,VIP Female (Committee)
19379,IET6a70d5caef9182.64612376,VIP Female (Committee)
19380,IET6a71d7ce2627e5.66620739,VIP Female (Committee)
19381,IET6a721607560547.49374900,VIP Female (Committee)
19382,IET6a7252c0e86567.80246570,VIP Female (Committee)
19383,IET6a7252c0e8d770.98063283,VIP Female (Committee)
19384,IET6a7359ab9122a8.92026567,VIP Female (Committee)
19385,IET6a73b9f878d287.74045139,VIP Female (Committee)
19386,IET6a766c86a01649.06810030,VIP Female (Committee)
19387,IET6a766c86a0b9e5.88354917,VIP Female (Committee)
19388,IET6a775c1b2c6dc3.65095955,VIP Female (Committee)
19389,IET6a7a3e21123731.24509073,VIP Female (Committee)
19390,IET6a7bba9edbc7f7.11771013,VIP Female (Committee)
19391,IET6a7cbbf0ef2345.55829193,VIP Female (Committee)
19392,IET6a7dd59a4c4320.25429097,VIP Female (Committee)
19393,IET6a7e2b839b16c6.16398029,VIP Female (Committee)
19394,IET6a7f44d8504e65.37114051,VIP Female (Committee)
19395,IET6a7f743ab50593.72310447,VIP Female (Committee)
19396,IET6a7f743ab55700.71665882,VIP Female (Committee)
19397,IET6a7fa27caf2734.36598161,VIP Female (Committee)
19398,IET6a7fa27cb61195.08669372,VIP Female (Committee)
19399,IET6a81f5e7cd61e4.56829823,VIP Female (Committee)
19400,IET6a8247c77a2701.60147856,VIP Female (Committee)
19401,IET6a8261f0da6aa7.78791776,VIP Female (Committee)
19402,IET6a845aa74386b3.86411007,VIP Female (Committee)
19403,TK6a8767fdbffc60.46933905,VIP Female (Committee)
19404,TK6a8767fdf222d8.37477696,VIP Female (Committee)
19405,TK6a8767fe2c34e5.04194776,VIP Female (Committee)
19406,TK6a8767fe5a6a22.92305085,VIP Female (Committee)
19407,TK6a8767fe852371.15120944,VIP Female (Committee)
19408,IET6a87b61d2bd723.48840337,VIP Female (Committee)
19409,IET6a899e4b91a7f1.15230504,VIP Female (Committee)
19410,IET6a0b990a200589.98883275,VIP- Male
19411,IET6a0b990a2c4d56.94849117,VIP- Male
19412,IET6a0b9bb4909200.36669733,VIP- Male
19413,IET6a0b9c0874b9b0.98318193,VIP- Male
19414,IET6a0b9c399e3968.58076894,VIP- Male
19415,IET6a0b9ce1a1ed25.79058186,VIP- Male
19416,IET6a0b9e2e291e87.45193771,VIP- Male
19417,IET6a0b9e2e295ca8.50480955,VIP- Male
19418,IET6a0ba003314527.62187964,VIP- Male
19419,IET6a0ba0f234b772.40406919,VIP- Male
19420,IET6a0ba40d86dc68.67053382,VIP- Male
19421,IET6a0ba46501c8d2.64756774,VIP- Male
19422,IET6a0ba68e4cf0c9.76594749,VIP- Male
19423,IET6a0ba691477447.67474902,VIP- Male
19424,IET6a0ba69147ba24.58932588,VIP- Male
19425,IET6a0baf9a241c43.46434225,VIP- Male
19426,IET6a0bbb1881dea1.10245807,VIP- Male
19427,IET6a0bc7106fc2e9.86868053,VIP- Male
19428,IET6a0bc9ad2d7cb6.29553088,VIP- Male
19429,IET6a0bcc278a7c95.15086331,VIP- Male
19430,IET6a0be054c93e10.44784262,VIP- Male
19431,IET6a0be231cf12b0.65305879,VIP- Male
19432,IET6a0c523a8fa8a4.30157037,VIP- Male
19433,IET6a0c89b9c55ef5.57072675,VIP- Male
19434,IET6a0c8b9c63d5e9.98366836,VIP- Male
19435,IET6a0cd17de63a50.62341254,VIP- Male
19436,IET6a0cd6a38e4a86.47186733,VIP- Male
19437,IET6a0cf63e6dabe7.99448939,VIP- Male
19438,IET6a0d055695f937.01050964,VIP- Male
19439,IET6a0d0e18a5a409.15319458,VIP- Male
19440,IET6a0d2f646bc623.48718069,VIP- Male
19441,IET6a0d4868b1ce17.34515321,VIP- Male
19442,IET6a0da326223234.65542033,VIP- Male
19443,IET6a0df50a4a7945.91138050,VIP- Male
19444,IET6a0dfbd195dc72.76782756,VIP- Male
19445,IET6a0e083f3b0297.28134371,VIP- Male
19446,IET6a0e3c3c71c9c6.80093285,VIP- Male
19447,IET6a0e4ab8bab7d8.88108719,VIP- Male
19448,IET6a0e55120b3b81.31971795,VIP- Male
19449,IET6a0f1c9c317ee5.60205750,VIP- Male
19450,IET6a0f81901c2b55.63173926,VIP- Male
19451,IET6a0fb475843ae9.59096538,VIP- Male
19452,IET6a0fc72aeb47e3.93660083,VIP- Male
19453,IET6a1064123d97f0.97344248,VIP- Male
19454,IET6a107673175026.62192921,VIP- Male
19455,IET6a108c2a909d19.40365807,VIP- Male
19456,IET6a11fb91f3c697.82869060,VIP- Male
19457,IET6a12ef51d5f845.66731343,VIP- Male
19458,IET6a136e0f07c577.18509822,VIP- Male
19459,IET6a1493ba97b600.56450569,VIP- Male
19460,IET6a149db2b03bb6.53326045,VIP- Male
19461,IET6a1519d7a8b9f7.66842600,VIP- Male
19462,IET6a15f00f6bec72.81879444,VIP- Male
19463,IET6a160b2a0d3791.42733817,VIP- Male
19464,IET6a163635706963.66595976,VIP- Male
19465,IET6a165b9ab277e9.46201774,VIP- Male
19466,IET6a16c6378fd062.92014116,VIP- Male
19467,IET6a1713ca511bf1.33075311,VIP- Male
19468,IET6a174a25eb8ed7.83956142,VIP- Male
19469,IET6a17d387bdbcf6.09900305,VIP- Male
19470,IET6a17d387be05a6.97429008,VIP- Male
19471,IET6a17d387be4944.14247750,VIP- Male
19472,IET6a1806cacd81e7.09047619,VIP- Male
19473,IET6a1859e1d14854.75532515,VIP- Male
19474,IET6a188f3e7bad29.33248614,VIP- Male
19475,IET6a188f3e7c1e56.63879974,VIP- Male
19476,IET6a18c3d3e138d2.02978682,VIP- Male
19477,IET6a19d868395ff8.17298761,VIP- Male
19478,IET6a19d8c96a28a2.10244015,VIP- Male
19479,IET6a19f88ea84d57.39727891,VIP- Male
19480,IET6a1a0056745959.41162769,VIP- Male
19481,IET6a1a1387819d06.40886078,VIP- Male
19482,IET6a1a2ff5373420.73851668,VIP- Male
19483,IET6a1a36c1f25ec8.47760058,VIP- Male
19484,IET6a1a36c1f2a3b5.99058729,VIP- Male
19485,IET6a1a819482b1f8.16618885,VIP- Male
19486,IET6a1b4aae126228.37452715,VIP- Male
19487,IET6a1b5854e0ba12.66891775,VIP- Male
19488,IET6a1ba5d1543a06.93136654,VIP- Male
19489,IET6a1c5db6a3a740.72066101,VIP- Male
19490,IET6a1c636365ed00.04463006,VIP- Male
19491,IET6a1c70bc4f38b8.12447833,VIP- Male
19492,IET6a7dfb8eed0551.61878583,VIP- Male
19493,IET6a7dfb94d75116.15175128,VIP- Male
19494,IET6a1dda4f2dc390.03962737,VIP- Male
19495,IET6a1e10ffad35a8.51089326,VIP- Male
19496,IET6a1efbe7e1b9f0.72829822,VIP- Male
19497,IET6a1f48d8a55474.45305311,VIP- Male
19498,IET6a1f48d8a5a722.76855583,VIP- Male
19499,IET6a1f54cdd34b28.25004372,VIP- Male
19500,IET6a2081afd0c717.31631389,VIP- Male
19501,IET6a20ac6430c8d5.44047174,VIP- Male
19502,IET6a20c104f3b054.69397451,VIP- Male
19503,IET6a20dc251f0a33.92924803,VIP- Male
19504,IET6a22c067ecdd49.44695627,VIP- Male
19505,IET6a2331788832b7.17252302,VIP- Male
19506,IET6a2598ebe80030.94957247,VIP- Male
19507,IET6a262755860926.99795114,VIP- Male
19508,IET6a2757b6d0bc32.27971364,VIP- Male
19509,IET6a284eb104fce8.53087871,VIP- Male
19510,IET6a2ae255010594.37695157,VIP- Male
19511,IET6a2c1f6695cc00.35911722,VIP- Male
19512,IET6a2c3c6ccee108.37589267,VIP- Male
19513,IET6a2c4352e062d2.60568124,VIP- Male
19514,IET6a359184392e53.24103245,VIP- Male
19515,IET6a35f2a65d3167.20536799,VIP- Male
19516,IET6a3c0dba09edb0.31612385,VIP- Male
19517,IET6a3c836d342507.64597720,VIP- Male
19518,IET6a3d76c758cd99.49144569,VIP- Male
19519,IET6a3d88bdd3f577.13792305,VIP- Male
19520,IET6a3db383d1fc28.40011112,VIP- Male
19521,IET6a3db8a4dc97d4.69615444,VIP- Male
19522,IET6a3e51f22118e9.30112866,VIP- Male
19523,IET6a3e7a811b9df4.67518516,VIP- Male
19524,IET6a3e9ce49d2b60.62874607,VIP- Male
19525,IET6a3f22d8a8c769.54659881,VIP- Male
19526,IET6a3f369012dc47.09742314,VIP- Male
19527,IET6a40623219b345.93850064,VIP- Male
19528,IET6a41201bd8b971.99687284,VIP- Male
19529,IET6a412cf0545eb0.29572605,VIP- Male
19530,IET6a4147d8ef2b61.23127085,VIP- Male
19531,IET6a41b4d51af514.04430116,VIP- Male
19532,IET6a41c3a61198a9.56341813,VIP- Male
19533,IET6a41d640c2c3a6.37069892,VIP- Male
19534,IET6a42de9f49ba80.44197677,VIP- Male
19535,IET6a446fc1655241.85758700,VIP- Male
19536,IET6a446fc16595f2.06811481,VIP- Male
19537,IET6a4478d21d2a48.70181161,VIP- Male
19538,IET6a4549ab270061.81721784,VIP- Male
19539,IET6a456ea0c02765.76236331,VIP- Male
19540,IET6a46e7afcd3b23.21810030,VIP MALE - Tier 2 
19541,IET6a46f650017be3.68285910,VIP MALE - Tier 2 
19542,IET6a483564eea090.24613835,VIP MALE - Tier 2 
19543,IET6a49a692dd4827.11673195,VIP MALE - Tier 2 
19544,IET6a49ce5e6e3f11.33738853,VIP MALE - Tier 2 
19545,IET6a4a724047f909.52121854,VIP MALE - Tier 2 
19546,IET6a4a7411c18f85.96186368,VIP MALE - Tier 2 
19547,IET6a4af355642c55.72232740,VIP MALE - Tier 2 
19548,IET6a4c5375e88766.19916428,VIP MALE - Tier 2 
19549,IET6a4c5375e8c955.46957181,VIP MALE - Tier 2 
19550,IET6a4f81a41f9070.26097826,VIP MALE - Tier 2 
19551,IET6a52381f7f5a78.16381731,VIP MALE - Tier 2 
19552,IET6a54fea44f2181.82002233,VIP MALE - Tier 2 
19553,IET6a56d242868d96.22168027,VIP MALE - Tier 2 
19554,IET6a5a2c99d47d46.78377188,VIP MALE - Tier 2 
19555,IET6a5ac55f4de636.22106446,VIP MALE - Tier 2 
19556,IET6a5bc689bde474.41814342,VIP MALE - Tier 2 
19557,IET6a5d9f4b6a3d18.05980292,VIP MALE - Tier 2 
19558,IET6a5e60bf0d0d86.31650169,VIP MALE - Tier 2 
19559,IET6a5ec9299015a0.28419850,VIP MALE - Tier 2 
19560,IET6a613b7442ab03.61095085,VIP MALE - Tier 2 
19561,IET6a616a871daa84.19123137,VIP MALE - Tier 2 
19562,IET6a62fc783c2df2.13140810,VIP MALE - Tier 2 
19563,IET6a63bf7594b3f6.82771135,VIP MALE - Tier 2 
19564,IET6a6798d995d721.98935074,VIP MALE - Tier 2 
19565,IET6a67a993c15795.24933866,VIP MALE - Tier 2 
19566,IET6a68905acf2dd8.11750891,VIP MALE - Tier 2 
19567,IET6a68ad207b7274.98702525,VIP MALE - Tier 2 
19568,IET6a696086458149.78500864,VIP MALE - Tier 2 
19569,IET6a69b1bada7da8.76319271,VIP MALE - Tier 2 
19570,IET6a69cb7a616ec1.60040602,VIP MALE - Tier 2 
19571,IET6a69eb1dcaada9.11165382,VIP MALE - Tier 2 
19572,IET6a6b4879e8b339.82779821,VIP MALE - Tier 2 
19573,IET6a6b6d06b1cdd8.31317771,VIP MALE - Tier 2 
19574,IET6a6bae3b929d39.62488829,VIP MALE - Tier 2 
19575,IET6a6cef62e04530.98962826,VIP MALE - Tier 2 
19576,IET6a6e16b2db6ea0.22091466,VIP MALE - Tier 2 
19577,IET6a6e16b2dbdd44.65589935,VIP MALE - Tier 2 
19578,IET6a6e59ff651af2.75060958,VIP MALE - Tier 2 
19579,IET6a6f9219200cd4.72206827,VIP MALE - Tier 2 
19580,IET6a6fa0f0925229.16857335,VIP MALE - Tier 2 
19581,IET6a6fd7e56de1a1.84087206,VIP MALE - Tier 2 
19582,IET6a70133b496d96.84605055,VIP MALE - Tier 2 
19583,IET6a70892f01c725.02194999,VIP MALE - Tier 2 
19584,IET6a71077519a621.81954560,VIP MALE - Tier 2 
19585,IET6a710d987afd23.08581358,VIP MALE - Tier 2 
19586,IET6a725fa71aae02.70168730,VIP MALE - Tier 2 
19587,IET6a7363e20f1ba7.50394683,VIP MALE - Tier 2 
19588,IET6a737dbe3cb075.32344960,VIP MALE - Tier 2 
19589,IET6a73eb19d40f09.32420205,VIP MALE - Tier 2 
19590,IET6a75eccc60b373.28420689,VIP MALE - Tier 2 
19591,IET6a75fa3d7e7b09.25263436,VIP MALE - Tier 2 
19592,IET6a765050ed5f08.91636239,VIP MALE - Tier 2 
19593,IET6a779aab358524.78077741,VIP MALE - Tier 2 
19594,IET6a77f086a23d92.48852837,VIP MALE - Tier 2 
19595,IET6a79b48d122981.11733475,VIP MALE - Tier 2 
19596,IET6a7ca7682891f6.67314515,VIP MALE - Tier 2 
19597,IET6a7caedf81a380.46200104,VIP MALE - Tier 2 
19598,IET6a7caedf822081.35285142,VIP MALE - Tier 2 
19599,IET6a7caedf8273d3.15831546,VIP MALE - Tier 2 
19600,IET6a7caf7127a627.89454987,VIP MALE - Tier 2 
19601,IET6a7caf71280964.96200617,VIP MALE - Tier 2 
19602,IET6a7caf71285645.00921384,VIP MALE - Tier 2 
19603,IET6a7d30b9e72776.02035727,VIP MALE - Tier 2 
19604,IET6a7e68a27dd8f7.32698496,VIP MALE - Tier 2 
19605,IET6a7eb873ebcf71.16747348,VIP MALE - Tier 2 
19606,IET6a7f545bbd32a2.40145856,VIP MALE - Tier 2 
19607,IET6a7fd331d8a671.78233691,VIP MALE - Tier 2 
19608,IET6a808b71bcc2f1.12982919,VIP MALE - Tier 2 
19609,IET6a81b28492d814.75378151,VIP MALE - Tier 2 
19610,IET6a81dbc7931ff2.46576544,VIP MALE - Tier 2 
19611,IET6a81ddd67c9d91.08434215,VIP MALE - Tier 2 
19612,IET6a8253fbc38d43.85689867,VIP MALE - Tier 2 
19613,IET6a82fa4fca39e9.50782033,VIP MALE - Tier 2 
19614,IET6a833857b197c1.87327631,VIP MALE - Tier 2 
19615,IET6a83825e4cdf37.21967323,VIP MALE - Tier 2 
19616,IET6a83bedd134a80.08585133,VIP MALE - Tier 2 
19617,IET6a8441f28d47f2.51054061,VIP MALE - Tier 2 
19618,IET6a848d7a518f95.17819535,VIP MALE - Tier 2 
19619,IET6a84c934d61110.74263163,VIP MALE - Tier 2 
19620,IET6a8523c4abb4b1.88443397,VIP MALE - Tier 2 
19621,IET6a8523c4abf712.62635229,VIP MALE - Tier 2 
19622,IET6a86668fc69429.16252401,VIP MALE - Tier 2 
19623,IET6a86760e6a4926.66866316,VIP MALE - Tier 2 
19624,IET6a86b9f4e66465.17745128,VIP MALE - Tier 2 
19625,IET6a87007f5afc58.97700494,VIP MALE - Tier 2 
19626,IET6a871fc0da6972.61697130,VIP MALE - Tier 2 
19627,IET6a875874079406.60288199,VIP MALE - Tier 2 
19628,IET6a87587407e073.00004288,VIP MALE - Tier 2 
19629,IET6a875874082345.25542713,VIP MALE - Tier 2 
19630,IET6a877644245cc9.95242790,VIP MALE - Tier 2 
19631,IET6a878114a6d551.32267927,VIP MALE - Tier 2 
19632,IET6a878114a72041.19909370,VIP MALE - Tier 2 
19633,IET6a878114a76375.93106943,VIP MALE - Tier 2 
19634,IET6a879c71ecabf1.44103775,VIP MALE - Tier 2 
19635,IET6a87a7bb50ad66.41026730,VIP MALE - Tier 2 
19636,IET6a87a8a28e9269.45809478,VIP MALE - Tier 2 
19637,IET6a8826b2686cd1.79824945,VIP MALE - Tier 2 
19638,IET6a8826b268bd72.87019177,VIP MALE - Tier 2 
19639,IET6a88307e8caf54.08958472,VIP MALE - Tier 2 
19640,IET6a8845dc1744a7.68678840,VIP MALE - Tier 2 
19641,IET6a88706f2f41c2.51371643,VIP MALE - Tier 2 
19642,IET6a8878a85ea488.10883072,VIP MALE - Tier 2 
19643,IET6a8879799c4b22.92611876,VIP MALE - Tier 2 
19644,IET6a888caf3266c5.17303418,VIP MALE - Tier 2 
19645,IET6a8894fa76fbb4.25338407,VIP MALE - Tier 2 
19646,IET6a88a0c28e3cd1.91665035,VIP MALE - Tier 2 
19647,IET6a88b060c4c786.82071578,VIP MALE - Tier 2 
19648,IET6a88b400454ad1.38789279,VIP MALE - Tier 2 
19649,IET6a88c0fa8e5ec4.70236502,VIP MALE - Tier 2 
19650,IET6a88c5a0b394e5.84739224,VIP MALE - Tier 2 
19651,IET6a88d97528b8c7.54573664,VIP MALE - Tier 2 
19652,IET6a88de32ab6204.68187999,VIP MALE - Tier 2 
19653,IET6a88de32abcdf8.31478835,VIP MALE - Tier 2 
19654,IET6a88e0afbc08c5.22478250,VIP MALE - Tier 2 
19655,IET6a88e4a12dc6d6.48580213,VIP MALE - Tier 2 
19656,IET6a88e540e64d97.34201264,VIP MALE - Tier 2 
19657,IET6a88e71f3e0f93.57655538,VIP MALE - Tier 2 
19658,IET6a8915550e71e6.69786101,VIP MALE - Tier 2 
19659,IET6a8973717f0368.00542860,VIP MALE - Tier 2 
19660,IET6a89b4b82dfad4.45219744,VIP MALE - Tier 2 
19661,IET6a89bfcc12a054.87254050,VIP MALE - Tier 2 
19662,IET6a89c2f77fa219.73102348,VIP MALE - Tier 2 
19663,IET6a89d3510b75e5.81146996,VIP MALE - Tier 2 
19664,IET6a89df7925e4a2.71321858,VIP MALE - Tier 2 
19665,IET6a89df8154ceb2.48939030,VIP MALE - Tier 2 
19666,IET6a89e2a47b5ef7.90884308,VIP MALE - Tier 2 
19667,IET6a89eaf5e109d0.03996930,VIP MALE - Tier 2 
19668,IET6a89f6ef3bfca8.86167050,VIP MALE - Tier 2 
19669,IET6a89fabe7d5dd8.97109103,VIP MALE - Tier 2 
19670,IET6a89fba405efc0.58541717,VIP MALE - Tier 2 
19671,IET6a8a02ea2f1f31.41237059,VIP MALE - Tier 2 
19672,IET6a8a0a502a56c6.04120783,VIP MALE - Tier 2 
19673,IET6a8a0e9938e4f8.51698620,VIP MALE - Tier 2 
19674,IET6a8a12e0367887.64389291,VIP MALE - Tier 2 
19675,IET6a2c9713be9368.18284652,VIP Male (Committee)
19676,IET6a3ed50b042cc4.53812421,VIP Male (Committee)
19677,IET6a416293dc0b81.37518485,VIP Male (Committee)
19678,IET6a502c8243a0f9.54098918,VIP Male (Committee)
19679,IET6a510d49046a05.26904946,VIP Male (Committee)
19680,IET6a666413ec97b8.88767162,VIP Male (Committee)
19681,IET6a68bbe3652644.04634529,VIP Male (Committee)
19682,IET6a70d5caefeae7.87553659,VIP Male (Committee)
19683,IET6a71d7ce267f68.56594671,VIP Male (Committee)
19684,IET6a721607566127.16052649,VIP Male (Committee)
19685,IET6a72507d3aef97.99409008,VIP Male (Committee)
19686,IET6a72507d3bb865.11856748,VIP Male (Committee)
19687,IET6a7359ab9175e4.69363481,VIP Male (Committee)
19688,IET6a73b9f8792c27.62482738,VIP Male (Committee)
19689,IET6a73e9809b41c1.98138765,VIP Male (Committee)
19690,IET6a766c86a07133.06526153,VIP Male (Committee)
19691,IET6a766c86a0ff74.42283585,VIP Male (Committee)
19692,IET6a7a3e21128429.14905067,VIP Male (Committee)
19693,IET6a7cbbf0ef8c21.29202783,VIP Male (Committee)
19694,IET6a7e2b839ba688.29579061,VIP Male (Committee)
19695,IET6a7f7057797285.38520208,VIP Male (Committee)
19696,IET6a7f705779d070.91991435,VIP Male (Committee)
19697,IET6a81faf55c9d82.30750056,VIP Male (Committee)
19698,IET6a81faf55cf449.86815877,VIP Male (Committee)
19699,IET6a824c19be7338.94353309,VIP Male (Committee)
19700,IET6a8329a28a72c8.38311291,VIP Male (Committee)
19701,IET6a86492ca58239.81081809,VIP Male (Committee)
19702,IET6a8742ff700277.35009343,VIP Male (Committee)
19703,IET6a8742ff7057d4.56485172,VIP Male (Committee)
19704,IET6a8742ff70a038.38401967,VIP Male (Committee)
19705,IET6a8742ff70e726.64647974,VIP Male (Committee)
19706,IET6a8742ff712914.23654310,VIP Male (Committee)
19707,TK6a8767feaf6050.12168958,VIP Male (Committee)
19708,TK6a8767fee1c104.99103510,VIP Male (Committee)
19709,TK6a8767ff1f8ff6.89444664,VIP Male (Committee)
19710,TK6a8767ff5f84f0.44444846,VIP Male (Committee)
19711,TK6a8767ff8fbc26.90792849,VIP Male (Committee)
19712,IET6a889d51906594.28416994,VIP Male (Committee)
19713,IET6a88a1938b51a0.48594155,VIP Male (Committee)
19714,TK6a85efa75f6420.62739528,VVIP COMP
19715,TK6a85efa776b6a4.86192817,VVIP COMP
19716,TK6a85efa7852b68.34866004,VVIP COMP
19717,TK6a85efa7944756.11966332,VVIP COMP
19718,TK6a85efa7976e60.90497141,VVIP COMP
19719,TK6a85efa79ad716.38423929,VVIP COMP
19720,TK6a85efa79e0a93.92079084,VVIP COMP
19721,TK6a85efa7a232c0.07415612,VVIP COMP
19722,TK6a85f020136254.20253446,VVIP COMP
19723,TK6a85f020175b76.19183799,VVIP COMP
19724,TK6a85f03131bd16.86412326,VVIP COMP
19725,TK6a85f0313536a0.87377963,VVIP COMP
19726,TK6a85f18df284b0.36331408,VVIP COMP
19727,TK6a85f18e0219d4.41562657,VVIP COMP
19728,TK6a85f18e05e170.89248117,VVIP COMP
19729,TK6a863bbeb0ec27.39872113,VVIP COMP
19730,TK6a863bbeef22f0.12218885,VVIP COMP
19731,TK6a870ea5b270f6.01148618,VVIP COMP
19732,TK6a870ea5dc6ca8.02042161,VVIP COMP
19733,TK6a870ea61417b3.87070147,VVIP COMP
19734,TK6a870ea63e9e83.14056197,VVIP COMP
19735,TK6a870ea66779e8.10874518,VVIP COMP
19736,TK6a870ea6926e04.50389829,VVIP COMP
19737,TK6a870ec51a77d0.29740631,VVIP COMP
19738,TK6a870ec5571233.20878193,VVIP COMP
19739,TK6a8756bb698551.24453218,VVIP COMP
19740,TK6a8756bbdf59d3.73158239,VVIP COMP
19741,TK6a8771d65782c6.98158333,VVIP COMP
19742,TK6a877ab4e35bd3.76992273,VVIP COMP
19743,TK6a8783fe0dc4f5.70573468,VVIP COMP
19744,TK6a8783fe3ba355.67215915,VVIP COMP
19745,TK6a8784e9a20c58.21356432,VVIP COMP
19746,TK6a8784ea00f280.89317819,VVIP COMP
19747,TK6a8784ea2f5ca0.00099303,VVIP COMP
19748,TK6a8784ea5c8185.70127986,VVIP COMP
19749,TK6a8784ea89d347.28875683,VVIP COMP
19750,TK6a878dcd47fe32.36369678,VVIP COMP
19751,TK6a878dcd75b148.48318679,VVIP COMP
19752,TK6a8811587b0bd5.31262302,VVIP COMP
19753,TK6a881158a970b4.07700550,VVIP COMP
19754,TK6a881167248bf5.38868523,VVIP COMP
19755,TK6a881167530d94.39183481,VVIP COMP
19756,TK6a8811d27acfc9.56625856,VVIP COMP
19757,TK6a8811d2c8cf48.87090333,VVIP COMP
19758,TK6a8811f7012441.80706944,VVIP COMP
19759,TK6a8811f72ff400.17353075,VVIP COMP
19760,TK6a8811f75c28a2.16842966,VVIP COMP
19761,TK6a884686989ab2.21374111,VVIP COMP
19762,TK6a884686cccf80.13410824,VVIP COMP
19763,TK6a8846870d4bc8.35414236,VVIP COMP
19764,TK6a885832e02e44.18523566,VVIP COMP
19765,TK6a88628fc3ced3.04162364,VVIP COMP
19766,TK6a8862900cfc46.59753697,VVIP COMP
19767,TK6a886763cc95b6.07007813,VVIP COMP
19768,TK6a88676407ade9.46280543,VVIP COMP
19769,TK6a886b5ec6a1d3.98063983,VVIP COMP
19770,TK6a886b5f0754c3.57449551,VVIP COMP
19771,TK6a886b5f3a9305.59888327,VVIP COMP
19772,TK6a88746b431b46.19175030,VVIP COMP
19773,TK6a88746b762122.27792708,VVIP COMP
19774,TK6a8874a502dd85.85713234,VVIP COMP
19775,TK6a8874a537ec33.59030307,VVIP COMP
19776,TK6a88bcb4ebf7f2.72836857,VVIP COMP
19777,TK6a88bcb52e0ab8.98887173,VVIP COMP
19778,TK6a890324833a73.64998351,VVIP COMP
19779,TK6a890325496aa4.90558891,VVIP COMP
19780,TK6a8918211598a8.72340502,VVIP COMP
19781,TK6a8918215ee3d2.72785331,VVIP COMP
19782,TK6a894b76895366.81747641,VVIP COMP
19783,TK6a894b76cf71a1.97414906,VVIP COMP
19784,TK6a894b770defe9.91634787,VVIP COMP
19785,TK6a894b77415611.21420883,VVIP COMP
19786,TK6a894b777364a6.86857424,VVIP COMP
19787,TK6a894b77a50b58.85589542,VVIP COMP
19788,TK6a899517ebd8f3.34336350,VVIP COMP
19789,TK6a89951823d5a3.98136508,VVIP COMP
19790,TK6a899518511e53.93660917,VVIP COMP
19791,TK6a8995ba4a4e50.68271117,VVIP COMP
19792,TK6a8995ba7d9ec9.93057463,VVIP COMP
19793,TK6a89ae4bf136a7.46432904,VVIP COMP
19794,TK6a89ae4c2e9ea2.59015721,VVIP COMP
19795,TK6a89d9e9d0f279.53375663,VVIP COMP
19796,TK6a89d9ea0c9d88.24832277,VVIP COMP
19797,TK6a89d9ea3f6f88.03257502,VVIP COMP
19798,TK6a89dc3477ee24.09253408,VVIP COMP
19799,TK6a89dc34aadcf7.07175491,VVIP COMP
19800,TK6a89f732ca55e4.39521952,VVIP COMP
19801,TK6a89f733008f63.00972718,VVIP COMP
19802,TK6a8a03b2405191.81764080,VVIP COMP
19803,TK6a8a03b26d4930.60388105,VVIP COMP
19804,TK6a8a049fb17709.46868553,VVIP COMP
19805,TK6a8a04bae12676.78496460,VVIP COMP
19806,TK6a8a04bb20c3e0.94093431,VVIP COMP
19807,TK6a8a04c990ce40.56921116,VVIP COMP
19808,TK6a8a04c9c3d7e2.72938221,VVIP COMP
19809,TK6a8a04d5265531.48636135,VVIP COMP
19810,TK6a8a04d5590725.14280788,VVIP COMP
19811,TK6a8a04d583e380.86424269,VVIP COMP
19812,IET6a0b939ae3f128.97972790,VVIP- Female
19813,IET6a0b94aac09a64.39457520,VVIP- Female
19814,IET6a0b955fbb3587.94953595,VVIP- Female
19815,IET6a0b968a2a7333.45305125,VVIP- Female
19816,IET6a0b968a2abe26.28896882,VVIP- Female
19817,IET6a0b9965e803e6.79687912,VVIP- Female
19818,IET6a0b9d87310da1.75698260,VVIP- Female
19819,IET6a0ba04c15f7b0.79354164,VVIP- Female
19820,IET6a0ba04c1677e1.82077189,VVIP- Female
19821,IET6a0bd245720458.15474524,VVIP- Female
19822,IET6a0bfe550bd4d4.55593311,VVIP- Female
19823,IET6a0bfe550c4d02.37748889,VVIP- Female
19824,IET6a0c6f532c0de8.32006791,VVIP- Female
19825,IET6a0ca2bc36b8e6.33498719,VVIP- Female
19826,IET6a0cbee643f0a9.00791313,VVIP- Female
19827,IET6a0cc909e602a1.68798586,VVIP- Female
19828,IET6a0d0a7bef5745.02202061,VVIP- Female
19829,IET6a0db01c881f77.87287680,VVIP- Female
19830,IET6a0db01c887297.54900165,VVIP- Female
19831,IET6a0e0334ed4b00.41831820,VVIP- Female
19832,IET6a0e0334ed9be7.95748680,VVIP- Female
19833,IET6a0e1dc4096198.19652150,VVIP- Female
19834,IET6a0e29e2965476.78178817,VVIP- Female
19835,IET6a0e4323dbaaf2.71535278,VVIP- Female
19836,IET6a0e57873c8d31.70632278,VVIP- Female
19837,IET6a0f2eb039d496.73232770,VVIP- Female
19838,IET6a0f50c89b7739.75089951,VVIP- Female
19839,IET6a14b8ef31e464.50718450,VVIP- Female
19840,IET6a14b8ef324bc9.01074923,VVIP- Female
19841,IET6a14f06a4712d3.01776088,VVIP- Female
19842,IET6a16200f90a851.51654801,VVIP- Female
19843,IET6a1658b358fec9.81088834,VVIP- Female
19844,IET6a179332a9b2e1.13745356,VVIP- Female
19845,IET6a18ac5416fa46.57440715,VVIP- Female
19846,IET6a19e3ab4aaf91.05749582,VVIP- Female
19847,IET6a19e3ab4b01a2.95698906,VVIP- Female
19848,IET6a19ecda61be91.54704666,VVIP- Female
19849,IET6a19ecda6238b1.68564679,VVIP- Female
19850,IET6a1a5ee7d66751.02566005,VVIP- Female
19851,IET6a1b167e33c339.87991546,VVIP- Female
19852,IET6a1b50df4238e6.05676100,VVIP- Female
19853,IET6a1b943ba79821.53648776,VVIP- Female
19854,IET6a1c8da5ac1964.97546206,VVIP- Female
19855,IET6a1c8da5ac6c47.15259010,VVIP- Female
19856,IET6a1c9164e11dc7.57675999,VVIP- Female
19857,IET6a1c9164e16cc0.62651520,VVIP- Female
19858,IET6a1d5f0db227e9.35975447,VVIP- Female
19859,IET6a1d8d11e9d478.29267663,VVIP- Female
19860,IET6a1e3c3c6cca63.69747295,VVIP- Female
19861,IET6a1f5350701417.61638451,VVIP- Female
19862,IET6a1f5a3c230421.90647534,VVIP- Female
19863,IET6a233e8e8f2e84.66262515,VVIP- Female
19864,IET6a26fe0ea94198.68858517,VVIP- Female
19865,IET6a26fe0ea990a7.30545585,VVIP- Female
19866,IET6a27e4a7571412.75053666,VVIP- Female
19867,IET6a2949810966c1.18912469,VVIP- Female
19868,IET6a2ab1a1205a23.55435650,VVIP- Female
19869,IET6a2b6aff648255.92766771,VVIP- Female
19870,IET6a2c186466a130.40048025,VVIP- Female
19871,IET6a2c1f6b2833f7.05803883,VVIP- Female
19872,IET6a2c7cbcdc7b89.50197810,VVIP- Female
19873,IET6a2d814724dd16.40573322,VVIP- Female
19874,IET6a32d2d9ca3396.10913009,VVIP- Female
19875,IET6a33e0308100b3.11711372,VVIP- Female
19876,IET6a34071b18a822.82492482,VVIP- Female
19877,IET6a340ee42418f7.01284726,VVIP- Female
19878,IET6a340ee4247b91.32682416,VVIP- Female
19879,IET6a340ee424cc23.94192720,VVIP- Female
19880,IET6a340ee4252530.13148576,VVIP- Female
19881,IET6a340ee42572f1.26735362,VVIP- Female
19882,IET6a340ee425bef4.07795933,VVIP- Female
19883,IET6a34abe5e28a65.96652613,VVIP- Female
19884,IET6a37e268345c09.15915091,VVIP- Female
19885,IET6a37eb994a7e81.42850919,VVIP- Female
19886,IET6a3ae73574a031.12279636,VVIP- Female
19887,IET6a3c049d5bc976.77574203,VVIP- Female
19888,IET6a3cacfb7a9747.59418308,VVIP- Female
19889,IET6a3cacfb7aea77.95465023,VVIP- Female
19890,IET6a3db15b1b64b1.46200814,VVIP- Female
19891,IET6a4083351422a2.76294635,VVIP- Female
19892,IET6a41060af101e5.56487683,VVIP- Female
19893,IET6a4162fb8e15a6.51943296,VVIP- Female
19894,IET6a42dc7faeed37.83553101,VVIP- Female
19895,IET6a43067d149ec4.60694287,VVIP- Female
19896,IET6a43b2c363e771.02904284,VVIP- Female
19897,IET6a43b674ca2b08.41512097,VVIP- Female
19898,IET6a43c4829716a3.35418543,VVIP- Female
19899,IET6a443669c607d9.32960661,VVIP- Female
19900,TK6a4ec65ecdef50.84724056,VVIP- Female
19901,TK6a4ec65f09d996.75889331,VVIP- Female
19902,TK6a4ec65f3fd413.15894379,VVIP- Female
19903,IET6a47e6f61d09b2.79190236,VVIP FEMALE - Tier 2
19904,IET6a4822e4e80d08.05683103,VVIP FEMALE - Tier 2
19905,IET6a48598f1e8e46.46870898,VVIP FEMALE - Tier 2
19906,IET6a4983c8417c59.74795618,VVIP FEMALE - Tier 2
19907,IET6a49d8141df8a4.41484488,VVIP FEMALE - Tier 2
19908,IET6a4abe380ed2f6.70124703,VVIP FEMALE - Tier 2
19909,IET6a4c1614acb457.72072151,VVIP FEMALE - Tier 2
19910,IET6a4c1614ad21d1.60871497,VVIP FEMALE - Tier 2
19911,IET6a4ec6f9d9fd31.76496840,VVIP FEMALE - Tier 2
19912,IET6a52774a651e55.27530252,VVIP FEMALE - Tier 2
19913,IET6a52774a657d34.59338926,VVIP FEMALE - Tier 2
19914,IET6a55796a7b7639.23156253,VVIP FEMALE - Tier 2
19915,IET6a569fe2a07674.40502003,VVIP FEMALE - Tier 2
19916,IET6a569fe2a0c6d6.18094294,VVIP FEMALE - Tier 2
19917,IET6a57e1d6994c34.39137081,VVIP FEMALE - Tier 2
19918,IET6a5a178d9958e8.81692529,VVIP FEMALE - Tier 2
19919,IET6a5a178d99b148.59535376,VVIP FEMALE - Tier 2
19920,IET6a60f6d6582e58.78677746,VVIP FEMALE - Tier 2
19921,IET6a60f6d65887a5.68219139,VVIP FEMALE - Tier 2
19922,IET6a63fb42affa31.15577141,VVIP FEMALE - Tier 2
19923,IET6a63fbc87c6281.79791780,VVIP FEMALE - Tier 2
19924,IET6a63fc28279b56.96858013,VVIP FEMALE - Tier 2
19925,IET6a6784fa6f7013.64475280,VVIP FEMALE - Tier 2
19926,IET6a680f7ce23720.96620609,VVIP FEMALE - Tier 2
19927,IET6a6b5a90c41f24.48991983,VVIP FEMALE - Tier 2
19928,IET6a6b6fea952bf1.20043112,VVIP FEMALE - Tier 2
19929,IET6a6b74ef5eac45.52258167,VVIP FEMALE - Tier 2
19930,IET6a6bfaf4de12a6.17486940,VVIP FEMALE - Tier 2
19931,IET6a6bfaf4de7335.58181610,VVIP FEMALE - Tier 2
19932,IET6a6cbb29884378.29484629,VVIP FEMALE - Tier 2
19933,IET6a6d1c324b14a4.47299340,VVIP FEMALE - Tier 2
19934,IET6a6d4874001d90.28356156,VVIP FEMALE - Tier 2
19935,IET6a6e33bc76d9c2.70145894,VVIP FEMALE - Tier 2
19936,IET6a6e72b9197c44.72941161,VVIP FEMALE - Tier 2
19937,IET6a6e72b919cf94.49800865,VVIP FEMALE - Tier 2
19938,IET6a6e87d2df6089.77778926,VVIP FEMALE - Tier 2
19939,IET6a6f6b4bdda030.83281786,VVIP FEMALE - Tier 2
19940,IET6a6f6b4bddfc96.72553095,VVIP FEMALE - Tier 2
19941,IET6a73af570b9ab7.58804963,VVIP FEMALE - Tier 2
19942,IET6a74cf8b83c646.44709302,VVIP FEMALE - Tier 2
19943,IET6a74e4267b0c80.38723533,VVIP FEMALE - Tier 2
19944,IET6a754df8905b98.73576287,VVIP FEMALE - Tier 2
19945,IET6a754e2a2ba816.08149146,VVIP FEMALE - Tier 2
19946,IET6a75dd5d7a81d1.42405451,VVIP FEMALE - Tier 2
19947,IET6a765cf3608d77.66800209,VVIP FEMALE - Tier 2
19948,IET6a77955733ea59.42528287,VVIP FEMALE - Tier 2
19949,IET6a77b529edc1b6.37431670,VVIP FEMALE - Tier 2
19950,IET6a788693963b03.23101248,VVIP FEMALE - Tier 2
19951,IET6a7886939681c8.10138304,VVIP FEMALE - Tier 2
19952,IET6a788cf4d76933.00342582,VVIP FEMALE - Tier 2
19953,IET6a791974a6b0c5.15248335,VVIP FEMALE - Tier 2
19954,IET6a79c2a6871e48.35239451,VVIP FEMALE - Tier 2
19955,IET6a7b2b8d0e7675.44483485,VVIP FEMALE - Tier 2
19956,IET6a7b2b8d0eca50.49207001,VVIP FEMALE - Tier 2
19957,IET6a7d191f27e1a0.87007289,VVIP FEMALE - Tier 2
19958,IET6a7e42efc0b998.15968211,VVIP FEMALE - Tier 2
19959,IET6a7e48c88d6825.05388391,VVIP FEMALE - Tier 2
19960,IET6a7f631374e2f1.18311002,VVIP FEMALE - Tier 2
19961,IET6a7f676abf3d29.00985267,VVIP FEMALE - Tier 2
19962,IET6a80f739a3f206.38031728,VVIP FEMALE - Tier 2
19963,IET6a81c61c8a56b8.93386571,VVIP FEMALE - Tier 2
19964,IET6a81c61c8aa0e5.15080089,VVIP FEMALE - Tier 2
19965,IET6a82f808b47734.47666556,VVIP FEMALE - Tier 2
19966,IET6a83e90384f6b1.37982717,VVIP FEMALE - Tier 2
19967,IET6a84a5458f38d8.60233221,VVIP FEMALE - Tier 2
19968,IET6a84afb9990e30.12865994,VVIP FEMALE - Tier 2
19969,IET6a85c3a9ae6623.57707452,VVIP FEMALE - Tier 2
19970,IET6a85c3a9aeb8d4.54476702,VVIP FEMALE - Tier 2
19971,IET6a85e3d3405538.14360982,VVIP FEMALE - Tier 2
19972,IET6a85ee28abfca4.44580820,VVIP FEMALE - Tier 2
19973,IET6a861e0ec89eb1.08313046,VVIP FEMALE - Tier 2
19974,IET6a86675f529559.84998277,VVIP FEMALE - Tier 2
19975,IET6a869327a21cc1.80239588,VVIP FEMALE - Tier 2
19976,IET6a870355076613.83045712,VVIP FEMALE - Tier 2
19977,IET6a871554eab591.35712666,VVIP FEMALE - Tier 2
19978,IET6a871554eb1522.45130809,VVIP FEMALE - Tier 2
19979,IET6a87490157e898.62028641,VVIP FEMALE - Tier 2
19980,IET6a874f52131af1.87144204,VVIP FEMALE - Tier 2
19981,IET6a876370b94619.06011152,VVIP FEMALE - Tier 2
19982,IET6a876370b99509.11385623,VVIP FEMALE - Tier 2
19983,IET6a87684017c463.96094616,VVIP FEMALE - Tier 2
19984,IET6a877b47b99664.94007447,VVIP FEMALE - Tier 2
19985,IET6a87c8996ce659.79712252,VVIP FEMALE - Tier 2
19986,IET6a87cb209f2442.00811473,VVIP FEMALE - Tier 2
19987,IET6a87cb209f7191.87914418,VVIP FEMALE - Tier 2
19988,IET6a88245332fcd5.80736565,VVIP FEMALE - Tier 2
19989,IET6a88323040b647.75204695,VVIP FEMALE - Tier 2
19990,IET6a885452ce26d6.09926831,VVIP FEMALE - Tier 2
19991,IET6a8861e624fcc8.29573373,VVIP FEMALE - Tier 2
19992,IET6a889c373e4008.40116271,VVIP FEMALE - Tier 2
19993,IET6a88a06148b6e7.24241272,VVIP FEMALE - Tier 2
19994,IET6a88a7f61485e2.34139028,VVIP FEMALE - Tier 2
19995,IET6a88adfa81b355.89617897,VVIP FEMALE - Tier 2
19996,IET6a88b3ecd41331.74073584,VVIP FEMALE - Tier 2
19997,IET6a88b3ecd46031.67029854,VVIP FEMALE - Tier 2
19998,IET6a88b55e7b3fa2.92522972,VVIP FEMALE - Tier 2
19999,IET6a88d36006a503.57298277,VVIP FEMALE - Tier 2
20000,IET6a88d5473b4115.54373866,VVIP FEMALE - Tier 2
20001,IET6a88d66e6d9ca4.19464310,VVIP FEMALE - Tier 2
20002,IET6a88de453c1806.00700819,VVIP FEMALE - Tier 2
20003,IET6a88e564caa702.00063603,VVIP FEMALE - Tier 2
20004,IET6a88e564caeef0.65689933,VVIP FEMALE - Tier 2
20005,IET6a88e9b499f4f9.48194613,VVIP FEMALE - Tier 2
20006,TK6a88e9fa6cc0b1.56691250,VVIP FEMALE - Tier 2
20007,TK6a88e9fa9f7e70.59756140,VVIP FEMALE - Tier 2
20008,IET6a88eb92f2c326.73634827,VVIP FEMALE - Tier 2
20009,IET6a88fe588285b6.59355520,VVIP FEMALE - Tier 2
20010,IET6a89159cbb5036.84027317,VVIP FEMALE - Tier 2
20011,TK6a8918c22c4b86.21379569,VVIP FEMALE - Tier 2
20012,IET6a8921e8282ae7.35238388,VVIP FEMALE - Tier 2
20013,IET6a89515d1b7b71.56679669,VVIP FEMALE - Tier 2
20014,IET6a895ac154ea37.75863075,VVIP FEMALE - Tier 2
20015,IET6a8967a6b8c779.57585237,VVIP FEMALE - Tier 2
20016,IET6a899285d1ba15.56515564,VVIP FEMALE - Tier 2
20017,IET6a89a7afda8257.19695813,VVIP FEMALE - Tier 2
20018,IET6a89a88e0172c9.33665593,VVIP FEMALE - Tier 2
20019,IET6a89ad4392f0b5.31577022,VVIP FEMALE - Tier 2
20020,IET6a89ad43935411.68715781,VVIP FEMALE - Tier 2
20021,IET6a89be941bed56.95348745,VVIP FEMALE - Tier 2
20022,IET6a89c420b6a1a4.49198167,VVIP FEMALE - Tier 2
20023,IET6a89c5ee36b952.34150199,VVIP FEMALE - Tier 2
20024,IET6a89c65badd8e1.87200243,VVIP FEMALE - Tier 2
20025,IET6a89c9956d84e3.73508898,VVIP FEMALE - Tier 2
20026,IET6a89d6e1743273.65435846,VVIP FEMALE - Tier 2
20027,IET6a89d89d804d53.37627845,VVIP FEMALE - Tier 2
20028,IET6a89d8ef341d54.18502914,VVIP FEMALE - Tier 2
20029,IET6a89daed1dd145.77389572,VVIP FEMALE - Tier 2
20030,IET6a89e7b835a808.35227267,VVIP FEMALE - Tier 2
20031,IET6a89eaa5a02979.74406251,VVIP FEMALE - Tier 2
20032,IET6a89ef1f3143c9.68851067,VVIP FEMALE - Tier 2
20033,IET6a89ef7e69ba23.03970644,VVIP FEMALE - Tier 2
20034,IET6a89f1e701a597.63252111,VVIP FEMALE - Tier 2
20035,IET6a89f1ef6cb195.67015363,VVIP FEMALE - Tier 2
20036,IET6a89f4fa35c812.51177976,VVIP FEMALE - Tier 2
20037,IET6a8a00e7153136.36403003,VVIP FEMALE - Tier 2
20038,IET6a8a06443af867.67756140,VVIP FEMALE - Tier 2
20039,IET6a8a06443b5dd2.14556141,VVIP FEMALE - Tier 2
20040,IET6a8a06443baa89.33173372,VVIP FEMALE - Tier 2
20041,IET6a8a09be9f9d01.38257946,VVIP FEMALE - Tier 2
20042,IET6a726f3b4bcd16.45932227,VVIP Femalec
20043,IET6a733cc60f3f45.24395570,VVIP Femalec
20044,IET6a73a3f0257b56.73519434,VVIP Femalec
20045,IET6a73f2e63c17e8.72552676,VVIP Femalec
20046,IET6a75f385521547.29923937,VVIP Femalec
20047,IET6a7e39ca281082.89121841,VVIP Femalec
20048,IET6a7e39ca2869c9.96371868,VVIP Femalec
20049,IET6a7f6a51e63d02.64092600,VVIP Femalec
20050,IET6a7faf6ea28b28.59842261,VVIP Femalec
20051,IET6a80534ee14468.40294215,VVIP Femalec
20052,IET6a80e612e5ce67.85425800,VVIP Femalec
20053,IET6a80e880a2d462.19171934,VVIP Femalec
20054,IET6a84536d61ff15.04978241,VVIP Femalec
20055,IET6a84536d626443.53422063,VVIP Femalec
20056,IET6a87af49238fc9.85406375,VVIP Femalec
20057,IET6a87af4923dd39.19004010,VVIP Femalec
20058,IET6a8872258a0460.75161028,VVIP Femalec
20059,IET6a8872258a5612.60900494,VVIP Femalec
20060,IET6a88af83eaeba1.04667833,VVIP Femalec
20061,IET6a88fdaca3d179.31965460,VVIP Femalec
20062,IET6a88fdaca44475.98357787,VVIP Femalec
20063,IET6a0b9aacb6b850.64969456,VVIP- Male
20064,IET6a0b9d87316514.39354108,VVIP- Male
20065,IET6a0b9f63e77a25.55937895,VVIP- Male
20066,IET6a0bbf1414dd36.14886859,VVIP- Male
20067,IET6a0bfe550cc166.50292624,VVIP- Male
20068,IET6a0cc909e65394.26248056,VVIP- Male
20069,IET6a0d0a7befa325.46082101,VVIP- Male
20070,IET6a0d0a7befe195.08639600,VVIP- Male
20071,IET6a0db01c88bca5.24419117,VVIP- Male
20072,IET6a0ddd28e945c4.58989209,VVIP- Male
20073,IET6a0e1dc409b327.73623708,VVIP- Male
20074,IET6a0e29e296a2e2.61645175,VVIP- Male
20075,IET6a0e4323dc1297.95615792,VVIP- Male
20076,IET6a0e57873ce678.77608095,VVIP- Male
20077,IET6a0f2eb03a2495.66138541,VVIP- Male
20078,IET6a14f06a475f93.92346017,VVIP- Male
20079,IET6a16200f90ff56.09139439,VVIP- Male
20080,IET6a1658b3594e73.07402627,VVIP- Male
20081,IET6a179332aa05e8.83291705,VVIP- Male
20082,IET6a18ac54174461.67976215,VVIP- Male
20083,IET6a19e3ab4b4ab0.63754339,VVIP- Male
20084,IET6a1d5f0db286a6.61058090,VVIP- Male
20085,IET6a1dbeb7347a07.25744368,VVIP- Male
20086,IET6a1e12ef80d8e9.39535814,VVIP- Male
20087,IET6a1e3b3f3b66a1.46708279,VVIP- Male
20088,IET6a1f5350705db0.37936693,VVIP- Male
20089,IET6a1f59f0894003.23220015,VVIP- Male
20090,IET6a21ecece7bc63.75740189,VVIP- Male
20091,IET6a233e8e8f8318.34041746,VVIP- Male
20092,IET6a234de51ee1b7.85546266,VVIP- Male
20093,IET6a234f3f12d298.49647843,VVIP- Male
20094,IET6a28d672085ed8.88965599,VVIP- Male
20095,IET6a29498109bbd8.75360696,VVIP- Male
20096,IET6a2c36ee463452.24970480,VVIP- Male
20097,IET6a2c7cbcdcced3.08397325,VVIP- Male
20098,IET6a2d81472533c7.40304046,VVIP- Male
20099,IET6a32acade07c75.28225621,VVIP- Male
20100,IET6a34071b18fe54.20509857,VVIP- Male
20101,IET6a34abe5e2d475.22969321,VVIP- Male
20102,IET6a39bd1389a0a0.20256522,VVIP- Male
20103,IET6a3b444daa9988.69128418,VVIP- Male
20104,IET6a3b444daae875.44560184,VVIP- Male
20105,IET6a3b444dab2f26.01096835,VVIP- Male
20106,IET6a3c049d5c28a6.44169869,VVIP- Male
20107,IET6a3dad905215f6.88152726,VVIP- Male
20108,IET6a3db15b1bb8e9.63917383,VVIP- Male
20109,IET6a3db15b1bfed6.87737033,VVIP- Male
20110,IET6a408335147839.97527087,VVIP- Male
20111,IET6a40ded6814bb9.96334244,VVIP- Male
20112,IET6a41060af151f2.51899461,VVIP- Male
20113,IET6a41060af191a5.32426310,VVIP- Male
20114,IET6a4162fb8e6206.16979561,VVIP- Male
20115,IET6a43067d14f770.21528205,VVIP- Male
20116,IET6a43067d154676.28795029,VVIP- Male
20117,IET6a43067d159009.64782180,VVIP- Male
20118,IET6a43b2c36442e0.84715348,VVIP- Male
20119,IET6a443669c660b1.79244169,VVIP- Male
20120,IET6a445d39e52670.95265052,VVIP- Male
20121,TK6a4ec65f6d1c13.12334674,VVIP- Male
20122,IET6a47e6f61d76e4.98483894,VVIP T2MAL
20123,IET6a48598f1f89a6.38423138,VVIP T2MAL
20124,IET6a498350e71010.55692047,VVIP T2MAL
20125,IET6a49d8141e4085.86824970,VVIP T2MAL
20126,IET6a4abe380f28d9.10323940,VVIP T2MAL
20127,IET6a4acfb227c3d8.50778229,VVIP T2MAL
20128,IET6a4e417c871bb3.66283112,VVIP T2MAL
20129,IET6a52774a65d351.56517428,VVIP T2MAL
20130,IET6a557899e750e1.55383231,VVIP T2MAL
20131,IET6a568704490954.50070585,VVIP T2MAL
20132,IET6a568704495349.96564588,VVIP T2MAL
20133,IET6a5ecb3789c1b7.39504395,VVIP T2MAL
20134,IET6a60f6d658ce82.36994748,VVIP T2MAL
20135,IET6a60f6d6591638.85119804,VVIP T2MAL
20136,IET6a6357c0d2af77.49656085,VVIP T2MAL
20137,IET6a63fbc87cb494.78237920,VVIP T2MAL
20138,IET6a63fc2827f2a2.53829196,VVIP T2MAL
20139,IET6a680f7ce29f05.81378467,VVIP T2MAL
20140,IET6a6b5a90c48121.91153108,VVIP T2MAL
20141,IET6a6bae69e12fe7.13670727,VVIP T2MAL
20142,IET6a6cbb2988ac76.12871254,VVIP T2MAL
20143,IET6a6d1c324b7708.29313620,VVIP T2MAL
20144,IET6a6e72b91a1694.96211145,VVIP T2MAL
20145,IET6a6e72b91a5925.50909295,VVIP T2MAL
20146,IET6a6ea5ebcf3041.43412442,VVIP T2MAL
20147,IET6a70c7bc3f1eb9.27016050,VVIP T2MAL
20148,IET6a74cf8b8417c2.55105875,VVIP T2MAL
20149,IET6a78869396c037.15454810,VVIP T2MAL
20150,IET6a7d1338651b41.65239944,VVIP T2MAL
20151,IET6a7d191f283590.14203309,VVIP T2MAL
20152,IET6a7d191f287ff0.38832842,VVIP T2MAL
20153,IET6a7d191f28c7e1.99405453,VVIP T2MAL
20154,IET6a7e39f923edf8.57517053,VVIP T2MAL
20155,IET6a7e54658b2a00.24424634,VVIP T2MAL
20156,IET6a7f7dd9b58146.92806240,VVIP T2MAL
20157,IET6a7f89abd29bf8.63273827,VVIP T2MAL
20158,IET6a7fa3e5936d94.97160492,VVIP T2MAL
20159,IET6a81c61c8aeba5.31181183,VVIP T2MAL
20160,IET6a81c61c8b2c67.38338444,VVIP T2MAL
20161,IET6a82719c97e901.34598676,VVIP T2MAL
20162,IET6a82719c9839d0.53918401,VVIP T2MAL
20163,IET6a83a8fdcd59b2.81508974,VVIP T2MAL
20164,IET6a84a5458f8849.27817848,VVIP T2MAL
20165,IET6a84afb99964a0.37114869,VVIP T2MAL
20166,IET6a84afb999b913.82978647,VVIP T2MAL
20167,IET6a8508557abf87.25933001,VVIP T2MAL
20168,IET6a85c3a9af05e0.45117675,VVIP T2MAL
20169,IET6a85c3a9af4b58.28810244,VVIP T2MAL
20170,IET6a85ca4b6d52b3.20558031,VVIP T2MAL
20171,IET6a85e3d340c942.56468432,VVIP T2MAL
20172,IET6a85ee28ac8149.70395809,VVIP T2MAL
20173,IET6a861e0ec90e05.51006182,VVIP T2MAL
20174,IET6a861e0ec95bd7.60632365,VVIP T2MAL
20175,IET6a86458a1689a3.74578600,VVIP T2MAL
20176,IET6a869327a27266.19186749,VVIP T2MAL
20177,IET6a86f2873f07b3.23219212,VVIP T2MAL
20178,IET6a874901585414.03500324,VVIP T2MAL
20179,IET6a874901589fa5.68957452,VVIP T2MAL
20180,IET6a87490158f2f8.81754529,VVIP T2MAL
20181,IET6a875dabdc2ba6.94817168,VVIP T2MAL
20182,IET6a87bf57dc23e9.56179322,VVIP T2MAL
20183,IET6a87cb209fb6c2.10566431,VVIP T2MAL
20184,IET6a87cd1a091fa7.38266602,VVIP T2MAL
20185,IET6a885452ce77e6.54314639,VVIP T2MAL
20186,IET6a8863fa565458.48277855,VVIP T2MAL
20187,IET6a8863fa56ba06.10179140,VVIP T2MAL
20188,IET6a889c373e8f18.32989740,VVIP T2MAL
20189,IET6a88a061491ab0.10955810,VVIP T2MAL
20190,IET6a88adfa872b74.27340194,VVIP T2MAL
20191,IET6a88adfa878939.00431846,VVIP T2MAL
20192,IET6a88b3ecd4ae42.37699651,VVIP T2MAL
20193,IET6a88b55e7b9403.76056196,VVIP T2MAL
20194,IET6a88b55e7bda51.46643861,VVIP T2MAL
20195,IET6a88d5473ba4f1.25907288,VVIP T2MAL
20196,IET6a88d5473bf3b1.44785787,VVIP T2MAL
20197,IET6a88d66e6def94.85471749,VVIP T2MAL
20198,IET6a88d66e6e37c6.56516971,VVIP T2MAL
20199,IET6a88e9b49a4896.23912000,VVIP T2MAL
20200,IET6a88fe5882d5e2.31822597,VVIP T2MAL
20201,IET6a8909a07c57f5.84378225,VVIP T2MAL
20202,IET6a89159cbbb3f9.40068730,VVIP T2MAL
20203,IET6a892eb9c28680.22016750,VVIP T2MAL
20204,IET6a892eb9c2e553.09127600,VVIP T2MAL
20205,IET6a89515d1bd124.42406259,VVIP T2MAL
20206,IET6a8967a6b914f2.00108081,VVIP T2MAL
20207,IET6a899febe40a76.01610380,VVIP T2MAL
20208,IET6a89a7afdadc04.30941801,VVIP T2MAL
20209,IET6a89b6fcb9f1f4.24782093,VVIP T2MAL
20210,IET6a89b6fcba4345.86892571,VVIP T2MAL
20211,IET6a89b6fcba8d35.77834633,VVIP T2MAL
20212,IET6a89b93349c647.44615429,VVIP T2MAL
20213,IET6a89b980d05477.92846197,VVIP T2MAL
20214,IET6a89be941c4e70.18401787,VVIP T2MAL
20215,IET6a89c9956dd8e0.57234837,VVIP T2MAL
20216,IET6a89daed1e2c41.79754231,VVIP T2MAL
20217,IET6a89e32fc5ffa7.61102071,VVIP T2MAL
20218,IET6a89e3f26123c4.58924518,VVIP T2MAL
20219,IET6a89eee3478307.46402226,VVIP T2MAL
20220,IET6a89f36ae1c117.67978943,VVIP T2MAL
20221,IET6a89f4fa362cf2.98322673,VVIP T2MAL
20222,IET6a8a0506e644d1.13264372,VVIP T2MAL
20223,IET6a8a0506e690f9.89920231,VVIP T2MAL
20224,IET6a8a0506e6d5c6.68218365,VVIP T2MAL
20225,IET6a733cc60f8ec6.12526013,VVIP Male C
20226,IET6a73a3f025e1f7.47349359,VVIP Male C
20227,IET6a73f2e63c86c7.21298850,VVIP Male C
20228,IET6a75f385526185.13539508,VVIP Male C
20229,IET6a7f6a51e68c65.06741251,VVIP Male C
20230,IET6a80534ee19967.41579145,VVIP Male C
20231,IET6a80e612e62fc2.88513566,VVIP Male C
20232,IET6a80e880a326e5.45425708,VVIP Male C
20233,IET6a81f58bc7afa0.38452114,VVIP Male C
20234,IET6a84536d62bac3.89704948,VVIP Male C
20235,IET6a8872258a9cb5.43255803,VVIP Male C
20236,IET6a8872258ae5c4.12475310,VVIP Male C
20237,IET6a88fdaca4a813.86416644,VVIP Male C
20238,IET6a88fdaca4f977.23128598,VVIP Male C
20239,IET6a88fdaca54a60.13374349,VVIP Male C
20240,IET6a88fdaca598d9.01505191,VVIP Male C
20241,IET6a88fdaca5e850.02720202,VVIP Male C
20242,IET6a89e5be0350e4.58655353,VVIP Male C
