00001,85734904100001,3on1 females,
00002,49394904100002,3on1 females,
00003,93594904100003,3on1 females,
00004,14834904100004,3on1 females,
00005,61454904100005,3on1 females,
00006,34994904100006,3on1 females,
00007,61074904100007,3on1 females,
00008,92124904100008,3on1 females,
00009,92904904100009,3on1 females,
00010,73104904100010,3on1 females,
00011,21794904100011,3on1 females,
00012,97224904100012,3on1 females,
00013,78334904100013,3on1 females,
00014,47134904100014,3on1 females,
00015,61264904100015,3on1 females,
00016,26754904100016,3on1 females,
00017,78514904100017,3on1 females,
00018,72894904100018,3on1 females,
00019,17574904100019,3on1 females,
00020,79544904100020,3on1 females,
00021,87494904100021,3on1 females,
00022,16374904100022,3on1 females,
00023,28414904100023,3on1 females,
00024,95614904100024,3on1 females,
00025,95884904100025,3on1 females,
00026,23834904100026,3on1 females,
00027,20674904100027,3on1 females,
00028,97524904100028,3on1 females,
00029,86674904100029,3on1 females,
00030,84444904100030,3on1 females,
00031,32364904100031,3on1 females,
00032,44264904100032,3on1 females,
00033,53464904100033,3on1 females,
00034,65524904100034,3on1 females,
00035,17264904100035,3on1 females,
00036,57704904100036,3on1 females,
00037,41294904100037,3on1 females,
00038,40104904100038,3on1 females,
00039,31844904100039,3on1 females,
00040,41484904100040,3on1 females,
00041,29884904100041,3on1 females,
00042,97134904100042,3on1 females,
00043,84894904100043,3on1 females,
00044,42394904100044,3on1 females,
00045,19424904100045,3on1 females,
00046,84124904100046,3on1 females,
00047,99484904100047,3on1 females,
00048,94334904100048,3on1 females,
00049,48894904100049,3on1 females,
00050,92324904100050,3on1 females,
00051,77554904100051,3on1 females,
00052,84674904100052,3on1 females,
00053,56794904100053,3on1 females,
00054,64344904100054,3on1 females,
00055,16864904100055,3on1 females,
00056,93184904100056,3on1 females,
00057,34454904100057,3on1 females,
00058,54324904100058,3on1 females,
00059,30614904100059,3on1 females,
00060,33434904100060,3on1 females,
00061,21794904100061,3on1 females,
00062,60594904100062,3on1 females,
00063,39404904100063,3on1 females,
00064,36684904100064,3on1 females,
00065,35634904100065,3on1 females,
00066,60844904100066,3on1 females,
00067,25844904100067,3on1 females,
00068,48304904100068,3on1 females,
00069,20454904100069,3on1 females,
00070,69764904100070,3on1 females,
00071,41484904100071,3on1 females,
00072,76714904100072,3on1 females,
00073,91674904100073,3on1 females,
00074,39184904100074,3on1 females,
00075,56434904100075,3on1 females,
00076,14744904100076,3on1 females,
00077,81464904100077,3on1 females,
00078,50754904100078,3on1 females,
00079,11364904100079,3on1 females,
00080,23524904100080,3on1 females,
00081,96984904100081,3on1 females,
00082,81114904100082,3on1 females,
00083,71994904100083,3on1 females,
00084,38944904100084,3on1 females,
00085,21204904100085,3on1 females,
00086,59514904100086,3on1 females,
00087,96204904100087,3on1 females,
00088,20554904100088,3on1 females,
00089,26124904100089,3on1 females,
00090,37994904100090,3on1 females,
00091,23524904100091,3on1 females,
00092,42924904100092,3on1 females,
00093,28654904100093,3on1 females,
00094,24024904100094,3on1 females,
00095,17114904100095,3on1 females,
00096,49584904100096,3on1 females,
00097,68794904100097,3on1 females,
00098,15684904100098,3on1 females,
00099,88404904100099,3on1 females,
00100,79444904100100,3on1 females,
00101,80484904200101,T1 females,
00102,59274904200102,T1 females,
00103,14064904200103,T1 females,
00104,65664904200104,T1 females,
00105,44864904200105,T1 females,
00106,59554904200106,T1 females,
00107,85484904200107,T1 females,
00108,17084904200108,T1 females,
00109,76034904200109,T1 females,
00110,62314904200110,T1 females,
00111,80924904200111,T1 females,
00112,42114904200112,T1 females,
00113,79364904200113,T1 females,
00114,19564904200114,T1 females,
00115,59954904200115,T1 females,
00116,35164904200116,T1 females,
00117,62264904200117,T1 females,
00118,27204904200118,T1 females,
00119,10524904200119,T1 females,
00120,15534904200120,T1 females,
00121,17474904200121,T1 females,
00122,45154904200122,T1 females,
00123,58464904200123,T1 females,
00124,38814904200124,T1 females,
00125,98804904200125,T1 females,
00126,90034904200126,T1 females,
00127,69554904200127,T1 females,
00128,40814904200128,T1 females,
00129,99514904200129,T1 females,
00130,90314904200130,T1 females,
00131,84024904200131,T1 females,
00132,63934904200132,T1 females,
00133,32974904200133,T1 females,
00134,33964904200134,T1 females,
00135,53624904200135,T1 females,
00136,56124904200136,T1 females,
00137,16014904200137,T1 females,
00138,48574904200138,T1 females,
00139,51094904200139,T1 females,
00140,52224904200140,T1 females,
00141,84684904200141,T1 females,
00142,54114904200142,T1 females,
00143,52254904200143,T1 females,
00144,17924904200144,T1 females,
00145,32584904200145,T1 females,
00146,67984904200146,T1 females,
00147,10504904200147,T1 females,
00148,76134904200148,T1 females,
00149,81554904200149,T1 females,
00150,82704904200150,T1 females,
00151,43864904200151,T1 females,
00152,35934904200152,T1 females,
00153,45044904200153,T1 females,
00154,56114904200154,T1 females,
00155,14504904200155,T1 females,
00156,23914904200156,T1 females,
00157,43844904200157,T1 females,
00158,13964904200158,T1 females,
00159,30784904200159,T1 females,
00160,58164904200160,T1 females,
00161,74364904200161,T1 females,
00162,85094904200162,T1 females,
00163,71754904200163,T1 females,
00164,94594904200164,T1 females,
00165,49464904200165,T1 females,
00166,19124904200166,T1 females,
00167,84244904200167,T1 females,
00168,95904904200168,T1 females,
00169,41664904200169,T1 females,
00170,76554904200170,T1 females,
00171,12334904200171,T1 females,
00172,32984904200172,T1 females,
00173,98974904200173,T1 females,
00174,51484904200174,T1 females,
00175,29404904200175,T1 females,
00176,88754904200176,T1 females,
00177,83194904200177,T1 females,
00178,26694904200178,T1 females,
00179,72684904200179,T1 females,
00180,74674904200180,T1 females,
00181,70634904200181,T1 females,
00182,71354904200182,T1 females,
00183,30294904200183,T1 females,
00184,39564904200184,T1 females,
00185,55414904200185,T1 females,
00186,51194904200186,T1 females,
00187,40704904200187,T1 females,
00188,91034904200188,T1 females,
00189,35304904200189,T1 females,
00190,91094904200190,T1 females,
00191,94854904200191,T1 females,
00192,59444904200192,T1 females,
00193,29904904200193,T1 females,
00194,70304904200194,T1 females,
00195,20664904200195,T1 females,
00196,84224904200196,T1 females,
00197,31524904200197,T1 females,
00198,40084904200198,T1 females,
00199,29994904200199,T1 females,
00200,52844904200200,T1 females,
00201,68384904200201,T1 females,
00202,33814904200202,T1 females,
00203,28254904200203,T1 females,
00204,52174904200204,T1 females,
00205,20494904200205,T1 females,
00206,79714904200206,T1 females,
00207,26434904200207,T1 females,
00208,32444904200208,T1 females,
00209,87784904200209,T1 females,
00210,55994904200210,T1 females,
00211,35574904200211,T1 females,
00212,33604904200212,T1 females,
00213,21064904200213,T1 females,
00214,18454904200214,T1 females,
00215,73864904200215,T1 females,
00216,74234904200216,T1 females,
00217,85144904200217,T1 females,
00218,10694904200218,T1 females,
00219,16124904200219,T1 females,
00220,63004904200220,T1 females,
00221,64744904200221,T1 females,
00222,76754904200222,T1 females,
00223,95854904200223,T1 females,
00224,92484904200224,T1 females,
00225,92674904200225,T1 females,
00226,26284904200226,T1 females,
00227,79804904200227,T1 females,
00228,35654904200228,T1 females,
00229,60704904200229,T1 females,
00230,32144904200230,T1 females,
00231,84914904200231,T1 females,
00232,64724904200232,T1 females,
00233,42764904200233,T1 females,
00234,80634904200234,T1 females,
00235,67934904200235,T1 females,
00236,22614904200236,T1 females,
00237,20764904200237,T1 females,
00238,74134904200238,T1 females,
00239,57414904200239,T1 females,
00240,76784904200240,T1 females,
00241,82904904200241,T1 females,
00242,46204904200242,T1 females,
00243,48234904200243,T1 females,
00244,45724904200244,T1 females,
00245,14404904200245,T1 females,
00246,39314904200246,T1 females,
00247,98644904200247,T1 females,
00248,97774904200248,T1 females,
00249,80794904200249,T1 females,
00250,94934904200250,T1 females,
00251,89824904200251,T1 females,
00252,32614904200252,T1 females,
00253,33744904200253,T1 females,
00254,86254904200254,T1 females,
00255,47844904200255,T1 females,
00256,25084904200256,T1 females,
00257,29274904200257,T1 females,
00258,23314904200258,T1 females,
00259,38244904200259,T1 females,
00260,41674904200260,T1 females,
00261,38594904200261,T1 females,
00262,20624904200262,T1 females,
00263,83084904200263,T1 females,
00264,89374904200264,T1 females,
00265,91324904200265,T1 females,
00266,17374904200266,T1 females,
00267,10434904200267,T1 females,
00268,37104904200268,T1 females,
00269,91374904200269,T1 females,
00270,60054904200270,T1 females,
00271,46404904200271,T1 females,
00272,89594904200272,T1 females,
00273,15114904200273,T1 females,
00274,67644904200274,T1 females,
00275,79724904200275,T1 females,
00276,23854904200276,T1 females,
00277,42214904200277,T1 females,
00278,69244904200278,T1 females,
00279,28724904200279,T1 females,
00280,67994904200280,T1 females,
00281,78924904200281,T1 females,
00282,14234904200282,T1 females,
00283,50874904200283,T1 females,
00284,92684904200284,T1 females,
00285,23864904200285,T1 females,
00286,54914904200286,T1 females,
00287,54864904200287,T1 females,
00288,85054904200288,T1 females,
00289,56244904200289,T1 females,
00290,41734904200290,T1 females,
00291,45054904200291,T1 females,
00292,15124904200292,T1 females,
00293,46724904200293,T1 females,
00294,30834904200294,T1 females,
00295,38564904200295,T1 females,
00296,84604904200296,T1 females,
00297,70664904200297,T1 females,
00298,94294904200298,T1 females,
00299,94794904200299,T1 females,
00300,98454904200300,T1 females,
00301,43884904200301,T1 females,
00302,62774904200302,T1 females,
00303,97464904200303,T1 females,
00304,28694904200304,T1 females,
00305,10984904200305,T1 females,
00306,10624904200306,T1 females,
00307,99104904200307,T1 females,
00308,60804904200308,T1 females,
00309,96064904200309,T1 females,
00310,43564904200310,T1 females,
00311,58124904200311,T1 females,
00312,32694904200312,T1 females,
00313,26114904200313,T1 females,
00314,18884904200314,T1 females,
00315,48334904200315,T1 females,
00316,66024904200316,T1 females,
00317,26654904200317,T1 females,
00318,98034904200318,T1 females,
00319,40984904200319,T1 females,
00320,50224904200320,T1 females,
00321,30144904200321,T1 females,
00322,61834904200322,T1 females,
00323,69274904200323,T1 females,
00324,48784904200324,T1 females,
00325,76684904200325,T1 females,
00326,88084904200326,T1 females,
00327,55414904200327,T1 females,
00328,98214904200328,T1 females,
00329,17334904200329,T1 females,
00330,21764904200330,T1 females,
00331,20114904200331,T1 females,
00332,29504904200332,T1 females,
00333,49854904200333,T1 females,
00334,17624904200334,T1 females,
00335,44664904200335,T1 females,
00336,31884904200336,T1 females,
00337,17064904200337,T1 females,
00338,35434904200338,T1 females,
00339,75444904200339,T1 females,
00340,69394904200340,T1 females,
00341,77524904200341,T1 females,
00342,77574904200342,T1 females,
00343,20934904200343,T1 females,
00344,39684904200344,T1 females,
00345,48894904200345,T1 females,
00346,89214904200346,T1 females,
00347,51264904200347,T1 females,
00348,45464904200348,T1 females,
00349,33694904200349,T1 females,
00350,60934904200350,T1 females,
00351,20274904200351,T1 females,
00352,58384904200352,T1 females,
00353,77544904200353,T1 females,
00354,63954904200354,T1 females,
00355,79984904200355,T1 females,
00356,55484904200356,T1 females,
00357,30024904200357,T1 females,
00358,37704904200358,T1 females,
00359,57684904200359,T1 females,
00360,88044904200360,T1 females,
00361,57884904200361,T1 females,
00362,50044904200362,T1 females,
00363,25434904200363,T1 females,
00364,13034904200364,T1 females,
00365,10854904200365,T1 females,
00366,39904904200366,T1 females,
00367,82064904200367,T1 females,
00368,56974904200368,T1 females,
00369,69924904200369,T1 females,
00370,32424904200370,T1 females,
00371,67794904200371,T1 females,
00372,52424904200372,T1 females,
00373,68134904200373,T1 females,
00374,16614904200374,T1 females,
00375,21204904200375,T1 females,
00376,46784904200376,T1 females,
00377,93844904200377,T1 females,
00378,25534904200378,T1 females,
00379,28734904200379,T1 females,
00380,33794904200380,T1 females,
00381,36534904200381,T1 females,
00382,58924904200382,T1 females,
00383,96794904200383,T1 females,
00384,67364904200384,T1 females,
00385,55004904200385,T1 females,
00386,28384904200386,T1 females,
00387,46254904200387,T1 females,
00388,38044904200388,T1 females,
00389,78304904200389,T1 females,
00390,84974904200390,T1 females,
00391,59464904200391,T1 females,
00392,11884904200392,T1 females,
00393,48884904200393,T1 females,
00394,69474904200394,T1 females,
00395,79804904200395,T1 females,
00396,51864904200396,T1 females,
00397,98414904200397,T1 females,
00398,64924904200398,T1 females,
00399,43724904200399,T1 females,
00400,61784904200400,T1 females,
00401,26124904200401,T1 females,
00402,71874904200402,T1 females,
00403,45234904200403,T1 females,
00404,12714904200404,T1 females,
00405,59474904200405,T1 females,
00406,65964904200406,T1 females,
00407,72994904200407,T1 females,
00408,11814904200408,T1 females,
00409,17544904200409,T1 females,
00410,78154904200410,T1 females,
00411,39794904200411,T1 females,
00412,33834904200412,T1 females,
00413,26734904200413,T1 females,
00414,27324904200414,T1 females,
00415,14614904200415,T1 females,
00416,34974904200416,T1 females,
00417,89094904200417,T1 females,
00418,25444904200418,T1 females,
00419,27134904200419,T1 females,
00420,89264904200420,T1 females,
00421,33094904200421,T1 females,
00422,75234904200422,T1 females,
00423,74794904200423,T1 females,
00424,97544904200424,T1 females,
00425,26904904200425,T1 females,
00426,60364904200426,T1 females,
00427,62314904200427,T1 females,
00428,58814904200428,T1 females,
00429,34144904200429,T1 females,
00430,28014904200430,T1 females,
00431,33704904200431,T1 females,
00432,94134904200432,T1 females,
00433,12234904200433,T1 females,
00434,44114904200434,T1 females,
00435,66814904200435,T1 females,
00436,43074904200436,T1 females,
00437,43104904200437,T1 females,
00438,70964904200438,T1 females,
00439,10384904200439,T1 females,
00440,72574904200440,T1 females,
00441,36534904200441,T1 females,
00442,47394904200442,T1 females,
00443,53504904200443,T1 females,
00444,48404904200444,T1 females,
00445,85864904200445,T1 females,
00446,81424904200446,T1 females,
00447,57774904200447,T1 females,
00448,99004904200448,T1 females,
00449,36364904200449,T1 females,
00450,35444904200450,T1 females,
00451,81674904200451,T1 females,
00452,31974904200452,T1 females,
00453,65954904200453,T1 females,
00454,33794904200454,T1 females,
00455,27744904200455,T1 females,
00456,32864904200456,T1 females,
00457,28494904200457,T1 females,
00458,93024904200458,T1 females,
00459,32014904200459,T1 females,
00460,36704904200460,T1 females,
00461,79574904200461,T1 females,
00462,44474904200462,T1 females,
00463,66064904200463,T1 females,
00464,21824904200464,T1 females,
00465,64804904200465,T1 females,
00466,19454904200466,T1 females,
00467,11604904200467,T1 females,
00468,56314904200468,T1 females,
00469,10594904200469,T1 females,
00470,56904904200470,T1 females,
00471,27414904200471,T1 females,
00472,96874904200472,T1 females,
00473,97364904200473,T1 females,
00474,93554904200474,T1 females,
00475,38954904200475,T1 females,
00476,80304904200476,T1 females,
00477,25484904200477,T1 females,
00478,66564904200478,T1 females,
00479,60354904200479,T1 females,
00480,37304904200480,T1 females,
00481,23394904200481,T1 females,
00482,38694904200482,T1 females,
00483,88964904200483,T1 females,
00484,48954904200484,T1 females,
00485,78444904200485,T1 females,
00486,75954904200486,T1 females,
00487,22384904200487,T1 females,
00488,45624904200488,T1 females,
00489,90224904200489,T1 females,
00490,57764904200490,T1 females,
00491,47954904200491,T1 females,
00492,78324904200492,T1 females,
00493,46284904200493,T1 females,
00494,49614904200494,T1 females,
00495,64874904200495,T1 females,
00496,72664904200496,T1 females,
00497,40414904200497,T1 females,
00498,68204904200498,T1 females,
00499,28654904200499,T1 females,
00500,55254904200500,T1 females,
00501,43474904200501,T1 females,
00502,49114904200502,T1 females,
00503,48154904200503,T1 females,
00504,42554904200504,T1 females,
00505,56634904200505,T1 females,
00506,16954904200506,T1 females,
00507,55174904200507,T1 females,
00508,42364904200508,T1 females,
00509,17164904200509,T1 females,
00510,98034904200510,T1 females,
00511,36414904200511,T1 females,
00512,77654904200512,T1 females,
00513,86714904200513,T1 females,
00514,15524904200514,T1 females,
00515,18054904200515,T1 females,
00516,53044904200516,T1 females,
00517,62124904200517,T1 females,
00518,47034904200518,T1 females,
00519,72754904200519,T1 females,
00520,93644904200520,T1 females,
00521,68664904200521,T1 females,
00522,24904904200522,T1 females,
00523,79224904200523,T1 females,
00524,96504904200524,T1 females,
00525,15824904200525,T1 females,
00526,68754904200526,T1 females,
00527,44204904200527,T1 females,
00528,24494904200528,T1 females,
00529,65614904200529,T1 females,
00530,80674904200530,T1 females,
00531,87034904200531,T1 females,
00532,42704904200532,T1 females,
00533,43344904200533,T1 females,
00534,72884904200534,T1 females,
00535,86674904200535,T1 females,
00536,47394904200536,T1 females,
00537,40884904200537,T1 females,
00538,67904904200538,T1 females,
00539,71244904200539,T1 females,
00540,27374904200540,T1 females,
00541,52454904200541,T1 females,
00542,21174904200542,T1 females,
00543,90004904200543,T1 females,
00544,87884904200544,T1 females,
00545,82924904200545,T1 females,
00546,36214904200546,T1 females,
00547,18004904200547,T1 females,
00548,47054904200548,T1 females,
00549,98564904200549,T1 females,
00550,62344904200550,T1 females,
00551,12944904200551,T1 females,
00552,44754904200552,T1 females,
00553,90354904200553,T1 females,
00554,64744904200554,T1 females,
00555,94854904200555,T1 females,
00556,94054904200556,T1 females,
00557,69754904200557,T1 females,
00558,37204904200558,T1 females,
00559,18104904200559,T1 females,
00560,15084904200560,T1 females,
00561,86964904200561,T1 females,
00562,37184904200562,T1 females,
00563,65814904200563,T1 females,
00564,21474904200564,T1 females,
00565,91744904200565,T1 females,
00566,63554904200566,T1 females,
00567,67044904200567,T1 females,
00568,69214904200568,T1 females,
00569,86664904200569,T1 females,
00570,46724904200570,T1 females,
00571,56224904200571,T1 females,
00572,38164904200572,T1 females,
00573,32924904200573,T1 females,
00574,41264904200574,T1 females,
00575,55214904200575,T1 females,
00576,25804904200576,T1 females,
00577,48564904200577,T1 females,
00578,81104904200578,T1 females,
00579,57864904200579,T1 females,
00580,33784904200580,T1 females,
00581,89324904200581,T1 females,
00582,57194904200582,T1 females,
00583,36994904200583,T1 females,
00584,36754904200584,T1 females,
00585,11894904200585,T1 females,
00586,67614904200586,T1 females,
00587,63944904200587,T1 females,
00588,73784904200588,T1 females,
00589,19654904200589,T1 females,
00590,70264904200590,T1 females,
00591,90624904200591,T1 females,
00592,92274904200592,T1 females,
00593,51034904200593,T1 females,
00594,98034904200594,T1 females,
00595,24044904200595,T1 females,
00596,84364904200596,T1 females,
00597,90244904200597,T1 females,
00598,46424904200598,T1 females,
00599,93294904200599,T1 females,
00600,65844904200600,T1 females,
00601,50574904300601,T1 males,
00602,23714904300602,T1 males,
00603,69164904300603,T1 males,
00604,77534904300604,T1 males,
00605,40134904300605,T1 males,
00606,93634904300606,T1 males,
00607,36094904300607,T1 males,
00608,29224904300608,T1 males,
00609,20204904300609,T1 males,
00610,40504904300610,T1 males,
00611,16734904300611,T1 males,
00612,16064904300612,T1 males,
00613,25974904300613,T1 males,
00614,56904904300614,T1 males,
00615,68974904300615,T1 males,
00616,27464904300616,T1 males,
00617,49804904300617,T1 males,
00618,13814904300618,T1 males,
00619,45534904300619,T1 males,
00620,38504904300620,T1 males,
00621,37074904300621,T1 males,
00622,13274904300622,T1 males,
00623,95854904300623,T1 males,
00624,33874904300624,T1 males,
00625,84384904300625,T1 males,
00626,63554904300626,T1 males,
00627,20794904300627,T1 males,
00628,54214904300628,T1 males,
00629,30424904300629,T1 males,
00630,46804904300630,T1 males,
00631,89524904300631,T1 males,
00632,85074904300632,T1 males,
00633,59144904300633,T1 males,
00634,69194904300634,T1 males,
00635,79154904300635,T1 males,
00636,58304904300636,T1 males,
00637,65644904300637,T1 males,
00638,23604904300638,T1 males,
00639,46694904300639,T1 males,
00640,55954904300640,T1 males,
00641,34404904300641,T1 males,
00642,74724904300642,T1 males,
00643,43634904300643,T1 males,
00644,86684904300644,T1 males,
00645,80044904300645,T1 males,
00646,86784904300646,T1 males,
00647,32964904300647,T1 males,
00648,64674904300648,T1 males,
00649,60664904300649,T1 males,
00650,63654904300650,T1 males,
00651,98674904300651,T1 males,
00652,81034904300652,T1 males,
00653,23574904300653,T1 males,
00654,71524904300654,T1 males,
00655,47844904300655,T1 males,
00656,67684904300656,T1 males,
00657,43584904300657,T1 males,
00658,94044904300658,T1 males,
00659,25134904300659,T1 males,
00660,23824904300660,T1 males,
00661,83804904300661,T1 males,
00662,90004904300662,T1 males,
00663,69774904300663,T1 males,
00664,84724904300664,T1 males,
00665,58944904300665,T1 males,
00666,73474904300666,T1 males,
00667,55234904300667,T1 males,
00668,73284904300668,T1 males,
00669,11034904300669,T1 males,
00670,36464904300670,T1 males,
00671,11094904300671,T1 males,
00672,63814904300672,T1 males,
00673,37734904300673,T1 males,
00674,74064904300674,T1 males,
00675,17654904300675,T1 males,
00676,68474904300676,T1 males,
00677,63134904300677,T1 males,
00678,82134904300678,T1 males,
00679,33004904300679,T1 males,
00680,16224904300680,T1 males,
00681,81044904300681,T1 males,
00682,17454904300682,T1 males,
00683,12454904300683,T1 males,
00684,24184904300684,T1 males,
00685,60714904300685,T1 males,
00686,90324904300686,T1 males,
00687,50664904300687,T1 males,
00688,61534904300688,T1 males,
00689,55174904300689,T1 males,
00690,79814904300690,T1 males,
00691,96094904300691,T1 males,
00692,85994904300692,T1 males,
00693,61984904300693,T1 males,
00694,21354904300694,T1 males,
00695,48124904300695,T1 males,
00696,22624904300696,T1 males,
00697,86544904300697,T1 males,
00698,16874904300698,T1 males,
00699,56474904300699,T1 males,
00700,35304904300700,T1 males,
00701,47834904300701,T1 males,
00702,67544904300702,T1 males,
00703,33334904300703,T1 males,
00704,10614904300704,T1 males,
00705,66734904300705,T1 males,
00706,18854904300706,T1 males,
00707,87844904300707,T1 males,
00708,54234904300708,T1 males,
00709,56794904300709,T1 males,
00710,68294904300710,T1 males,
00711,83154904300711,T1 males,
00712,19914904300712,T1 males,
00713,57504904300713,T1 males,
00714,35524904300714,T1 males,
00715,25924904300715,T1 males,
00716,50754904300716,T1 males,
00717,50074904300717,T1 males,
00718,95004904300718,T1 males,
00719,28364904300719,T1 males,
00720,63234904300720,T1 males,
00721,65734904300721,T1 males,
00722,91194904300722,T1 males,
00723,22784904300723,T1 males,
00724,63554904300724,T1 males,
00725,46514904300725,T1 males,
00726,46144904300726,T1 males,
00727,38614904300727,T1 males,
00728,36564904300728,T1 males,
00729,88494904300729,T1 males,
00730,59694904300730,T1 males,
00731,51934904300731,T1 males,
00732,37144904300732,T1 males,
00733,77634904300733,T1 males,
00734,52154904300734,T1 males,
00735,37494904300735,T1 males,
00736,34154904300736,T1 males,
00737,67994904300737,T1 males,
00738,69394904300738,T1 males,
00739,43284904300739,T1 males,
00740,46794904300740,T1 males,
00741,52594904300741,T1 males,
00742,70554904300742,T1 males,
00743,17504904300743,T1 males,
00744,33554904300744,T1 males,
00745,26604904300745,T1 males,
00746,98174904300746,T1 males,
00747,18144904300747,T1 males,
00748,73564904300748,T1 males,
00749,73204904300749,T1 males,
00750,20884904300750,T1 males,
00751,85004904300751,T1 males,
00752,30584904300752,T1 males,
00753,21834904300753,T1 males,
00754,18484904300754,T1 males,
00755,44224904300755,T1 males,
00756,49314904300756,T1 males,
00757,28964904300757,T1 males,
00758,99684904300758,T1 males,
00759,55314904300759,T1 males,
00760,84354904300760,T1 males,
00761,11384904300761,T1 males,
00762,92254904300762,T1 males,
00763,10674904300763,T1 males,
00764,81634904300764,T1 males,
00765,91984904300765,T1 males,
00766,15604904300766,T1 males,
00767,37644904300767,T1 males,
00768,92254904300768,T1 males,
00769,78064904300769,T1 males,
00770,26004904300770,T1 males,
00771,33014904300771,T1 males,
00772,48954904300772,T1 males,
00773,42074904300773,T1 males,
00774,24234904300774,T1 males,
00775,30084904300775,T1 males,
00776,14964904300776,T1 males,
00777,24904904300777,T1 males,
00778,95724904300778,T1 males,
00779,48174904300779,T1 males,
00780,95434904300780,T1 males,
00781,31674904300781,T1 males,
00782,73234904300782,T1 males,
00783,54654904300783,T1 males,
00784,11404904300784,T1 males,
00785,50024904300785,T1 males,
00786,21994904300786,T1 males,
00787,39504904300787,T1 males,
00788,46074904300788,T1 males,
00789,90874904300789,T1 males,
00790,27324904300790,T1 males,
00791,22294904300791,T1 males,
00792,33824904300792,T1 males,
00793,71734904300793,T1 males,
00794,94864904300794,T1 males,
00795,81764904300795,T1 males,
00796,81584904300796,T1 males,
00797,82454904300797,T1 males,
00798,73204904300798,T1 males,
00799,47824904300799,T1 males,
00800,52744904300800,T1 males,
00801,43514904300801,T1 males,
00802,48984904300802,T1 males,
00803,26104904300803,T1 males,
00804,63524904300804,T1 males,
00805,16814904300805,T1 males,
00806,44634904300806,T1 males,
00807,44974904300807,T1 males,
00808,11944904300808,T1 males,
00809,88954904300809,T1 males,
00810,98474904300810,T1 males,
00811,85074904300811,T1 males,
00812,29184904300812,T1 males,
00813,97024904300813,T1 males,
00814,97404904300814,T1 males,
00815,41384904300815,T1 males,
00816,53504904300816,T1 males,
00817,96854904300817,T1 males,
00818,82024904300818,T1 males,
00819,67674904300819,T1 males,
00820,56654904300820,T1 males,
00821,43834904300821,T1 males,
00822,34334904300822,T1 males,
00823,43614904300823,T1 males,
00824,22784904300824,T1 males,
00825,36144904300825,T1 males,
00826,47844904300826,T1 males,
00827,54264904300827,T1 males,
00828,39824904300828,T1 males,
00829,40604904300829,T1 males,
00830,70264904300830,T1 males,
00831,82104904300831,T1 males,
00832,53414904300832,T1 males,
00833,90884904300833,T1 males,
00834,28664904300834,T1 males,
00835,81614904300835,T1 males,
00836,93314904300836,T1 males,
00837,58374904300837,T1 males,
00838,67084904300838,T1 males,
00839,76234904300839,T1 males,
00840,72314904300840,T1 males,
00841,75344904300841,T1 males,
00842,86754904300842,T1 males,
00843,97924904300843,T1 males,
00844,57604904300844,T1 males,
00845,80844904300845,T1 males,
00846,28704904300846,T1 males,
00847,59244904300847,T1 males,
00848,24704904300848,T1 males,
00849,18924904300849,T1 males,
00850,88914904300850,T1 males,
00851,97794904300851,T1 males,
00852,83874904300852,T1 males,
00853,59384904300853,T1 males,
00854,56054904300854,T1 males,
00855,43334904300855,T1 males,
00856,99024904300856,T1 males,
00857,31154904300857,T1 males,
00858,21504904300858,T1 males,
00859,77224904300859,T1 males,
00860,49134904300860,T1 males,
00861,47984904300861,T1 males,
00862,32114904300862,T1 males,
00863,64564904300863,T1 males,
00864,52084904300864,T1 males,
00865,76764904300865,T1 males,
00866,35344904300866,T1 males,
00867,78614904300867,T1 males,
00868,51164904300868,T1 males,
00869,68314904300869,T1 males,
00870,26894904300870,T1 males,
00871,47924904300871,T1 males,
00872,63904904300872,T1 males,
00873,20634904300873,T1 males,
00874,40864904300874,T1 males,
00875,55784904300875,T1 males,
00876,93514904300876,T1 males,
00877,64694904300877,T1 males,
00878,72424904300878,T1 males,
00879,32314904300879,T1 males,
00880,62804904300880,T1 males,
00881,32764904300881,T1 males,
00882,22974904300882,T1 males,
00883,98944904300883,T1 males,
00884,40534904300884,T1 males,
00885,39104904300885,T1 males,
00886,27784904300886,T1 males,
00887,35514904300887,T1 males,
00888,40394904300888,T1 males,
00889,93334904300889,T1 males,
00890,86134904300890,T1 males,
00891,29734904300891,T1 males,
00892,22354904300892,T1 males,
00893,96174904300893,T1 males,
00894,74044904300894,T1 males,
00895,99244904300895,T1 males,
00896,96564904300896,T1 males,
00897,37714904300897,T1 males,
00898,49344904300898,T1 males,
00899,76164904300899,T1 males,
00900,29854904300900,T1 males,
00901,0001479672044172,rMale T1 $300,
00902,0002844796908810,rMale T1 $300,
00903,0003479609530233,rMale T1 $300,
00904,0004047969016965,rMale T1 $300,
00905,0005675264796012,rMale T1 $300,
00906,0006622824624796,rMale T1 $300,
00907,0007625274796796,rMale T1 $300,
00908,0008347963882978,rMale T1 $300,
00909,0009648479685617,rMale T1 $300,
00910,0010818747960142,rMale T1 $300,
00911,0011126172247966,rMale T1 $300,
00912,0012702665647962,rMale T1 $300,
00913,0013647961823984,rMale T1 $300,
00914,0014884910479661,rMale T1 $300,
00915,0015704796270795,rMale T1 $300,
00916,0016054796581043,rMale T1 $300,
00917,0017847961063587,rMale T1 $300,
00918,0018719277947965,rMale T1 $300,
00919,0019226047967018,rMale T1 $300,
00920,0020834796703544,rMale T1 $300,
00921,0021253801904796,rMale T1 $300,
00922,0022588699347968,rMale T1 $300,
00923,0023317360744796,rMale T1 $300,
00924,0024064796584604,rMale T1 $300,
00925,0025221292247969,rMale T1 $300,
00926,0026789630847968,rMale T1 $300,
00927,0027169718479661,rMale T1 $300,
00928,0028344796446065,rMale T1 $300,
00929,0029211079647962,rMale T1 $300,
00930,0030816615694796,rMale T1 $300,
00931,0031924796018778,rMale T1 $300,
00932,0032382647963875,rMale T1 $300,
00933,0033630146847961,rMale T1 $300,
00934,0034944796363390,rMale T1 $300,
00935,0035479688362017,rMale T1 $300,
00936,0036560899479685,rMale T1 $300,
00937,0037281851647964,rMale T1 $300,
00938,0038247966222360,rMale T1 $300,
00939,0039411067454796,rMale T1 $300,
00940,0040804796199193,rMale T1 $300,
00941,0041347268084796,rMale T1 $300,
00942,0042901961247965,rMale T1 $300,
00943,0043901327347969,rMale T1 $300,
00944,0044910504796563,rMale T1 $300,
00945,0045844141647963,rMale T1 $300,
00946,0046239595447967,rMale T1 $300,
00947,0047713196147965,rMale T1 $300,
00948,0048565253447962,rMale T1 $300,
00949,0049466354796436,rMale T1 $300,
00950,0050020147963663,rMale T1 $300,
00951,0051719743094796,rMale T1 $300,
00952,0052247960953007,rMale T1 $300,
00953,0053147964190068,rMale T1 $300,
00954,0054008871547965,rMale T1 $300,
00955,0055500479651684,rMale T1 $300,
00956,0056293747968540,rMale T1 $300,
00957,0057479647388210,rMale T1 $300,
00958,0058747966781211,rMale T1 $300,
00959,0059447967790022,rMale T1 $300,
00960,0060347964815170,rMale T1 $300,
00961,0061921962479699,rMale T1 $300,
00962,0062971756654796,rMale T1 $300,
00963,0063625547966898,rMale T1 $300,
00964,0064479684036331,rMale T1 $300,
00965,0065847969690416,rMale T1 $300,
00966,0066633273324796,rMale T1 $300,
00967,0067479602974882,rMale T1 $300,
00968,0068518391744796,rMale T1 $300,
00969,0069806094796019,rMale T1 $300,
00970,0070430727524796,rMale T1 $300,
00971,0071018267147968,rMale T1 $300,
00972,0072479608408804,rMale T1 $300,
00973,0073357479636477,rMale T1 $300,
00974,0074359745147966,rMale T1 $300,
00975,0075932989464796,rMale T1 $300,
00976,0076815504796908,rMale T1 $300,
00977,0077306947965912,rMale T1 $300,
00978,0078847969586434,rMale T1 $300,
00979,0079514796320850,rMale T1 $300,
00980,0080604796208442,rMale T1 $300,
00981,0081780724796247,rMale T1 $300,
00982,0082479669748929,rMale T1 $300,
00983,0083899663094796,rMale T1 $300,
00984,0084084796082370,rMale T1 $300,
00985,0085094796336407,rMale T1 $300,
00986,0086236689147962,rMale T1 $300,
00987,0087973479683269,rMale T1 $300,
00988,0088275886247965,rMale T1 $300,
00989,0089193197847960,rMale T1 $300,
00990,0090315462234796,rMale T1 $300,
00991,0091745610394796,rMale T1 $300,
00992,0092647961447595,rMale T1 $300,
00993,0093166479689300,rMale T1 $300,
00994,0094547967457965,rMale T1 $300,
00995,0095247960670628,rMale T1 $300,
00996,0096631364796908,rMale T1 $300,
00997,0097464796379669,rMale T1 $300,
00998,0098249608479678,rMale T1 $300,
00999,0099784796966083,rMale T1 $300,
01000,0100723695479605,rMale T1 $300,
01001,0101049194796104,rFemale T1 $250,
01002,0102447960757922,rFemale T1 $250,
01003,0103347965531588,rFemale T1 $250,
01004,0104283486479609,rFemale T1 $250,
01005,0105479602303615,rFemale T1 $250,
01006,0106400861584796,rFemale T1 $250,
01007,0107596851479662,rFemale T1 $250,
01008,0108368707247960,rFemale T1 $250,
01009,0109792777747960,rFemale T1 $250,
01010,0110546047968107,rFemale T1 $250,
01011,0111014547968280,rFemale T1 $250,
01012,0112770778479653,rFemale T1 $250,
01013,0113138404796923,rFemale T1 $250,
01014,0114479695982785,rFemale T1 $250,
01015,0115479674293333,rFemale T1 $250,
01016,0116947965981508,rFemale T1 $250,
01017,0117417299554796,rFemale T1 $250,
01018,0118276468947967,rFemale T1 $250,
01019,0119448974479651,rFemale T1 $250,
01020,0120545537479650,rFemale T1 $250,
01021,0121465479699821,rFemale T1 $250,
01022,0122999204796037,rFemale T1 $250,
01023,0123329479662327,rFemale T1 $250,
01024,0124479691335674,rFemale T1 $250,
01025,0125725904796754,rFemale T1 $250,
01026,0126728414796636,rFemale T1 $250,
01027,0127412429284796,rFemale T1 $250,
01028,0128072479681285,rFemale T1 $250,
01029,0129594796438313,rFemale T1 $250,
01030,0130428479643649,rFemale T1 $250,
01031,0131654796227926,rFemale T1 $250,
01032,0132038515479623,rFemale T1 $250,
01033,0133794796938077,rFemale T1 $250,
01034,0134188723584796,rFemale T1 $250,
01035,0135055959479695,rFemale T1 $250,
01036,0136723747967207,rFemale T1 $250,
01037,0137399013274796,rFemale T1 $250,
01038,0138882920547961,rFemale T1 $250,
01039,0139260479622712,rFemale T1 $250,
01040,0140228822847963,rFemale T1 $250,
01041,0141910814796194,rFemale T1 $250,
01042,0142347967331044,rFemale T1 $250,
01043,0143164796658475,rFemale T1 $250,
01044,0144004604796484,rFemale T1 $250,
01045,0145673347966446,rFemale T1 $250,
01046,0146479656206781,rFemale T1 $250,
01047,0147925434796606,rFemale T1 $250,
01048,0148856457447964,rFemale T1 $250,
01049,0149902819479650,rFemale T1 $250,
01050,0150900161764796,rFemale T1 $250,
01051,0151934796617130,rFemale T1 $250,
01052,0152100147969423,rFemale T1 $250,
01053,0153615854247967,rFemale T1 $250,
01054,0154028824847963,rFemale T1 $250,
01055,0155479670612083,rFemale T1 $250,
01056,0156914713747962,rFemale T1 $250,
01057,0157479632648987,rFemale T1 $250,
01058,0158694796643353,rFemale T1 $250,
01059,0159266185747968,rFemale T1 $250,
01060,0160366399479671,rFemale T1 $250,
01061,0161425479642351,rFemale T1 $250,
01062,0162647960736666,rFemale T1 $250,
01063,0163092747965616,rFemale T1 $250,
01064,0164121190714796,rFemale T1 $250,
01065,0165375064796376,rFemale T1 $250,
01066,0166644479642326,rFemale T1 $250,
01067,0167250524796638,rFemale T1 $250,
01068,0168811212479609,rFemale T1 $250,
01069,0169528479619585,rFemale T1 $250,
01070,0170479615371957,rFemale T1 $250,
01071,0171439479608902,rFemale T1 $250,
01072,0172375947968521,rFemale T1 $250,
01073,0173361479669612,rFemale T1 $250,
01074,0174479628189520,rFemale T1 $250,
01075,0175862733479685,rFemale T1 $250,
01076,0176947969035613,rFemale T1 $250,
01077,0177348164796010,rFemale T1 $250,
01078,0178034514796950,rFemale T1 $250,
01079,0179735354344796,rFemale T1 $250,
01080,0180373552434796,rFemale T1 $250,
01081,0181368479653149,rFemale T1 $250,
01082,0182547962195215,rFemale T1 $250,
01083,0183347969917075,rFemale T1 $250,
01084,0184574479636452,rFemale T1 $250,
01085,0185695479683680,rFemale T1 $250,
01086,0186479625083393,rFemale T1 $250,
01087,0187264796200451,rFemale T1 $250,
01088,0188447967859932,rFemale T1 $250,
01089,0189458479676529,rFemale T1 $250,
01090,0190479618979214,rFemale T1 $250,
01091,0191509302479629,rFemale T1 $250,
01092,0192840276479675,rFemale T1 $250,
01093,0193139908479686,rFemale T1 $250,
01094,0194445007647962,rFemale T1 $250,
01095,0195247960701668,rFemale T1 $250,
01096,0196964163244796,rFemale T1 $250,
01097,0197776354284796,rFemale T1 $250,
01098,0198088947963492,rFemale T1 $250,
01099,0199770664796458,rFemale T1 $250,
01100,0200870303479602,rFemale T1 $250,
01101,0201785147962402,rMale T2 $350,
01102,0202730758794796,rMale T2 $350,
01103,0203447965131056,rMale T2 $350,
01104,0204271834796719,rMale T2 $350,
01105,0205653327624796,rMale T2 $350,
01106,0206447965277124,rMale T2 $350,
01107,0207062777479692,rMale T2 $350,
01108,0208574094796269,rMale T2 $350,
01109,0209519675064796,rMale T2 $350,
01110,0210847963426213,rMale T2 $350,
01111,0211737684796042,rMale T2 $350,
01112,0212474796915979,rMale T2 $350,
01113,0213204647968972,rMale T2 $350,
01114,0214912174796611,rMale T2 $350,
01115,0215439410284796,rMale T2 $350,
01116,0216873214796238,rMale T2 $350,
01117,0217479687060373,rMale T2 $350,
01118,0218023947984796,rMale T2 $350,
01119,0219384547966936,rMale T2 $350,
01120,0220275515479619,rMale T2 $350,
01121,0221947963204017,rMale T2 $350,
01122,0222484796352974,rMale T2 $350,
01123,0223242554796741,rMale T2 $350,
01124,0224709950974796,rMale T2 $350,
01125,0225850479646890,rMale T2 $350,
01126,0226358049479677,rMale T2 $350,
01127,0227754220047968,rMale T2 $350,
01128,0228016434796616,rMale T2 $350,
01129,0229347960178082,rMale T2 $350,
01130,0230204796430964,rMale T2 $350,
01131,0231547724796226,rMale T2 $350,
01132,0232917400147966,rMale T2 $350,
01133,0233205479697940,rMale T2 $350,
01134,0234184796263757,rMale T2 $350,
01135,0235747963222271,rMale T2 $350,
01136,0236985580047960,rMale T2 $350,
01137,0237685129479692,rMale T2 $350,
01138,0238888224796010,rMale T2 $350,
01139,0239479153454796,rMale T2 $350,
01140,0240354796931833,rMale T2 $350,
01141,0241429660479629,rMale T2 $350,
01142,0242588479651601,rMale T2 $350,
01143,0243119228347965,rMale T2 $350,
01144,0244715084796275,rMale T2 $350,
01145,0245328368479674,rMale T2 $350,
01146,0246147967677640,rMale T2 $350,
01147,0247397538547968,rMale T2 $350,
01148,0248512447961660,rMale T2 $350,
01149,0249347960493890,rMale T2 $350,
01150,0250073845047961,rMale T2 $350,
01151,0251447963848754,rMale T2 $350,
01152,0252266479680276,rMale T2 $350,
01153,0253347964576018,rMale T2 $350,
01154,0254498907479621,rMale T2 $350,
01155,0255218479634804,rMale T2 $350,
01156,0256388479688745,rMale T2 $350,
01157,0257843994796477,rMale T2 $350,
01158,0258906147969114,rMale T2 $350,
01159,0259918382447961,rMale T2 $350,
01160,0260238144796900,rMale T2 $350,
01161,0261960345947965,rMale T2 $350,
01162,0262273784796308,rMale T2 $350,
01163,0263494447962711,rMale T2 $350,
01164,0264447965790239,rMale T2 $350,
01165,0265047964001023,rMale T2 $350,
01166,0266026479616312,rMale T2 $350,
01167,0267629589479692,rMale T2 $350,
01168,0268147967876549,rMale T2 $350,
01169,0269966447961939,rMale T2 $350,
01170,0270463479638896,rMale T2 $350,
01171,0271245204796924,rMale T2 $350,
01172,0272453479648122,rMale T2 $350,
01173,0273947963209651,rMale T2 $350,
01174,0274636388479647,rMale T2 $350,
01175,0275547964735049,rMale T2 $350,
01176,0276161261947966,rMale T2 $350,
01177,0277221995479695,rMale T2 $350,
01178,0278285927804796,rMale T2 $350,
01179,0279895074796236,rMale T2 $350,
01180,0280714796625365,rMale T2 $350,
01181,0281222679479642,rMale T2 $350,
01182,0282754796015563,rMale T2 $350,
01183,0283892064796111,rMale T2 $350,
01184,0284479601118358,rMale T2 $350,
01185,0285317028314796,rMale T2 $350,
01186,0286298164796131,rMale T2 $350,
01187,0287458233647969,rMale T2 $350,
01188,0288073347966508,rMale T2 $350,
01189,0289050047963509,rMale T2 $350,
01190,0290726951479634,rMale T2 $350,
01191,0291266494796493,rMale T2 $350,
01192,0292401025514796,rMale T2 $350,
01193,0293250474796586,rMale T2 $350,
01194,0294200339847961,rMale T2 $350,
01195,0295454796121685,rMale T2 $350,
01196,0296479660537552,rMale T2 $350,
01197,0297479626550912,rMale T2 $350,
01198,0298810937884796,rMale T2 $350,
01199,0299728479659303,rMale T2 $350,
01200,0300504796060480,rMale T2 $350,
01201,0301186591324796,rFemale T2 $300,
01202,0302489447961819,rFemale T2 $300,
01203,0303189479677380,rFemale T2 $300,
01204,0304180479698747,rFemale T2 $300,
01205,0305494796242284,rFemale T2 $300,
01206,0306724064796961,rFemale T2 $300,
01207,0307479611797869,rFemale T2 $300,
01208,0308487524796906,rFemale T2 $300,
01209,0309547961079462,rFemale T2 $300,
01210,0310479634206317,rFemale T2 $300,
01211,0311847966438932,rFemale T2 $300,
01212,0312781479600825,rFemale T2 $300,
01213,0313696507024796,rFemale T2 $300,
01214,0314581557054796,rFemale T2 $300,
01215,0315147964118441,rFemale T2 $300,
01216,0316494796049928,rFemale T2 $300,
01217,0317624796624243,rFemale T2 $300,
01218,0318876374479690,rFemale T2 $300,
01219,0319773761964796,rFemale T2 $300,
01220,0320918954796906,rFemale T2 $300,
01221,0321844796767289,rFemale T2 $300,
01222,0322245130479638,rFemale T2 $300,
01223,0323195424796977,rFemale T2 $300,
01224,0324447967399503,rFemale T2 $300,
01225,0325747968347491,rFemale T2 $300,
01226,0326176393479698,rFemale T2 $300,
01227,0327449648947966,rFemale T2 $300,
01228,0328896094047962,rFemale T2 $300,
01229,0329204796491412,rFemale T2 $300,
01230,0330182479657794,rFemale T2 $300,
01231,0331294796615740,rFemale T2 $300,
01232,0332951930847966,rFemale T2 $300,
01233,0333863600479637,rFemale T2 $300,
01234,0334479672046574,rFemale T2 $300,
01235,0335024796519303,rFemale T2 $300,
01236,0336855479619385,rFemale T2 $300,
01237,0337054479662911,rFemale T2 $300,
01238,0338301566479685,rFemale T2 $300,
01239,0339597976479620,rFemale T2 $300,
01240,0340244896347969,rFemale T2 $300,
01241,0341985970479633,rFemale T2 $300,
01242,0342350479694796,rFemale T2 $300,
01243,0343235479609817,rFemale T2 $300,
01244,0344932348564796,rFemale T2 $300,
01245,0345479687128364,rFemale T2 $300,
01246,0346123479667048,rFemale T2 $300,
01247,0347561479694850,rFemale T2 $300,
01248,0348373651114796,rFemale T2 $300,
01249,0349883536479671,rFemale T2 $300,
01250,0350324479657076,rFemale T2 $300,
01251,0351125464796856,rFemale T2 $300,
01252,0352400856247967,rFemale T2 $300,
01253,0353479627745500,rFemale T2 $300,
01254,0354024796123468,rFemale T2 $300,
01255,0355847966257091,rFemale T2 $300,
01256,0356847961799000,rFemale T2 $300,
01257,0357247965556979,rFemale T2 $300,
01258,0358075747963607,rFemale T2 $300,
01259,0359479629235127,rFemale T2 $300,
01260,0360325247479660,rFemale T2 $300,
01261,0361931207147964,rFemale T2 $300,
01262,0362474796986263,rFemale T2 $300,
01263,0363479663934429,rFemale T2 $300,
01264,0364271592847962,rFemale T2 $300,
01265,0365887047963364,rFemale T2 $300,
01266,0366479638769249,rFemale T2 $300,
01267,0367004796401633,rFemale T2 $300,
01268,0368794596479666,rFemale T2 $300,
01269,0369871464796826,rFemale T2 $300,
01270,0370895347969142,rFemale T2 $300,
01271,0371062536479648,rFemale T2 $300,
01272,0372547961210558,rFemale T2 $300,
01273,0373255050354796,rFemale T2 $300,
01274,0374382924264796,rFemale T2 $300,
01275,0375924796275630,rFemale T2 $300,
01276,0376594796444059,rFemale T2 $300,
01277,0377947961177620,rFemale T2 $300,
01278,0378005192064796,rFemale T2 $300,
01279,0379521334796752,rFemale T2 $300,
01280,0380501601904796,rFemale T2 $300,
01281,0381506316554796,rFemale T2 $300,
01282,0382636479603454,rFemale T2 $300,
01283,0383316882147968,rFemale T2 $300,
01284,0384763624796370,rFemale T2 $300,
01285,0385475264544796,rFemale T2 $300,
01286,0386593155347966,rFemale T2 $300,
01287,0387973640479689,rFemale T2 $300,
01288,0388692742347966,rFemale T2 $300,
01289,0389447966816558,rFemale T2 $300,
01290,0390479680990593,rFemale T2 $300,
01291,0391840662347966,rFemale T2 $300,
01292,0392479631960043,rFemale T2 $300,
01293,0393479669104802,rFemale T2 $300,
01294,0394347962021136,rFemale T2 $300,
01295,0395479639425855,rFemale T2 $300,
01296,0396132483514796,rFemale T2 $300,
01297,0397776023847969,rFemale T2 $300,
01298,0398354479623490,rFemale T2 $300,
01299,0399479684786142,rFemale T2 $300,
01300,0400002354796170,rFemale T2 $300,
01301,TK6aaf1c2b781c05.09090040, Female Pass,
01302,TK6aaf1c2ba6c488.48181936, Female Pass,
01303,TK6aaf1c2bd68116.37561791, Female Pass,
01304,TK6aaf1c2c115991.30042308, Female Pass,
01305,TK6aaf1c2c403a88.43543757, Female Pass,
01306,TK6aaf1c2c6f7703.57193453, Female Pass,
01307,TK6aaf1c2c994f90.70790486, Female Pass,
01308,TK6aaf1c2cc27b19.29288032, Female Pass,
01309,TK6aaf1c2ceb59a1.37160348, Female Pass,
01310,TK6ab2cfa65b3c71.33269867, Female Pass,
01311,TK6ab2cfa68ac0c4.25873055, Female Pass,
01312,TK6ab2cfa6bbbcc0.24215040, Female Pass,
01313,TK6ab2cfa6ec0de6.59509526, Female Pass,
01314,TK6ab2cfa7265368.20655868, Female Pass,
01315,TK6ab2cfa75b7325.46013608, Female Pass,
01316,TK6ab2cfa78f9cf1.97997617, Female Pass,
01317,TK6ab2cfa7c47860.20252194, Female Pass,
01318,TK6ab2cfa7ee08b9.92103288, Female Pass,
01319,TK6ab2cfa8230fb0.73627653, Female Pass,
01320,TK6ab2cfa84e5738.21779422, Female Pass,
01321,TK6ab344bb3b3c42.87889845, Female Pass,
01322,TK6ab344bb6588e2.72036279, Female Pass,
01323,TK6ab344bb8fbef7.38908395, Female Pass,
01324,TK6ab344bbba84c5.41022417, Female Pass,
01325,TK6ab344bbe31156.02725927, Female Pass,
01326,TK6ab344bc197733.48491039, Female Pass,
01327,TK6ab344bc42ded9.85409221, Female Pass,
01328,TK6ab344bc72b6f3.45979872, Female Pass,
01329,TK6ab344bca3dfe8.93693519, Female Pass,
01330,TK6ab344bcd43bf5.07894795, Female Pass,
01331,TK6ab425f798b5e9.11883794, Female Pass,
01332,TK6ab425f7b9e335.06458891, Female Pass,
01333,TK6ab425f7dc0655.09901273, Female Pass,
01334,TK6ab425f8089ae6.77008900, Female Pass,
01335,TK6ab425f828e8e3.29716856, Female Pass,
01336,TK6ab425f84ac6d8.82381611, Female Pass,
01337,TK6ab425f86b1df0.23719270, Female Pass,
01338,TK6ab425f88bfb69.50299030, Female Pass,
01339,TK6ab425f8abf0a1.69883788, Female Pass,
01340,TK6ab425f8cc0237.92554712, Female Pass,
01341,TK6ab449c17a32e9.43006738, Female Pass,
01342,TK6ab449c1946fa2.97118928, Female Pass,
01343,TK6ab449c1aed355.55228831, Female Pass,
01344,TK6ab449c1c973b5.38900709, Female Pass,
01345,TK6ab449c1e5c476.34221738, Female Pass,
01346,TK6ab449c20d1883.75875741, Female Pass,
01347,TK6ab449c2283a41.50248811, Female Pass,
01348,TK6ab449c2425cb4.55665768, Female Pass,
01349,TK6ab449c25dbc68.29319749, Female Pass,
01350,TK6ab449c27a3203.04690239, Female Pass,
01351,TK6ab4699a191486.34686603, Female Pass,
01352,TK6ab4699a4f5fa9.07581659, Female Pass,
01353,TK6ab4699a802543.05906562, Female Pass,
01354,TK6ab4903bbe0ae8.30172652, Female Pass,
01355,TK6ab4903c4d0ee0.98387683, Female Pass,
01356,TK6ab4903cb05719.19423512, Female Pass,
01357,TK6ab4903d1f83e9.72374748, Female Pass,
01358,TK6ab4903d82a741.31101515, Female Pass,
01359,TK6ab4903de561e2.75892360, Female Pass,
01360,TK6ab4903e538bb2.06632877, Female Pass,
01361,TK6ab4903ebe17e0.44685611, Female Pass,
01362,TK6ab4903f37e9f5.56085760, Female Pass,
01363,TK6ab4903faa6cf5.31926745, Female Pass,
01364,TK6ab4904022e863.27373192, Female Pass,
01365,TK6ab490408d7bf9.18100973, Female Pass,
01366,TK6ab49041046464.61051750, Female Pass,
01367,TK6ab49041705bf7.92574877, Female Pass,
01368,TK6ab49041dadbe3.88562093, Female Pass,
01369,TK6aaf1c2a98e6f0.23246048,Male Pass,
01370,TK6aaf1c2ac202c5.27350234,Male Pass,
01371,TK6aaf1c2b0b7f04.52834091,Male Pass,
01372,TK6ab2cfa4e7c750.17603061,Male Pass,
01373,TK6ab2cfa529c4f3.11176421,Male Pass,
01374,TK6ab2cfa56bd122.88893966,Male Pass,
01375,TK6ab2cfa594ecb2.51835681,Male Pass,
01376,TK6ab2cfa5be0035.75658187,Male Pass,
01377,TK6ab2cfa5ea6f15.90986406,Male Pass,
01378,TK6ab344b91f8462.33267471,Male Pass,
01379,TK6ab344b9506761.60918553,Male Pass,
01380,TK6ab344b9839814.24950669,Male Pass,
01381,TK6ab344b9b40447.47023582,Male Pass,
01382,TK6ab344b9e3ec89.75803728,Male Pass,
01383,TK6ab344ba1f2665.24302342,Male Pass,
01384,TK6ab344ba4fba29.20006891,Male Pass,
01385,TK6ab344ba7af670.77284537,Male Pass,
01386,TK6ab344baa40c92.30553504,Male Pass,
01387,TK6ab344bacd3795.48719364,Male Pass,
01388,TK6ab425f6bc2543.49035267,Male Pass,
01389,TK6ab425f6db44e2.24811689,Male Pass,
01390,TK6ab425f70c85d3.35886855,Male Pass,
01391,TK6ab425f72dbd91.81677636,Male Pass,
01392,TK6ab449c018b910.64933610,Male Pass,
01393,TK6ab449c0341e71.56747984,Male Pass,
01394,TK6ab449c04ece94.99515894,Male Pass,
01395,TK6ab449c06946f4.57425598,Male Pass,
01396,TK6ab449c084d835.04953234,Male Pass,
01397,TK6ab449c0a01d76.80678422,Male Pass,
01398,TK6ab449c0ba2e99.99558231,Male Pass,
01399,TK6ab449c0d470e5.01329721,Male Pass,
01400,TK6ab449c0f16a54.21865399,Male Pass,
01401,TK6ab449c1197fa0.97038315,Male Pass,
01402,TK6ab45a74cff529.28425502,Male Pass,
01403,TK6ab45b39d10605.68577436,Male Pass,
01404,TK6ab45b3a082328.27260932,Male Pass,
01405,TK6ab4903b50be28.66279307,Male Pass,
01406,TK6aa339af725589.76143989,Comps,
01407,TK6aa339afb221c9.46019813,Comps,
01408,TK6aa339afe31df6.44147067,Comps,
01409,TK6aaa7ed3049695.27587711,Comps,
01410,TK6aaa7ef9397259.76038123,Comps,
01411,TK6aaa7ffbd20705.15425080,Comps,
01412,TK6aaa801c420120.61347335,Comps,
01413,TK6aaafa9d7ea6c1.02400972,Comps,
01414,TK6aaafba0761e61.64623861,Comps,
01415,TK6aaafba0a58467.10824191,Comps,
01416,TK6aaaff0956ca25.55941281,Comps,
01417,TK6aaaff097f6348.42061985,Comps,
01418,TK6aaaffae44ce99.92970666,Comps,
01419,TK6aaaffc88648e0.68426274,Comps,
01420,TK6aaaffc8b04a82.97548299,Comps,
01421,TK6aab0c61d3f838.65745176,Comps,
01422,TK6aab0c622956b9.29577608,Comps,
01423,TK6aac30175544d8.13646412,Comps,
01424,TK6aac30178f9546.55090201,Comps,
01425,TK6aac30323eb049.56585038,Comps,
01426,TK6aac303272b391.84122771,Comps,
01427,TK6aac304a583b26.90972572,Comps,
01428,TK6aac304a810db3.83251920,Comps,
01429,TK6aac3062a2f9e7.51059168,Comps,
01430,TK6aac3062d53023.58694621,Comps,
01431,TK6aac307d9287a2.64310424,Comps,
01432,TK6aac307dc1f430.66568359,Comps,
01433,TK6aac30cb67c517.22247725,Comps,
01434,TK6aac30cbcd3573.99795928,Comps,
01435,TK6aac30e5eb91d6.79603139,Comps,
01436,TK6aac30e63aad86.64494691,Comps,
01437,TK6aac30fba8a103.01835865,Comps,
01438,TK6aac30fbd0c049.85168471,Comps,
01439,TK6aac330adc93c6.35726746,Comps,
01440,TK6aac330b2c9e73.17820487,Comps,
01441,TK6aac34cd270c37.52906071,Comps,
01442,TK6aac34cd88b3d2.74284191,Comps,
01443,TK6aac34cdb1a105.57496731,Comps,
01444,TK6aac34cdda2064.04482824,Comps,
01445,TK6aac34ce1935b7.25694528,Comps,
01446,TK6aac34ce421ab1.53344271,Comps,
01447,TK6aadbe36985bb9.45564640,Comps,
01448,TK6aadbe36c29599.73332813,Comps,
01449,TK6aadc49a8c96e8.40046315,Comps,
01450,TK6aadc49acd9e56.25105341,Comps,
01451,TK6aadc49b3654d9.00223056,Comps,
01452,TK6aaf1c76be7525.01989841,Comps,
01453,TK6aaf1c76ee9938.70724427,Comps,
01454,TK6aaf1c946c2956.51293645,Comps,
01455,TK6aaf1c949e0c19.30315769,Comps,
01456,TK6aaf1d517fbc62.64624161,Comps,
01457,TK6aaf1d51b10f65.40023364,Comps,
01458,TK6aaf1d51de5a46.18597142,Comps,
01459,TK6aaf1d5212d840.70654885,Comps,
01460,TK6aaffab605cce3.07685189,Comps,
01461,TK6aaffab6476207.39343202,Comps,
01462,TK6ab04db47417c0.40316551,Comps,
01463,TK6ab04db4b1de64.35428326,Comps,
01464,TK6ab154f82b9f13.22443661,Comps,
01465,TK6ab158dc8a23b9.66652037,Comps,
01466,TK6ab158dcc7be53.16774858,Comps,
01467,TK6ab164d83c5265.96834874,Comps,
01468,TK6ab164d878dee6.24360978,Comps,
01469,TK6ab1d8e51e9711.89896429,Comps,
01470,TK6ab1d8e575bfc1.07771854,Comps,
01471,TK6ab27d92d94d85.60558900,Comps,
01472,TK6ab27d931030f1.20573397,Comps,
01473,TK6ab341c1262ce2.85552022,Comps,
01474,TK6ab351e119f824.50613169,Comps,
01475,TK6ab351e16234e2.31170979,Comps,
01476,TK6ab3e6c54ad379.39894360,Comps,
01477,TK6ab3e6c586c391.77359445,Comps,
01478,TK6ab3e6c5a480f9.38250213,Comps,
01479,TK6ab3f1d5009177.67334290,Comps,
01480,TK6ab3f1d51b84a7.20398385,Comps,
01481,TK6ab3f1d5483413.13101490,Comps,
01482,TK6ab3f1d5640b61.41894127,Comps,
01483,TK6ab3f1d580fa05.44353290,Comps,
01484,TK6ab3f1d59db584.95403261,Comps,
01485,TK6ab3f1d5bae2c5.80853768,Comps,
01486,TK6ab3f1d5d88f24.81222144,Comps,
01487,TK6ab3f1d6009112.85718704,Comps,
01488,TK6ab3f1d61dd301.80298752,Comps,
01489,TK6ab426b280c1e4.97709121,Comps,
01490,TK6ab426b2a22089.35600894,Comps,
01491,TK6ab426b2c20920.93776797,Comps,
01492,TK6ab45c3957f202.95883506,Comps,
01493,TK6ab45c399b8ab9.66220015,Comps,
01494,TK6ab45c39ce5782.16542050,Comps,
01495,TK6ab45c3a0511f7.41559684,Comps,
01496,TK6ab45c3a2e1329.97128361,Comps,
01497,TK6ab45c3a56de18.27205792,Comps,
01498,TK6ab45c3a8051f0.12817251,Comps,
01499,TK6ab45c3aa99670.86527207,Comps,
01500,TK6ab45c3ad56d04.30733695,Comps,
01501,TK6ab45c3b10bd28.81193805,Comps,
01502,TK6ab45c3b395fa0.91054287,Comps,
01503,TK6ab45c3b6a2b41.91718417,Comps,
01504,TK6ab45cbc926113.70645914,Comps,
01505,TK6ab45cbcbb1f28.30026163,Comps,
01506,TK6ab462a6e06718.95577239,Comps,
01507,TK6ab462a71bc267.91309702,Comps,
01508,TK6ab47c522747b8.29667144,Comps,
01509,TK6ab4943fb3b6b8.61450101,Comps,
01510,TK6ab4944025d783.12220277,Comps,
01511,IET6aae8e80b99037.73031286,Tier 1 F,
01512,IET6ab2c5ef6cd4f1.29231962,Tier 1 F,
01513,IET6ab485c6509c37.05644895,Tier 1 F,
01514,IET6a8a299f6ab062.21318167,Tier 1 F,
01515,IET6ab31053459091.00722366,Tier 1 M,
01516,IET6ab485c6510c22.17968632,Tier 1 M,
01517,IET6ab4a7b625faf1.24466781,Tier 1 M,
01518,IET6ab4a84c4218c6.41561028,Tier 1 M,
01519,IET6ab4a8f4406018.36242433,Tier 1 M,
01520,TK6ab307eea05cb1.99374952,rCOMMITTEE ,
01521,TK6ab307eed52ff8.81177643,rCOMMITTEE ,
01522,TK6ab307ef1f41b1.70786405,rCOMMITTEE ,
01523,TK6ab307ef49ef89.17082725,rCOMMITTEE ,
01524,TK6ab307ef739096.34952657,rCOMMITTEE ,
01525,TK6ab307ef9d50d7.82321754,rCOMMITTEE ,
01526,TK6ab307efc77254.73770230,rCOMMITTEE ,
01527,TK6ab307f0032c12.00623046,rCOMMITTEE ,
01528,TK6ab307f03361a4.50717838,rCOMMITTEE ,
01529,TK6ab307f0630787.74874266,rCOMMITTEE ,
01530,TK6ab3cd4d6f9ca6.44477820,rCOMMITTEE ,
01531,TK6ab3cdbbf2c0c2.36313247,rCOMMITTEE ,
01532,TK6ab3cdfbecfe86.51146833,rCOMMITTEE ,
01533,TK6ab3cffd175680.17558005,rCOMMITTEE ,
01534,TK6ab3d49d8f0d18.28224216,rCOMMITTEE ,
01535,TK6ab3dcd88f2bf4.84538373,rCOMMITTEE ,
01536,TK6ab3dd409287a7.40542354,rCOMMITTEE ,
01537,TK6ab3dd9dc6b485.23637174,rCOMMITTEE ,
01538,TK6ab3ddd14bcce1.73725277,rCOMMITTEE ,
01539,TK6ab3ddf2ee8917.94188812,rCOMMITTEE ,
01540,TK6ab3de0caab326.47140335,rCOMMITTEE ,
01541,TK6ab3de30618c99.28089185,rCOMMITTEE ,
01542,TK6ab3de658a4cd5.77737778,rCOMMITTEE ,
01543,TK6ab3de934fb0d5.63726509,rCOMMITTEE ,
01544,TK6ab3deafaa6a29.64981140,rCOMMITTEE ,
01545,TK6ab3dece5accc5.10555143,rCOMMITTEE ,
01546,TK6ab3df80e8ad05.15964338,rCOMMITTEE ,
01547,TK6ab3e04f53c438.83789916,rCOMMITTEE ,
01548,TK6ab3e4da980568.38736347,rCOMMITTEE ,
01549,TK6ab3e4dac12bc2.04171862,rCOMMITTEE ,
01550,TK6ab3e4daddd974.90702121,rCOMMITTEE ,
01551,TK6ab3e4db063275.13007041,rCOMMITTEE ,
01552,TK6ab3e5a43e0bb0.01068451,rCOMMITTEE ,
01553,TK6ab3e5a4634ea8.04022077,rCOMMITTEE ,
01554,TK6ab3e621a3d475.28654018,rCOMMITTEE ,
01555,TK6ab3e6329c55d5.84567455,rCOMMITTEE ,
01556,TK6ab3e64710f5f0.60589571,rCOMMITTEE ,
01557,TK6ab3e684d75281.27304469,rCOMMITTEE ,
01558,TK6ab3e69779be58.60038172,rCOMMITTEE ,
01559,TK6ab3e6b7ed4d65.50125454,rCOMMITTEE ,
01560,TK6ab3e7df6818e7.88718839,rCOMMITTEE ,
01561,TK6ab3ea3072e0f7.32805592,rCOMMITTEE ,
01562,TK6ab3ef9deec8c4.00214554,rCOMMITTEE ,
01563,TK6ab3f1f75b8b64.74568096,rCOMMITTEE ,
01564,TK6ab3f1f77ce032.53206410,rCOMMITTEE ,
01565,TK6ab3f21a7bb607.68850132,rCOMMITTEE ,
01566,TK6ab407486a3090.91425892,rCOMMITTEE ,
01567,TK6ab4075fde79e1.36058461,rCOMMITTEE ,
01568,TK6ab40bb6391115.01071585,rCOMMITTEE ,
01569,TK6ab40bb654dda9.02147293,rCOMMITTEE ,
01570,TK6ab40bb6720c56.01484782,rCOMMITTEE ,
01571,TK6ab40bb68d9902.27110060,rCOMMITTEE ,
01572,TK6ab41db909c3f6.89775588,rCOMMITTEE ,
01573,TK6ab42388f13560.07534967,rCOMMITTEE ,
01574,TK6ab4242501fba5.13197367,rCOMMITTEE ,
01575,TK6ab432654a2fc5.79932741,rCOMMITTEE ,
01576,TK6ab432656cdc94.03290470,rCOMMITTEE ,
01577,TK6ab432b8bbb7c2.96273884,rCOMMITTEE ,
01578,TK6ab432b8d7a5b5.79062200,rCOMMITTEE ,
01579,TK6ab432b8f32270.98614374,rCOMMITTEE ,
01580,TK6ab4344e8fe2f5.99042899,rCOMMITTEE ,
01581,TK6ab43b67efe893.47337040,rCOMMITTEE ,
01582,TK6ab43b9356dde1.32834047,rCOMMITTEE ,
01583,TK6ab445abea56e3.74138037,rCOMMITTEE ,
01584,TK6ab44b582581f6.84614094,rCOMMITTEE ,
01585,TK6ab45a358c0288.48696498,rCOMMITTEE ,
01586,TK6ab4654c30ed18.62547484,rCOMMITTEE ,
01587,TK6ab46b115071d4.37305022,rCOMMITTEE ,
01588,TK6ab46b118514b9.25658260,rCOMMITTEE ,
01589,TK6ab46b11b19030.94101598,rCOMMITTEE ,
01590,TK6ab46b11dd3986.84600435,rCOMMITTEE ,
01591,TK6ab46f89c20c63.28393428,rCOMMITTEE ,
01592,TK6ab479aa4003a4.83544022,rCOMMITTEE ,
01593,TK6ab479b8905571.91353930,rCOMMITTEE ,
01594,TK6ab4a29366faf8.79368324,rCOMMITTEE ,
01595,TK6ab4a293aaaa80.50428631,rCOMMITTEE ,
01596,TK6ab324ff1ecb23.72421866,rComps,
01597,TK6ab324ff5a6016.60490005,rComps,
01598,TK6ab3bbdeb2b6f3.00250894,rComps,
01599,TK6ab3bbdee42003.90510916,rComps,
01600,TK6ab3bbf6dbbf66.42623401,rComps,
01601,TK6ab3bbf7362588.72815754,rComps,
01602,TK6ab3bc05c631c7.86843310,rComps,
01603,TK6ab3bc0600efa4.59751571,rComps,
01604,TK6ab3bc06424193.86848730,rComps,
01605,TK6ab3bc066b9a61.14848408,rComps,
01606,TK6ab3bc06961571.78107372,rComps,
01607,TK6ab3c0a30d9907.38367414,rComps,
01608,TK6ab3c0a33d59f0.80335618,rComps,
01609,TK6ab3c0a36d43a7.68131393,rComps,
01610,TK6ab3c0a39d0779.08174939,rComps,
01611,TK6ab3c0a3cdd227.52742466,rComps,
01612,TK6ab3c0a408f703.75002091,rComps,
01613,TK6ab3c0a4316384.09190655,rComps,
01614,TK6ab3c0a45960a0.69605368,rComps,
01615,TK6ab3c0a4818bb5.01453396,rComps,
01616,TK6ab3c0a4ab5985.54599013,rComps,
01617,TK6ab3c10179f1b1.71846143,rComps,
01618,TK6ab3c101a9f6f6.08101819,rComps,
01619,TK6ab3cd4de57c59.59721301,rComps,
01620,TK6ab3cdbc69a6b1.30648469,rComps,
01621,TK6ab3cdfc536bc4.97580647,rComps,
01622,TK6ab3d49dad2cc0.67199740,rComps,
01623,TK6ab3d49dc8d9e1.72278076,rComps,
01624,TK6ab3ddbe6654c7.78395493,rComps,
01625,TK6ab3ddbe819a99.68851763,rComps,
01626,TK6ab3ddbea95584.05243766,rComps,
01627,TK6ab3de3676bff6.84440194,rComps,
01628,TK6ab3de36997488.84917817,rComps,
01629,TK6ab3de4c65e5c0.40566440,rComps,
01630,TK6ab3de4c8a2836.89946034,rComps,
01631,TK6ab3de6f7bfd91.43820557,rComps,
01632,TK6ab3de6f9f6c20.60710176,rComps,
01633,TK6ab3de89c54a49.61291410,rComps,
01634,TK6ab3de89ede331.18669626,rComps,
01635,TK6ab3ecbb874130.54790805,rComps,
01636,TK6ab3ecbbb1e9b7.60663229,rComps,
01637,TK6ab4076054e6c3.02096760,rComps,
01638,TK6ab408a83f6ec2.08691783,rComps,
01639,TK6ab408a85b53e0.39823734,rComps,
01640,TK6ab40b89ba7a30.28100024,rComps,
01641,TK6ab40b89db9126.57101094,rComps,
01642,TK6ab423895c98b1.18748330,rComps,
01643,TK6ab43b68587623.19842575,rComps,
01644,TK6ab43b93bab9b1.00774571,rComps,
01645,TK6ab43b93e09418.92118633,rComps,
01646,TK6ab445ac639f48.96184743,rComps,
01647,TK6ab44dbf92acb6.29846231,rComps,
01648,TK6ab44dbfc49695.08496374,rComps,
01649,TK6ab44dbfeff4b4.04275544,rComps,
01650,TK6ab45a35ef9236.38229762,rComps,
01651,TK6ab469fd4f21e7.69019944,rComps,
01652,TK6ab469fd8fda21.68933257,rComps,
01653,TK6ab4711b0ecca6.99849962,rComps,
01654,TK6ab4711b383b32.52427731,rComps,
01655,TK6ab47420bbd3a7.88241795,rComps,
01656,TK6ab47420e73e81.75494991,rComps,
01657,TK6ab4743e3d87d2.65212452,rComps,
01658,TK6ab4743e6a47a5.89519257,rComps,
01659,TK6ab4743e95ad52.24348564,rComps,
01660,TK6ab4743ec1b1c3.84333578,rComps,
01661,TK6ab4743eee03f5.71506675,rComps,
01662,TK6ab4743f26c278.54113931,rComps,
01663,TK6ab474401470a9.03277711,rComps,
01664,TK6ab47440476b00.54507088,rComps,
01665,TK6ab4744078cb16.92552975,rComps,
01666,TK6ab47440a33361.93506918,rComps,
01667,TK6ab47440cf2850.65916528,rComps,
01668,TK6ab4744105e975.21250870,rComps,
01669,TK6ab474420a7dd1.15242087,rComps,
01670,TK6ab474423c9178.31838809,rComps,
01671,TK6ab474426e38e3.01340746,rComps,
01672,TK6ab474429f1cc6.94928292,rComps,
01673,TK6ab47442c95e61.43597608,rComps,
01674,TK6ab47442f3fe59.03615910,rComps,
01675,TK6ab47651cf5752.26852035,rComps,
01676,TK6ab476520deb40.68456531,rComps,
01677,TK6ab47652385e72.68579797,rComps,
01678,TK6ab47b6369c7b3.33769057,rComps,
01679,TK6ab47b63b0d102.56210257,rComps,
01680,TK6ab47b99eda964.51013565,rComps,
01681,TK6ab47b9a4190a7.22380246,rComps,
01682,IET6a7ef794361235.18476824,rMALEeb,
01683,IET6a8e4cea70d717.25416141,rMALEeb,
01684,IET6a8e530307c691.05771005,rMALEeb,
01685,IET6a90d0d919ba72.19315252,rMALEeb,
01686,IET6a96e711602d90.36612745,rMALEeb,
01687,IET6a98440280c611.86416958,rMALEeb,
01688,IET6a9846c1ac6e49.63596705,rMALEeb,
01689,IET6a98bc910d3d65.07079622,rMALEeb,
01690,IET6a98bc910d9956.92609480,rMALEeb,
01691,IET6a98bc910df360.54401579,rMALEeb,
01692,IET6a9c8d3e954fa3.42971389,rMALEeb,
01693,IET6ab40e75888a01.18419053,rMALEeb,
01694,IET6ab40e82eb5054.18533608,rMALEeb,
01695,IET6ab40f4f247856.56597955,rMALEeb,
01696,IET6ab422f2e25039.53130319,rMALEeb,
01697,TK6ab324fe9a2727.84258050,rMEDIA PASS,
01698,TK6ab3dc849071c3.53255045,rMEDIA PASS,
01699,TK6ab3dc84ad5ff8.04735598,rMEDIA PASS,
01700,TK6ab3dd7dc70e10.82626323,rMEDIA PASS,
01701,TK6ab3dd7de66fc4.77042830,rMEDIA PASS,
01702,TK6ab3df27af7d30.85215910,rMEDIA PASS,
01703,TK6ab3df27d068f0.30003108,rMEDIA PASS,
01704,TK6ab3df28019539.27291022,rMEDIA PASS,
01705,TK6ab3df28224334.90303116,rMEDIA PASS,
01706,TK6ab3df2843f688.10551889,rMEDIA PASS,
01707,TK6ab3df2864e361.05945868,rMEDIA PASS,
01708,TK6ab3e50a441314.34073352,rMEDIA PASS,
01709,TK6ab3e50a6ea5d6.56975033,rMEDIA PASS,
01710,TK6ab3e50a8ae6c2.50223358,rMEDIA PASS,
01711,TK6ab3e50aa93fb2.01556446,rMEDIA PASS,
01712,TK6ab3e5c2cc4c38.11275638,rMEDIA PASS,
01713,TK6ab3e604eddfd6.01619669,rMEDIA PASS,
01714,TK6ab3e6051a7fd4.95946267,rMEDIA PASS,
01715,TK6ab3ed5438cc10.88642608,rMEDIA PASS,
01716,TK6ab3ed545fb784.34325588,rMEDIA PASS,
01717,TK6ab3ed548f9583.36568684,rMEDIA PASS,
01718,TK6ab3ed54ab5524.38688098,rMEDIA PASS,
01719,TK6ab4025dacd5a8.91785305,rMEDIA PASS,
01720,TK6ab4025dd866b1.84576810,rMEDIA PASS,
01721,TK6ab4786e89dba4.06261653,rMEDIA PASS,
01722,TK6ab4786eb45c78.47508891,rMEDIA PASS,
01723,TK6ab4786f113c37.05375445,rMEDIA PASS,
01724,IET6ab29399614f07.70799786,rTIER 1 FEMALE,
01725,IET6ab34e01ed44e2.05345489,rTIER 1 FEMALE,
01726,IET6ab3e38b9c0593.40254363,rTIER 1 FEMALE,
01727,IET6ab40695452117.54769495,rTIER 1 FEMALE,
01728,IET6ab4372a0e3209.39431094,rTIER 1 FEMALE,
01729,IET6a9f6f5e34f1e3.40579169,rTIER 1 MALE,
01730,IET6a9f6f5e35c438.50454532,rTIER 1 MALE,
01731,IET6aa69de56cb752.75361853,rTIER 1 MALE,
01732,IET6aa8ad224f6841.65498108,rTIER 1 MALE,
01733,IET6aac4be421dd69.31111968,rTIER 1 MALE,
01734,IET6aad4c800c6577.50157939,rTIER 1 MALE,
01735,IET6aaf24470f9f23.91583047,rTIER 1 MALE,
01736,IET6aafd4c784b9f5.52446242,rTIER 1 MALE,
01737,IET6ab08d6415cf47.05034002,rTIER 1 MALE,
01738,IET6ab08d64162412.51232305,rTIER 1 MALE,
01739,IET6ab15b1748ddf0.57931584,rTIER 1 MALE,
01740,IET6ab2939961a202.37615432,rTIER 1 MALE,
01741,IET6ab2939961e6a5.38041681,rTIER 1 MALE,
01742,IET6ab31e66719669.19900394,rTIER 1 MALE,
01743,IET6ab31e6671e979.25373512,rTIER 1 MALE,
01744,IET6ab3336ca27785.02424987,rTIER 1 MALE,
01745,IET6ab3336ca2d8a1.91184848,rTIER 1 MALE,
01746,IET6ab3336ca32506.29931825,rTIER 1 MALE,
01747,IET6ab34e01edc309.30647853,rTIER 1 MALE,
01748,IET6ab3de507fcdd7.33880430,rTIER 1 MALE,
01749,IET6ab3e38b9c6668.32324081,rTIER 1 MALE,
01750,IET6ab3e38b9cc070.95016233,rTIER 1 MALE,
01751,IET6ab4723c7f3e93.93513260,rTIER 1 MALE,
01752,IET6ab48a49f0b2d6.67693390,rTIER 1 MALE,
01753,IET6ab48a49f0fbe5.23760360,rTIER 1 MALE,
01754,IET6ab49e10329553.59819607,rTIER 1 MALE,
01755,IET6ab49e1032dd16.45923036,rTIER 1 MALE,
01756,IET6ab4a4c83febb5.69930587,rTIER 1 MALE,
01757,TK6aa9a4d288c7e2.13118189,rUWI [Unisex],
01758,TK6aa9a4d2c07ab1.28253074,rUWI [Unisex],
01759,TK6ab145ea830a77.05095672,rUWI [Unisex],
01760,TK6ab145eabfd475.37228102,rUWI [Unisex],
01761,TK6ab28d29bc8805.11623507,rUWI [Unisex],
01762,TK6ab2ae72414447.79017874,rUWI [Unisex],
01763,TK6ab2ae727ba344.50354372,rUWI [Unisex],
01764,TK6ab32593e55fc9.36380061,rUWI [Unisex],
01765,TK6ab3f1d4cce1f2.58417134,rUWI [Unisex],
01766,TK6ab3f1d50e1c90.92996967,rUWI [Unisex],
01767,TK6ab3f1d52ecb97.12565031,rUWI [Unisex],
01768,TK6ab3f1d54f1a62.31341547,rUWI [Unisex],
01769,TK6ab46ed2b0e816.24820229,rUWI [Unisex],
01770,TK6a6937e6591b61.16088739,rfemale 4am,
01771,TK6a693805a6dcd6.85101015,rfemale 4am,
01772,TK6a69381d58d044.97282145,rfemale 4am,
01773,TK6a6952d6f192d0.15397734,rfemale 4am,
01774,TK6a69553de18227.51586137,rfemale 4am,
01775,TK6a6a0e94909905.02908911,rfemale 4am,
01776,TK6a6a3351b66039.48239621,rfemale 4am,
01777,TK6a6a8d344668d0.79575686,rfemale 4am,
01778,TK6a6a8dd88a6867.81262996,rfemale 4am,
01779,TK6a6a9a3acc41a0.24565637,rfemale 4am,
01780,TK6a6a9e530abaf3.59544339,rfemale 4am,
01781,TK6a6a9ee2a33c11.87672601,rfemale 4am,
01782,TK6a6a9eead8e4f6.72392799,rfemale 4am,
01783,TK6a6a9efc621441.96601078,rfemale 4am,
01784,TK6a6a9fadd337c9.18159467,rfemale 4am,
01785,TK6a6aa2b3401002.54970654,rfemale 4am,
01786,TK6a6aa2ca8224e0.51586165,rfemale 4am,
01787,TK6a6aa2d465f108.83739985,rfemale 4am,
01788,TK6a6aa3bde2ef22.19161810,rfemale 4am,
01789,TK6a6aa5dca4c017.81934135,rfemale 4am,
01790,TK6a6aa5dcdd4158.27468551,rfemale 4am,
01791,TK6a6aa5dd3114b6.05474313,rfemale 4am,
01792,TK6a6aa5dd6e5a40.50542255,rfemale 4am,
01793,TK6a6aa5ddaabf98.19908660,rfemale 4am,
01794,TK6a6aa78900b885.25643400,rfemale 4am,
01795,TK6a6aa789378609.44411914,rfemale 4am,
01796,TK6a6aa78971fdb4.82161793,rfemale 4am,
01797,TK6a6aa789a87b83.19170663,rfemale 4am,
01798,TK6a6aa9460d0926.59270096,rfemale 4am,
01799,TK6a6aa949711665.79375301,rfemale 4am,
01800,TK6a6aabe9787a43.52437956,rfemale 4am,
01801,TK6a6aabe9b08c99.02107389,rfemale 4am,
01802,TK6a6aabe9ea06d2.04788911,rfemale 4am,
01803,TK6a6aabea394ac1.60874901,rfemale 4am,
01804,TK6a6aabea71a750.16222281,rfemale 4am,
01805,TK6a6aacdbbad520.65759364,rfemale 4am,
01806,TK6a6aacdbf180a8.02562165,rfemale 4am,
01807,TK6a6aacfb0a3db9.65732703,rfemale 4am,
01808,TK6a6aacfb4328d7.04522840,rfemale 4am,
01809,TK6a6aacfb797988.84505334,rfemale 4am,
01810,TK6a6aae3a3f19f1.37494592,rfemale 4am,
01811,TK6a6aaeac4ec9b6.12665887,rfemale 4am,
01812,TK6a6aaeac8a11b6.25732797,rfemale 4am,
01813,TK6a6aaeacbdeaf3.90544861,rfemale 4am,
01814,TK6a6aaeacf23ba3.16474203,rfemale 4am,
01815,TK6a6aaef1b70145.13602819,rfemale 4am,
01816,TK6a6ab012442fd5.83687254,rfemale 4am,
01817,TK6a6ab03b80d909.12120511,rfemale 4am,
01818,TK6a6ab0eccc34b7.32712348,rfemale 4am,
01819,TK6a6ab0f2540e86.00259589,rfemale 4am,
01820,TK6a6ab10c915b98.04165874,rfemale 4am,
01821,TK6a6ab1162beb02.15976731,rfemale 4am,
01822,TK6a6ab1165eb7f5.83124222,rfemale 4am,
01823,TK6a6ab181262a49.77146418,rfemale 4am,
01824,TK6a6ab1816cbcd5.26983736,rfemale 4am,
01825,TK6a6ab181a06dc0.60047651,rfemale 4am,
01826,TK6a6ab181d46bd6.01461094,rfemale 4am,
01827,TK6a6ab1848ff865.60755684,rfemale 4am,
01828,TK6a6ab2eb783540.41503429,rfemale 4am,
01829,TK6a6ab33527f4a2.60416361,rfemale 4am,
01830,TK6a6ab6b897db17.82588229,rfemale 4am,
01831,TK6a6ab6b8e27537.14721690,rfemale 4am,
01832,TK6a6ab777caf9c1.16983543,rfemale 4am,
01833,TK6a6ab778171a84.72075904,rfemale 4am,
01834,TK6a6ab792efdbd5.76769170,rfemale 4am,
01835,TK6a6ab7934775d9.02505873,rfemale 4am,
01836,TK6a6ab902b44485.83265906,rfemale 4am,
01837,TK6a6aba07a1fcb8.31902315,rfemale 4am,
01838,TK6a6abaa0797829.22557916,rfemale 4am,
01839,TK6a6abac5469a56.10771390,rfemale 4am,
01840,TK6a6abaf76b5c86.60905735,rfemale 4am,
01841,TK6a6abb1c84d397.31084572,rfemale 4am,
01842,TK6a6abb1fe2c861.64288907,rfemale 4am,
01843,TK6a6abb58aa81a0.54120885,rfemale 4am,
01844,TK6a6abf8a0b1e01.54518694,rfemale 4am,
01845,TK6a6ac03e9d9cc4.57565878,rfemale 4am,
01846,TK6a6ac1d70a5bf6.80527246,rfemale 4am,
01847,TK6a6ac1d74ed022.72985068,rfemale 4am,
01848,TK6a6ac1d7b413d4.37977385,rfemale 4am,
01849,TK6a6ac1d7f1aa12.55574942,rfemale 4am,
01850,TK6a6ac9276775d9.22785531,rfemale 4am,
01851,TK6a6acb9dcca6d1.79746516,rfemale 4am,
01852,TK6a6acb9e10c149.37420370,rfemale 4am,
01853,TK6a6acb9e46ea63.81359179,rfemale 4am,
01854,TK6a6acb9e7f0476.35459079,rfemale 4am,
01855,TK6a6ad41041fb44.79531252,rfemale 4am,
01856,TK6a6ad410846dc9.43148816,rfemale 4am,
01857,TK6a6ad410e706f1.49348230,rfemale 4am,
01858,TK6a6ad4112b4150.58617428,rfemale 4am,
01859,TK6a6ad8c2bbd9e9.43868607,rfemale 4am,
01860,TK6a6aee2bbc9eb2.02934755,rfemale 4am,
01861,TK6a6aee2c057180.30382570,rfemale 4am,
01862,TK6a6aee2c46b180.39104936,rfemale 4am,
01863,TK6a6aee2c7990c1.15976895,rfemale 4am,
01864,TK6a6b2766210344.99213827,rfemale 4am,
01865,TK6a6b276d7ee8a2.57833779,rfemale 4am,
01866,TK6a6b3db4310551.59257389,rfemale 4am,
01867,TK6a6b3f1bcbd847.37462785,rfemale 4am,
01868,TK6a6b4978c4f570.81297907,rfemale 4am,
01869,TK6a6b4979147677.01852543,rfemale 4am,
01870,TK6a6b49a1b15452.37860812,rfemale 4am,
01871,TK6a6b54d1806eb7.70625491,rfemale 4am,
01872,TK6a6b54e7d4dea1.55896393,rfemale 4am,
01873,TK6a6b54f05e00c9.19709352,rfemale 4am,
01874,TK6a6b5d0e690b56.35263275,rfemale 4am,
01875,TK6a6b637dd294b3.66907621,rfemale 4am,
01876,TK6a6b65076456a7.19378452,rfemale 4am,
01877,TK6a6b65079d7563.78326559,rfemale 4am,
01878,TK6a6b6507f09b49.52013153,rfemale 4am,
01879,TK6a6b65082c9fd3.36941758,rfemale 4am,
01880,TK6a6b6c12c57d24.36613546,rfemale 4am,
01881,TK6a6b76db4ceb78.05754213,rfemale 4am,
01882,TK6a6b78503f59e3.78896583,rfemale 4am,
01883,TK6a6b7e2d52f122.75732347,rfemale 4am,
01884,TK6a6b9a5de6dab9.18472720,rfemale 4am,
01885,TK6a6b9a5e1bfd06.79288286,rfemale 4am,
01886,TK6a6b9a5e459c65.60226759,rfemale 4am,
01887,TK6a6ba576d79248.14117238,rfemale 4am,
01888,TK6a6bb1944bec95.07968669,rfemale 4am,
01889,TK6a6bb29819e762.20862062,rfemale 4am,
01890,TK6a6bb298560057.71290278,rfemale 4am,
01891,TK6a6bb2987f5177.26441830,rfemale 4am,
01892,TK6a6bb298a86554.37876651,rfemale 4am,
01893,TK6a6bbe97145fa2.55391437,rfemale 4am,
01894,TK6a6bcb97f18a39.03991490,rfemale 4am,
01895,TK6a6bce50864781.33392785,rfemale 4am,
01896,TK6a6bce7b143ed7.13543227,rfemale 4am,
01897,TK6a6bce7b4646f9.62480480,rfemale 4am,
01898,TK6a6bce7b75d977.39532339,rfemale 4am,
01899,TK6a6bda859300f6.47577603,rfemale 4am,
01900,TK6a6bda8b631e50.19380762,rfemale 4am,
01901,TK6a6bf451a2d272.91698354,rfemale 4am,
01902,TK6a6bf451de0997.45075407,rfemale 4am,
01903,TK6a6bfaf8227a26.28693237,rfemale 4am,
01904,TK6a6bfafc45b196.31830420,rfemale 4am,
01905,TK6a6bfb0091b822.59344612,rfemale 4am,
01906,TK6a6bfb9134c694.46366126,rfemale 4am,
01907,TK6a6c00de8d4417.48033494,rfemale 4am,
01908,TK6a6c00ef102dc3.00538314,rfemale 4am,
01909,TK6a6c50ae084af0.69948248,rfemale 4am,
01910,TK6a6c50ae5137e9.01756327,rfemale 4am,
01911,TK6a6c8b761d0ad3.11841742,rfemale 4am,
01912,TK6a6c9c553ee874.34507251,rfemale 4am,
01913,TK6a6cac5c800ae1.56616789,rfemale 4am,
01914,TK6a6cd5ef28a4a8.98173728,rfemale 4am,
01915,TK6a6cfecb2fbf62.75413734,rfemale 4am,
01916,TK6a6cfecb6e1eb9.35443645,rfemale 4am,
01917,TK6a6cfecbc12527.05835891,rfemale 4am,
01918,TK6a6cfecbf10547.70237153,rfemale 4am,
01919,TK6a6d052ac08cb0.72373444,rfemale 4am,
01920,TK6a6d1774b127b7.51974679,rfemale 4am,
01921,TK6a6d2d924ec228.29430910,rfemale 4am,
01922,TK6a6d2d928f5402.57479912,rfemale 4am,
01923,TK6a6d2d92c1e086.02213449,rfemale 4am,
01924,TK6a6d2d92f21af5.13087452,rfemale 4am,
01925,TK6a6d5055825787.78480421,rfemale 4am,
01926,TK6a6d5055b6f3b7.34565399,rfemale 4am,
01927,TK6a6d5055ee86c2.62888721,rfemale 4am,
01928,TK6a6d524b57fa74.53767566,rfemale 4am,
01929,TK6a6d524b8dfe49.63878474,rfemale 4am,
01930,TK6a6d5c51cf2e88.59108214,rfemale 4am,
01931,TK6a6d5d6d977a91.87774637,rfemale 4am,
01932,TK6a6d5d6dc1b116.42927181,rfemale 4am,
01933,TK6a6d5d6e0fc872.37840337,rfemale 4am,
01934,TK6a6d5e0d40f8f7.38493329,rfemale 4am,
01935,TK6a6dfa767b0247.98303412,rfemale 4am,
01936,TK6a6e083a70b3d6.59446504,rfemale 4am,
01937,TK6a6e083a99ff12.61300535,rfemale 4am,
01938,TK6a6e083ac37223.17849731,rfemale 4am,
01939,TK6a6e083aec6201.81041742,rfemale 4am,
01940,TK6a6e083b21eb70.43493097,rfemale 4am,
01941,TK6a6e083b4927c6.07744833,rfemale 4am,
01942,TK6a6e083b716595.84939160,rfemale 4am,
01943,TK6a6e083b9bd024.18798457,rfemale 4am,
01944,TK6a6e083bc44258.93145646,rfemale 4am,
01945,TK6a6e083bebfae0.73657434,rfemale 4am,
01946,TK6a6e09bd0ff7d5.64344066,rfemale 4am,
01947,TK6a6e0a00e1be45.05344656,rfemale 4am,
01948,TK6a6e0db95c2b39.15338748,rfemale 4am,
01949,TK6a6e1188ec67b6.13972400,rfemale 4am,
01950,TK6a6e173e761820.22159835,rfemale 4am,
01951,TK6a6e17e4c404c0.16526100,rfemale 4am,
01952,TK6a6e17ef2786f9.92150442,rfemale 4am,
01953,TK6a6e182ce0c854.97678652,rfemale 4am,
01954,TK6a6e1da9328ca8.55863466,rfemale 4am,
01955,TK6a6e1da971e381.17734143,rfemale 4am,
01956,TK6a6e20dabc2bc5.45112599,rfemale 4am,
01957,TK6a6e4e2c8fff94.93097548,rfemale 4am,
01958,TK6a6e4e2cbd0e26.81980128,rfemale 4am,
01959,TK6a6e4e2d03af89.41065451,rfemale 4am,
01960,TK6a6e5cac8dd195.48985226,rfemale 4am,
01961,TK6a6e5de91482f1.73720465,rfemale 4am,
01962,TK6a6e5de93d1e82.13789412,rfemale 4am,
01963,TK6a6e74a212d9a5.42931595,rfemale 4am,
01964,TK6a6e910d45a7c3.63750535,rfemale 4am,
01965,TK6a6ea5eee02289.73556015,rfemale 4am,
01966,TK6a6f58194c15c9.00057463,rfemale 4am,
01967,TK6a6f58198c7af8.17251024,rfemale 4am,
01968,TK6a6f8714606f26.08193145,rfemale 4am,
01969,TK6a6fe627c96c29.22997673,rfemale 4am,
01970,TK6a70907e6baf32.05749923,rfemale 4am,
01971,TK6a70e376c4b612.15017200,rfemale 4am,
01972,TK6a70e3770f04e0.67200329,rfemale 4am,
01973,TK6a70f2e898b6e7.58341160,rfemale 4am,
01974,TK6a711c062a8a00.66069598,rfemale 4am,
01975,TK6a7128f07efd17.53565877,rfemale 4am,
01976,TK6a712d44b50ab2.00044214,rfemale 4am,
01977,TK6a71babcb60c20.68221884,rfemale 4am,
01978,TK6a71babcef9826.90889473,rfemale 4am,
01979,TK6a71babd2efe23.60690124,rfemale 4am,
01980,TK6a71babd628bf7.66615834,rfemale 4am,
01981,TK6a71babd993585.54808834,rfemale 4am,
01982,TK6a71babdc9cab3.12196113,rfemale 4am,
01983,TK6a71babe0d20d9.19790741,rfemale 4am,
01984,TK6a71babe3bf207.27842300,rfemale 4am,
01985,TK6a71babe709f91.93044419,rfemale 4am,
01986,TK6a71babea49f93.41609679,rfemale 4am,
01987,TK6a71babedd3631.63053971,rfemale 4am,
01988,TK6a71babf274a66.48117932,rfemale 4am,
01989,TK6a71bb42c90d14.62043970,rfemale 4am,
01990,TK6a71bb4314ff01.58140228,rfemale 4am,
01991,TK6a71bb438c2575.91775595,rfemale 4am,
01992,TK6a733ca6b6b2a3.61750051,rfemale 4am,
01993,TK6a73d586668107.11974684,rfemale 4am,
01994,TK6a73deeaca1095.88434854,rfemale 4am,
01995,TK6a74863c81c150.96841445,rfemale 4am,
01996,TK6a75013dc2de44.60658927,rfemale 4am,
01997,TK6a75013dec3013.12163361,rfemale 4am,
01998,TK6a75290ef0a449.14498305,rfemale 4am,
01999,TK6a75290f2b49e8.33051605,rfemale 4am,
02000,TK6a75290f5a5cf7.95302563,rfemale 4am,
02001,TK6a75290f893694.52092200,rfemale 4am,
02002,TK6a7529107ec1d3.88595911,rfemale 4am,
02003,TK6a752910ae28e0.65076910,rfemale 4am,
02004,TK6a752910dee507.73645661,rfemale 4am,
02005,TK6a7529111a6210.73296524,rfemale 4am,
02006,TK6a752d4c85d3d2.56139587,rfemale 4am,
02007,TK6a752d4ce1eaa8.29367121,rfemale 4am,
02008,TK6a752d4d3ff312.03679554,rfemale 4am,
02009,TK6a752d4d7059f8.30637735,rfemale 4am,
02010,TK6a761bab9b94b2.63969389,rfemale 4am,
02011,TK6a767e56799e62.75415301,rfemale 4am,
02012,TK6a767e5a0ee8f4.95252940,rfemale 4am,
02013,TK6a76a6c6d44ae4.84858453,rfemale 4am,
02014,TK6a7748eecf5d75.54617795,rfemale 4am,
02015,TK6a7748ef1b01f8.84169286,rfemale 4am,
02016,TK6a7749f80f8c34.02716930,rfemale 4am,
02017,TK6a7749f83f0390.37664793,rfemale 4am,
02018,TK6a77d95817eb23.84303581,rfemale 4am,
02019,TK6a77d95e3df389.67484362,rfemale 4am,
02020,TK6a79d34e061db1.54559318,rfemale 4am,
02021,TK6a79d34e33b341.57897706,rfemale 4am,
02022,TK6a79d34e696463.33815962,rfemale 4am,
02023,TK6a79d34ea1ff50.46167422,rfemale 4am,
02024,TK6a79d34ed707c0.93056861,rfemale 4am,
02025,TK6a79d34f17c142.81991902,rfemale 4am,
02026,TK6a79d34f5156e2.17162157,rfemale 4am,
02027,TK6a79d34f875ac4.63410352,rfemale 4am,
02028,TK6a79d34fba52d2.38409820,rfemale 4am,
02029,TK6a79d34fef3934.06747023,rfemale 4am,
02030,TK6a79d35034ca32.17803301,rfemale 4am,
02031,TK6a79d350679ac3.72316295,rfemale 4am,
02032,TK6a79d3509b5cd6.31929004,rfemale 4am,
02033,TK6a79d350ce5a80.77947423,rfemale 4am,
02034,TK6a79d35110c8e3.38215965,rfemale 4am,
02035,TK6a79d351433bc9.37079001,rfemale 4am,
02036,TK6a79d351708ec7.91876775,rfemale 4am,
02037,TK6a79d351a0ad02.32757629,rfemale 4am,
02038,TK6a79d351ceae46.50662759,rfemale 4am,
02039,TK6a79d35209b0b2.45882360,rfemale 4am,
02040,TK6a79d35237cb00.82640792,rfemale 4am,
02041,TK6a79d35265a651.40416915,rfemale 4am,
02042,TK6a79d35293dfb4.78967617,rfemale 4am,
02043,TK6a79d352c239d9.10480006,rfemale 4am,
02044,TK6a79d352f3f508.75752385,rfemale 4am,
02045,TK6a79d353316382.60633116,rfemale 4am,
02046,TK6a79d353602c80.85398940,rfemale 4am,
02047,TK6a79d3538d7306.46167998,rfemale 4am,
02048,TK6a79d353bb1b15.23642707,rfemale 4am,
02049,TK6a79d353ec50d4.32008795,rfemale 4am,
02050,TK6a79d35427ef77.58685057,rfemale 4am,
02051,TK6a79d3545ac067.16518426,rfemale 4am,
02052,TK6a79d35489f884.19720379,rfemale 4am,
02053,TK6a79d354b98ee9.53000740,rfemale 4am,
02054,TK6a79d354ea88a7.80955476,rfemale 4am,
02055,TK6a79d355272090.24318844,rfemale 4am,
02056,TK6a79d35557e635.02544455,rfemale 4am,
02057,TK6a79d35593fe65.78705204,rfemale 4am,
02058,TK6a79d355c8e2f8.53355771,rfemale 4am,
02059,TK6a79d35604c002.10830623,rfemale 4am,
02060,TK6a79d35634a721.40983695,rfemale 4am,
02061,TK6a79d35663d626.04362209,rfemale 4am,
02062,TK6a79d356922942.88478930,rfemale 4am,
02063,TK6a79d356c0adb7.66069933,rfemale 4am,
02064,TK6a79d356ed9413.49867301,rfemale 4am,
02065,TK6a79d3572b9917.02615212,rfemale 4am,
02066,TK6a79d3575ac951.48945375,rfemale 4am,
02067,TK6a79d357872707.88889350,rfemale 4am,
02068,TK6a79d357b9e379.51431073,rfemale 4am,
02069,TK6a79d357ebf678.01520921,rfemale 4am,
02070,TK6a79d3582df7d7.21701158,rfemale 4am,
02071,TK6a79d35861ca45.32902446,rfemale 4am,
02072,TK6a79d358977f24.07465223,rfemale 4am,
02073,TK6a79d358cb3272.25867382,rfemale 4am,
02074,TK6a79d3590bcd52.42694405,rfemale 4am,
02075,TK6a79d3593facb8.35399295,rfemale 4am,
02076,TK6a79d359744237.24096836,rfemale 4am,
02077,TK6a79d359a764f0.48418966,rfemale 4am,
02078,TK6a79d359db7aa2.50662275,rfemale 4am,
02079,TK6a79d35a1df438.59209091,rfemale 4am,
02080,TK6a79d35a538f09.36438609,rfemale 4am,
02081,TK6a79d35a8763a2.53952961,rfemale 4am,
02082,TK6a79d35abb3af8.01138185,rfemale 4am,
02083,TK6a79d35af05715.01116813,rfemale 4am,
02084,TK6a79d35b355852.43746994,rfemale 4am,
02085,TK6a79d35b64f760.91061325,rfemale 4am,
02086,TK6a79d35b91dd12.50835861,rfemale 4am,
02087,TK6a79d35bc0b1f6.02697007,rfemale 4am,
02088,TK6a79d35bef1ed7.72152291,rfemale 4am,
02089,TK6a79d35c288eb9.85996037,rfemale 4am,
02090,TK6a79d35c56b5c8.86522916,rfemale 4am,
02091,TK6a79d35c858496.71055370,rfemale 4am,
02092,TK6a79d35cb2a424.27101360,rfemale 4am,
02093,TK6a79d35ce218d2.75809107,rfemale 4am,
02094,TK6a79d35d221b28.30475278,rfemale 4am,
02095,TK6a79d35d515f25.67256444,rfemale 4am,
02096,TK6a79d35d813871.95197458,rfemale 4am,
02097,TK6a79d35db117d5.46307187,rfemale 4am,
02098,TK6a79d35ddd7556.57071527,rfemale 4am,
02099,TK6a79d35e1ee4e9.62523130,rfemale 4am,
02100,TK6a79d35e56a9f6.94550490,rfemale 4am,
02101,TK6a79d35e926a35.35404636,rfemale 4am,
02102,TK6a79d35ecdbff6.80086759,rfemale 4am,
02103,TK6a79d35f191557.54216245,rfemale 4am,
02104,TK6a79d35f519575.63858645,rfemale 4am,
02105,TK6a79d35f905695.78990123,rfemale 4am,
02106,TK6a79d35fd14360.04072413,rfemale 4am,
02107,TK6a79d36015c285.91074189,rfemale 4am,
02108,TK6a79d360541554.19580058,rfemale 4am,
02109,TK6a79d3608ca890.95847328,rfemale 4am,
02110,TK6a79d360c61992.53389554,rfemale 4am,
02111,TK6a79d361099620.25167896,rfemale 4am,
02112,TK6a79d36141f289.87805835,rfemale 4am,
02113,TK6a79d3617c3058.42455355,rfemale 4am,
02114,TK6a79d361b68964.02176114,rfemale 4am,
02115,TK6a79d361ea7145.98676665,rfemale 4am,
02116,TK6a79d362292af3.34274650,rfemale 4am,
02117,TK6a79d3625b9c98.81519977,rfemale 4am,
02118,TK6a79d362922fb1.11667090,rfemale 4am,
02119,TK6a79d362ca0947.60890495,rfemale 4am,
02120,TK6a79d3d30c7e53.26379753,rfemale 4am,
02121,TK6a79d3d34b8ef4.27711220,rfemale 4am,
02122,TK6a79d3d37ff133.77606868,rfemale 4am,
02123,TK6a79d3d3b2dd96.13346245,rfemale 4am,
02124,TK6a79d3d3e8da87.55832567,rfemale 4am,
02125,TK6a79d3d42abe45.56460461,rfemale 4am,
02126,TK6a79d3d4655f21.70045135,rfemale 4am,
02127,TK6a79d3d49bd7a0.47845897,rfemale 4am,
02128,TK6a79d3d4d49216.47552424,rfemale 4am,
02129,TK6a79d3d51a9ef8.16768631,rfemale 4am,
02130,TK6a79d3d55245c5.24240813,rfemale 4am,
02131,TK6a79d3d588f525.97987295,rfemale 4am,
02132,TK6a79d3d5c1a5a3.24720857,rfemale 4am,
02133,TK6a79d3d6010b55.55933897,rfemale 4am,
02134,TK6a79d3d638f3e6.67500969,rfemale 4am,
02135,TK6a79d3d6716e87.87406232,rfemale 4am,
02136,TK6a79d3d6ab82f4.17404349,rfemale 4am,
02137,TK6a79d3d6e43008.14851907,rfemale 4am,
02138,TK6a79d3d73394e1.87482811,rfemale 4am,
02139,TK6a79d3d76af809.92737015,rfemale 4am,
02140,TK6a79d3d7a56135.54605879,rfemale 4am,
02141,TK6a79d3d7e09078.74823569,rfemale 4am,
02142,TK6a79d3d82b9f89.52440678,rfemale 4am,
02143,TK6a79d3d8634b67.98906046,rfemale 4am,
02144,TK6a79d3d89cb826.49694195,rfemale 4am,
02145,TK6a79d3d8d1ce88.75725570,rfemale 4am,
02146,TK6a79d3d91568f7.48737446,rfemale 4am,
02147,TK6a79d3d94760b5.09174622,rfemale 4am,
02148,TK6a79d3d97b39a9.79572329,rfemale 4am,
02149,TK6a79d3d9aeac97.98300453,rfemale 4am,
02150,TK6a79d3d9e17237.82726315,rfemale 4am,
02151,TK6a79d3da200fa9.10571158,rfemale 4am,
02152,TK6a79d3da548af9.16472836,rfemale 4am,
02153,TK6a79d3da87f2e4.84134821,rfemale 4am,
02154,TK6a79d3dab9dbc0.72443485,rfemale 4am,
02155,TK6a79d3daeb86a1.85313443,rfemale 4am,
02156,TK6a79d3db325749.86983564,rfemale 4am,
02157,TK6a79d3db6c5cb2.60146676,rfemale 4am,
02158,TK6a79d3dba8ebc4.65480619,rfemale 4am,
02159,TK6a79d3dbe5bd81.53949424,rfemale 4am,
02160,TK6a79d3dc320911.68499998,rfemale 4am,
02161,TK6a79d3dc6efc11.12570207,rfemale 4am,
02162,TK6a79d3dca8e565.85442372,rfemale 4am,
02163,TK6a79d3dce1d7f0.36459209,rfemale 4am,
02164,TK6a79d3dd2a8d88.36534527,rfemale 4am,
02165,TK6a79d3dd652562.25703101,rfemale 4am,
02166,TK6a79d3dd9e79e9.28484067,rfemale 4am,
02167,TK6a79d3ddd97ed3.23398939,rfemale 4am,
02168,TK6a79d3de1e2288.02142149,rfemale 4am,
02169,TK6a79d3de57eed1.88800138,rfemale 4am,
02170,TK6a79d3de8c7ef6.17269521,rfemale 4am,
02171,TK6a79d3dec30c02.52211958,rfemale 4am,
02172,TK6a79d3def3ea87.92657934,rfemale 4am,
02173,TK6a79d3df334d69.38676502,rfemale 4am,
02174,TK6a79d3df6727b6.99001037,rfemale 4am,
02175,TK6a79d3dfa02d06.86499708,rfemale 4am,
02176,TK6a79d3dfd31255.30076253,rfemale 4am,
02177,TK6a79d3e0119676.06095998,rfemale 4am,
02178,TK6a79d3e043f6c3.66783302,rfemale 4am,
02179,TK6a79d3e076afc3.01963675,rfemale 4am,
02180,TK6a79d3e0aaefd4.72065034,rfemale 4am,
02181,TK6a79d3e0dc5682.07828886,rfemale 4am,
02182,TK6a79d3e1282173.28675392,rfemale 4am,
02183,TK6a79d3e1621556.95725942,rfemale 4am,
02184,TK6a79d3e19bac69.71218221,rfemale 4am,
02185,TK6a79d3e1d686a1.32748106,rfemale 4am,
02186,TK6a79d3e21fd909.55183880,rfemale 4am,
02187,TK6a79d3e25bafe4.73377720,rfemale 4am,
02188,TK6a79d4d5a4a1c1.71656451,rfemale 4am,
02189,TK6a79d71ab74012.18302219,rfemale 4am,
02190,TK6a79d71ae82b13.99402970,rfemale 4am,
02191,TK6a79d75f60a488.42906288,rfemale 4am,
02192,TK6a79d75f944675.35852549,rfemale 4am,
02193,TK6a79d75fc5f454.77017758,rfemale 4am,
02194,TK6a79d760095006.54011138,rfemale 4am,
02195,TK6a79d7603b12c2.32147130,rfemale 4am,
02196,TK6a79d7606d7e80.84022421,rfemale 4am,
02197,TK6a79d760a05024.37016570,rfemale 4am,
02198,TK6a79d760d0de08.52683196,rfemale 4am,
02199,TK6a79d7612016a3.73091216,rfemale 4am,
02200,TK6a79d7615179a5.69162009,rfemale 4am,
02201,TK6a79d761842931.14537523,rfemale 4am,
02202,TK6a79d761c56441.70217891,rfemale 4am,
02203,TK6a79d76214aac1.14375840,rfemale 4am,
02204,TK6a79d7625587a2.19910813,rfemale 4am,
02205,TK6a79d7628e0501.98770056,rfemale 4am,
02206,TK6a79d762c38597.75272658,rfemale 4am,
02207,TK6a79d7b1de5a92.41582330,rfemale 4am,
02208,TK6a79d7b22a5e10.07623971,rfemale 4am,
02209,TK6a79d7b25c02f0.14297267,rfemale 4am,
02210,TK6a79d7b28fa8f1.06437393,rfemale 4am,
02211,TK6a79d7b2c70e49.47058891,rfemale 4am,
02212,TK6a79d7b31231d0.15182650,rfemale 4am,
02213,TK6a79d7b34e85b1.61834818,rfemale 4am,
02214,TK6a79d7b386fd24.01621336,rfemale 4am,
02215,TK6a79d7b3bd8936.87493018,rfemale 4am,
02216,TK6a79d7b400dea1.39657157,rfemale 4am,
02217,TK6a79d7b4420e80.22963734,rfemale 4am,
02218,TK6a79d7bebcca12.19020833,rfemale 4am,
02219,TK6a79d7bef33fd7.88080923,rfemale 4am,
02220,TK6a79d88eba8160.99851374,rfemale 4am,
02221,TK6a79d97ecd55f4.17321564,rfemale 4am,
02222,TK6a79d97f27b2b6.24019175,rfemale 4am,
02223,TK6a79d97f581c63.43885879,rfemale 4am,
02224,TK6a79d97f8b2340.64313183,rfemale 4am,
02225,TK6a79d97fbc6a57.17917328,rfemale 4am,
02226,TK6a79d97ff212f0.73235858,rfemale 4am,
02227,TK6a79d990abc252.44890793,rfemale 4am,
02228,TK6a79da17c6fae6.82812394,rfemale 4am,
02229,TK6a79da390af142.51964454,rfemale 4am,
02230,TK6a79dcee429ec4.38751941,rfemale 4am,
02231,TK6a79dd2cbde542.88948959,rfemale 4am,
02232,TK6a79ddafe91c65.27352220,rfemale 4am,
02233,TK6a79ddb03373a1.13232152,rfemale 4am,
02234,TK6a79ddb0667ae1.65052493,rfemale 4am,
02235,TK6a79ddb09df827.35307967,rfemale 4am,
02236,TK6a79ddb0d67443.94202787,rfemale 4am,
02237,TK6a79ddb12561b2.95176337,rfemale 4am,
02238,TK6a79ddb159f4b7.70377062,rfemale 4am,
02239,TK6a79ddb18e8067.26687860,rfemale 4am,
02240,TK6a79ddb1c5fa40.44809382,rfemale 4am,
02241,TK6a79ddb2184354.46018879,rfemale 4am,
02242,TK6a79ddb2559ef7.08424601,rfemale 4am,
02243,TK6a79ddb28faef9.30854840,rfemale 4am,
02244,TK6a79ddb2cb8854.40692101,rfemale 4am,
02245,TK6a79ddb314ab99.60969011,rfemale 4am,
02246,TK6a79ddb357baa2.81252425,rfemale 4am,
02247,TK6a79ddb39301e3.79354397,rfemale 4am,
02248,TK6a79ddb3d14202.95376680,rfemale 4am,
02249,TK6a79ddb41a2af3.91592561,rfemale 4am,
02250,TK6a79e313db6908.58006273,rfemale 4am,
02251,TK6a79e314333712.62871329,rfemale 4am,
02252,TK6a79e3147097f0.46413798,rfemale 4am,
02253,TK6a79e314df7d36.41659869,rfemale 4am,
02254,TK6a79eae91fa950.87201970,rfemale 4am,
02255,TK6a79f25f281897.13517631,rfemale 4am,
02256,TK6a79f2b9e70d43.02170632,rfemale 4am,
02257,TK6a79f873b69e11.34038971,rfemale 4am,
02258,TK6a79f894ba5187.07293987,rfemale 4am,
02259,TK6a79fa0aade991.00409733,rfemale 4am,
02260,TK6a79feaff0cb50.29441709,rfemale 4am,
02261,TK6a7a0034c4f077.31641950,rfemale 4am,
02262,TK6a7a058ee0b505.48312730,rfemale 4am,
02263,TK6a7a058f16ee40.61106496,rfemale 4am,
02264,TK6a7a0642bdd934.70180456,rfemale 4am,
02265,TK6a7a0c30c443e6.90083396,rfemale 4am,
02266,TK6a7a10d5acdb14.04815437,rfemale 4am,
02267,TK6a7a10d5e74771.25617770,rfemale 4am,
02268,TK6a7a10d6386626.27372018,rfemale 4am,
02269,TK6a7a10e0c39099.76414243,rfemale 4am,
02270,TK6a7a10ed200f06.82594953,rfemale 4am,
02271,TK6a7a15ae242750.94119394,rfemale 4am,
02272,TK6a7a15ae6ce762.28001052,rfemale 4am,
02273,TK6a7a15aec59592.55113705,rfemale 4am,
02274,TK6a7a15af041334.18531581,rfemale 4am,
02275,TK6a7a15af35dc85.63117918,rfemale 4am,
02276,TK6a7a15af679a03.27936351,rfemale 4am,
02277,TK6a7a15af9b7098.93202095,rfemale 4am,
02278,TK6a7a15afcbe7c1.06832548,rfemale 4am,
02279,TK6a7a15b00d7df8.81972377,rfemale 4am,
02280,TK6a7a15b03e29d8.70684310,rfemale 4am,
02281,TK6a7a15b06de226.05373819,rfemale 4am,
02282,TK6a7a15b09e8d46.30206477,rfemale 4am,
02283,TK6a7a15b0cd5c71.65413290,rfemale 4am,
02284,TK6a7a15b112a9b3.27053747,rfemale 4am,
02285,TK6a7a15b1436df7.82262061,rfemale 4am,
02286,TK6a7a15f910ef35.16799242,rfemale 4am,
02287,TK6a7a15f94d5a82.62581902,rfemale 4am,
02288,TK6a7a15f985f0c7.26763145,rfemale 4am,
02289,TK6a7a15f9be4b62.34505358,rfemale 4am,
02290,TK6a7a15fa00e730.43404036,rfemale 4am,
02291,TK6a7a15fa3b3e57.08763075,rfemale 4am,
02292,TK6a7a15fa74e8a3.17344233,rfemale 4am,
02293,TK6a7a15faa8b5d2.54802450,rfemale 4am,
02294,TK6a7a15fadd0f24.77896358,rfemale 4am,
02295,TK6a7a15fb1ca306.88824549,rfemale 4am,
02296,TK6a7a15fb565a91.25274094,rfemale 4am,
02297,TK6a7a15fb89bf57.65909140,rfemale 4am,
02298,TK6a7a15fbbb6f17.19789474,rfemale 4am,
02299,TK6a7a15fc00cbd9.78776586,rfemale 4am,
02300,TK6a7a15fc3c4b96.61748831,rfemale 4am,
02301,TK6a7a15fc6df0f5.34978946,rfemale 4am,
02302,TK6a7a15fc9dc593.43450272,rfemale 4am,
02303,TK6a7a15fcce65c9.43404206,rfemale 4am,
02304,TK6a7a15fd15d0a1.96778713,rfemale 4am,
02305,TK6a7a15fd4f2f00.10852175,rfemale 4am,
02306,TK6a7a15fd84c533.62450374,rfemale 4am,
02307,TK6a7a15fdbd6996.73864224,rfemale 4am,
02308,TK6a7a15fe00ba40.89815903,rfemale 4am,
02309,TK6a7a15fe4bbe17.05570420,rfemale 4am,
02310,TK6a7a15fe892c30.91364166,rfemale 4am,
02311,TK6a7a18f8836670.08008283,rfemale 4am,
02312,TK6a7a2679203505.42646795,rfemale 4am,
02313,TK6a7a26795d8971.69344512,rfemale 4am,
02314,TK6a7a2679943dc7.13152968,rfemale 4am,
02315,TK6a7a3e201d5c94.54010671,rfemale 4am,
02316,TK6a7a3e20686067.66380582,rfemale 4am,
02317,TK6a7a3e2097ed26.81865114,rfemale 4am,
02318,TK6a7a3e20d45be4.45409245,rfemale 4am,
02319,TK6a7a3e211d7096.88384500,rfemale 4am,
02320,TK6a7a4e13ace018.97315979,rfemale 4am,
02321,TK6a7a61f6200cb5.17441311,rfemale 4am,
02322,TK6a7a61f6614061.13777250,rfemale 4am,
02323,TK6a7a61f6930501.75252678,rfemale 4am,
02324,TK6a7a61f6c4cdd6.38633279,rfemale 4am,
02325,TK6a7a61f70067a3.93049178,rfemale 4am,
02326,TK6a7a61f76b6a43.84141865,rfemale 4am,
02327,TK6a7a61f79f6961.07850580,rfemale 4am,
02328,TK6a7a61f7d0e598.34890583,rfemale 4am,
02329,TK6a7a61f8150db4.54623572,rfemale 4am,
02330,TK6a7a61f845afe2.13721270,rfemale 4am,
02331,TK6a7a61f8774e81.08245706,rfemale 4am,
02332,TK6a7a61f8a91605.66061657,rfemale 4am,
02333,TK6a7a61f8d8b7f2.08639218,rfemale 4am,
02334,TK6a7a61f91d0b78.85387485,rfemale 4am,
02335,TK6a7a61f951a245.72364413,rfemale 4am,
02336,TK6a7a61f9b9bfa8.23713520,rfemale 4am,
02337,TK6a7a61f9ea6b49.36021116,rfemale 4am,
02338,TK6a7a768f1ea487.17253265,rfemale 4am,
02339,TK6a7a8aef768ad3.31460981,rfemale 4am,
02340,TK6a7a8aefa9a628.61481173,rfemale 4am,
02341,TK6a7a8aeff1d392.14141102,rfemale 4am,
02342,TK6a7b123a931c24.73024499,rfemale 4am,
02343,TK6a7b123ad26975.44408658,rfemale 4am,
02344,TK6a7b123b283386.38615463,rfemale 4am,
02345,TK6a7b123b5dfc01.89881531,rfemale 4am,
02346,TK6a7b123b95b7e5.05948853,rfemale 4am,
02347,TK6a7b123bc809b2.43667878,rfemale 4am,
02348,TK6a7b13cf8832c0.70804529,rfemale 4am,
02349,TK6a7b13cfe4b697.30687961,rfemale 4am,
02350,TK6a7b13d02a1ed1.71722065,rfemale 4am,
02351,TK6a7b13d060e250.60617926,rfemale 4am,
02352,TK6a7b13d09344e7.39899615,rfemale 4am,
02353,TK6a7b13d0c80708.96483438,rfemale 4am,
02354,TK6a7b13d10a5f29.67311668,rfemale 4am,
02355,TK6a7b13d13db727.71887747,rfemale 4am,
02356,TK6a7b13d172dcf9.23841398,rfemale 4am,
02357,TK6a7b13d1ad2fd5.52924858,rfemale 4am,
02358,TK6a7b13d1ddfb79.28514361,rfemale 4am,
02359,TK6a7b13d2218f77.76386177,rfemale 4am,
02360,TK6a7b13d2852fa0.96976615,rfemale 4am,
02361,TK6a7b13d2c12310.79321418,rfemale 4am,
02362,TK6a7b13d30e6441.01133162,rfemale 4am,
02363,TK6a7b13d345d298.13002558,rfemale 4am,
02364,TK6a7b13d3804f77.78756127,rfemale 4am,
02365,TK6a7b13d3b5de64.12744796,rfemale 4am,
02366,TK6a7b13d3ed6f33.28840869,rfemale 4am,
02367,TK6a7b1455b3a0c1.49017115,rfemale 4am,
02368,TK6a7b14560e6353.78994844,rfemale 4am,
02369,TK6a7b14cd2cf453.60256741,rfemale 4am,
02370,TK6a7b14cd688912.25119471,rfemale 4am,
02371,TK6a7b14cdb18780.95747785,rfemale 4am,
02372,TK6a7b14cdeffad8.46394400,rfemale 4am,
02373,TK6a7b14ce3539d2.44748797,rfemale 4am,
02374,TK6a7b14ce7276b2.40496510,rfemale 4am,
02375,TK6a7b14cea06fb6.63693164,rfemale 4am,
02376,TK6a7b14ced517c9.18636276,rfemale 4am,
02377,TK6a7b14cf158f54.04447737,rfemale 4am,
02378,TK6a7b14d2ab2710.37170565,rfemale 4am,
02379,TK6a7b1800634765.16438704,rfemale 4am,
02380,TK6a7b180095eb34.62048694,rfemale 4am,
02381,TK6a7b1800cf4eb9.77405107,rfemale 4am,
02382,TK6a7b180115b613.93108210,rfemale 4am,
02383,TK6a7b1801501f31.48498430,rfemale 4am,
02384,TK6a7b1801965714.79009989,rfemale 4am,
02385,TK6a7b1801da7349.57766441,rfemale 4am,
02386,TK6a7b18022cd8a6.93748658,rfemale 4am,
02387,TK6a7b18026c9398.57668764,rfemale 4am,
02388,TK6a7b1802a4fe58.03392248,rfemale 4am,
02389,TK6a7b1802e34f85.14553660,rfemale 4am,
02390,TK6a7b18032e6bd1.69070383,rfemale 4am,
02391,TK6a7b18036b4ba3.67808633,rfemale 4am,
02392,TK6a7b1803aa0fd0.57563480,rfemale 4am,
02393,TK6a7b18094414a8.76245890,rfemale 4am,
02394,TK6a7b18efd95bd3.91801435,rfemale 4am,
02395,TK6a7b18f0216490.83400780,rfemale 4am,
02396,TK6a7b18f057acc0.88314004,rfemale 4am,
02397,TK6a7b18f08bf652.87367482,rfemale 4am,
02398,TK6a7b19f27561e2.09820401,rfemale 4am,
02399,TK6a7b1a986ffe78.81221107,rfemale 4am,
02400,TK6a7b2a2e799000.79277359,rfemale 4am,
02401,TK6a7b2a2eb52503.99421898,rfemale 4am,
02402,TK6a7b2a2ee82922.82346183,rfemale 4am,
02403,TK6a7b2a2f2fdf49.81169407,rfemale 4am,
02404,TK6a7b2a2f67c805.94354533,rfemale 4am,
02405,TK6a7b2a2f9dfa86.20245450,rfemale 4am,
02406,TK6a7b2a2fcfb813.66796461,rfemale 4am,
02407,TK6a7b2a3012e402.03096013,rfemale 4am,
02408,TK6a7b2a304ef9f4.39995034,rfemale 4am,
02409,TK6a7b59076908c3.64894026,rfemale 4am,
02410,TK6a7b5907a2b170.05639128,rfemale 4am,
02411,TK6a7b5907e4b084.37750792,rfemale 4am,
02412,TK6a7b59083ca833.96327775,rfemale 4am,
02413,TK6a7b5908858ef4.24708683,rfemale 4am,
02414,TK6a7b5908c9cca2.53414712,rfemale 4am,
02415,TK6a7b5909146de4.50351416,rfemale 4am,
02416,TK6a7b59094f2726.56732849,rfemale 4am,
02417,TK6a7b5909895a98.82916374,rfemale 4am,
02418,TK6a7b5909c3f8a4.27106006,rfemale 4am,
02419,TK6a7b590a12c891.28533637,rfemale 4am,
02420,TK6a7b590a5064f8.23785889,rfemale 4am,
02421,TK6a7b590a87efd5.59513519,rfemale 4am,
02422,TK6a7b590abf9331.51979164,rfemale 4am,
02423,TK6a7b590b067ac1.41207855,rfemale 4am,
02424,TK6a7b590b3df915.29138982,rfemale 4am,
02425,TK6a7b590b7378c4.50874462,rfemale 4am,
02426,TK6a7b590ba5e4c5.24304886,rfemale 4am,
02427,TK6a7b590bd91161.66293401,rfemale 4am,
02428,TK6a7b590c1eb6d2.39672675,rfemale 4am,
02429,TK6a7b590c50e2c1.27502374,rfemale 4am,
02430,TK6a7b590c8997b0.19468016,rfemale 4am,
02431,TK6a7b590cbf1ac8.92448953,rfemale 4am,
02432,TK6a7b590d0dde75.09667639,rfemale 4am,
02433,TK6a7b590d47fac3.79436532,rfemale 4am,
02434,TK6a7b590d838676.28131173,rfemale 4am,
02435,TK6a7b590dc014c7.24823221,rfemale 4am,
02436,TK6a7b64797a2087.26090284,rfemale 4am,
02437,TK6a7b6fc2975c17.89068265,rfemale 4am,
02438,TK6a7b6fc2cec7e3.90233900,rfemale 4am,
02439,TK6a7b6fc31bc565.99279367,rfemale 4am,
02440,TK6a7b6fc35483a1.46280713,rfemale 4am,
02441,TK6a7b6fc38efe78.67200283,rfemale 4am,
02442,TK6a7b6fc3ccd9c9.55544753,rfemale 4am,
02443,TK6a7b6fc4198827.25405850,rfemale 4am,
02444,TK6a7b7ee0b0ea66.12591519,rfemale 4am,
02445,TK6a7bafdc205a25.09770862,rfemale 4am,
02446,TK6a7bcc152764b8.84400009,rfemale 4am,
02447,TK6a7bcc15618545.30767142,rfemale 4am,
02448,TK6a7bcc15955316.70385662,rfemale 4am,
02449,TK6a7bcc15c516a1.83591765,rfemale 4am,
02450,TK6a7bcc1609ba63.03008798,rfemale 4am,
02451,TK6a7bcc163a4912.36256029,rfemale 4am,
02452,TK6a7bcc16700704.91574727,rfemale 4am,
02453,TK6a7bcc16a1fa77.57313859,rfemale 4am,
02454,TK6a7bcc16d67a77.72707658,rfemale 4am,
02455,TK6a7bcc1721d868.70071057,rfemale 4am,
02456,TK6a7bcc175d4be8.41577351,rfemale 4am,
02457,TK6a7bcc179d7493.47810206,rfemale 4am,
02458,TK6a7bcc17e61bc6.38609774,rfemale 4am,
02459,TK6a7bcc1836f1c4.48446410,rfemale 4am,
02460,TK6a7bcc1871c425.59725122,rfemale 4am,
02461,TK6a7bcc18ac4c51.06373455,rfemale 4am,
02462,TK6a7bcc18e59fe6.95951855,rfemale 4am,
02463,TK6a7bcc1932f229.53185558,rfemale 4am,
02464,TK6a7be1e80e74e9.78185821,rfemale 4am,
02465,TK6a7be1e8598837.99557053,rfemale 4am,
02466,TK6a7be1e8ac2825.25629947,rfemale 4am,
02467,TK6a7bec46384184.25222110,rfemale 4am,
02468,TK6a7c5c7f6ff5f1.17514376,rfemale 4am,
02469,TK6a7cb7aec4d001.06720660,rfemale 4am,
02470,TK6a7cb7af0c0d32.76627569,rfemale 4am,
02471,TK6a7cb7af437364.14288204,rfemale 4am,
02472,TK6a7cb7af7b2c00.60205175,rfemale 4am,
02473,TK6a7cb7afba9ed6.57053858,rfemale 4am,
02474,TK6a7cb7b00b4072.59702249,rfemale 4am,
02475,TK6a7cb7b041c253.90793201,rfemale 4am,
02476,TK6a7cb7b07b3868.41863083,rfemale 4am,
02477,TK6a7cb7b0b0d3c4.29337514,rfemale 4am,
02478,TK6a7cb7b0e07ff4.46937413,rfemale 4am,
02479,TK6a7ccf3e5ca3a7.42625000,rfemale 4am,
02480,TK6a81ba191b59c1.44172205,rfemale 4am,
02481,TK6a88631b85fa23.85520289,rfemale 4am,
02482,TK6a8b7f563a33e4.66976405,rfemale 4am,
02483,TK6a8ba99f990c33.34938271,rfemale 4am,
02484,TK6a8c3d95d7ef22.64265347,rfemale 4am,
02485,TK6a8c5393c26923.78621503,rfemale 4am,
02486,TK6a8c5393ed9461.89232419,rfemale 4am,
02487,TK6a8c53942bbcc9.36970372,rfemale 4am,
02488,TK6a8c53945d4d80.70357223,rfemale 4am,
02489,TK6a8c5394885fb0.29412020,rfemale 4am,
02490,TK6a8c5394b8d513.86617793,rfemale 4am,
02491,TK6a8c5394e42db4.39476664,rfemale 4am,
02492,TK6a8c53951acfa6.24267635,rfemale 4am,
02493,TK6a8c539544e7d7.73554795,rfemale 4am,
02494,TK6a8c53956f4bc3.52129901,rfemale 4am,
02495,TK6a8f4d00408a90.77110451,rfemale 4am,
02496,TK6a8fafe17b8926.75462038,rfemale 4am,
02497,TK6a9212f20b3eb9.29696181,rfemale 4am,
02498,TK6a94a39aad1b57.18051539,rfemale 4am,
02499,TK6a98c9a5954693.60732342,rfemale 4am,
02500,TK6a9b55ac3a2e56.57434423,rfemale 4am,
02501,TK6a9e33188423c2.57084243,rfemale 4am,
02502,TK6a9e331909fa89.08920521,rfemale 4am,
02503,TK6a9e33197df397.24400697,rfemale 4am,
02504,TK6a9e3319e64b97.16777024,rfemale 4am,
02505,TK6a9e331a58d8e6.29014074,rfemale 4am,
02506,TK6a9e331ac0f206.70973234,rfemale 4am,
02507,TK6a9e331b343480.92569534,rfemale 4am,
02508,TK6a9e331ba1cf70.44955089,rfemale 4am,
02509,TK6a9e331c15e4f1.55140240,rfemale 4am,
02510,TK6a9e331c7ed637.47028810,rfemale 4am,
02511,TK6a9e331ce848e1.82880918,rfemale 4am,
02512,TK6a9e331d5d4793.56481078,rfemale 4am,
02513,TK6a9e331dc61d88.63011944,rfemale 4am,
02514,TK6a9e331e3ac4d5.09683675,rfemale 4am,
02515,TK6a9e331ea32781.05377633,rfemale 4am,
02516,TK6a9e331f17c840.66124937,rfemale 4am,
02517,TK6a9e331f7a2927.81431036,rfemale 4am,
02518,TK6a9e331fdc4d57.43297550,rfemale 4am,
02519,TK6a9e33204d6045.82854249,rfemale 4am,
02520,TK6a9e3320b0a3e3.19772993,rfemale 4am,
02521,TK6a9e3321672321.76460579,rfemale 4am,
02522,TK6a9e3321ca80d8.13649220,rfemale 4am,
02523,TK6a9e3322377365.51503710,rfemale 4am,
02524,TK6a9e332297fe38.34939457,rfemale 4am,
02525,TK6a9e3323072183.05060001,rfemale 4am,
02526,TK6a9e332369bf56.54916067,rfemale 4am,
02527,TK6a9e3323cdd5d4.63147356,rfemale 4am,
02528,TK6a9e332442d652.11786512,rfemale 4am,
02529,TK6a9e3324aa8f32.78128761,rfemale 4am,
02530,TK6a9e332551e821.87335808,rfemale 4am,
02531,TK6a9e3325f02151.44587893,rfemale 4am,
02532,TK6a9e3326642a52.63257251,rfemale 4am,
02533,TK6a9e3326cd24e5.06865349,rfemale 4am,
02534,TK6a9e3327423909.75170183,rfemale 4am,
02535,TK6a9e3327ac8b76.06198173,rfemale 4am,
02536,TK6a9e3328528500.91487431,rfemale 4am,
02537,TK6a9e3328bb1291.54665832,rfemale 4am,
02538,TK6a9e3329308468.53506350,rfemale 4am,
02539,TK6a9e332994bf75.15786980,rfemale 4am,
02540,TK6a9e332a361867.80364081,rfemale 4am,
02541,TK6aa02c759ede15.69499306,rfemale 4am,
02542,TK6aa1552ad6e146.44727172,rfemale 4am,
02543,TK6aa2c0e15d3104.65717687,rfemale 4am,
02544,TK6aa2c0e19ce653.57238204,rfemale 4am,
02545,TK6aa2c0e1d12a78.63052077,rfemale 4am,
02546,TK6aa2c0e2060190.99104328,rfemale 4am,
02547,TK6aa2c0e2309629.63120875,rfemale 4am,
02548,TK6aa2c0e25b2a66.05325339,rfemale 4am,
02549,TK6aa2c0e286b9c8.84950559,rfemale 4am,
02550,TK6aa2c0e2b0b3c4.40165058,rfemale 4am,
02551,TK6aa2c0e2da7943.09254162,rfemale 4am,
02552,TK6aa2c0e30f4340.21847990,rfemale 4am,
02553,TK6aa2c0e3391417.51880449,rfemale 4am,
02554,TK6aa2c0e3647172.68505756,rfemale 4am,
02555,TK6aa2c0e38da6f9.81485435,rfemale 4am,
02556,TK6aa2c0e3b72107.77406694,rfemale 4am,
02557,TK6aa2c0e3e132e9.42528546,rfemale 4am,
02558,TK6aa2c0e416b8b2.04348362,rfemale 4am,
02559,TK6aa2c0e44586c0.35085784,rfemale 4am,
02560,TK6aa2c0e4769839.72683509,rfemale 4am,
02561,TK6aa2c0e4a7ce49.35642934,rfemale 4am,
02562,TK6aa2c0e4d81f18.53073587,rfemale 4am,
02563,TK6aa35fa029af66.12716739,rfemale 4am,
02564,TK6aa56ecaaf0c64.09571448,rfemale 4am,
02565,TK6aa5aa0d3287f0.11629594,rfemale 4am,
02566,TK6aa857f36f33b9.72580729,rfemale 4am,
02567,TK6aa857f3b2d5a1.55260576,rfemale 4am,
02568,TK6aa857f3ec6628.15191829,rfemale 4am,
02569,TK6aa857f4350f39.32976763,rfemale 4am,
02570,TK6aa857f46b77a0.24716378,rfemale 4am,
02571,TK6aa857f4a91ed5.47786227,rfemale 4am,
02572,TK6aa857f4def8f5.40315064,rfemale 4am,
02573,TK6aa857f51dcb21.96503001,rfemale 4am,
02574,TK6aa857f54bacb4.12394190,rfemale 4am,
02575,TK6aa857f5799093.61060209,rfemale 4am,
02576,TK6aa94001ca0191.35314600,rfemale 4am,
02577,TK6aa940021160e4.40278648,rfemale 4am,
02578,TK6aa940026e7dd5.98617483,rfemale 4am,
02579,TK6aa94002cb1cb0.11237753,rfemale 4am,
02580,TK6aa9400301b258.67824172,rfemale 4am,
02581,TK6aa940032b7102.71768198,rfemale 4am,
02582,TK6aa9400355de20.10689233,rfemale 4am,
02583,TK6aa940037e75e2.32699145,rfemale 4am,
02584,TK6aa94003a8ed84.64250313,rfemale 4am,
02585,TK6aa94003dadc98.29495265,rfemale 4am,
02586,TK6aa940041705e9.69482719,rfemale 4am,
02587,TK6aa94004476951.99109397,rfemale 4am,
02588,TK6aa94004775066.59556238,rfemale 4am,
02589,TK6aa94004a83813.27371847,rfemale 4am,
02590,TK6aa940054b3dd9.78840777,rfemale 4am,
02591,TK6aa940057c9d04.51938848,rfemale 4am,
02592,TK6aa94005ae1ae6.26067446,rfemale 4am,
02593,TK6aa94005ddf762.14264097,rfemale 4am,
02594,TK6aa9400619b9f4.95972427,rfemale 4am,
02595,TK6aa940064965a8.20519049,rfemale 4am,
02596,TK6aa96b01108c77.24123438,rfemale 4am,
02597,TK6aa976d9a56087.01779096,rfemale 4am,
02598,TK6aa97b761b4987.44408711,rfemale 4am,
02599,TK6aa9a4f2749483.04210214,rfemale 4am,
02600,TK6aa9a4f2e7a869.97915565,rfemale 4am,
02601,TK6aaac47d342779.50185166,rfemale 4am,
02602,TK6ab14677c898b4.90334588,rfemale 4am,
02603,TK6ab14678089cb0.18359997,rfemale 4am,
02604,TK6ab16df24258d4.47785636,rfemale 4am,
02605,TK6ab16df2731471.39900544,rfemale 4am,
02606,TK6ab16df2a3d984.84436157,rfemale 4am,
02607,TK6ab16df2d54b31.68531996,rfemale 4am,
02608,TK6ab2910ddb1b63.42362042,rfemale 4am,
02609,TK6ab2910e246b07.99859416,rfemale 4am,
02610,TK6ab2910e7205d7.07741940,rfemale 4am,
02611,TK6ab2910ea35471.36841042,rfemale 4am,
02612,TK6ab2910ed3f4e3.24550812,rfemale 4am,
02613,TK6ab2910f112961.05223508,rfemale 4am,
02614,TK6ab2910f428172.41471784,rfemale 4am,
02615,TK6ab2910f741dd9.99147205,rfemale 4am,
02616,TK6ab2910fa4eb75.68611846,rfemale 4am,
02617,TK6ab2910fd57b59.93071615,rfemale 4am,
